point_auc,point_auc_lung,hit,mass,area,degenerate,lung_area,box_in_lung,fold,patientId,arm,n_boxes,fingerprint
0.9059613875720508,0.8568913819443401,True,0.37965227244090016,0.2283561862244898,False,0.30691964285714285,0.8175074183976261,3,0022073f-cec8-42ec-ab5f-bc2314649235,base,2,315457.8531441587
0.6380571206099602,0.6089042760066065,True,0.1876143526106882,0.12025669642857142,False,0.2924107142857143,0.9981769970169042,3,013c7df0-d66d-4cb1-b3bc-a70085160311,base,2,315457.8531441587
0.6466480797370585,0.5255087650739712,True,0.23104151748147037,0.1327327806122449,False,0.24214764030612246,0.8665165165165165,3,019d950b-dd38-4cf3-a686-527a75728be6,base,2,315457.8531441587
0.5167377135185398,0.5253517009722461,True,0.23735594953421713,0.17115752551020408,False,0.3661312181122449,0.882044713553796,3,02002619-3dea-4038-8d4d-458db30ed8de,base,2,315457.8531441587
0.8106202058672042,0.6424909181251317,True,0.15698318726759694,0.09143813775510204,False,0.43203922193877553,1.0,3,02589621-9494-4801-99a8-a4e89c1b525d,base,2,315457.8531441587
0.14437605522429528,0.254865408992618,False,0.0,0.0674625318877551,False,0.32419882015306123,0.8437223042836042,3,0294b4aa-5614-4b33-80a4-2c31b639e5b3,base,2,315457.8531441587
0.5120872534839649,0.5012664633513471,False,0.10611798673247477,0.07294323979591837,False,0.3684630102040816,0.9469945355191257,3,02b7b018-0fed-44c2-a9c2-93b2b3952efc,base,3,315457.8531441587
0.8877474790685542,0.7729669358363267,True,0.15085234811562992,0.06100526147959184,False,0.3453842474489796,1.0,3,03249840-0a17-448c-bf41-7e156428ab59,base,2,315457.8531441587
0.20522940473409101,0.33916538016826797,False,0.002101398600857158,0.07278380102040816,False,0.3140146683673469,0.8496714129244249,3,03d5bd1e-47f5-43cd-a94a-6ed6e456646f,base,1,315457.8531441587
0.6554266866686942,0.6155230874794283,True,0.3595047647627246,0.2761080994897959,False,0.4176698022959184,0.9431211202540782,3,03f8bb03-eb04-4365-ac4d-d63d2b5d49cc,base,2,315457.8531441587
0.25891511803114015,0.3659662031552036,False,0.0,0.04767219387755102,False,0.3606106505102041,0.8599498327759197,3,0444a527-72cf-4bc9-b17f-100cf7acc889,base,2,315457.8531441587
0.9325425363204487,0.8841949914755438,True,0.21442241244143243,0.07892219387755102,False,0.3757374043367347,0.9068181818181819,3,04558d1a-1f4d-47aa-bf07-a6f6595f9cec,base,1,315457.8531441587
0.8487421053313697,0.7662444654106647,False,0.06657746537980652,0.028778698979591837,False,0.2734972895408163,0.425207756232687,3,04a6aa6d-bd6d-48b1-822b-21b81c4bdf3a,base,1,315457.8531441587
0.6001781918556511,0.9045820601105098,False,0.014404271926331178,0.01953125,False,0.34923070790816324,1.0,3,04f9bcc7-8886-4e1a-a938-122d3a065e12,base,1,315457.8531441587
0.5371092195663502,0.7286058446325677,False,0.19319220855950692,0.19415656887755103,False,0.37924505739795916,0.994354342024225,3,051c2709-fbbf-408f-aa19-c869e16a79e2,base,2,315457.8531441587
0.28442537492982595,0.36532267684599784,False,0.0,0.005978954081632653,False,0.507194674744898,1.0,3,05744f1d-2fa5-41ce-85d3-3df6a7302064,base,1,315457.8531441587
0.5492549714131836,0.835641690333395,False,0.08299812268861456,0.07710857780612244,False,0.36348054846938777,0.7288705091754976,3,05ead813-3c04-4e42-a5e1-4ca43294ece9,base,1,315457.8531441587
0.5791658922630092,0.4390680377467224,True,0.5196171383806942,0.45163026147959184,False,0.26028380102040816,0.5569039318653193,3,06089341-a69b-4777-817b-041be894b436,base,2,315457.8531441587
0.8417293512163693,0.7345496830891893,True,0.5597032228714955,0.36509486607142855,False,0.2911352040816326,0.6854631803046017,3,061664a4-6a23-4cb2-a0da-0c5712b6e0a6,base,2,315457.8531441587
0.6463058082505034,0.46221552344105454,True,0.5630093695367158,0.37583705357142855,False,0.3013392857142857,0.7340651182522007,3,061d0ff4-a611-42ce-b780-1d1eb55e50ab,base,2,315457.8531441587
0.6339715215478574,0.651254477445693,True,0.5054247755846794,0.32254464285714285,False,0.4194834183673469,0.8834651507661888,3,06420c87-02ee-4315-aa3a-63e911174435,base,2,315457.8531441587
0.2516532114020872,0.2378351051623631,False,0.00923977905564197,0.30488679846938777,False,0.46484375,0.8722708850830174,3,06634f15-9c78-47a1-97eb-f10f4c210765,base,2,315457.8531441587
0.12062869704659775,0.1458885624491806,False,0.01879758607974054,0.2672592474489796,False,0.5049027423469388,0.8073825503355705,3,06697be9-b1ab-444c-af0d-fd11a053f2b3,base,2,315457.8531441587
0.5033016272689859,0.5960276616315775,False,0.1461899429614588,0.18431122448979592,False,0.33516023596938777,0.4899437716262976,3,06a4f477-34ca-4625-945b-81bfa9e77273,base,1,315457.8531441587
0.9268960865109303,0.964269328893566,True,0.5475085494688017,0.23064811862244897,False,0.43594547193877553,0.7334312624211526,3,06c50ad5-8ffd-480b-8424-dd38df7ca86c,base,1,315457.8531441587
0.9805368957364342,0.9688516605353352,True,0.1986280088067611,0.06357621173469388,False,0.3250358737244898,0.7661442006269592,3,06cc9b59-b8ff-4a6b-9e5b-f127c7c1208d,base,1,315457.8531441587
0.8935184865970621,0.9004640666072657,True,0.31255068077415327,0.16288663903061223,False,0.2887635522959184,0.8285819160650923,3,06cf339f-a71a-4177-b950-ae1fdd5f4762,base,2,315457.8531441587
0.24762701038303345,0.3651645372399331,False,0.031870596091219526,0.17966757015306123,False,0.24306441326530612,0.8758735440931781,3,06df5d57-6f34-43c0-99ad-b9b5f9346cbd,base,2,315457.8531441587
0.8873867795081127,0.7776686671408672,True,0.295882237508875,0.15092873086734693,False,0.3667091836734694,0.9298824772217087,3,06e09ebb-cb5b-4c30-8d3a-67a6ec34692b,base,2,315457.8531441587
0.08987290074335655,0.15513980474268813,False,8.809577923459871e-06,0.02423469387755102,False,0.1599968112244898,0.9991776315789473,3,06f5a38a-e4b1-4e5f-8c62-f48630a52504,base,1,315457.8531441587
0.9760371309722026,0.9462294936547162,True,0.23708039458452468,0.05807557397959184,False,0.30650111607142855,0.9457789979409746,3,07349035-d546-41ec-813a-612614536f5a,base,1,315457.8531441587
0.25786594664118356,0.3179413343772444,False,0.003554289687555106,0.2629544005102041,False,0.3127989477040816,0.8660754888585721,3,073630e6-3b52-4b41-a14b-bf8bb57e28ea,base,2,315457.8531441587
0.3850892102564063,0.6567923036723835,False,0.08229143174422601,0.14528858418367346,False,0.3014389349489796,0.7441700960219478,3,0808c4af-9ed6-46e3-a936-2cafb0004e6a,base,2,315457.8531441587
0.9463407903695429,0.9242771200025633,True,0.2856088442703072,0.11969866071428571,False,0.28164859693877553,0.6123876123876124,3,081a54bb-0144-4c22-9909-e3e45b15ff4c,base,1,315457.8531441587
0.9478384141461073,0.9520515440376556,True,0.1656942940831878,0.047771843112244895,False,0.3828922193877551,0.9879015435961619,3,08307845-ccbd-4616-b8e9-58532a766dbe,base,1,315457.8531441587
0.620562976942452,0.6050158062760823,True,0.2760048628881628,0.1643016581632653,False,0.28762755102040816,0.7867540029112081,3,083a1a20-f642-42e3-b20b-937383f6da3c,base,2,315457.8531441587
0.9671769322250559,0.9898005376235236,True,0.28070233696378316,0.10463169642857142,False,0.34341119260204084,0.6937142857142857,3,084d42b9-0a43-490d-9a8d-e4d7545c44f5,base,1,315457.8531441587
0.8740217292631498,0.8741765955293515,True,0.45805143156718153,0.24352279974489796,False,0.6697026466836735,0.9240527048039938,3,0851431b-cad7-436f-acb8-06aed97e5339,base,2,315457.8531441587
0.34814946642585737,0.4691179791794564,False,0.02647544426841381,0.1192203443877551,False,0.356624681122449,0.9433299899699097,3,085a6486-c3b3-4ca2-80f1-be07d23e853b,base,3,315457.8531441587
0.9858457858553571,0.9803897091052337,True,0.2324029831866356,0.11503507653061225,False,0.29918686224489793,0.8555093555093555,3,08af877f-f833-4d4f-b64c-24e014d63311,base,1,315457.8531441587
0.9302348777256921,0.9144785353100504,True,0.5323716658492095,0.3246970663265306,False,0.3130580357142857,0.726123250675178,3,08c343b6-9dc4-405b-87b3-b6534abcb990,base,2,315457.8531441587
0.32442077287438115,0.36492738346216913,False,0.0,0.07013313137755102,False,0.4103954081632653,0.9991474850809889,3,09147009-39a9-497a-ac10-a07cf7126d58,base,1,315457.8531441587
0.9509763531177183,0.982921371189781,True,0.45685472833683455,0.1834343112244898,False,0.27268016581632654,0.7283789656671013,3,091781dd-be2b-4517-9264-ade2f0c85487,base,1,315457.8531441587
0.874912028380588,0.8101460153943719,True,0.6198736627704572,0.43704161352040816,False,0.3145727040816326,0.6870810342468877,3,0930b0aa-25c2-4624-a3fc-9b60ba0b23f4,base,2,315457.8531441587
0.9973437729234713,0.988496156077787,True,0.06203668213225985,0.016741071428571428,False,0.2425860969387755,0.9988095238095238,3,0949d712-9d3c-424a-99b5-423a598d8b97,base,1,315457.8531441587
0.964383316632235,0.9805421044680253,True,0.2795677881995615,0.083984375,False,0.2855747767857143,0.6383483626008543,3,0983ae59-b906-4fd5-a810-edfe0580fe3b,base,1,315457.8531441587
0.7890967394919794,0.5727632232632321,False,0.03724433799513843,0.02196269132653061,False,0.15876116071428573,0.9990925589836661,3,098435af-3834-466a-b17a-038ac4f0e464,base,1,315457.8531441587
0.820505923784756,0.8789152826012853,True,0.378835052738764,0.2604830994897959,False,0.3680046237244898,0.7525631216526396,3,09852193-d7df-4cce-a616-a536d5de5042,base,2,315457.8531441587
0.7145235645676355,0.776300623120392,True,0.1504719529014778,0.09105947066326531,False,0.38907047193877553,0.9986868023637557,3,09ac8fc5-e8ed-410e-b167-3abaf28f0e2c,base,2,315457.8531441587
0.09195684158901422,0.17655296229802514,False,0.0,0.024713010204081634,False,0.3022361288265306,1.0,3,09afc58a-053c-420e-b379-e331aec15a7f,base,1,315457.8531441587
0.2599612864046239,0.16774469170354633,False,0.0849006996822422,0.27040816326530615,False,0.21677694515306123,0.6508696933962265,3,09c48ba8-4f0b-483c-85ec-9246d7cc6177,base,2,315457.8531441587
0.9451464531686788,0.965424679074211,True,0.3399479370096149,0.1429169323979592,False,0.34436782525510207,0.9322270255194534,3,09db0213-0ad3-4062-bc7b-9a82e5a74097,base,1,315457.8531441587
0.49799323897938835,0.4740745243450246,False,0.13871745221994508,0.14897560586734693,False,0.4143813775510204,0.5807357859531772,3,0a51f668-b7b1-4d8d-9ab9-de1f702f071a,base,1,315457.8531441587
0.32696261036853463,0.4026118401336244,False,0.01576704688181982,0.05141900510204082,False,0.3170639349489796,0.7864341085271318,3,0ae5dcc7-197d-4d59-991a-3b93f3a1e760,base,1,315457.8531441587
0.7498084538112074,0.8936376714834534,True,0.19759962537433212,0.08053651147959184,False,0.36025191326530615,0.7228408809700569,3,0ae738d0-5bdd-4ebf-9c1f-6b10a25be92a,base,2,315457.8531441587
0.997391066577716,0.989657407427931,True,0.2033558799388725,0.054368622448979595,False,0.25223214285714285,0.999266862170088,3,0b323a31-28e6-45b2-a07c-cc9b60571053,base,1,315457.8531441587
0.9935545881049934,0.9853317389955427,True,0.26303415779328326,0.06473214285714286,False,0.3109654017857143,0.9704433497536946,3,0bbb1ff7-dba6-4d5b-affe-b3ca0050d965,base,1,315457.8531441587
0.7545621127473339,0.7120760672446211,True,0.23665092975201832,0.13018176020408162,False,0.30937101403061223,0.8224127372933252,3,0c153d93-d65b-4d3e-90bc-8b26350e3476,base,2,315457.8531441587
0.3215377911418474,0.6183983590285382,False,0.14896890747793967,0.35714285714285715,False,0.3686623086734694,0.8406808035714286,3,0c294ecf-23d6-4c56-b5e2-0482915cd102,base,2,315457.8531441587
0.6110508986540887,0.4786233065217135,True,0.6241660233882473,0.5439652423469388,False,0.39857700892857145,0.6874038250164871,3,0c391e0f-9927-48ce-801f-02eb000f72c3,base,2,315457.8531441587
0.1967866236942693,0.35195329899240074,False,4.455864934865057e-05,0.07928093112244898,False,0.27632732780612246,0.7312719959778783,3,0c77d941-5f63-4e2a-9c1e-4a58043acd55,base,1,315457.8531441587
0.8433000047495662,0.9550313966560813,True,0.5332879848653171,0.15272241709183673,False,0.44690688775510207,0.5924572621688634,3,0c8199bc-2634-4196-b81b-4732adac9926,base,1,315457.8531441587
0.8343193062088963,0.6016211884506107,True,0.5921985286202193,0.39548788265306123,False,0.3049465880102041,0.7042430961499697,3,0c8458d8-25e6-44e5-946e-cf729240df59,base,2,315457.8531441587
0.25020329391573354,0.28557344769208093,True,0.07244124814940286,0.10337611607142858,False,0.3442881058673469,0.9853479853479854,3,0e03c2d7-9cea-4dc7-8e91-794a8b3ff58d,base,4,315457.8531441587
0.8014458039320645,0.8584238620754266,True,0.14700739000763685,0.07029257015306123,False,0.34785554846938777,0.821661468670258,3,0e08846c-ab58-48d1-9919-f5ea1f47d032,base,2,315457.8531441587
0.9272012128590471,0.7332036626338028,False,0.05006080629978957,0.02423469387755102,False,0.19876036352040816,1.0,3,0e0cfa1a-c097-47bb-bf4b-6b9362940705,base,1,315457.8531441587
0.8601558518542234,0.697123911719871,True,0.29881558384882856,0.13343032525510204,False,0.32955994897959184,1.0,3,0e724a83-c104-4d33-94a5-c7df6174f40f,base,2,315457.8531441587
0.9336262312309956,0.8054578671811481,False,0.1080859738388389,0.05590322066326531,False,0.2950414540816326,1.0,3,0ee29524-a273-4e20-a1fd-9df974be263e,base,2,315457.8531441587
0.85307195623954,0.7572094914886283,True,0.30878400619209767,0.16932397959183673,False,0.4459901147959184,0.9339689265536724,3,0ff5bf5b-6af7-4537-90d0-1c47058d0627,base,2,315457.8531441587
0.7895600395317971,0.7265702419199478,True,0.4376732905703068,0.2846580038265306,False,0.48995535714285715,0.9714345725687881,3,112bf6f9-0ac8-4ca0-a84b-ea29811fd871,base,2,315457.8531441587
0.8601787779332587,0.90800342100076,True,0.4762351852327708,0.3231226084183674,False,0.40866151147959184,0.7889964843027201,3,11750ff6-94ea-43d0-bad8-f3c3e5278d7d,base,2,315457.8531441587
0.2975340687865023,0.356085736157183,False,0.0,0.01721938775510204,False,0.2515345982142857,1.0,3,11a41e42-fdb4-4216-9e04-d4914fe2186e,base,1,315457.8531441587
0.47593562123433886,0.6551376599977191,False,0.02883609715953012,0.06816007653061225,False,0.34915098852040816,0.525438596491228,3,125a6b00-d20c-413e-b5fb-3728fcfce39f,base,1,315457.8531441587
0.6742795075039189,0.6519084809629369,True,0.3503264749030815,0.28013392857142855,False,0.34177694515306123,0.8368668184405236,3,12e6144b-edc2-4d4e-9ae8-ca95d9aad065,base,2,315457.8531441587
0.289219017982279,0.5082749322086874,False,0.020725484166859272,0.11312181122448979,False,0.3710140306122449,0.9097956307258633,3,13bf28d4-fa19-4ba0-966a-938f676d6d04,base,2,315457.8531441587
0.6989475717730156,0.5126144418811984,False,0.26158698471678254,0.18883529974489796,False,0.3385682397959184,0.7981002638522428,3,142c7419-9cd2-4436-8860-cd2c4355abff,base,2,315457.8531441587
0.8093063065426236,0.7541639318526793,True,0.295947762675448,0.1555125956632653,False,0.25564014668367346,0.5956683326925541,3,15508c0e-a6bd-4d3a-9be2-76466b9f7eb1,base,2,315457.8531441587
0.5753032026357257,0.7904045361280765,False,0.19324633087221346,0.1525829081632653,False,0.3708346619897959,0.7736415882967607,3,15c9162f-953a-48e3-a125-f2ab70ca03d5,base,1,315457.8531441587
0.9593389984507059,0.9421369311322491,True,0.1868476642841053,0.09785554846938775,False,0.37527901785714285,0.8488798370672098,3,15cc8c22-055e-4e64-8c5f-38816f82daa0,base,2,315457.8531441587
0.3818616624830015,0.5562747607104637,False,0.09919396557586513,0.15712691326530612,False,0.3277064732142857,0.7092846270928462,3,15cdd2b4-0fb2-482c-92ac-a640e94eccba,base,1,315457.8531441587
0.9897169864720415,0.9662662987856745,True,0.22343571261057185,0.07142857142857142,False,0.32162786989795916,1.0,3,164a9325-6bb3-4af3-9217-e7ca73cbbb1f,base,1,315457.8531441587
0.928178087478725,0.9142368553776321,True,0.07444605517089316,0.018415178571428572,False,0.4289700255102041,1.0,3,1693a790-88c8-46fa-9ce7-3b0c5834ba90,base,1,315457.8531441587
0.9465719925639446,0.7106056373866045,True,0.40222644905985183,0.14020647321428573,False,0.1676299426020408,0.825728500355366,3,16968a9f-ba45-4f51-a584-ac57612de5c3,base,2,315457.8531441587
0.9000765915171693,0.8446741226276153,True,0.42121281373887337,0.22995057397959184,False,0.3669284119897959,0.8952158086323453,3,16e5a578-1e41-4fa1-ba13-bf18051625cc,base,2,315457.8531441587
0.32512110447877585,0.35911352508743577,False,0.03965319648634905,0.0641342474489796,False,0.30213647959183676,1.0,3,1703014f-cb4e-43c2-893d-288d087aafbd,base,2,315457.8531441587
0.9239739914506049,0.6981547080710624,False,0.1665099171532633,0.07840401785714286,False,0.26424984056122447,0.9832231825114387,3,1703df50-8138-4f31-bf88-737846994074,base,2,315457.8531441587
0.5513738332281082,0.6905024799154637,False,0.21224922653401831,0.21892936862244897,False,0.37617586096938777,0.6762858443331816,3,170632ff-5466-42a1-95f3-30ea4ef63e3b,base,1,315457.8531441587
0.9857774982054495,0.9795775261409739,True,0.20898690117179566,0.07102997448979592,False,0.40975765306122447,0.9980359147025814,3,1707921a-8b1d-419e-b5de-6e069bc9e4eb,base,1,315457.8531441587
0.9682996022018069,0.9410674034728701,True,0.4437848537029932,0.23995535714285715,False,0.26054288903061223,0.6831395348837209,3,172f8b71-1d19-4a36-ae9f-41ae528c72be,base,2,315457.8531441587
0.31912101310865393,0.5221372242182515,False,0.02405577249503614,0.08278858418367346,False,0.28730867346938777,0.5565719788155994,3,17477206-a644-49de-83a8-b32d5ba9ba5b,base,1,315457.8531441587
0.7569352987925577,0.7862132768950403,True,0.5461189916606678,0.23309948979591838,False,0.5105229591836735,0.9507523939808481,3,1755b457-2c7f-4589-999e-aa172dbbb188,base,1,315457.8531441587
0.21981225400433585,0.3707250843974754,False,0.0,0.05311304209183673,False,0.3222058354591837,0.9534709193245778,3,175c8be2-76a4-469b-9595-ed33ecedb3cb,base,1,315457.8531441587
0.1754975282038281,0.28752839987017204,False,0.0,0.056640625,False,0.29978475765306123,0.956368754398311,3,17c749dc-e97a-4c5c-b4f4-c68b135a1a64,base,1,315457.8531441587
0.8665317683416287,0.8912171310419734,True,0.4198556216644433,0.25761320153061223,False,0.33751195790816324,0.7409871576667182,3,17dc4e24-2228-4cdb-8052-9259a907f9c2,base,2,315457.8531441587
0.782555055489844,0.5011100447109452,True,0.4008893804308094,0.251155931122449,False,0.1835339604591837,0.5187271861609268,3,17faf806-5b26-418b-8d5d-a1ff45539ea7,base,2,315457.8531441587
0.17927267126063176,0.25527499689093397,False,1.53693549476959e-05,0.08071588010204081,False,0.3370336415816326,0.8175308641975308,3,182d2f6f-1cf5-42a9-a178-9ae0786c9236,base,1,315457.8531441587
0.4871527588527986,0.6045234133280909,False,0.0016704821225678064,0.07641103316326531,False,0.3106265943877551,0.9259259259259259,3,18774506-f9cb-497c-898f-0bade580f342,base,1,315457.8531441587
0.5618469798433505,0.5994996799484691,True,0.2037322967648917,0.1360809948979592,False,0.27323820153061223,0.6284417106033978,3,18b5d52d-78e4-490a-a766-af881acda223,base,2,315457.8531441587
0.9786597356114738,0.9771276102238218,True,0.3451936758516926,0.11244419642857142,False,0.3647959183673469,0.7637362637362637,3,18e76660-3742-44d3-94b5-62f1f7b027df,base,1,315457.8531441587
0.9306964095652901,0.7875006146190837,False,0.11193614855773935,0.04583864795918367,False,0.25352758290816324,0.8652173913043478,3,1944c064-d08d-4173-9c7a-a777dcf5262c,base,1,315457.8531441587
0.40039887667910273,0.6663715045052705,False,0.019977846754280687,0.05590322066326531,False,0.26992984693877553,0.4370766488413547,3,195033e1-ab56-4857-8b68-ef116fa576aa,base,1,315457.8531441587
0.8705689158969717,0.9823623406880855,False,0.16191367864705083,0.06313775510204081,False,0.3186184630102041,0.45202020202020204,3,197769ca-8d7e-4a21-8fff-ed1417dca35a,base,1,315457.8531441587
0.18046711375319976,0.3253092293054234,False,0.0,0.057936065051020405,False,0.26590401785714285,0.9742002063983488,3,197eb663-bd40-4c72-9fec-4160cec1f64b,base,1,315457.8531441587
0.674410867145441,0.5644436944893817,True,0.18750465753739584,0.12232940051020408,False,0.40353954081632654,0.9835451287064191,3,19add6b5-7856-415a-9a44-e2bfda767339,base,2,315457.8531441587
0.442511933627367,0.5272083308761377,False,0.010886099158502279,0.02236128826530612,False,0.343929368622449,0.26737967914438504,3,1a7606e0-4d81-4bbe-ae22-93ca30540cb9,base,1,315457.8531441587
0.8701911050706811,0.7016798818518527,True,0.35100064353084454,0.1912468112244898,False,0.3147720025510204,0.9465402250937891,3,1aea68e3-a8b7-4402-92a5-16a1f23c6d4a,base,2,315457.8531441587
0.4093855220053335,0.4516984968319022,True,0.08378477850466964,0.07463727678571429,False,0.3014389349489796,0.8261682242990654,3,1b4d9ebb-644e-4602-ad36-d83cf7415be6,base,2,315457.8531441587
0.8696093406778441,0.7456533673746578,True,0.17306357122474725,0.08633609693877552,False,0.2750916772959184,0.8351800554016621,3,1b5c50df-36c2-4b74-85f0-84925fa63ac1,base,2,315457.8531441587
0.8091710687634824,0.6452190316028682,True,0.18120550914328173,0.0829280931122449,False,0.27919722576530615,0.9987983657774573,3,1b874f35-21ac-4e21-a292-c96165ad870b,base,2,315457.8531441587
0.933083853085127,0.7891349532446387,True,0.14890970860090785,0.06967474489795919,False,0.2864516900510204,0.7345537757437071,3,1b9d9477-b479-46bc-890a-663fad2e3358,base,2,315457.8531441587
0.5699181912264658,0.5126600436313503,False,0.061803115330864924,0.04532047193877551,False,0.24900350765306123,0.9577836411609498,3,1bed7fb4-bb3f-4be4-a5be-4ca7f34312a5,base,2,315457.8531441587
0.7074774793223303,0.6554422283886935,False,0.08685945966992219,0.06305803571428571,False,0.24637276785714285,0.8135271807838179,3,1bf08f3b-a273-4f51-bafa-b55ada2c23b5,base,4,315457.8531441587
0.8363376717209723,0.8782966000162151,True,0.10111601640408038,0.05817522321428571,False,0.37886639030612246,0.8177458033573142,3,1bf6fe95-9953-4e27-a71e-4dfbfa81e63b,base,3,315457.8531441587
0.9799796533882761,0.9482144211481579,True,0.21391812971508886,0.05393016581632653,False,0.31455277423469385,0.9656319290465631,3,1c0a780d-1cac-4eee-b46d-470ecebc9ae0,base,1,315457.8531441587
0.9013348173204135,0.736206935287692,True,0.16632030078492663,0.06000876913265306,False,0.23521205357142858,0.9631351710395217,3,1d1c3fb7-71d6-4104-8a93-320e4959bbdb,base,2,315457.8531441587
0.5577111639813443,0.4790684346545076,True,0.17463828838729573,0.1307796556122449,False,0.3731066645408163,0.9439195367266078,3,1d763b86-e7dc-4db1-ae16-601d80d36c5e,base,3,315457.8531441587
0.7666372012823195,0.7656654504094004,True,0.10410572757197735,0.03979990433673469,False,0.47831632653061223,1.0,3,1db7e52d-7a40-49ff-9f24-bc72a33f9c23,base,3,315457.8531441587
0.7668202608818776,0.6394664794561735,True,0.27815359446424043,0.17119738520408162,False,0.37300701530612246,0.9080325960419092,3,1e1c3b02-27fa-42a2-b51b-f46378e09fde,base,2,315457.8531441587
0.19929928308153427,0.3549275025199659,False,0.0,0.015904017857142856,False,0.2729392538265306,1.0,3,1f0a35e1-1cd4-4d07-bacc-f22368f3cd08,base,1,315457.8531441587
0.1593171176959813,0.26613472780086683,False,3.6298657212764748e-06,0.02383609693877551,False,0.2875876913265306,0.06939799331103678,3,1f45c8c0-4475-45e9-85e5-0cf139d0572b,base,1,315457.8531441587
0.8735573313531267,0.8045386026788042,True,0.19401344169464307,0.08808992346938775,False,0.2742944834183674,0.9217194570135746,3,1ffee791-10f6-4b8f-bfcd-35220e8e0003,base,2,315457.8531441587
0.2267325935026485,0.32972330036309,False,0.0,0.010463169642857142,False,0.32882254464285715,1.0,3,20d3f1cf-6f6b-4119-8008-bc5c6e105464,base,1,315457.8531441587
0.22601792587348762,0.4303824115657025,False,0.00970084838476125,0.07884247448979592,False,0.3165656887755102,0.8048533872598584,3,229c584f-7174-4fcf-b740-7127cbf53525,base,2,315457.8531441587
0.8681347603045427,0.8856757691206596,True,0.147417934451117,0.06959502551020408,False,0.3262515943877551,0.7041809851088202,3,2348e8ba-483f-476d-b29d-5ba8398d7abc,base,2,315457.8531441587
0.4746515387592941,0.49046073974577464,True,0.11640917122501636,0.11796476403061225,False,0.32704878826530615,0.8692346680182463,3,238e2a87-d6ef-48ec-961a-54ab1e947878,base,2,315457.8531441587
0.1579183630859171,0.179854264894985,False,0.0,0.04545998086734694,False,0.27250079719387754,0.8803156510302499,3,23ca0450-4138-4e7a-9489-0f5b6a91031d,base,2,315457.8531441587
0.7766685677187178,0.967768930793145,False,0.03884720604791769,0.019770408163265307,False,0.24563536352040816,0.9657258064516129,3,23f653b7-5388-4213-98c6-418aa9eb980d,base,1,315457.8531441587
0.8059199752402477,0.886528821706879,False,0.05910540526322317,0.03587372448979592,False,0.3228236607142857,0.5522222222222222,3,25310577-2bea-495f-b73c-7eff7954571e,base,2,315457.8531441587
0.17441475721730498,0.15920365955801816,False,0.0,0.03627232142857143,False,0.3454440369897959,0.9956043956043956,3,25b15466-0151-43e1-b52a-830905c853d4,base,1,315457.8531441587
0.7502376998222957,0.6981494941551565,True,0.16572279291382153,0.08701371173469388,False,0.19316007653061223,0.6191021530004581,3,261341d3-1df2-4cf4-b9a8-b1e02a124900,base,3,315457.8531441587
0.9155778037988765,0.8296454918697251,True,0.10708199452766662,0.03708944515306122,False,0.26767777423469385,0.7802256851155293,3,2635357b-8865-4551-9ed8-3f90b996c982,base,2,315457.8531441587
0.9973656346761179,0.9896158735233224,True,0.07177995011694291,0.016741071428571428,False,0.2661033163265306,1.0,3,26408db2-e7f0-47de-96d8-5aa9c2b47153,base,1,315457.8531441587
0.9936513748107718,0.9819552400720735,False,0.1247445139967292,0.028698979591836735,False,0.3703563456632653,1.0,3,26aa5215-a443-459f-9aeb-976e65c11261,base,1,315457.8531441587
0.47286195290138777,0.4956152743180175,True,0.16444898107728664,0.14616549744897958,False,0.3164859693877551,0.8838287428415599,3,26d622c4-c7ec-4952-9210-7b2a2144cb79,base,2,315457.8531441587
0.6194908691047943,0.8762116518979587,False,0.030850175765779593,0.029815051020408163,False,0.34103954081632654,0.5280748663101604,3,26f62d1f-5b9f-4eed-af49-d6a48e8ff3f7,base,1,315457.8531441587
0.48060011826882293,0.30040309275970445,False,0.12986256673893656,0.10200095663265306,False,0.28647161989795916,0.7135599843688941,3,27205fb6-5f28-4fc5-a9d8-c6748b97f4f7,base,2,315457.8531441587
0.8085281541792039,0.8248761054899316,True,0.21840327020964254,0.1428172831632653,False,0.3420958227040816,0.8586380128384036,3,27532c20-7a0b-45b2-b229-496126a327ad,base,2,315457.8531441587
0.9414719425923276,0.8636941322624565,True,0.27934511098118014,0.13024154974489796,False,0.2840202487244898,0.8918133129303749,3,27775937-404e-4e1a-bef0-af5d63fc0b3b,base,2,315457.8531441587
0.9236622142886718,0.7841848896093923,True,0.2835731931907639,0.14128268494897958,False,0.3115234375,0.905346311186345,3,27b32500-40ef-4c14-ab88-ace5e9ceea27,base,2,315457.8531441587
0.9011136175658051,0.7518631870535135,True,0.44757367810766374,0.2619579081632653,False,0.30606265943877553,0.8304930006086427,3,28a2d8aa-9e29-48d4-b1e3-029e3451ce0b,base,2,315457.8531441587
0.5370967381244197,0.5511736926098834,True,0.1480361707616565,0.10106425382653061,False,0.23411591198979592,0.889568132518241,3,28ba0617-0cac-4198-8b8a-c35fde545ace,base,2,315457.8531441587
0.18738926149314214,0.3478691774033697,False,7.007988049620897e-05,0.01696029974489796,False,0.2854153380102041,0.2291421856639248,3,29000617-ac33-40a4-ac5c-19fb586edb69,base,1,315457.8531441587
0.8296773743211178,0.4951607787449736,False,0.05418952404433542,0.030612244897959183,False,0.2265027104591837,0.9811197916666666,3,2a15b6f2-2a17-454d-b14c-ba1bb4bd79f4,base,1,315457.8531441587
0.18388776136506893,0.3619008319219736,False,0.008996466529168037,0.08547911352040816,False,0.2985889668367347,0.9925390533923991,3,2aae181e-a4b7-47f4-ac47-e99001b9008b,base,2,315457.8531441587
0.691567525362589,0.618841613720206,False,0.09786516203076971,0.05512595663265306,False,0.23869977678571427,0.6261749819233551,3,2ac47932-d7e2-4ac2-a7c6-6a9be0c4abcd,base,3,315457.8531441587
0.48346368912797283,0.47795414462081126,False,0.012622839876144992,0.014508928571428572,False,0.27431441326530615,0.028846153846153848,3,2c9a388f-0042-4b88-b52b-ea0b21fb7960,base,1,315457.8531441587
0.17229724517393497,0.13308270370257527,False,0.0026388020355329013,0.03138950892857143,False,0.29994419642857145,0.9415873015873016,3,2c9c7310-1292-4b46-ba75-f1eacd3d5074,base,1,315457.8531441587
0.9652640493983448,0.9976140378076297,True,0.0623958820039953,0.02391581632653061,False,0.3035913584183674,0.6516666666666666,3,2cfbc16c-f1e4-4ed2-b9eb-4d0c40b90800,base,1,315457.8531441587
0.7393961795885925,0.5773809421834283,True,0.3505371501222942,0.2116749043367347,False,0.30502630739795916,0.9014217117032295,3,2e853bc6-714b-4092-b570-ec70dcc13911,base,2,315457.8531441587
0.15352186078566463,0.3052943960965663,False,0.0014317398312479795,0.06618702168367346,False,0.19144610969387754,0.6112616681722373,3,2f6374c9-baec-4236-acb4-a3815dc8243a,base,2,315457.8531441587
0.9826568487334646,0.9527491785267643,True,0.07199463860088146,0.017916932397959183,False,0.36812420280612246,1.0,3,3036ca10-8d42-4749-81e2-8ed235a6a567,base,1,315457.8531441587
0.20044586115762503,0.40399917329750956,False,0.0,0.012137276785714286,False,0.20436065051020408,0.9474548440065681,3,3041969c-8db3-448c-98fd-10ff11dd59d4,base,1,315457.8531441587
0.9167943437980269,0.7916220861347018,True,0.15294636326062003,0.06337691326530612,False,0.3256337691326531,1.0,3,306ff5d4-1ea2-4ce1-9fc7-25a98fac5148,base,2,315457.8531441587
0.1507290054573593,0.42293343805222855,False,0.0,0.021285076530612245,False,0.12055564413265306,0.8951310861423221,3,314f6860-4382-4ccd-a787-34b388e673f1,base,2,315457.8531441587
0.7441793311473758,0.60340317894132,False,0.13218790535777544,0.09034199617346939,False,0.35429288903061223,0.8360908890359585,3,316eed14-0f52-44f9-8be0-12e045324a4a,base,3,315457.8531441587
0.9903370317028949,0.9804915839911695,True,0.14704839283944635,0.03268494897959184,False,0.5118183992346939,1.0,3,31a115d1-ad82-4fd8-be3d-76d918338afa,base,1,315457.8531441587
0.6021041210404013,0.5905626897003625,True,0.18019147379196415,0.11322146045918367,False,0.4443957270408163,1.0,3,31ea34d0-7ac3-4069-85ce-641bb524ec63,base,2,315457.8531441587
0.6480849028938857,0.5624291907392293,True,0.246001835192833,0.1331513073979592,False,0.3721500318877551,0.7995809010627152,3,320fb85d-09c5-4c0b-be25-91c0086c2c51,base,3,315457.8531441587
0.8741015357141095,0.6832650781359852,True,0.18237973201062013,0.10224011479591837,False,0.3627830038265306,1.0,3,323d4055-2830-433c-8585-e02ff7821a17,base,2,315457.8531441587
0.5418047579378641,0.7176787990135227,False,0.073063312881737,0.06696428571428571,False,0.31837930484693877,0.9625,3,3247efbe-0804-4aa6-865b-155e6b9bbb86,base,2,315457.8531441587
0.33532438889909943,0.42930295746681996,False,0.0,0.02405532525510204,False,0.40547273596938777,1.0,3,32a5977f-f8ab-41c9-9b51-5387248e4675,base,2,315457.8531441587
0.27957162845764716,0.34971289752650175,False,0.0,0.07415896045918367,False,0.42637914540816324,0.8820209621069605,3,32dbe7f3-6c0d-4320-9c89-775dbbb933e8,base,2,315457.8531441587
0.8843382813950328,0.7281731119137943,True,0.23053409558527818,0.10935507015306123,False,0.23084741709183673,0.8973938399854201,3,32f1f953-db5b-459c-bb4f-4b785ee2c3a2,base,2,315457.8531441587
0.772105041950106,0.8260070896521218,True,0.19042844231482392,0.08846859056122448,False,0.3526586415816326,0.61567920702861,3,32fbc636-5413-419b-8539-6e6a7cca9f4b,base,2,315457.8531441587
0.19027601197555674,0.3383097607822595,False,0.0,0.02810108418367347,False,0.25063775510204084,0.7957446808510639,3,338019e9-6ee8-47cc-b49f-32dd39c0adbc,base,2,315457.8531441587
0.18739658896331698,0.3662176842005928,False,3.8421723407907284e-05,0.06692442602040816,False,0.258968431122449,0.8111971411554497,3,338a1c2f-60a7-4656-ba2c-8c99103da696,base,3,315457.8531441587
0.6761862695056918,0.5089608649185711,True,0.3503983259177922,0.24938217474489796,False,0.35477120535714285,0.864540877487413,3,33b72cc6-9c86-4664-91f9-df8bb63e349e,base,2,315457.8531441587
0.23315892740353172,0.3421875922318635,False,0.0,0.024872448979591837,False,0.3621452487244898,0.9855769230769231,3,33d18acf-9ad3-4441-9167-e23bf9a3022f,base,1,315457.8531441587
0.5734752821029164,0.6120325669149607,False,0.08857183815048761,0.07641103316326531,False,0.320491868622449,0.7626499739175796,3,33d2956a-0501-471e-847f-ef9a0f4a18d2,base,2,315457.8531441587
0.9107226964239715,0.6581311879120263,True,0.5291124494325761,0.2916733099489796,False,0.2318439094387755,0.6787837376153057,3,340244af-50e9-405f-85af-7fe6c8e0f838,base,2,315457.8531441587
0.1984565393988627,0.353495145631068,False,0.0,0.01865433673469388,False,0.32657047193877553,1.0,3,34411756-b5ea-47b6-bcb4-3dd037d95eba,base,1,315457.8531441587
0.13827212887502854,0.2556319298102019,False,0.00015556948381954643,0.036989795918367346,False,0.33506058673469385,1.0,3,34858b4b-37ff-4130-be8f-7075f3f3b056,base,1,315457.8531441587
0.9927952681269361,0.9852166383966832,True,0.14985091454511698,0.034837372448979595,False,0.5000398596938775,1.0,3,348699f9-4eb2-42b7-b9e8-8bc3230b32a5,base,1,315457.8531441587
0.9459895029698978,0.8202573925552236,True,0.4047251894707544,0.21936782525510204,False,0.24111128826530612,0.8112110475152176,3,34873b9f-5305-404e-b7f7-5105feede48a,base,2,315457.8531441587
0.7684800601168207,0.6371415044601842,True,0.4542998358131011,0.2579719387755102,False,0.2835220025510204,0.8191440049443758,3,34956207-2ebf-4a47-bc56-faf23701adf2,base,2,315457.8531441587
0.7521630497964911,0.6391251154691343,True,0.24188225089249127,0.15098852040816327,False,0.3147122130102041,0.9297782470960929,3,3496cccd-1600-4ae9-920f-a5bf7919801c,base,2,315457.8531441587
0.945792007687905,0.8826519068926275,True,0.1413060344334659,0.06457270408163265,False,0.2141063456632653,0.8243827160493827,3,349f45a5-625e-4332-9f9e-93c781f9dacf,base,1,315457.8531441587
0.24242713255291226,0.4212332639624079,False,0.0005869806287848048,0.07011320153061225,False,0.23455436862244897,0.9977259806708357,3,34aba493-c3b3-49db-a2fa-b65345248969,base,2,315457.8531441587
0.2882266432452306,0.405274910978333,False,0.0,0.024274553571428572,False,0.3544921875,1.0,3,34d37f0b-6aeb-4af0-b0cf-f4516a3035af,base,1,315457.8531441587
0.30337392896811244,0.32939312605326054,False,0.056697723763278286,0.14518893494897958,False,0.2680564413265306,0.8365133836650652,3,34dde192-6b08-405f-9672-60e19c896d28,base,2,315457.8531441587
0.9975234641070668,0.9920107752042425,True,0.08728116198227623,0.018494897959183673,False,0.3043885522959184,0.9859913793103449,3,34fdff09-5bc2-4df5-b8cf-3c37662037c8,base,1,315457.8531441587
0.5140037444842971,0.48979780592255595,True,0.48734715585988425,0.39742107780612246,False,0.4029017857142857,0.7699714156762449,3,351d5ab2-c3a6-40ed-baf5-b4a68f45eb4e,base,2,315457.8531441587
0.7794611463305559,0.7709946195076756,True,0.30722656827793027,0.1483577806122449,False,0.30044244260204084,0.9763567974207416,3,3560b1b0-6f5d-4439-b9ca-2043e8cbecd9,base,2,315457.8531441587
0.8545724967978021,0.6781793248244787,True,0.32456257043157316,0.1700015943877551,False,0.22279575892857142,0.7858147713950762,3,3588a0b5-1a41-4afc-a5c9-56d37548bae2,base,2,315457.8531441587
0.45444891190065045,0.4072714234706764,True,0.2671453348756566,0.21603954081632654,False,0.33336654974489793,0.8617158671586715,3,35ab0be2-1772-4ef7-b8f9-45e5e371ac11,base,2,315457.8531441587
0.9981985839858312,0.9947025535501778,True,0.15336516334821984,0.03419961734693878,False,0.3626235650510204,1.0,3,35bdb4ca-55d0-4d4c-b2e6-ea721f24d985,base,1,315457.8531441587
0.565226124406884,0.654880977941594,True,0.309236283255274,0.19128667091836735,False,0.4216358418367347,0.9102938112106689,3,35c45480-3cfc-4988-8bd7-4c1ee56ed88b,base,2,315457.8531441587
0.8861241591356815,0.9132131057504539,True,0.574488226847658,0.35275829081632654,False,0.2992665816326531,0.391864406779661,3,35dd41bb-baee-48e7-a450-95532043dc36,base,2,315457.8531441587
0.9206618454433696,0.8202461440508958,False,0.5205175141475082,0.2889030612244898,False,0.5402184311224489,0.9869619205298014,3,35ef8c74-74d5-49ae-8b45-98d349344628,base,2,315457.8531441587
0.13320891459615167,0.13868239667897017,False,0.002332888234626262,0.05151865433673469,False,0.41250797193877553,0.9876208897485493,3,36698ec6-be46-4899-9465-2bfe70780ba2,base,1,315457.8531441587
0.9884323751912696,0.9695580332105155,True,0.1851492570061772,0.05058195153061224,False,0.2718032525510204,1.0,3,3690bde1-7419-46a5-baa2-14b88feed1ea,base,1,315457.8531441587
0.9930646426061993,0.9839286637031541,True,0.2814993647391041,0.0760921556122449,False,0.35313695790816324,0.9937139863803038,3,36c3ea72-267d-4eb7-a0b2-a3e34acd2d07,base,1,315457.8531441587
0.8334669271669337,0.44673483278440895,True,0.4741620900365592,0.29886798469387754,False,0.3002431441326531,0.7543344891971192,3,370e4257-86fb-40b7-a4df-b8a3a7b25226,base,2,315457.8531441587
0.36391125591887846,0.5116969808261169,False,0.11852753991461992,0.16224888392857142,False,0.2677375637755102,0.9375998034639479,3,37261c45-c1d3-4e6b-9d3a-a2ca48b99db8,base,2,315457.8531441587
0.6020117152885808,0.6430169445444369,True,0.36347243122169287,0.24681122448979592,False,0.27943638392857145,0.8168604651162791,3,3730cf87-f147-4872-8885-44700d3eacaf,base,2,315457.8531441587
0.668322559403873,0.7234608284980922,False,0.1551606804155067,0.10923549107142858,False,0.22102200255102042,0.8633461047254151,3,376a6f4e-a470-48e7-9092-b6179f296e46,base,2,315457.8531441587
0.5984795033651359,0.41802257440426926,True,0.6216948789311791,0.458984375,False,0.40334024234693877,0.7836300477637864,3,379b5fc2-ad30-4dd5-be88-a633ff87649c,base,2,315457.8531441587
0.7340388704508135,0.6149456973614824,True,0.46512455193640484,0.3096500318877551,False,0.33701371173469385,0.8289245027997683,3,37a63005-ac07-4f34-a770-3ffa029478c6,base,2,315457.8531441587
0.896011455414728,0.7714822231227593,True,0.4770520376338421,0.26028380102040816,False,0.3973812181122449,0.888208269525268,3,37abb6cd-4189-4750-bfdf-faf6bad1b233,base,2,315457.8531441587
0.23696725684863681,0.49337979939650056,False,0.006073639943746151,0.11025191326530612,False,0.32686941964285715,0.6480477223427332,3,37da4826-2d0a-41dc-8a81-720bef416a37,base,2,315457.8531441587
0.8257819987207152,0.6469467991307843,True,0.4596665707286961,0.22706074617346939,False,0.309390943877551,0.9290792591942421,3,3810c7be-ecfe-47f6-bdf9-39fcb52e9c6f,base,2,315457.8531441587
0.26292393809680603,0.42193587054240334,False,0.0,0.031568877551020405,False,0.2975924744897959,1.0,3,38395193-8ed1-4d49-9f3e-4d9a2418eaed,base,1,315457.8531441587
0.3109879440084149,0.44104618284637137,False,0.0,0.014748086734693877,False,0.22620376275510204,1.0,3,386334b4-06db-4a66-a7f1-9d0a6d9f2cdb,base,1,315457.8531441587
0.22847309407333652,0.35305483989694514,False,0.0,0.07928093112244898,False,0.2823062818877551,0.8288084464555053,3,388cc388-c2aa-4bfe-8a63-4565c626d951,base,2,315457.8531441587
0.5202861668148884,0.5476604602448641,True,0.13973552790534763,0.06680484693877552,False,0.3387476084183674,0.9985083532219571,3,388d9b4f-6c31-44ac-b878-8f5c3843fd1f,base,2,315457.8531441587
0.9225163712151505,0.8370428298264584,True,0.5123007157793725,0.3013193558673469,False,0.3443080357142857,0.8515113433428136,3,3892a267-e293-471a-b15f-ba5d2e453f64,base,2,315457.8531441587
0.8187674792603767,0.6993792541892379,True,0.3746480768171371,0.23441485969387754,False,0.3861607142857143,0.9694779799353851,3,389628be-67a0-4854-a44e-0c4e2df93b04,base,2,315457.8531441587
0.9928250764198122,0.9838839086905927,True,0.20639540408737206,0.0498046875,False,0.44882015306122447,1.0,3,38c31493-fc1c-49e2-8e16-88abd447dcfe,base,1,315457.8531441587
0.21192662546387564,0.28041353905446526,False,0.0027041817450544955,0.11170679209183673,False,0.37137276785714285,0.872613737734166,3,38dee80a-f2e3-41f4-8a72-1f89f4a9c003,base,2,315457.8531441587
0.1181171399506085,0.14619499313634804,False,0.0008315607593316472,0.03170838647959184,False,0.2132294323979592,1.0,3,38dee97d-933d-48f7-8f77-dbb7bc9b2776,base,1,315457.8531441587
0.7647436988014359,0.8184844074967438,True,0.131753512247767,0.08149314413265306,False,0.38478555484693877,0.7767180239667401,3,393b8e45-6d97-4013-8100-27ebf07a1dad,base,2,315457.8531441587
0.8986043225138414,0.9451214468831179,True,0.18837832186558823,0.047353316326530615,False,0.41153140943877553,0.8863636363636364,3,393e9541-7b37-47cb-a706-a3e518f440af,base,1,315457.8531441587
0.3347249720237583,0.40845160058550245,False,0.0,0.0738998724489796,False,0.38319116709183676,0.947680690399137,3,394e0236-0dbc-47a4-8da7-0e4e5311f690,base,2,315457.8531441587
0.37597235442458254,0.49000936203901374,False,0.10203760529838514,0.15443638392857142,False,0.34500558035714285,0.8303006839592205,3,39be0109-70d7-4bec-a59e-970da31447b2,base,2,315457.8531441587
0.49179770659723043,0.5158786955175548,True,0.06970130636369723,0.055564413265306124,False,0.32108976403061223,0.9784791965566715,3,39d6260d-397c-46cc-bdac-c8e908a91f6e,base,2,315457.8531441587
0.4875840556361508,0.4185414167750605,True,0.41152460309997063,0.39150191326530615,False,0.3774513711734694,0.8114436978212177,3,39d69ac2-14d7-4659-af55-125893812ad8,base,2,315457.8531441587
0.5818725191133384,0.5152280533429701,True,0.1638548442011829,0.08093510841836735,False,0.3612683354591837,0.881310022162029,3,39d8b259-c37f-4e07-b128-b768d8d7a010,base,2,315457.8531441587
0.9862339997516976,0.9678831794939289,True,0.21812049829139382,0.06457270408163265,False,0.34225526147959184,0.9944444444444445,3,3a03d95c-fea8-471e-b7b8-e8efef2fd4a9,base,1,315457.8531441587
0.9877652020982017,0.9603599613272885,True,0.15438810254419855,0.042490433673469385,False,0.31774154974489793,1.0,3,3a0c1a58-6d13-43f3-a5a0-07d8ecdf7fd5,base,1,315457.8531441587
0.9222670031701675,0.5717795850829214,False,0.3633147503109061,0.18062420280612246,False,0.19838169642857142,0.8184927728125345,3,3a0c80db-3411-4547-8822-01f6e746bc51,base,2,315457.8531441587
0.7283929467780601,0.7269782580037231,True,0.2671776712997687,0.16386320153061223,False,0.27146444515306123,0.8365361225979081,3,3a4bdc29-1bbf-4dd9-9fe7-00c42a081bc1,base,2,315457.8531441587
0.600705279774702,0.583346017164097,True,0.14549874573881894,0.09155771683673469,False,0.5444036989795918,1.0,3,3a510377-9cb0-4fa2-97fd-3c663e64ec9f,base,3,315457.8531441587
0.8017270371449853,0.7071289038565185,True,0.5643531542879451,0.36838329081632654,False,0.41890545280612246,0.8550097381519152,3,3a7cb9dd-169c-467e-a5f7-c179a6459d80,base,2,315457.8531441587
0.988527930056087,0.9754559245601037,True,0.23635695318347555,0.055564413265306124,False,0.4358059630102041,0.9652080344332855,3,3a9196af-16e0-4a6a-95e4-426614770eb2,base,1,315457.8531441587
0.2343730281445669,0.42592447377315334,False,0.04100206175851812,0.12252869897959184,False,0.36856265943877553,0.929733246584255,3,3abb7176-035d-46cc-844e-820870e8154b,base,1,315457.8531441587
0.7801367916368418,0.7993615990329467,False,0.25396374359136953,0.14407286352040816,False,0.26297433035714285,0.7667727209849219,3,3b1a0e72-4870-4927-8171-293f1a767bde,base,2,315457.8531441587
0.27540106951871657,0.368299711815562,False,0.0,0.04591836734693878,False,0.3780492665816326,0.7026909722222222,3,3b2cd577-6e31-4b41-8349-dacac273aadf,base,1,315457.8531441587
0.6685976924184587,0.6538550518635458,False,0.17597540471517678,0.08071588010204081,False,0.35202088647959184,0.9990123456790123,3,3b75d0e1-a430-4d1e-a89e-672d25ca6953,base,2,315457.8531441587
0.7034004866739452,0.6124945869812373,True,0.3859190067103937,0.2641501913265306,False,0.3724888392857143,0.8646446355817112,3,3b8f18ac-4583-4d1f-b3d5-27b8ee43f5e2,base,2,315457.8531441587
0.9116039398311011,0.7853109500758959,True,0.2917316136957826,0.15760522959183673,False,0.33418367346938777,0.8132271117855336,3,3bb0913d-db75-4c66-81bd-fdd9143eef15,base,2,315457.8531441587
0.3574540647948547,0.6746864771145787,False,0.015395816879048861,0.06684470663265306,False,0.3328882334183674,0.7191413237924866,3,3bb9b9b3-b086-4083-ae6f-d1f86c3eb089,base,2,315457.8531441587
0.6790106641664376,0.6140020156958524,True,0.12602660945306365,0.07053172831632654,False,0.3758569834183674,0.6756145803899407,3,3bd214a7-b62f-4e31-93c5-9cea5c2a8a30,base,2,315457.8531441587
0.2101676766104184,0.31877595642918133,False,1.3310735306863527e-06,0.09946986607142858,False,0.45936304209183676,1.0,3,3bdf49c0-0eed-4b48-b831-1510cffd2d04,base,2,315457.8531441587
0.8410511741395282,0.7136404978558136,True,0.4565005218594611,0.28065210459183676,False,0.34610172193877553,0.8875869904843062,3,3be59bb1-6183-4c8d-9ac8-4591b6ab90d0,base,2,315457.8531441587
0.738096851245181,0.7385498881933081,False,0.06446704294273695,0.032126913265306124,False,0.3072983099489796,0.7555831265508685,3,3c2270fa-2323-48c2-a341-1ea0d84d7cee,base,1,315457.8531441587
0.7932147232884404,0.7670718461229947,False,0.1756504652667681,0.07168765943877552,False,0.22195870535714285,0.8668334723380595,3,3c239733-d999-4dad-ab3b-3b5bf7b893b7,base,2,315457.8531441587
0.18967331835574852,0.3295786881317216,False,0.011114425709397763,0.15886080994897958,False,0.25649713010204084,0.9209634926608957,3,3c4945ed-5abe-46b4-ad72-8377685fa14e,base,2,315457.8531441587
0.22635810122822508,0.4118502752157441,False,7.144664207296829e-05,0.12858737244897958,False,0.3246372767857143,0.884221946683199,3,3c806302-fbec-46b7-aa1c-62e06ac85cd3,base,2,315457.8531441587
0.29030752960205713,0.33324421153948985,False,0.0,0.03892299107142857,False,0.4116310586734694,1.0,3,3c8e008b-261a-4f4e-bbb3-d3651cfd7dfa,base,1,315457.8531441587
0.29486758028394733,0.44581709145427284,False,0.0,0.029994419642857144,False,0.36232461734693877,1.0,3,3c8ebe92-dc43-48b9-bbfd-03dbc128d2af,base,1,315457.8531441587
0.8518207541580117,0.7159249805261833,True,0.4542949880774728,0.2833625637755102,False,0.3496691645408163,0.828527219018146,3,3c9b55d0-d7a4-4ece-99e0-3393bf619e70,base,2,315457.8531441587
0.563980202649827,0.5286654564048859,True,0.6124043357736333,0.48399633290816324,False,0.5071548150510204,0.8557134033353923,3,3ca6661a-ffbd-4d4d-b49b-c96cfd218307,base,2,315457.8531441587
0.9209618085487636,0.6979816747622561,True,0.5151064589143369,0.244140625,False,0.285953443877551,0.8734693877551021,3,3d04aef0-2bb8-4de2-a871-4c814bca5d9b,base,2,315457.8531441587
0.8349253608486494,0.7487663272608662,True,0.26073154212648963,0.10503029336734694,False,0.3544323979591837,0.9943074003795066,3,3d0b66d4-1954-4454-95e6-e3888e596bac,base,2,315457.8531441587
0.1533337828735192,0.2564596561077137,False,0.00046595903353316236,0.09799505739795919,False,0.265445631377551,0.9896278218425869,3,3d2acab8-4160-4aa6-8071-4ab0fa1313ef,base,2,315457.8531441587
0.8889479379816767,0.7945567387151512,True,0.34544111847968456,0.2014110331632653,False,0.2852758290816326,0.5519493370275084,3,3d33aaf8-2163-4126-888b-1596478fe2be,base,2,315457.8531441587
0.9865092143605857,0.967989848569242,True,0.23023675964823068,0.05082110969387755,False,0.4321189413265306,0.9905882352941177,3,3d341003-fe1c-4709-a20a-0a543a3e3743,base,1,315457.8531441587
0.21271187943014266,0.2541105806700138,False,0.002256803109776376,0.11551339285714286,False,0.22684151785714285,0.9137336093857833,3,3d62329f-40d2-41e5-bcdd-c7eabc33f516,base,2,315457.8531441587
0.8466868746548158,0.914918544304201,True,0.24271783542221811,0.11935985331632654,False,0.3499083227040816,0.8839539155117716,3,3d643bc7-85ea-4684-88f6-4e2ee36ff46d,base,1,315457.8531441587
0.3205707590593355,0.4024527543224769,False,0.0,0.04743303571428571,False,0.29398517219387754,0.973109243697479,3,3d7cde16-cbce-4a84-997c-11b9befe3f23,base,2,315457.8531441587
0.6985980368313528,0.6288153720733092,True,0.4834427372220992,0.3315927933673469,False,0.33565848214285715,0.8019593701166006,3,3db4f481-4e2e-4dd0-a191-a807ee22a39b,base,2,315457.8531441587
0.3523687736948075,0.5396657325560734,False,0.00022124418832664217,0.013452646683673469,False,0.38089923469387754,0.7437037037037038,3,3dc73486-dbf7-4b9d-9e26-fb24848b16a2,base,1,315457.8531441587
0.20790379025972783,0.3111293145718698,False,0.000152185479671756,0.06212133290816327,False,0.13538345025510204,0.942893808148861,3,3e2db6da-3b64-4388-8098-1c4c037ec03a,base,2,315457.8531441587
0.3456099488416587,0.41659132007233274,False,0.0,0.04165338010204082,False,0.4384167729591837,1.0,3,3e2fa4f1-9513-41c6-b520-43154569f8cc,base,1,315457.8531441587
0.9888527299321427,0.9663045134722719,True,0.09754110902576849,0.03186782525510204,False,0.2249481823979592,0.9643527204502814,3,3e37afc9-f726-407c-84d0-df382e141721,base,1,315457.8531441587
0.7752964216475269,0.8077400113329475,True,0.3809604952283967,0.19626913265306123,False,0.3327686543367347,0.8318440292445166,3,3e80e9c7-8f9a-4da5-b084-6f3d364d6010,base,2,315457.8531441587
0.19773534242821283,0.2507247904421587,False,0.00198475158221836,0.16248804209183673,False,0.1911670918367347,0.5799092358640991,3,3ecaa81f-9128-4e65-951a-091280adb30d,base,2,315457.8531441587
0.11127308066083576,0.23255962249713047,False,0.0,0.015625,False,0.32816485969387754,1.0,3,3ed830ca-6746-47e8-b91e-0cfeeff9f9d2,base,1,315457.8531441587
0.9092087724453967,0.8172025659431288,True,0.23292230778847156,0.1319953762755102,False,0.28896285076530615,0.8182092707232372,3,3ee66e0c-e360-4e76-ba81-b65f8600ae32,base,2,315457.8531441587
0.3816406394616348,0.4742616010896488,False,0.0003745886494252947,0.07985889668367346,False,0.47403140943877553,0.99900174694285,3,3f167f68-6cde-478d-8e78-9ae22529c22f,base,3,315457.8531441587
0.31785804730249173,0.3805734787294044,False,7.612720321452896e-08,0.11858258928571429,False,0.4529655612244898,0.9489075630252101,3,3f20c5bb-e534-42fe-b3f7-b6c3c4ec01ed,base,2,315457.8531441587
0.7788413236938169,0.8900117977577306,True,0.43745646204982264,0.258968431122449,False,0.4201809630102041,0.8598583961828536,3,3f21e402-4cf3-451e-bb19-f28bfbd1796a,base,2,315457.8531441587
0.11295667301797697,0.16413313743218808,False,0.0,0.03770727040816327,False,0.38968829719387754,0.9815010570824524,3,3f25e62e-b79f-4cdd-8607-adc010808d4c,base,1,315457.8531441587
0.14912854921855823,0.3609748620478234,False,0.0,0.02574936224489796,False,0.28579400510204084,1.0,3,3f283405-31fa-4865-acbc-0be1e297546d,base,1,315457.8531441587
0.860830015810298,0.8617484836670266,True,0.3711579646289848,0.12416294642857142,False,0.3662906568877551,0.8971107544141252,3,3f350a20-291b-4a3c-8e7b-72b885f19ec9,base,2,315457.8531441587
0.5208571555499599,0.5140757234985559,True,0.32767945934536213,0.25314891581632654,False,0.31056680484693877,0.855849472524012,3,3f79f27a-6d84-4ff1-88a2-eb05ff9a5f57,base,2,315457.8531441587
0.2039093222299329,0.3228694102397926,False,0.0,0.05227598852040816,False,0.29823022959183676,0.9988562714449104,3,3f7e55d4-fa63-42d3-8732-98d16f2e34be,base,1,315457.8531441587
0.9278365825922985,0.928193329035166,True,0.33227468803707555,0.16282684948979592,False,0.38779496173469385,0.9826193390452876,3,3fa13d7f-8b18-443d-8dfe-2b098bfec24a,base,2,315457.8531441587
0.47986999899664107,0.5176293775851478,True,0.15059987586069845,0.09273357780612244,False,0.26743861607142855,0.9871050934880722,3,3fa7ddd4-6491-4809-8a46-fdfc6931ca22,base,2,315457.8531441587
0.258083333068498,0.33514286891663575,False,0.031657733779060684,0.11527423469387756,False,0.24342315051020408,0.7131742738589212,3,3fb60904-497c-4009-94cd-aa4e28ecc854,base,2,315457.8531441587
0.6654537322600417,0.5831268144162005,True,0.6074360379679286,0.41922433035714285,False,0.31455277423469385,0.671404801521274,3,3ff0bd8f-7257-4ba9-a4ae-ae0c9f9138d7,base,2,315457.8531441587
0.9156654534656454,0.6813079301037255,True,0.341648794408915,0.13639987244897958,False,0.13374920280612246,0.7367036820572764,3,3ff3fc6e-bef0-4d90-a4a5-0eb40c1f7710,base,2,315457.8531441587
0.700245805503612,0.6413014956217102,True,0.19547151367597126,0.12047592474489796,False,0.35788026147959184,0.8239867659222498,3,407bc983-cb9f-4559-9e82-8b559e466042,base,2,315457.8531441587
0.9154164776019185,0.8719162131040424,True,0.34013159517609476,0.11019212372448979,False,0.47265625,0.9998191354675349,3,40ef3f33-d990-4a08-b652-ed4e02e84159,base,1,315457.8531441587
0.9008110270788747,0.671781181539299,False,0.4425735397977643,0.23580994897959184,False,0.2914341517857143,0.8221771467207573,3,41159056-4cb8-4937-aa38-ad56a362c673,base,2,315457.8531441587
0.7879661201570055,0.33860779439221217,True,0.23672174285351283,0.15473533163265307,False,0.16159119897959184,0.35922205048943845,3,41560731-6e3f-44b9-b951-e789bb8e0cc8,base,2,315457.8531441587
0.868579975562171,0.9233673902114393,False,0.08733865842197139,0.035235969387755105,False,0.3580994897959184,0.918552036199095,3,41c35afe-fac7-4688-943c-7127cd7dd136,base,1,315457.8531441587
0.2706869507365858,0.3097002825933002,False,0.02673569638052192,0.10186144770408163,False,0.28316326530612246,0.6237526902758755,3,4217397c-f5d1-4890-8d71-5c6eebf8340e,base,2,315457.8531441587
0.8957181257848322,0.6413821410597247,True,0.3056786756649519,0.14034598214285715,False,0.17574139030612246,0.8368361261005396,3,42900731-1044-4fca-9641-96c7dd02625c,base,2,315457.8531441587
0.7500908701040425,0.8484135268214403,True,0.4458147498619162,0.25779257015306123,False,0.24306441326530612,0.6360262852725165,3,42c53ccc-0051-4682-83f4-9c1bb3cc175a,base,2,315457.8531441587
0.7649063366225782,0.9777385776885948,False,0.05155159573367905,0.037109375,False,0.25125558035714285,0.7030075187969925,3,42da1a6f-7984-4d82-b10a-603b8e3724c5,base,1,315457.8531441587
0.8770211589982446,0.7888459650637585,True,0.4090834341867872,0.22899394132653061,False,0.3754185267857143,0.8599651871192341,3,431e971a-2b49-460f-a870-57aa856e56d2,base,2,315457.8531441587
0.9247135727772557,0.9625414918690468,True,0.18993539928449202,0.0778061224489796,False,0.3311742665816326,0.8691086065573771,3,442882b2-28f4-4994-9ae2-5072b566687b,base,1,315457.8531441587
0.9699412489804595,0.8707709976491536,False,0.26400625817844764,0.09375,False,0.16657366071428573,0.985969387755102,3,446ed45f-a926-45ab-a93e-3e047c2c7440,base,2,315457.8531441587
0.7313718964390722,0.2691841464677854,False,0.031846115759239346,0.02391581632653061,False,0.280452806122449,1.0,3,44b2c703-136a-4e7f-936e-5b9bde44251e,base,1,315457.8531441587
0.251728366022807,0.5054222806441012,False,0.013999859857063092,0.029137436224489797,False,0.27529097576530615,1.0,3,44da3869-4815-4f7c-9350-a396d9961443,base,1,315457.8531441587
0.5704827810744786,0.5857721634364695,True,0.30975370617203923,0.21364795918367346,False,0.3807397959183674,0.9506529850746268,3,4586263a-a2e0-4484-ac01-968b45a3b897,base,2,315457.8531441587
0.9880046745758941,0.9679466618822705,True,0.19169241775806214,0.04645647321428571,False,0.3535754145408163,0.9845559845559846,3,45e92e87-9e8e-4783-ba97-c032c17864da,base,1,315457.8531441587
0.6622991772125615,0.5931439994770729,True,0.33908192676549165,0.19975685586734693,False,0.36501514668367346,0.8537364062655891,3,464d7389-cbe4-46df-a2fe-b5c9bfca664e,base,2,315457.8531441587
0.7835764624835645,0.5895983805961882,True,0.23076531332757277,0.13259327168367346,False,0.3533960459183674,0.9971441454982715,3,4668a90c-d352-47d0-a3ac-a54aa8ce053b,base,3,315457.8531441587
0.697732710161286,0.7339808301132679,True,0.3493749104334556,0.1659359056122449,False,0.3242785395408163,0.9503963487869325,3,469ee828-7b1a-436b-accb-f928582d1330,base,2,315457.8531441587
0.9281067751136868,0.6899644059530604,True,0.2956368696531837,0.13111846301020408,False,0.2439014668367347,0.9857121143030856,3,46e6b4be-e2aa-4b5a-8917-9c0846ac0430,base,2,315457.8531441587
0.9711085466954259,0.9551379466264143,True,0.25800854668074114,0.11270328443877552,False,0.3130580357142857,0.8141467727674624,3,473f3632-c6d0-4a5b-9cab-f1c6d24a7424,base,1,315457.8531441587
0.3059841466172268,0.3981937906166414,False,0.0008394930059064785,0.056919642857142856,False,0.5434669961734694,0.9590336134453782,3,474c28ea-3798-48df-b93c-c90472423623,base,1,315457.8531441587
0.9482274873024688,0.8073288062548819,True,0.47889964490001014,0.22205835459183673,False,0.31680484693877553,0.9718183450008975,3,47ec1b70-a18d-4c98-a313-4999a4059742,base,2,315457.8531441587
0.9752801130514351,0.8628739797432822,True,0.1916735439835451,0.061443718112244895,False,0.13743622448979592,0.9620499513460915,3,48e264dc-d8d4-4e82-aa62-ed0174d321ea,base,2,315457.8531441587
0.6171238754791042,0.5588876032817967,False,0.07764315832249583,0.08203125,False,0.3264708227040816,0.9159378036929058,3,497a4c59-3101-4257-8c12-f052cb1aa116,base,1,315457.8531441587
0.8537181672794604,0.7628308977003496,True,0.3541603519391446,0.17763472576530612,False,0.5352957589285714,0.9909121507909795,3,4a2078dc-3789-43b2-a31e-19014d4fe3eb,base,2,315457.8531441587
0.8982449283194673,0.8126104240303381,True,0.38336267644228017,0.20918367346938777,False,0.4118104272959184,0.9692263719512195,3,4a2fec02-fe01-42cc-a1fb-a1588b147f60,base,2,315457.8531441587
0.9863109560314529,0.9774255213189545,True,0.1829485830821492,0.05022321428571429,False,0.3471181441326531,0.8396825396825397,3,4aa7db1e-ea71-4b63-ae8a-877244ae1e06,base,1,315457.8531441587
0.8648087239446214,0.7540193151328451,True,0.4708503350518894,0.2926698022959184,False,0.377132493622449,0.8074225400068097,3,4b8b9a8e-c100-46ad-9a21-5699b33656bf,base,2,315457.8531441587
0.8978243613953352,0.6541121135426486,True,0.38464354905612336,0.17299107142857142,False,0.2589485012755102,0.8509216589861751,3,4c75d5dd-63d8-4678-9f22-61340ca246db,base,2,315457.8531441587
0.9956677511737465,0.9861128880637132,False,0.16384293916138418,0.03264508928571429,False,0.3316127232142857,0.9993894993894994,3,4d5ca402-e14a-4b6c-86cd-d25512b31047,base,1,315457.8531441587
0.8178445916085302,0.9830791483494669,False,0.0980433593077207,0.052734375,False,0.23977598852040816,0.8582766439909297,3,4d64af6e-6810-4ca7-9b78-c8868a6ba248,base,1,315457.8531441587
0.7888790764876604,0.7414055041456115,True,0.45372578872759173,0.2669005102040816,False,0.3380102040816326,0.8039874551971327,3,4dbc44ca-694a-4814-9a24-bc60c8d8d611,base,2,315457.8531441587
0.8112965168094326,0.601909642366255,True,0.5351419484462119,0.32198660714285715,False,0.33017777423469385,0.8362837335974251,3,4de71e08-58a2-4780-bf0f-24cd2ffaa6b2,base,2,315457.8531441587
0.9873926367863614,0.9863557098450755,True,0.42853028588011843,0.1114078443877551,False,0.41537786989795916,0.8354203935599285,3,4de82994-1662-4fd2-ae76-e70667dab381,base,1,315457.8531441587
0.9582013356150527,0.918277985756103,True,0.5074119956413755,0.2666613520408163,False,0.38651945153061223,0.877204783258595,3,4edadee3-ed63-4cb8-bced-20db6b38d0cc,base,2,315457.8531441587
0.9810633346757431,0.9636362122419507,True,0.3138214570598969,0.0975765306122449,False,0.2831234056122449,0.957312091503268,3,4fa69712-d57b-4ea9-bdf3-40cdc03f02ff,base,1,315457.8531441587
0.9450921807244487,0.9424615641220867,True,0.2638408183553021,0.11790497448979592,False,0.3930165816326531,0.9846179851250845,3,4ff92c49-7068-4dc6-8cc5-8e551e7f8db8,base,1,315457.8531441587
0.941960190321298,0.6417731906515755,True,0.43196286019847585,0.22901387117346939,False,0.27736367984693877,0.9122791750065269,3,5003f421-e6d3-4c2c-b713-eba27a9078c2,base,2,315457.8531441587
0.6823124722053896,0.5952739402474714,True,0.32779687513475136,0.18746014030612246,False,0.21452487244897958,0.770890920688922,3,50533ed3-bfb4-4e56-82f7-678e03864265,base,2,315457.8531441587
0.9355239746856019,0.6609888198549069,True,0.4496078121370316,0.21287069515306123,False,0.21462452168367346,0.7314858159348375,3,5065efd1-6ffd-4c35-9833-53f7885c3808,base,2,315457.8531441587
0.7320471208345662,0.750292616108225,False,0.16991934746236453,0.06875797193877552,False,0.24360251913265307,0.9188405797101449,3,50cb1cac-baba-4a4a-bad1-d12cee21b2ca,base,2,315457.8531441587
0.2242522164222388,0.3951127819548872,False,0.0,0.03786670918367347,False,0.2592673788265306,0.5468421052631579,3,514fbabf-3986-421f-81dd-fa99d8040082,base,1,315457.8531441587
0.6566756590083646,0.6639471171902379,True,0.3189276968284135,0.20701132015306123,False,0.32539461096938777,0.858091845576201,3,515ceb83-83d3-4d20-944d-14394023a5d3,base,2,315457.8531441587
0.7886434082115442,0.5589632459934867,True,0.2897674839404654,0.17438616071428573,False,0.31680484693877553,0.8881142857142857,3,51c42643-1a55-4d9f-b9cb-1fd6846b22d3,base,2,315457.8531441587
0.8002083829715992,0.6715907232204423,True,0.36235429220304083,0.22863520408163265,False,0.3828722895408163,0.893305439330544,3,51fbcba7-7bdb-49de-818c-066ec4ff155f,base,2,315457.8531441587
0.8314501967012303,0.8673702990991013,True,0.28227431615555615,0.1421795280612245,False,0.3734853316326531,0.8881412952060556,3,520d385d-0571-4204-86d5-15d7b63f04b9,base,2,315457.8531441587
0.40434226937168966,0.4130372996589196,True,0.1831650258727872,0.20276626275510204,False,0.4584861288265306,0.9786711224690388,3,52c8dcfc-eb27-449f-aeda-b14412989a4a,base,2,315457.8531441587
0.9586263723022302,0.9305151782047768,True,0.21252479538905433,0.06744260204081633,False,0.3381297831632653,0.8259456264775413,3,5388b543-b3cc-4d17-b620-e9defedd7715,base,1,315457.8531441587
0.9911784417156693,0.9718903480268232,True,0.294541012502968,0.078125,False,0.26817602040816324,0.8334183673469387,3,53e69b04-f8ec-467c-911d-a039065ec631,base,1,315457.8531441587
0.9134112602239339,0.9252220327453302,True,0.4160307866384742,0.13950892857142858,False,0.4526267538265306,0.9272857142857143,3,549ee5af-e19d-4483-9f7b-d3025dbb1979,base,1,315457.8531441587
0.9690513032041355,0.9889125872726338,True,0.2569489074929784,0.0751953125,False,0.38809390943877553,0.7590776570368407,3,55891cc7-b8ed-4b22-8bf0-a6039dc53727,base,1,315457.8531441587
0.9927084693156866,0.9807823472457478,True,0.03190917643259436,0.007653061224489796,False,0.38416772959183676,1.0,3,55bf30ae-819a-4d20-816c-d45615df0688,base,1,315457.8531441587
0.9899530097996163,0.9739031916336881,False,0.053337919978341794,0.014508928571428572,False,0.3938735650510204,1.0,3,55bf665e-e53b-4320-baa7-4fdaa54447db,base,1,315457.8531441587
0.2801949273186346,0.40652616663443286,False,0.009313276439560762,0.024872448979591837,False,0.41328523596938777,1.0,3,56a60039-bf00-44ea-aaf2-ea50b68c4dbc,base,1,315457.8531441587
0.9853318297415711,0.964715178948593,True,0.18678668766537013,0.05311304209183673,False,0.32822464923469385,1.0,3,56f5bc59-c8a4-4cca-85b9-7b704532b3bd,base,1,315457.8531441587
0.8912277417620198,0.6831358263543152,True,0.22852850578137662,0.11108896683673469,False,0.3205516581632653,1.0,3,5711b0c6-2b21-4b72-b036-c1b3160cb6b4,base,2,315457.8531441587
0.2502614852361413,0.34060326334265095,False,0.0,0.009167729591836735,False,0.3157485650510204,1.0,3,575014d8-3cea-4d15-9c5b-5b7323131fca,base,1,315457.8531441587
0.24030189904236327,0.3758520505084367,False,0.0,0.017697704081632654,False,0.37440210459183676,1.0,3,57d11808-6e38-442d-b908-b5da489f73e3,base,1,315457.8531441587
0.729087594344151,0.33451242412332416,False,0.016432036150012305,0.010981345663265306,False,0.15232382015306123,0.8330308529945554,3,591142fb-40d8-4c86-81e3-f6437d671c37,base,1,315457.8531441587
0.8466466506846158,0.6869095857043829,True,0.32064488514306844,0.17450573979591838,False,0.4379783163265306,0.9994289629968022,3,591ef0ea-6a2f-4079-9bc2-20c988507809,base,2,315457.8531441587
0.9569521429847266,0.9431746746164307,True,0.15709999390582238,0.07828443877551021,False,0.29978475765306123,0.9455193482688391,3,59aa41cb-ece4-46c3-8ded-a26ed0284271,base,2,315457.8531441587
0.8354312254199918,0.949358599575958,False,0.06871701990185528,0.029296875,False,0.260921556122449,0.20476190476190476,3,59f84187-780f-424e-a5fa-0cd4f4098e5e,base,1,315457.8531441587
0.136786466053195,0.21798383101010768,False,0.0001253068016061193,0.03188775510204082,False,0.3335658482142857,1.0,3,5a884330-8bda-4ec7-a502-677150e3d5f7,base,1,315457.8531441587
0.46741054742250965,0.7971953456972981,False,0.027951739426357695,0.04771205357142857,False,0.24599410076530612,0.8939014202172096,3,5b19a5a1-d627-495e-80dd-c367f34a448c,base,1,315457.8531441587
0.8166597465710875,0.6311818978171148,True,0.11436133871037478,0.06451291454081633,False,0.38620057397959184,1.0,3,5b795813-0205-4879-9bcb-69b7a417316f,base,1,315457.8531441587
0.22747358695215522,0.3793060487136361,False,0.0,0.007772640306122449,False,0.3277064732142857,1.0,3,5b924690-7a86-49b8-b36e-1d12d5f4fff6,base,1,315457.8531441587
0.9158774146849458,0.7586706326754202,True,0.3131549796050631,0.16930404974489796,False,0.32872289540816324,0.9650382577987051,3,5bad55a2-06e1-4ee9-8fbd-555a1f75e647,base,2,315457.8531441587
0.995763562850883,0.9929057241658648,True,0.1437127756730961,0.04185267857142857,False,0.31307796556122447,0.8804761904761905,3,5bcc2f5b-46d9-4e87-bfc5-b4808ec4f13a,base,1,315457.8531441587
0.9945243721497395,0.9940524276212134,True,0.12232446301584998,0.028778698979591837,False,0.3718311543367347,0.567174515235457,3,5bd3e1eb-3b86-4531-8b6c-049a37fdd8ad,base,1,315457.8531441587
0.8260216839144954,0.6284440014467073,True,0.4068678581613601,0.2660634566326531,False,0.34745695153061223,0.7436704119850187,3,5bfdc9ee-e21d-46e5-bbfc-20cea10c3175,base,2,315457.8531441587
0.9546850912294551,0.9441140700249182,True,0.30154141131300727,0.11607142857142858,False,0.3440090880102041,0.8600618131868132,3,5cf12272-d4ee-4ac7-a6dc-278500dfd009,base,1,315457.8531441587
0.8168449252057733,0.7174339543211934,True,0.17654868021906547,0.07545440051020408,False,0.26428970025510207,0.9759640781827786,3,5da671da-84f7-4847-9995-334ecf044f86,base,2,315457.8531441587
0.3244206043731062,0.4115965790756414,False,0.0,0.02654655612244898,False,0.4763034119897959,1.0,3,5ddf194a-9266-4248-90a2-ddf0573aa569,base,1,315457.8531441587
0.2538511366166677,0.35348877176901927,False,0.0,0.01544563137755102,False,0.3633410395408163,1.0,3,5e36040b-0804-4c66-a879-32afdacf18ce,base,1,315457.8531441587
0.9749347891763269,0.9006616708542254,False,0.05129473661649739,0.015545280612244899,False,0.19862085459183673,0.95,3,5e3d34c0-03f0-4c4e-86b3-ecffbc624f87,base,1,315457.8531441587
0.9965405539070228,0.9602208835341366,False,0.022572957690171834,0.005978954081632653,False,0.09199617346938775,1.0,3,5e3da45b-f7b6-4948-aad4-7a37cf9cae5b,base,1,315457.8531441587
0.6484107027732009,0.562148822292566,True,0.2604263437980831,0.13368941326530612,False,0.3311742665816326,0.7596899224806202,3,5ed67fd4-8c5e-45ef-9d0c-1f8fef1e2fc2,base,2,315457.8531441587
0.981824110227014,0.9438596042862484,True,0.22865105864459734,0.059072066326530615,False,0.3140146683673469,1.0,3,5f52ae89-20ba-4536-8313-4395f5742f49,base,1,315457.8531441587
0.9104049128653171,0.6465455986964959,True,0.09107445730864219,0.028738839285714284,False,0.14128268494897958,1.0,3,5f8240fa-94df-47ed-8f8c-3eca1f92bc28,base,2,315457.8531441587
0.9151612549700218,0.8286676355782079,True,0.24628662090847675,0.11342075892857142,False,0.36680883290816324,0.995079950799508,3,5fe137e2-d416-4f49-b685-6a3fe5367910,base,2,315457.8531441587
0.983683000941879,0.9617025128496066,False,0.10795828810944766,0.027981505102040817,False,0.3129185267857143,1.0,3,5feccc14-e51d-4c12-bc60-4cdf83014ee2,base,1,315457.8531441587
0.3659001222060659,0.44642169314694613,False,0.0029744456843861164,0.029057716836734693,False,0.3383689413265306,1.0,3,60a5f9e2-e144-4804-be95-0c7634cf889a,base,1,315457.8531441587
0.8042176494190154,0.7009620275813833,True,0.17657182030480362,0.087890625,False,0.28212691326530615,0.9634920634920635,3,60ae6dde-b322-4c93-ad89-1b061fa48098,base,2,315457.8531441587
0.44359843845807956,0.6028774202477337,False,0.018031874379478684,0.02491230867346939,False,0.3129185267857143,1.0,3,60c027e6-b1fc-4064-9e9a-2301d520a19a,base,1,315457.8531441587
0.5157010809579515,0.5605240692720503,False,0.021752335561692038,0.04448341836734694,False,0.2958984375,0.07616487455197132,3,61ce0cf3-07e0-4969-b724-beecc01f8447,base,1,315457.8531441587
0.23801019384356062,0.36653014671574474,False,0.0,0.006816007653061225,False,0.39124282525510207,1.0,3,62bfeec8-bc21-4903-adf0-5aeff23ede5b,base,1,315457.8531441587
0.9645028239927984,0.8736752290241165,True,0.20386194640958058,0.09363042091836735,False,0.2802734375,0.9987228607918263,3,62f42357-5ae3-4eed-a5b2-f189b545e579,base,2,315457.8531441587
0.9956339119100628,0.990000459178562,True,0.18233768404459708,0.04974489795918367,False,0.46291055484693877,1.0,3,647b7bbc-5cfb-4776-b157-838a4264d318,base,1,315457.8531441587
0.9489912303925173,0.8743767706626852,False,0.06453310656102462,0.0243343431122449,False,0.3940529336734694,1.0,3,649895e4-23f6-4e75-baad-3210eadbd9fd,base,1,315457.8531441587
0.9054437229543295,0.8385773553515063,True,0.20484823972355584,0.09693877551020408,False,0.3757174744897959,0.97265625,3,652b519d-5eb4-4abc-93f7-15ae661a431f,base,2,315457.8531441587
0.9938614898647823,0.9778203321181439,True,0.1333807888896605,0.03551498724489796,False,0.3014588647959184,1.0,3,657e2cb9-e776-4aad-80a4-f3826adb26eb,base,1,315457.8531441587
0.7992321344887435,0.7971290496562288,True,0.23803600161248156,0.12436224489795919,False,0.43680245535714285,0.8716346153846154,3,65b5430c-faff-4993-a138-f2cb1fb2ad06,base,2,315457.8531441587
0.9347824096123155,0.9017017920672938,True,0.35839960785628705,0.18443080357142858,False,0.4412866709183674,0.9384050140479793,3,67b858ef-f3ff-4c13-b473-3d8ec8ef889a,base,2,315457.8531441587
0.9743102536305042,0.9257813259115373,False,0.1203579926268995,0.03471779336734694,False,0.325992506377551,0.9890929965556832,3,67bc7433-4582-493a-af6b-82d0383d9c32,base,1,315457.8531441587
0.9454599935332302,0.8605490861447417,True,0.18138617007362715,0.07680963010204081,False,0.31776147959183676,0.9911779968863519,3,686f3f50-0432-4f11-9bd8-63dd369af840,base,2,315457.8531441587
0.9956536915291818,0.9900194550187745,True,0.15346871698837392,0.044642857142857144,False,0.42906967474489793,1.0,3,687fbf95-5c46-4699-8b54-ee8e947226ca,base,1,315457.8531441587
0.9951056079314028,0.98775432708096,True,0.07826433351915485,0.020926339285714284,False,0.25404575892857145,0.6914285714285714,3,68eede7b-2f55-4d00-8158-a0801fa7193b,base,1,315457.8531441587
0.9903763436786487,0.9767600752216264,True,0.10541053530475532,0.025829081632653062,False,0.42763472576530615,1.0,3,6951acfe-67a2-4dcf-a1a7-638dbd3ed528,base,1,315457.8531441587
0.994935686859778,0.9893647356496604,True,0.22562925608208298,0.0703125,False,0.2830436862244898,0.8681972789115646,3,697ba0dd-6546-43b5-bfe6-f331fb96e0fe,base,1,315457.8531441587
0.2064692629546186,0.2176918043513823,False,0.0,0.009247448979591837,False,0.25290975765306123,1.0,3,69b6a3c9-16d2-4936-bf61-4ca8a10722c6,base,1,315457.8531441587
0.9902686636600299,0.9661126941248168,False,0.028070615347959477,0.011798469387755101,False,0.29374601403061223,1.0,3,6a078738-03df-4e3f-adb3-d203baef1e1c,base,1,315457.8531441587
0.9816577077014499,0.9467861872632989,False,0.14609891206851106,0.04974489795918367,False,0.2639708227040816,0.8517628205128205,3,6a377640-4f7d-4f15-868a-91dfca7d6651,base,1,315457.8531441587
0.9466035932753483,0.8436090261699859,False,0.02028323538579064,0.0067362882653061226,False,0.27664620535714285,1.0,3,6a5d55af-fc99-4957-9404-f08e4150dc55,base,1,315457.8531441587
0.21670590128971248,0.35996414884410927,False,0.0,0.009466677295918368,False,0.33189174107142855,1.0,3,6a82ef54-9e27-4c55-afba-47298ad088c9,base,1,315457.8531441587
0.7657284372828379,0.743693338368717,True,0.4051674140499356,0.2505580357142857,False,0.33384486607142855,0.883868915049316,3,6ae4184c-07b8-456d-8a73-e204b7a3cf6f,base,2,315457.8531441587
0.7517493343736673,0.6179175940328374,True,0.32301436335977596,0.21799266581632654,False,0.33412388392857145,0.7580910586944597,3,6cba26dc-51c2-4a3a-bbd7-3af8dd5bfd65,base,2,315457.8531441587
0.8102676865541363,0.7308176850731967,True,0.3793030597526922,0.2317841198979592,False,0.4663185586734694,0.9999140154772141,3,6ccf77da-c917-4fc1-8bf7-f0e7bfd3acf4,base,2,315457.8531441587
0.9808162484281887,0.9807502913194188,True,0.19979426781915807,0.06529017857142858,False,0.28609295280612246,0.9096459096459096,3,6ce856cb-8c76-4ab6-ae18-d1afea549f94,base,1,315457.8531441587
0.9595311093475056,0.9146635585676249,False,0.04820499104892588,0.016063456632653062,False,0.28683035714285715,1.0,3,6dad7d7d-5e28-408b-9315-a74c48d88097,base,1,315457.8531441587
0.6474908661947143,0.6401212469434586,False,0.19625966768379574,0.16745057397959184,False,0.2913145727040816,0.8706260414187098,3,6db32359-5e81-4f10-b509-5c55e1f27654,base,2,315457.8531441587
0.7464226371003024,0.7745981713116623,True,0.35033863645779545,0.16749043367346939,False,0.2450374681122449,0.55140409328891,3,6dec415e-7e38-493d-b5e3-bd8bbb476984,base,2,315457.8531441587
0.9072229417833056,0.7012277698650444,True,0.25221866172720725,0.13161670918367346,False,0.25354751275510207,0.9067231980617807,3,6df82c7a-a91e-487c-ae3a-9022b17d7c7a,base,2,315457.8531441587
0.9872032358243685,0.9674565414795193,True,0.14541105640093557,0.04017857142857143,False,0.38733657525510207,1.0,3,6ec8cf52-32f7-4995-91d2-07b4d6bd9d1f,base,1,315457.8531441587
0.9421093942944874,0.9362994944735262,True,0.26099419717990824,0.11212531887755102,False,0.29262994260204084,0.7520440810522574,3,6f3177d5-1942-460b-aece-51414a64ed5b,base,2,315457.8531441587
0.7166491574057673,0.8599136390537383,False,0.07240181319241737,0.04645647321428571,False,0.33165258290816324,0.7623337623337624,3,6f4c4632-50d2-4ba9-8a75-0c651f66a096,base,2,315457.8531441587
0.9787273197147922,0.9823477751957941,True,0.19747255670209898,0.04575892857142857,False,0.45308514030612246,0.9895470383275261,3,6f648895-e84d-40a7-a8cd-b3c0d9677a91,base,1,315457.8531441587
0.9884292533072923,0.9749626725295245,True,0.271970129909339,0.07366071428571429,False,0.4160953443877551,0.9572510822510822,3,6fce7a48-4cdc-4bbb-a702-2b0af9ff3498,base,1,315457.8531441587
0.959932086804832,0.9452379524497069,True,0.15249290937463122,0.05787627551020408,False,0.2961375956632653,0.8591597796143251,3,6fe4d086-05ee-4b7c-887b-58954b0c5e6d,base,1,315457.8531441587
0.8087404450576087,0.9453039598195055,True,0.4212377798691989,0.1774952168367347,False,0.37773038903061223,0.8795194251066697,3,702dd374-879d-4b8e-ad5b-7729f16a9ae2,base,1,315457.8531441587
0.8040654554422556,0.588008132143771,True,0.41502133082908027,0.27841996173469385,False,0.21045918367346939,0.638940586972083,3,703bcb21-559a-4c64-9d9b-6ff164c06218,base,2,315457.8531441587
0.9878421251163891,0.9729593240275053,True,0.19625972422629454,0.05189732142857143,False,0.4086814413265306,1.0,3,70c1019f-e519-4bc3-9769-1344e65e3b38,base,1,315457.8531441587
0.9599366032168136,0.9157265237182343,True,0.35306318357546906,0.1838329081632653,False,0.2242705676020408,0.7406764960971379,3,70e3331c-8717-4ff6-b2b5-0fefe6336bdc,base,2,315457.8531441587
0.9877340120615437,0.973401163665802,True,0.10699753573041355,0.030133928571428572,False,0.39724170918367346,0.9246031746031746,3,71212080-ccc5-4e0f-bfc1-95710057baea,base,1,315457.8531441587
0.19077146078273474,0.2844872049196588,False,0.0,0.010044642857142858,False,0.5123764349489796,1.0,3,7188416c-2072-418f-a1b0-acee21705cad,base,1,315457.8531441587
0.9983794580052682,0.9952091634925883,True,0.09002960985072284,0.022122130102040817,False,0.35289779974489793,1.0,3,719a4121-a78a-468d-b175-5b0f5fcc992b,base,1,315457.8531441587
0.8806199888823116,0.893454397195049,True,0.32588665722695914,0.13227439413265307,False,0.43339445153061223,0.7173421726683743,3,719bb18b-a428-4fd8-9338-46f1187ffa5c,base,2,315457.8531441587
0.2554659308002547,0.3797178387026398,False,0.0,0.06110491071428571,False,0.33516023596938777,1.0,3,727fd52e-3999-4f15-a113-8af93d60e1de,base,1,315457.8531441587
0.5059042656647006,0.8426881591217972,False,0.020206856462336404,0.02499202806122449,False,0.3067004145408163,1.0,3,72848196-fd24-4106-9c33-9c29b7a66a04,base,1,315457.8531441587
0.3744029795717869,0.506436556878489,False,0.007525776906692282,0.0712890625,False,0.46303013392857145,0.9493989376572547,3,72c531c7-1323-413e-ae4a-ee0f5ba791ae,base,1,315457.8531441587
0.13616230455888767,0.1330570082615778,False,0.0008389737050506221,0.07539461096938775,False,0.28366151147959184,0.9904837430610627,3,7307c83f-63e1-46e1-9400-8d1eac241510,base,1,315457.8531441587
0.8042086761563352,0.9645264460253634,True,0.12569911404273168,0.060048628826530615,False,0.19292091836734693,0.1759044142051112,3,73212dc5-6535-4837-838b-f08aff61c1a3,base,2,315457.8531441587
0.7765175218010211,0.5941391882781633,False,0.08275998700053498,0.05584343112244898,False,0.26442920918367346,0.5738758029978587,3,73247e1a-000f-4d41-825f-c8a0d2162007,base,2,315457.8531441587
0.9946026923163225,0.9755448110187314,True,0.07710161156892176,0.027204241071428572,False,0.24041374362244897,1.0,3,732836e0-76c6-4bd9-9798-b7039f6b6e14,base,1,315457.8531441587
0.8571706107495337,0.8364391070629646,True,0.3888704279045542,0.23580994897959184,False,0.4513313137755102,0.9290060851926978,3,7342f4bc-2ce8-4d13-b820-7d90f8804a1b,base,2,315457.8531441587
0.12400226895182528,0.1379830484125844,False,0.0,0.016222895408163265,False,0.2936862244897959,1.0,3,738524e2-9e98-43cb-8c56-b480a2a0ae2f,base,1,315457.8531441587
0.9406945696503833,0.90683406302335,True,0.19715538464920082,0.08906648596938775,False,0.5011559311224489,0.9534571492503916,3,74457e4b-4059-4ba4-959a-3a8e12b7d5f8,base,2,315457.8531441587
0.9863258968587028,0.9709062189879549,True,0.07145947475422124,0.021683673469387755,False,0.2709462691326531,1.0,3,74480045-29f4-478e-b1c0-322b2f4ccdc2,base,1,315457.8531441587
0.9570886489807328,0.9126712970678961,True,0.26383103248763085,0.1324139030612245,False,0.29653619260204084,0.928055388320289,3,74a8f43c-5b4c-4da8-8117-36f475dc1634,base,2,315457.8531441587
0.7661510712222217,0.7605190210154621,False,0.13811467615800863,0.09996811224489796,False,0.33053651147959184,0.8925438596491229,3,755c7169-e84a-4327-a4d6-b0ff906a88f8,base,1,315457.8531441587
0.930226317572574,0.916392400224149,True,0.13124803952142353,0.04739317602040816,False,0.39377391581632654,1.0,3,767b5c8d-d09b-4d2c-97ea-17dea981a4e4,base,1,315457.8531441587
0.9541518329536678,0.907811495964564,True,0.24820628091337385,0.07435825892857142,False,0.4186264349489796,1.0,3,76c05ccc-eaf3-467b-abae-7f8f1a4aa6c9,base,2,315457.8531441587
0.9912334226862303,0.9699383164005806,True,0.0605587958437805,0.011160714285714286,False,0.29952566964285715,1.0,3,76c091fb-7149-448c-bf1d-ae3320317b33,base,1,315457.8531441587
0.8548160867635831,0.6512696238568174,True,0.183940289098607,0.08615672831632654,False,0.28023357780612246,0.9127920425630349,3,772e6245-dac6-4f17-999c-368d4593f98b,base,2,315457.8531441587
0.6627497056853087,0.8075962035603933,False,0.10715402078786125,0.08352598852040816,False,0.3819953762755102,0.9923645907897877,3,777a8a88-5c76-4de9-96fa-7cdd9149e59e,base,2,315457.8531441587
0.8680708595459543,0.7514579678529442,False,0.1155571909616944,0.04647640306122449,False,0.36170679209183676,1.0,3,7798d157-4dbf-402c-8b93-d3b97cb29d64,base,1,315457.8531441587
0.9771387520426862,0.9643163792459907,False,0.08605347845210817,0.023716517857142856,False,0.3983777104591837,1.0,3,77b4e9ec-9002-444f-b3a5-9e5ab9dacaa5,base,1,315457.8531441587
0.09788000583648682,0.13308658033808443,False,1.1950680286455204e-05,0.02040816326530612,False,0.30984933035714285,1.0,3,77bcb2f3-2dfb-4ed7-b88a-b21ad2c87df3,base,1,315457.8531441587
0.865693063629073,0.8202259147748686,True,0.2080670987199682,0.06816007653061225,False,0.34339126275510207,1.0,3,7894c061-9fc1-4226-83b9-4f22483a02b1,base,2,315457.8531441587
0.1674742169680872,0.388249344706375,False,8.231526957390934e-06,0.049705038265306124,False,0.2861926020408163,0.8773055332798717,3,78b8f6bc-96ba-4528-b6b7-39d1a140ce07,base,1,315457.8531441587
0.846249470726396,0.7743027785352625,True,0.33777596733899135,0.1756218112244898,False,0.44405691964285715,0.9842260553790286,3,78c33a1a-8f22-476c-ae97-8190192102df,base,2,315457.8531441587
0.8778600829370528,0.7459569719327506,True,0.3119909625456182,0.18662308673469388,False,0.40784438775510207,0.9906023067065357,3,78c9b88e-a134-4470-b161-22e4a698206c,base,3,315457.8531441587
0.9383388418797997,0.9000735018125666,True,0.14682024023255952,0.0556640625,False,0.3520408163265306,0.9881847475832438,3,78dba4d7-e138-4d40-b6a5-ac2d8c65dcf5,base,1,315457.8531441587
0.7047615978380486,0.7508542712231875,True,0.20027320005194146,0.09542410714285714,False,0.2623963647959184,0.87531328320802,3,79319bc4-8e67-469b-8b9c-5ddfb2444749,base,2,315457.8531441587
0.6512273996264295,0.5407202167611421,True,0.10628817576556436,0.05765704719387755,False,0.2848971619897959,1.0,3,79397fb3-fbe9-4b1d-baec-a934f2825e25,base,2,315457.8531441587
0.9947408641581074,0.9898707222709865,True,0.13667767644731282,0.028599330357142856,False,0.4186264349489796,1.0,3,793a56ab-71fd-4bce-b9fe-d25c63d93459,base,1,315457.8531441587
0.9853393606090027,0.9705641719579473,True,0.1006604931702937,0.019690688775510203,False,0.38789461096938777,1.0,3,7944ddb2-ca88-4e4f-8311-65aa85ee58bd,base,1,315457.8531441587
0.9701371066663046,0.9375203674433127,False,0.08348053536509653,0.021524234693877552,False,0.3241390306122449,1.0,3,7971ccf5-18a3-47d3-a2ea-eea88033404e,base,1,315457.8531441587
0.7971986320889142,0.9164686097388531,False,0.04939683767354937,0.020926339285714284,False,0.44106744260204084,1.0,3,79956cb1-e48b-4b95-92f0-c4f41a6bd1f5,base,1,315457.8531441587
0.7802224816653713,0.8813222877309171,True,0.22392653183616426,0.1298230229591837,False,0.32362085459183676,0.9201719373656739,3,79df0c01-2397-4d31-8318-435a1c80ae47,base,2,315457.8531441587
0.6381801259088907,0.5444244591665709,True,0.20499375309705464,0.14857700892857142,False,0.27794164540816324,0.8014755197853789,3,7a8dd22c-7af7-428c-a043-578390fc6fa1,base,2,315457.8531441587
0.26677329230270885,0.44648296870672943,False,0.0,0.01558514030612245,False,0.3018176020408163,0.8951406649616368,3,7aa7ec60-510d-4ed9-94cf-da1fa6f1f2e5,base,1,315457.8531441587
0.8000518740072943,0.6375230460792656,False,0.04790323577085918,0.027802136479591837,False,0.3823939732142857,1.0,3,7ac15ebd-be55-4c7a-9035-34645d0cc1fd,base,1,315457.8531441587
0.9869488862717913,0.9627880164805365,False,0.06090358668173213,0.015306122448979591,False,0.28477758290816324,1.0,3,7adb12c0-b1b2-402e-9c58-5a8873eef61d,base,1,315457.8531441587
0.983898297564179,0.9510308699638683,False,0.10954561547798375,0.03372130102040816,False,0.35056600765306123,1.0,3,7ae2ae8d-3370-4e6a-b1db-8ab3ac862ce3,base,1,315457.8531441587
0.9839745653573728,0.9541297085589218,False,0.04325153735493016,0.009566326530612245,False,0.3555883290816326,1.0,3,7b4f5dc1-3585-4cf8-83f9-39df3101feb4,base,1,315457.8531441587
0.40132704132704133,0.5053573161601597,False,0.0050758303542535795,0.0244140625,False,0.49380181760204084,1.0,3,7b7d7bf3-0684-465d-9a74-f51887685387,base,1,315457.8531441587
0.9191164613129814,0.8687693953167271,False,0.12004599044066219,0.042689732142857144,False,0.3518813775510204,0.5859010270774977,3,7bb1c647-d8d1-4640-b495-f41c4d2a34ca,base,1,315457.8531441587
0.997797880353331,0.9928444107846274,True,0.2080926727285728,0.05560427295918367,False,0.2682955994897959,0.9734767025089606,3,7bca5ce8-2b0c-4fcb-95b5-f43470092618,base,1,315457.8531441587
0.9129315503867127,0.8510036925405573,True,0.21524546474668158,0.11742665816326531,False,0.4570910395408163,0.9760692464358453,3,7c6ddc4e-9859-43a4-bb33-33e9efa42685,base,2,315457.8531441587
0.9697040913065826,0.9825815644093765,True,0.27808349768885643,0.10267857142857142,False,0.22373246173469388,0.5025232919254659,3,7c9248d5-b2bc-4359-9667-108109a2de2e,base,1,315457.8531441587
0.9964793351394963,0.9869823970161808,True,0.12279744672956819,0.027283960459183673,False,0.2903579400510204,1.0,3,7d1b94bf-9fb6-4191-bf69-09549b4a3b96,base,1,315457.8531441587
0.7415799687064428,0.7712966475301418,True,0.27316790390093787,0.09219547193877552,False,0.39584661989795916,0.9729788153912667,3,7d3f2d28-c21b-4a64-940c-c635176f35e1,base,2,315457.8531441587
0.2700722560852541,0.35742593555093555,False,0.0,0.012555803571428572,False,0.3192761479591837,0.9968253968253968,3,7d5f828f-5c6a-4898-a64f-8364339f35cd,base,1,315457.8531441587
0.8728149558904613,0.6965671151017363,True,0.3233886072398932,0.17177535076530612,False,0.3028938137755102,0.9106624898480102,3,7d80378b-b46b-4dbc-a8b5-70982536ea06,base,2,315457.8531441587
0.9741351593250375,0.9595542585063469,True,0.10640019420937423,0.03635204081632653,False,0.36581234056122447,1.0,3,7e7765a1-8baa-4c1b-abdd-34113781994d,base,1,315457.8531441587
0.9067248511532479,0.7533647820253285,False,0.05829553317050588,0.0272640306122449,False,0.35439253826530615,1.0,3,7e81f530-2762-4af9-997a-914d24e3ea6f,base,1,315457.8531441587
0.8710951373197834,0.8724927780392314,False,0.15170252936969691,0.07740752551020408,False,0.3408801020408163,0.3964984552008239,3,7f011de2-72be-480f-b9aa-4967985778f0,base,3,315457.8531441587
0.9796359364668492,0.9897514696957047,True,0.11180590576745843,0.045599489795918366,False,0.3444076849489796,0.9934440559440559,3,7f0f9abd-a95f-43d7-9d27-d15926e055d9,base,1,315457.8531441587
0.8656048272996175,0.8541314929438745,True,0.26227915413541864,0.09685905612244898,False,0.367984693877551,0.9386831275720164,3,7f9623a6-510f-4e84-8e58-12b65a5e9dfc,base,2,315457.8531441587
0.7513888432205867,0.6164477347725105,True,0.11027136153931692,0.06483179209183673,False,0.30923150510204084,0.6055948355364279,3,7fa10f67-8c38-4027-b7f6-50887f85ad43,base,2,315457.8531441587
0.7891003106813046,0.718907140625889,True,0.20836548901311297,0.10080516581632654,False,0.3415577168367347,0.9049031237643337,3,7fb3e6fd-596b-41e7-815b-b2be3f856184,base,2,315457.8531441587
0.8473805398175043,0.8491960992068078,True,0.3520475068604439,0.21986607142857142,False,0.3442482461734694,0.7292422044960116,3,810b8ef8-f65f-4f24-9798-aa13ed4fc828,base,2,315457.8531441587
0.9890257642231539,0.9850349698568139,True,0.2614390771133328,0.07318239795918367,False,0.3326889349489796,0.7475490196078431,3,815a3c1b-f88e-4853-80a0-15d0f0cddf4c,base,1,315457.8531441587
0.9763341453137132,0.9541462456143438,False,0.20368477378593336,0.06457270408163265,False,0.3605110012755102,0.8401234567901235,3,81638698-2938-4b4c-8c47-729da3b5c37b,base,1,315457.8531441587
0.23162593561186762,0.34371395617070355,False,0.0,0.11599170918367346,False,0.3274473852040816,0.7374570446735396,3,8192a218-3ed8-450a-bb3e-052e36567763,base,1,315457.8531441587
0.9339315932430626,0.876296894699682,True,0.18821819713051113,0.0594108737244898,False,0.31327726403061223,0.9168064407916806,3,81936d3e-4dda-44c0-9de4-66af23839677,base,2,315457.8531441587
0.14954635310035322,0.30593661200488825,False,0.004974549513878113,0.1649792729591837,False,0.2565768494897959,0.8608359507127326,3,819d6b1a-4e49-4fd6-8ac1-f7a9f355617e,base,2,315457.8531441587
0.3903028975546529,0.4320962222080427,False,0.0008416783803114482,0.08035714285714286,False,0.5737603635204082,0.9990079365079365,3,81b3ca12-841a-4c71-8fde-7fbcb835b6c9,base,1,315457.8531441587
0.9013954921759183,0.8963151939193753,True,0.38546712695643076,0.20292570153061223,False,0.29111527423469385,0.8276370064820271,3,81c5f05c-0a87-4db7-b2fa-6b930ac99b49,base,2,315457.8531441587
0.591946083173387,0.5800769977716491,True,0.4353864477511263,0.28085140306122447,False,0.3428531568877551,0.8300454158387738,3,81da1196-4ca8-4c29-b0cf-6c6cf6386a6f,base,2,315457.8531441587
0.17676787696836857,0.21203900830986883,False,0.011939964950307098,0.11997767857142858,False,0.33500079719387754,0.373421926910299,3,828bb06d-7e5e-487c-833e-110be1a4b7d0,base,1,315457.8531441587
0.6753199400215454,0.6548909943559341,True,0.3754655589056749,0.17131696428571427,False,0.25167410714285715,0.9063517915309446,3,82b9a505-f0ed-4bdd-a3d8-be9b13d720d7,base,2,315457.8531441587
0.22005151897276817,0.19037455899175618,False,0.06873119948032243,0.36244419642857145,False,0.3039500956632653,0.6131639722863741,3,833d97e7-d927-4ff8-b7ff-6a28f629b6a9,base,2,315457.8531441587
0.7286652669270675,0.44276709159200667,True,0.5905768388718446,0.42151626275510207,False,0.4069674744897959,0.8398581560283688,3,8359edc2-7296-4807-91f2-97b6fa47bc7b,base,2,315457.8531441587
0.9457939162132383,0.8902185511345375,True,0.10685648664240616,0.033880739795918366,False,0.343929368622449,1.0,3,8375d80e-2122-4b60-811d-0da040f6b68e,base,2,315457.8531441587
0.9435447185096829,0.7584394316317773,True,0.11994459470561401,0.05026307397959184,False,0.24230707908163265,1.0,3,83a9ae1b-36be-4a4c-a0cf-00e76a4f0463,base,2,315457.8531441587
0.8824951355120252,0.8229511979106678,True,0.6334973530178128,0.3893494897959184,False,0.3850845025510204,0.6945638820638821,3,83d25ba1-ba1c-4d32-b505-5cf0cffeff4c,base,2,315457.8531441587
0.8142658761708095,0.6336037760429207,True,0.5265164803234116,0.3442881058673469,False,0.2787388392857143,0.73794500723589,3,83f0d9e7-520b-41ee-a7c0-f93713784281,base,2,315457.8531441587
0.9819141757067421,0.9655276971910235,True,0.16593931188430353,0.041334502551020405,False,0.4180484693877551,1.0,3,84102d80-4e38-4676-8012-1e76204dcefc,base,1,315457.8531441587
0.5089993525910506,0.6477527743847568,False,0.08975389242229198,0.15357940051020408,False,0.534538424744898,0.7997664157799118,3,847f25e9-6983-4c5f-a1e6-f3629557f1a3,base,2,315457.8531441587
0.9327593564170482,0.9318483788318225,True,0.3162526067712525,0.11266342474489796,False,0.43397241709183676,0.8950999469308332,3,8502b7bb-f681-47a1-aa45-06f6b692841a,base,2,315457.8531441587
0.8534250023095324,0.7560864411565765,True,0.5925528537115525,0.35313695790816324,False,0.3875757334183674,0.8905694452282861,3,85682fd3-9d19-4b37-a663-6071cbfb82af,base,2,315457.8531441587
0.7000404618347471,0.7740765882901536,True,0.24829723965612457,0.1227279974489796,False,0.3809191645408163,0.8338746346216304,3,856db494-ff64-4ead-a9c3-b4ac4d7256b5,base,2,315457.8531441587
0.7787206539909178,0.7019972148851081,True,0.26724065566809385,0.10379464285714286,False,0.3200733418367347,0.5733486943164362,3,85ae17cb-e7dd-4d77-9bf5-8bccdae0f9a4,base,2,315457.8531441587
0.9065226440314985,0.856103866515123,True,0.2522043141321532,0.14475047831632654,False,0.324398118622449,0.829133966680435,3,8732a404-be54-4ab6-809f-b92b3dde6e63,base,2,315457.8531441587
0.9032278122636097,0.8932486205358097,True,0.4139933951707335,0.19770408163265307,False,0.39797911352040816,0.9395161290322581,3,8768a800-28e8-4ae4-83ba-2f4326b2d3ac,base,2,315457.8531441587
0.18032753326509723,0.30614129139861807,False,0.0,0.026426977040816327,False,0.36098931760204084,0.9992458521870287,3,87ddbd40-b218-4bfd-9a82-2ea252e08c1e,base,1,315457.8531441587
0.9937945648336196,0.9840337445753813,True,0.25278339013883794,0.09215561224489796,False,0.3374720982142857,0.9338235294117647,3,87e4af8b-1110-481d-86de-f315ca03936d,base,1,315457.8531441587
0.9896237726099566,0.9916780170026863,True,0.36058006644354285,0.08842873086734694,False,0.37089445153061223,0.824430921794005,3,881171f8-f1ea-4740-89f2-52fbc63fc2d2,base,1,315457.8531441587
0.9754805188926541,0.9471500639714038,True,0.2946357817381967,0.08155293367346939,False,0.3374521683673469,0.9863147605083089,3,88655da0-c331-4400-aedc-de357b57b35b,base,1,315457.8531441587
0.5363606772833301,0.947109570815707,False,0.22325733489278357,0.2183514030612245,False,0.2932676977040816,0.627692588535962,3,8893aab9-24ab-4e67-8610-826f483a7145,base,1,315457.8531441587
0.5223630767520065,0.4139537666158253,True,0.4241830229446861,0.3537547831632653,False,0.28152901785714285,0.6316056338028169,3,88c25715-03f5-474e-9cee-5ad1f7beb4ce,base,2,315457.8531441587
0.9699812198748846,0.9968742460024929,True,0.32390845398244045,0.11160714285714286,False,0.35738201530612246,0.7478571428571429,3,892ff532-34fc-4006-8af2-8d914136848d,base,1,315457.8531441587
0.326678213233363,0.43731891727812355,False,0.0025549770019998286,0.07704878826530612,False,0.4724968112244898,0.9997413347128815,3,8944679f-3dd1-4a34-95d5-322efd9c0764,base,2,315457.8531441587
0.3158926040190111,0.3571792520126363,False,0.0,0.04392538265306122,False,0.4350685586734694,1.0,3,899a3c1f-3355-4092-88a6-67848ecc137d,base,1,315457.8531441587
0.6788512307688006,0.6586519315623682,True,0.39154761585683184,0.19383769132653061,False,0.4014867665816326,0.9875591198848448,3,89b98f9a-d4e7-4234-a047-2e3874155181,base,2,315457.8531441587
0.8327733832958837,0.6606842388688541,True,0.23421170802663327,0.12545838647959184,False,0.3454639668367347,0.9378872120730739,3,89c65de0-3fdb-4eb0-bd98-3456a244bfd9,base,2,315457.8531441587
0.8355382506377846,0.6601289200915712,False,0.18253674553809923,0.10088488520408163,False,0.23417570153061223,0.8779138680363493,3,8a0d16d4-5824-4bd6-a6b9-987e2bf71f3c,base,2,315457.8531441587
0.9756200023656983,0.9753652423701334,True,0.21575523151002743,0.05432876275510204,False,0.3850047831632653,0.9882611885546588,3,8a283d3e-888f-4b6a-ae13-200b21f9e69a,base,1,315457.8531441587
0.9939943658320727,0.9809792184150151,True,0.24273619693818177,0.06277901785714286,False,0.2797751913265306,0.8892063492063492,3,8a4673b4-243c-432d-b2d6-fbc7500c2cd9,base,1,315457.8531441587
0.342145947431343,0.5154904688647096,False,0.12325041253381407,0.21223294005102042,False,0.23533163265306123,0.7220396281340971,3,8a504f1d-b42c-4328-8571-f4e0a8e0fb5a,base,2,315457.8531441587
0.9042157480494543,0.8833958007366691,True,0.39500925815245425,0.19690688775510204,False,0.38853236607142855,0.8209514170040486,3,8a5bf4fb-a18a-4dd3-b611-10ef3cc79b19,base,2,315457.8531441587
0.9143355668736292,0.8151559198381528,True,0.5143255969873358,0.2871890943877551,False,0.31236049107142855,0.8440666204024982,3,8a5cff4d-53d2-4a42-94da-e4b3f2008b1d,base,2,315457.8531441587
0.9763032800237739,0.9617111748146844,True,0.30675451314260926,0.07565369897959184,False,0.4698461415816326,1.0,3,8a61a6c6-b600-4eb4-9bec-ea32804c03b2,base,1,315457.8531441587
0.6232032692245829,0.7919505062849042,True,0.13485118880974867,0.07051179846938775,False,0.3335060586734694,0.723855285472018,3,8a7d2eff-9c77-461e-b50b-b6dac8e54ba7,base,2,315457.8531441587
0.5139879501822734,0.5822994475538628,False,0.06883369997389337,0.08067602040816327,False,0.16651387117346939,0.9120553359683794,3,8a90ffce-3f6e-4d49-8307-0351381be2ee,base,2,315457.8531441587
0.7858719856005212,0.890982927135824,False,0.08730143438884162,0.03762755102040816,False,0.35811941964285715,1.0,3,8a9eb130-2d16-4a85-9f57-c8795d068f01,base,1,315457.8531441587
0.2760691144708423,0.35283478260869566,False,0.0,0.07724808673469388,False,0.35841836734693877,0.9311145510835913,3,8ace1a2f-7c08-4bc3-88dc-50e2ea032056,base,1,315457.8531441587
0.2924853662333753,0.5530294223760688,False,0.00491137779718094,0.058673469387755105,False,0.33866788903061223,0.9942255434782609,3,8b31fa8e-9b16-4185-b7e3-2cead2a6f4ea,base,1,315457.8531441587
0.9108606063889281,0.8044222504905941,True,0.5905051736908961,0.37779017857142855,False,0.3352798150510204,0.7799641274530492,3,8bb961eb-7baa-4bcc-b92b-bce2538f7cf6,base,2,315457.8531441587
0.9113536128683505,0.9007834380121569,True,0.3048020072097918,0.1412029655612245,False,0.4573501275510204,0.9326746647847566,3,8bd092f3-8098-4b44-b0e5-72f8449df38b,base,1,315457.8531441587
0.8888385987557295,0.9365630058400506,True,0.5471957111559627,0.2993064413265306,False,0.3190170599489796,0.7541616726594753,3,8c68ceb7-2d5c-450e-bfda-052b862de063,base,2,315457.8531441587
0.9594042575492583,0.9718223531793337,True,0.4106001810906724,0.1377551020408163,False,0.33107461734693877,0.7254050925925926,3,8c984367-b094-429a-b8cf-a9aba99e8ff9,base,1,315457.8531441587
0.9077609588479154,0.8982695375399338,True,0.4267460841096631,0.16573660714285715,False,0.3450255102040816,0.7051467051467052,3,8ccd3bde-4f32-4339-a35f-74918a8ff1b4,base,1,315457.8531441587
0.6549507892334947,0.6967351566784398,True,0.4501310895573316,0.2746731505102041,False,0.39903539540816324,0.6747206501233493,3,8da6abd4-8940-4696-bc43-6f0891cb7493,base,2,315457.8531441587
0.6012693485061918,0.5390764136708065,True,0.3782984394906049,0.256656568877551,False,0.32748724489795916,0.6428016772790806,3,8e4e52f9-8212-4a0a-bafa-85cdf3859e5f,base,2,315457.8531441587
0.8232173067259061,0.9099238836982978,True,0.3634701087166156,0.2447783801020408,False,0.31839923469387754,0.7111219671063345,3,8ee69af3-04f7-4fb3-96a9-775c37234c4f,base,2,315457.8531441587
0.6077856985689806,0.7029403163316837,True,0.3041655672811775,0.1976044323979592,False,0.35592713647959184,0.8134140191628845,3,8f1e9f08-630d-4ea4-b448-1d465801d7e4,base,2,315457.8531441587
0.5029934604054093,0.5724996301955091,True,0.18247209271520243,0.14554767219387754,False,0.21833147321428573,0.5931808845679858,3,8f1ebcac-42fc-458b-9f4d-c678698c3bdc,base,2,315457.8531441587
0.8666812534842274,0.8282475427483414,True,0.43870205773881615,0.22799744897959184,False,0.37129304846938777,0.8076923076923077,3,8f202a05-d9d3-43c2-aa4b-0ab8939f0607,base,2,315457.8531441587
0.5920721611366297,0.8353812669906794,False,0.29559540763412895,0.2551817602040816,False,0.3192761479591837,0.630506091846298,3,8f88e942-6de5-4c75-96eb-edff7ded7a8d,base,1,315457.8531441587
0.6150829343040244,0.32245910389867544,False,0.2505106786835809,0.22741948341836735,False,0.36216517857142855,0.6510384716501622,3,9012a0fd-7354-4934-8a18-de81af9a153a,base,2,315457.8531441587
0.5473984185472927,0.56409592230742,False,0.16431407528142555,0.1552136479591837,False,0.26395089285714285,0.8633795582948125,3,908a9eb7-dc6d-4113-ba9a-28a50140563f,base,2,315457.8531441587
0.6254783635029496,0.6857554142705726,True,0.189011370081226,0.12392378826530612,False,0.28712930484693877,0.8311354133161788,3,909719b9-a1af-41a2-8ce3-bb99200a5cb0,base,2,315457.8531441587
0.7794987791377319,0.6850949731141099,False,0.1841868194768286,0.11059072066326531,False,0.3735251913265306,0.9958551090286538,3,90b1ce86-6956-4957-a33f-280c1354db0d,base,2,315457.8531441587
0.7602088299180148,0.7513261103305123,True,0.28648188275288067,0.1433155293367347,False,0.4790736607142857,0.6694479210123766,3,90f6ccf4-8b05-40d9-bc14-66fe5ac54b4d,base,2,315457.8531441587
0.6620829421794246,0.5203688924211257,True,0.3745914916072304,0.28744818239795916,False,0.39724170918367346,0.8755460029120156,3,9115e87c-7fc1-4d6b-9cdf-436ea13c8c33,base,2,315457.8531441587
0.9903764618705284,0.9778295867765509,True,0.23270033975932666,0.06702407525510204,False,0.38755580357142855,1.0,3,914dae25-a1f2-4a77-a368-2d5d5907ac74,base,1,315457.8531441587
0.9045664017448333,0.8354745977579477,True,0.5452531550398914,0.31929607780612246,False,0.22098214285714285,0.5939704138318457,3,91671d38-4311-4998-85d5-870181df120d,base,2,315457.8531441587
0.887397330690457,0.8758660009994041,True,0.6095879689237853,0.39235889668367346,False,0.46033960459183676,0.8595519886219333,3,91d27278-e329-4065-bc04-1e69f9ee2db0,base,2,315457.8531441587
0.5817574735086277,0.4551674772540672,True,0.5327850879928883,0.37936463647959184,False,0.34279336734693877,0.7300236406619386,3,92a0f940-652a-4a9e-aeee-26f003abda25,base,2,315457.8531441587
0.651499805262357,0.6679028583466406,True,0.6780466636516312,0.5415736607142857,False,0.45446029974489793,0.7709207330536543,3,92a2dfab-f33a-4324-953a-afe96680c541,base,2,315457.8531441587
0.583777548549239,0.6380952546550396,True,0.2702750746010129,0.17867107780612246,False,0.38791454081632654,0.7902955939765756,3,92d7540d-db17-4fa8-814a-3d719157928c,base,2,315457.8531441587
0.8173646572546966,0.8715090415425737,True,0.22608082629286044,0.0940688775510204,False,0.5415736607142857,0.9995762711864407,3,93059609-6473-4853-9413-7ecd7d3dae96,base,1,315457.8531441587
0.6836707027720414,0.6041903810674546,True,0.42736048178926667,0.23579001913265307,False,0.2733179209183674,0.8225847350181726,3,93351a14-30a7-494c-a02b-7f2d72c724c8,base,2,315457.8531441587
0.20321298443193112,0.3105154164749195,False,0.0,0.03730867346938776,False,0.4703842474489796,1.0,3,93550df9-7f67-404f-a974-516acecd5c48,base,1,315457.8531441587
0.9944078481850148,0.9830599896938753,False,0.1500959085554502,0.03659119897959184,False,0.32704878826530615,0.8616557734204793,3,93708fca-e95a-40b8-9c7f-e99c8ccf10fd,base,1,315457.8531441587
0.9587446242877999,0.9098746552757078,True,0.2837874038422488,0.12846779336734693,False,0.2917530293367347,0.9131244182438721,3,93eb36cf-5356-4be3-b740-1c4d7a842741,base,2,315457.8531441587
0.6638284891949966,0.6894016890144866,True,0.16149142292828103,0.10267857142857142,False,0.24392139668367346,0.7762034161490683,3,94ce6989-c700-4a9c-b3c6-8c5a512b6ff1,base,2,315457.8531441587
0.9517253634631125,0.8951085894227732,False,0.18414045491629838,0.0545280612244898,False,0.4647640306122449,1.0,3,9569c848-ec76-418d-b8f4-6fe8cf77d882,base,1,315457.8531441587
0.972080813334411,0.9604297668880968,True,0.11523146109706052,0.03696986607142857,False,0.33494100765306123,1.0,3,958ef5a8-9119-4b34-b009-6a3fa8abff64,base,1,315457.8531441587
0.8695655981650211,0.7602924010643815,True,0.3067213652819622,0.17753507653061223,False,0.3920798788265306,0.9928154467894028,3,960e8747-cfc9-49d5-8bb5-47513f50be0c,base,2,315457.8531441587
0.1710521104442106,0.29863740186834153,False,0.00020676612105437263,0.055963010204081634,False,0.31172273596938777,0.9953703703703703,3,963b58ae-2175-4aa5-90be-c37d44809c91,base,1,315457.8531441587
0.9890103541036118,0.9699353399865225,True,0.26848799016132036,0.07892219387755102,False,0.36122847576530615,1.0,3,967f0c4d-8ce5-4c1a-b1c3-5c8603b63c4f,base,1,315457.8531441587
0.4602291437804808,0.29477484393497433,False,0.14329893060604068,0.14540816326530612,False,0.3784080038265306,0.9333881578947368,3,9683c5bf-fd40-4716-b7a2-1927b1f13319,base,1,315457.8531441587
0.6972289327101232,0.701643556926904,True,0.3289812871712153,0.15623007015306123,False,0.5194316007653061,0.9854573287409109,3,96d2413d-d424-43ea-8d6b-f2e861c2773e,base,2,315457.8531441587
0.6298140434468806,0.8075870432744878,False,0.3161020602964547,0.2637316645408163,False,0.3185188137755102,0.8774276430136779,3,96f4aeed-716c-4db1-9f81-a186c991855e,base,2,315457.8531441587
0.7017862979502357,0.5955581626307239,False,0.1268660578340676,0.1018813775510204,False,0.5379464285714286,0.8763693270735524,3,9760925f-858b-4470-aaeb-5908bf03672a,base,1,315457.8531441587
0.9849861718154437,0.9688506808958502,True,0.2838773594249854,0.07659040178571429,False,0.31943558673469385,0.8524590163934426,3,97a91432-e516-425b-adf2-260b743f588c,base,1,315457.8531441587
0.9955111457243774,0.9929560859258318,True,0.18662934964779299,0.043845663265306124,False,0.32955994897959184,0.9340909090909091,3,97b01ec0-6e26-4e8d-a486-7a078d44b42d,base,1,315457.8531441587
0.8452436108629362,0.8376999009875238,True,0.3694943214548266,0.19712611607142858,False,0.4301658163265306,0.9260944292791427,3,97d7ab4c-257f-4cf1-b582-d37ff1e2fb4e,base,2,315457.8531441587
0.9907612432590223,0.9753560049670773,True,0.14614987581334635,0.06010841836734694,False,0.3554089604591837,0.9734748010610079,3,98325e35-8c87-418b-a7c3-81b1180e85ea,base,1,315457.8531441587
0.911610339602378,0.8240923009916697,False,0.17702842845671252,0.07254464285714286,False,0.4864875637755102,0.9851648351648352,3,98692be3-a420-4f98-bffb-4f98187059a8,base,1,315457.8531441587
0.6658365264679406,0.6811351926413172,True,0.20397000886773775,0.12691326530612246,False,0.3666294642857143,0.7027324120603015,3,988a4bbd-3a14-4b4b-b846-6729e35fcd91,base,2,315457.8531441587
0.9632871815594436,0.9400848167924902,True,0.22361200634261072,0.07700892857142858,False,0.3956273915816326,0.885351966873706,3,98d96d73-2a33-45a0-a242-dbbad2f2e579,base,1,315457.8531441587
0.9922055914358475,0.9875437161819867,True,0.18688961688688682,0.049525669642857144,False,0.393375318877551,0.903420523138833,3,98eca0bb-08a1-4063-beb0-0b35819e93b2,base,1,315457.8531441587
0.22538083248683996,0.26210377467795765,False,0.017813701557707413,0.08912627551020408,False,0.40517378826530615,0.9792039355992844,3,9937dc6d-2541-4b08-90c9-7d9e5231d6b0,base,1,315457.8531441587
0.15760404867789116,0.30036002809975415,False,1.9506072290672153e-06,0.0389030612244898,False,0.2438018176020408,0.4328893442622951,3,9960c058-8c83-46c9-b311-5dd7e927eb34,base,1,315457.8531441587
0.8292846248564004,0.6210418797322189,True,0.12081882454222043,0.06917649872448979,False,0.33069595025510207,0.972054163065399,3,99772300-b5be-44cf-b8a9-682247e5e8c7,base,1,315457.8531441587
0.8465033620081007,0.7984196461536152,False,0.11192591447911845,0.0458984375,False,0.36776546556122447,0.9496309161962657,3,99b9190e-c092-4d21-bc5f-d6c82c513c92,base,1,315457.8531441587
0.8860306703624435,0.631896542130422,True,0.5635531361945458,0.3314732142857143,False,0.25719467474489793,0.6197089947089947,3,99f99868-4c89-47f0-adbb-5a9ca675002d,base,2,315457.8531441587
0.8161047562614112,0.5805410681292316,True,0.37198274024723826,0.2306281887755102,False,0.42247289540816324,0.9221396474248186,3,9a05ffb1-0988-4f71-89a3-2eac51deb62e,base,2,315457.8531441587
0.993460517410521,0.984437730159838,True,0.2451693366489624,0.06255978954081633,False,0.3478156887755102,0.9955399808856323,3,9a8d4c24-8275-4805-ab84-9ae850c7ac32,base,1,315457.8531441587
0.6326804228333108,0.5852668302439274,True,0.3207826845284298,0.1923828125,False,0.2421875,0.8094892779446804,3,9a9cec58-b096-4661-8a89-f536aa33adcd,base,2,315457.8531441587
0.9308225732460191,0.9311886625658403,True,0.42146096706783204,0.2127311862244898,False,0.3624242665816326,0.7480794453813003,3,9b218763-f3a6-48fb-b17d-50d25cf9bdb8,base,2,315457.8531441587
0.9170025087902421,0.9186107812521499,True,0.4140747304414264,0.23594945790816327,False,0.4003308354591837,0.7695751330348847,3,9b90c3f5-5126-4ef4-b109-244c88676697,base,2,315457.8531441587
0.7891532153837156,0.7351930689134644,False,0.162119441143597,0.08490114795918367,False,0.4377989477040816,0.8701877934272301,3,9bb53dc0-28ed-47ed-bff3-9e6cc3c03d62,base,1,315457.8531441587
0.9917726791199585,0.9892223230258568,True,0.15946934911675642,0.0333625637755102,False,0.48240194515306123,1.0,3,9c025c17-e81d-4e8a-b466-01a4d1c0d553,base,1,315457.8531441587
0.7201349374419851,0.8564197577719286,True,0.25961129514571435,0.12595663265306123,False,0.4446348852040816,0.8055379746835443,3,9c28904a-278c-44ad-b4a9-7f5bc3ae58a6,base,1,315457.8531441587
0.9928977589914578,0.973061664742826,True,0.17950684847650905,0.044921875,False,0.2764269770408163,0.9840283939662822,3,9c3ec0a7-6816-46e0-b797-8412bacea535,base,1,315457.8531441587
0.36896159898288383,0.557547638384701,False,0.03896100267993958,0.10028698979591837,False,0.28649154974489793,0.46124801271860094,3,9c67f8fa-acdf-4c93-b250-cf0c053b47b6,base,1,315457.8531441587
0.45613238304101766,0.40880250701296156,True,0.36151400093863323,0.28146922831632654,False,0.31953523596938777,0.7527437513276216,3,9c6b1f79-c2e8-497a-88aa-34af955ce666,base,2,315457.8531441587
0.9562552636290171,0.9604001195718923,True,0.6604209867075598,0.4049545599489796,False,0.5298947704081632,0.7522515871844087,3,9d5031cd-338b-45b9-8bf0-2cf09f3b8e52,base,2,315457.8531441587
0.18913982065758883,0.24964711417816812,False,0.0,0.03985969387755102,False,0.26869419642857145,0.365,3,9dbb7a32-14df-40ca-871e-410111c45c05,base,1,315457.8531441587
0.3740416702699703,0.13164104478007,False,0.04993651095813646,0.08816964285714286,False,0.329280931122449,0.34132007233273054,3,9de7304a-bda3-4aa7-8002-c7b1b662745d,base,1,315457.8531441587
0.1864992424565156,0.34440834692527617,False,0.00026775292828182116,0.08344626913265306,False,0.34054129464285715,0.8270838309051827,3,9def0034-2612-4df3-9fa9-d5677dbae95e,base,1,315457.8531441587
0.5315027827505141,0.3468567080050084,False,0.047882739803175874,0.059072066326530615,False,0.34313217474489793,0.8890013495276653,3,9e250ad1-581b-402a-a7df-dece604e7764,base,1,315457.8531441587
0.22729442857466622,0.2168726695272996,False,0.06915203321577536,0.25259088010204084,False,0.27407525510204084,0.7591131450213034,3,9e61c568-6559-4634-b4af-7f1bbd8d39f0,base,2,315457.8531441587
0.8832245258582824,0.8884397072790042,True,0.3407210650182245,0.1768176020408163,False,0.2447783801020408,0.8495266005410279,3,9e6eb4fa-abd5-40a7-bd06-5ca016b16021,base,2,315457.8531441587
0.8569335302901876,0.8883375142012605,True,0.301685699567741,0.15489477040816327,False,0.37350526147959184,0.8266855378281008,3,9e7bd306-471d-4c5c-aa53-a9d24e0779bc,base,2,315457.8531441587
0.1757376421690888,0.3124747515553042,False,6.120361150344346e-06,0.05570392219387755,False,0.26656170280612246,0.3570661896243292,3,9edc8604-a965-4eb7-a5d0-61df8a9ae45d,base,1,315457.8531441587
0.808400391138852,0.480642550574325,True,0.5500853171164161,0.348812181122449,False,0.3754384566326531,0.8509313221346132,3,9ee07fd5-612d-4a33-89a6-12fa8ce9bb48,base,2,315457.8531441587
0.7892289560253779,0.8654000108977664,True,0.14584363736567243,0.06983418367346939,False,0.2866908482142857,0.863013698630137,3,9ee3b37b-f1e7-4b02-8f8f-a8af4ce3990e,base,1,315457.8531441587
0.8570505988803082,0.8907501451290558,True,0.18431629568470165,0.07384008290816327,False,0.32384008290816324,0.6866396761133603,3,9f2cf186-cae2-4b29-8312-d20cd1df7d25,base,1,315457.8531441587
0.9937384681245939,0.9939320878644236,True,0.4182371456609996,0.10881696428571429,False,0.441585618622449,0.9615384615384616,3,9fa17c26-8aae-4dd6-af8a-5750f042adf9,base,1,315457.8531441587
0.4900291950216064,0.5005443730231065,True,0.09735841763362663,0.09024234693877552,False,0.3875757334183674,0.9997791519434629,3,9fae656b-cf66-4c4b-a5ed-1962ebcafb7d,base,2,315457.8531441587
0.16496952351762031,0.2867109785950051,False,0.004370759191986437,0.0940688775510204,False,0.3071388711734694,0.8697033898305084,3,a0a7949a-d305-40f8-a8a4-3cfcb773f3df,base,1,315457.8531441587
0.9762558997134972,0.9525363089908169,False,0.1017364580362201,0.0272640306122449,False,0.3950693558673469,0.9853801169590644,3,a0a8370a-dc3f-4f70-a440-e3fa9827928a,base,1,315457.8531441587
0.9200934877997563,0.9686425156635011,True,0.29731418593182385,0.09088010204081633,False,0.2916733099489796,0.23728070175438595,3,a0c6c07c-17b8-4d76-9c54-e88deb2b5039,base,1,315457.8531441587
0.9554991533187497,0.9218935182312389,True,0.234028349007052,0.08549904336734694,False,0.32314253826530615,0.8722610722610723,3,a0f962a9-f02a-47ed-894b-392e571994e8,base,1,315457.8531441587
0.8816840006187904,0.7304554151221613,True,0.2893815786680778,0.15066964285714285,False,0.255062181122449,0.8834656084656085,3,a1538feb-5647-463b-9876-ca6e5ff00f48,base,2,315457.8531441587
0.6408504534390405,0.6742905913669173,True,0.28820789872400726,0.15880102040816327,False,0.34703842474489793,0.8416164658634538,3,a16c339d-0eb4-4010-87a0-f422a08a00bb,base,2,315457.8531441587
0.5849828359459884,0.6718895839686191,False,0.029064109601649412,0.07318239795918367,False,0.36953922193877553,0.352124183006536,3,a195a887-4e7e-44d9-b9d0-a2a72b1c243c,base,1,315457.8531441587
0.9089431448550593,0.8473499385313337,True,0.4692966817223175,0.26149952168367346,False,0.5367904974489796,0.9198993979117446,3,a1d846a0-7213-4eff-a9b2-f0adc352aa47,base,2,315457.8531441587
0.2556215528213831,0.3727463615958294,False,0.0,0.06050701530612245,False,0.3139150191326531,0.6389986824769434,3,a20667cb-b7b3-454c-8fa8-2acdd4bd0604,base,1,315457.8531441587
0.9831652226432027,0.9568257674956353,False,0.1173173670530457,0.04771205357142857,False,0.2568957270408163,0.3316624895572264,3,a20def8d-de06-427e-8416-09ae16bbaadc,base,1,315457.8531441587
0.23832692779458664,0.4146589003618392,False,0.0,0.025111607142857144,False,0.25093670280612246,1.0,3,a223ebef-86b2-49e2-b3e1-bfc1bf957b6a,base,1,315457.8531441587
0.9753294482615321,0.9566568581664994,True,0.2834814805907515,0.0797592474489796,False,0.39377391581632654,1.0,3,a2269867-3a23-4cd4-80ec-8c0f917f5986,base,1,315457.8531441587
0.7088301763768894,0.8499176822912898,True,0.3659128627777209,0.2117546237244898,False,0.4462890625,0.824564705882353,3,a23ac27d-83b3-48b7-837a-dbbe83752ce3,base,2,315457.8531441587
0.6976623288166319,0.5690854858762634,False,0.12497424395392782,0.060626594387755105,False,0.17257254464285715,0.9362261669953977,3,a23f2117-8ee1-475e-aa06-e74f6b6118d7,base,2,315457.8531441587
0.9430736989292087,0.8732050706487626,True,0.5107819700462518,0.2598453443877551,False,0.35459183673469385,0.8907807946003988,3,a281a261-8435-4861-bea0-0bca497dc5a2,base,2,315457.8531441587
0.9895613926158815,0.9791233685713563,True,0.22042051078034747,0.057138871173469385,False,0.28200733418367346,0.7872340425531915,3,a2907d58-d777-4ddc-8877-f784f14c0c27,base,1,315457.8531441587
0.9779661852310148,0.9474765388651075,True,0.21875356850924046,0.07043207908163265,False,0.3063217474489796,0.9997170345217884,3,a29d2f91-e135-4810-b896-ee443666df54,base,1,315457.8531441587
0.9835391213254497,0.9792176912729014,True,0.38369195481194884,0.12771045918367346,False,0.49575494260204084,0.9213483146067416,3,a3215a02-302a-40c7-ab0e-e1159cce77f6,base,1,315457.8531441587
0.29547357158224735,0.29347835434847264,False,0.013291300475381122,0.07366071428571429,False,0.48824139030612246,0.9959415584415584,3,a3330875-c899-4f4f-81e7-40eea365b08f,base,1,315457.8531441587
0.3511517633844437,0.4994907831272638,False,0.13486437128363757,0.20232780612244897,False,0.3502670599489796,0.7588652482269503,3,a35df48c-325d-4b85-8f4d-5b96e886634e,base,2,315457.8531441587
0.42713096083664315,0.6379167062745225,False,0.10947006060487267,0.16326530612244897,False,0.3585180165816326,0.7486572265625,3,a36d17af-dcd7-4414-a701-3ef7c462e05e,base,2,315457.8531441587
0.9963934999531125,0.989918829099572,True,0.2590037869428103,0.06098533163265306,False,0.3869778380102041,1.0,3,a37b8547-1850-4d8c-940e-cc9d74e0798f,base,1,315457.8531441587
0.43210968355787427,0.5055019663043221,False,0.1417430300807209,0.27060746173469385,False,0.40238360969387754,0.6383119752540874,3,a3ac5fe9-431c-4c10-8691-d0d26e6a0edd,base,1,315457.8531441587
0.659026663199166,0.8315064613254098,True,0.1905109482742189,0.11643016581632654,False,0.2469905931122449,0.5900376583361863,3,a3f5a3d9-78a1-4689-8b1e-15f146e14b4a,base,2,315457.8531441587
0.9128007747503705,0.9453447578304002,True,0.12589410603127937,0.052734375,False,0.34048150510204084,0.9338624338624338,3,a3ff8160-0b83-4f41-9880-201c7981a2e5,base,1,315457.8531441587
0.30074713927579955,0.4787495111791878,False,0.1722209364621381,0.2592873086734694,False,0.3581592793367347,0.8524980784012298,3,a41f6e40-d536-46d9-8d24-4948704d5972,base,2,315457.8531441587
0.577558153079441,0.6236684143956189,True,0.4865023784972844,0.45200892857142855,False,0.3825534119897959,0.7340388007054673,3,a445b3e6-a5ab-4eda-93d8-7f26d4076748,base,2,315457.8531441587
0.7667653550902624,0.5995738245806984,True,0.3610014393440317,0.21839126275510204,False,0.2572743941326531,0.6638072640992881,3,a46cc8cc-8314-443f-a7b6-c16eb68a4a3f,base,2,315457.8531441587
0.8183912528397553,0.955826817837889,True,0.2565542817178084,0.10267857142857142,False,0.3149513711734694,0.6849767080745341,3,a472a01d-2145-4d5f-bee6-588b785bf036,base,1,315457.8531441587
0.7466447838391782,0.7544963225130468,False,0.2901240299378991,0.15455596301020408,False,0.4345105229591837,0.9032882011605415,3,a47895dd-28f9-43b2-9214-a4e55fcf92e5,base,3,315457.8531441587
0.621789176233373,0.7861238464015057,False,0.06345972290651607,0.06301817602040816,False,0.339664381377551,0.5695762175838077,3,a47bcc17-20c6-4144-aca7-6032540b33e9,base,1,315457.8531441587
0.9088394300645052,0.6912385162886834,True,0.4354319506309412,0.23082748724489796,False,0.2478077168367347,0.7925228803315489,3,a48c5a65-73cd-49a1-9a23-13e56e3138db,base,2,315457.8531441587
0.8543269243601518,0.6134363659271529,True,0.5251622872692682,0.3190768494897959,False,0.263671875,0.6728294815740162,3,a4a5cd1a-bd42-42e2-89f9-b1617da60a68,base,2,315457.8531441587
0.6635796125864252,0.6647755552850378,True,0.1632960723663522,0.10825892857142858,False,0.3444076849489796,0.8772091310751104,3,a4a95682-8ee5-42a1-a957-a4e8a924da2f,base,2,315457.8531441587
0.6239660400651037,0.5447525396530591,True,0.26751113946622657,0.16198979591836735,False,0.31979432397959184,0.8721702755905512,3,a4b7d67d-7e52-4b14-9897-4fa498b25d0a,base,2,315457.8531441587
0.19433295647502905,0.31237807807282153,False,0.0027273514365063877,0.04823022959183673,False,0.3035514987244898,0.6892561983471074,3,a55c56f0-ed46-4761-80cb-5472187e70cb,base,1,315457.8531441587
0.9865904104284475,0.9838945132181446,True,0.1878917894007957,0.07760682397959184,False,0.33205117984693877,0.8762198253723678,3,a563cfdb-338f-491e-b370-10a7b2e36982,base,1,315457.8531441587
0.5175250588528095,0.5451521818918047,True,0.45358044560819605,0.41458067602040816,False,0.35762117346938777,0.7388231900778771,3,a59835f0-1e71-46fc-b68f-2a16ca414b4b,base,2,315457.8531441587
0.21992374999059566,0.3946087974838549,False,0.00034683382151495877,0.06505102040816327,False,0.25027901785714285,0.39736519607843135,3,a5ca0085-546e-4939-beee-25f87a033093,base,1,315457.8531441587
0.38155892161824667,0.6183229900182289,False,0.025117947645414137,0.08729272959183673,False,0.27377630739795916,0.4121004566210046,3,a5de312f-1c37-451a-9d60-2089e0227b97,base,1,315457.8531441587
0.31156390014934926,0.4176935440664345,False,0.0,0.06588807397959184,False,0.35997289540816324,0.9467634603750756,3,a6148502-53a7-4916-93c1-9fa49c9a953b,base,1,315457.8531441587
0.1843013385356061,0.41921179537335507,False,0.0005633096707186173,0.06505102040816327,False,0.2198062818877551,0.3783700980392157,3,a65ddf29-a6d5-430b-8096-4528c45b47b1,base,1,315457.8531441587
0.8532533261398694,0.8216328083910855,True,0.27495027543284445,0.13751594387755103,False,0.29512117346938777,0.7481159420289855,3,a662a526-362a-4c97-9407-3ac207c5ba81,base,2,315457.8531441587
0.9956449439535521,0.9832742816161394,True,0.17889785691679994,0.04591836734693878,False,0.23307955994897958,0.9978298611111112,3,a68a107d-2929-430e-bcab-d68d6de7802a,base,1,315457.8531441587
0.9946075355150423,0.9965487152801652,True,0.2779675278019966,0.07653061224489796,False,0.35899633290816324,0.7640625,3,a6a38450-9151-4178-a830-a08e0223f8a5,base,1,315457.8531441587
0.6181335251580476,0.7576367968526334,True,0.229192124363718,0.16424186862244897,False,0.27991470025510207,0.7590098289042592,3,a6a420f8-b676-49e1-9273-fd1b9f9fdfc9,base,1,315457.8531441587
0.9001633406037867,0.721556786440442,True,0.554164353740834,0.34159757653061223,False,0.30000398596938777,0.7782380396732789,3,a6c364d2-b2d6-4b0b-a439-40b992ff65c7,base,2,315457.8531441587
0.9904637303938285,0.9907156071055101,True,0.26949311948494165,0.07724808673469388,False,0.3138950892857143,0.9625902992776058,3,a7714d9a-c359-4edd-94a4-c6943c437021,base,1,315457.8531441587
0.6132318071892913,0.44079319514715287,True,0.47577523872759336,0.3750797193877551,False,0.3457629145408163,0.7549415515409139,3,a797f1b9-aa61-4ee3-91f2-e8a823d42b1a,base,2,315457.8531441587
0.8568567684270069,0.7448866116977712,True,0.3449288366607278,0.14303651147959184,False,0.30147879464285715,0.9368817054479588,3,a7c69985-832e-4c35-810c-6578955cec97,base,2,315457.8531441587
0.2526498158082629,0.40181758976799387,False,0.002400916925089001,0.08609693877551021,False,0.38261320153061223,0.9787037037037037,3,a83f3266-8fe1-4d4f-86a9-94ee9b7e8c4a,base,1,315457.8531441587
0.9185558205581161,0.7804204469834328,True,0.247229294618741,0.1270328443877551,False,0.27780213647959184,0.9061813617822404,3,a8caec22-eaf7-4acf-bbb8-fa3cdf4f69d5,base,2,315457.8531441587
0.23940222155248092,0.194292337474291,False,0.008367843661628857,0.06654575892857142,False,0.40605070153061223,0.6235399820305481,3,a8d39eb7-7495-410b-8c23-0723b5245dae,base,1,315457.8531441587
0.8878573745320537,0.9786011766137946,True,0.24964161053752087,0.09845344387755102,False,0.29928651147959184,0.8362348178137652,3,a940da0e-5033-4069-9318-0f675dfcfc16,base,1,315457.8531441587
0.932857278719041,0.840274575998257,True,0.27824144840519377,0.15138711734693877,False,0.3975805165816326,0.9745918904686677,3,a94b358c-1e82-484b-a36b-462bd297f9d6,base,2,315457.8531441587
0.9546779813446253,0.9361886373544097,True,0.3384920128947505,0.095703125,False,0.7359494579081632,1.0,3,a9883ad6-826d-4257-bd75-504e2cc7b497,base,1,315457.8531441587
0.4426255913134062,0.1550715255032111,False,0.11255895895341536,0.1556122448979592,False,0.3431919642857143,0.8652663934426229,3,a9a0308c-67af-4872-89f6-e9ecb5390ada,base,1,315457.8531441587
0.6108759708214881,0.6219539762095248,True,0.26964358136990013,0.1380939094387755,False,0.35263871173469385,0.9220666762880646,3,a9c3b3d8-0e8a-4b5f-b05d-d66f5f8fe2ad,base,2,315457.8531441587
0.9863544526162621,0.9637942283174933,True,0.2634942065224339,0.08498086734693877,False,0.3233219068877551,0.9514540337711069,3,aa19d527-3efa-4e82-bc1c-74c450386423,base,1,315457.8531441587
0.9932252904849895,0.995441992339231,True,0.2462590285117022,0.08131377551020408,False,0.27535076530612246,0.8477941176470588,3,aa1ab66a-081e-4c5f-a6b8-791a5182466e,base,1,315457.8531441587
0.9586417523603629,0.930252178019452,True,0.3039553206087333,0.11607142857142858,False,0.41191007653061223,0.9989697802197802,3,aa2b8e03-8968-4d9d-a783-e64d9bca1d15,base,1,315457.8531441587
0.8638855081099431,0.6712297840627246,True,0.5366871739872741,0.34183673469387754,False,0.41214923469387754,0.8843866604477612,3,aa9ee7e3-71ef-48e3-9eac-46955dca641b,base,2,315457.8531441587
0.24326059050064186,0.37036332509035574,False,0.0,0.006377551020408163,False,0.32069116709183676,1.0,3,aac0f44c-3942-460a-8d75-ece0ac88ab0f,base,1,315457.8531441587
0.5344574250204729,0.43724418813757043,True,0.4547813491219237,0.3497688137755102,False,0.41523836096938777,0.885014245014245,3,aac5e3c9-f621-4193-8818-ca6ca3ba8320,base,2,315457.8531441587
0.3103440292633236,0.3951909332244231,False,0.0,0.13915019132653061,False,0.3100486288265306,0.8254081924949871,3,ab173751-9a1a-491c-9cb0-404922df4a1d,base,2,315457.8531441587
0.9833594637459415,0.9512345356475786,True,0.34022581615070874,0.11509486607142858,False,0.26698022959183676,0.9374891774891775,3,ab212af5-998c-44bd-8581-b608b6545855,base,1,315457.8531441587
0.994821979867016,0.9758024626411322,True,0.250405168091965,0.08133370535714286,False,0.15945870535714285,0.8221024258760108,3,ab6f5973-db3c-4c21-8981-189792ea16ee,base,1,315457.8531441587
0.5451170198771281,0.5803006976270304,False,0.03606621144608401,0.027981505102040817,False,0.43508848852040816,1.0,3,ab940f3f-3e24-4923-9907-17b3507157be,base,2,315457.8531441587
0.21706683971447113,0.2766869640859948,False,0.0,0.01721938775510204,False,0.3379703443877551,1.0,3,aba529f7-0175-4d1c-b3df-601c95cec965,base,1,315457.8531441587
0.617497499223185,0.4130413548355542,True,0.18070030311268834,0.14734135841836735,False,0.2139269770408163,0.8417421885567429,3,abc5356a-b8b2-4a0b-9dab-14c54efb4f29,base,2,315457.8531441587
0.4938847449706558,0.48867428784431427,True,0.3503971589074209,0.3163464604591837,False,0.39706234056122447,0.8757638757638757,3,abda22a1-7761-4590-a1a8-132e093c54f2,base,2,315457.8531441587
0.738858713039233,0.7135154673444813,True,0.21064832093270466,0.1252391581632653,False,0.34729751275510207,0.8282940802036919,3,abe4dcac-25e1-40f1-9deb-0a18079fff6c,base,2,315457.8531441587
0.9273591632227791,0.9741721795394187,True,0.5491165256676119,0.23515226403061223,False,0.28946109693877553,0.6057292990931434,3,ac1c77f9-db17-4bb4-886f-718a265eaa4d,base,1,315457.8531441587
0.3278395375690926,0.3886458567949922,False,0.009091559432684493,0.06285873724489796,False,0.36069036989795916,0.9980976537729866,3,ac3e813f-0c91-461e-83eb-e3bdac5bb756,base,2,315457.8531441587
0.7162922515979996,0.7545436882292109,False,0.18076959829544387,0.08035714285714286,False,0.5477718431122449,1.0,3,ac69e22d-1383-4d35-841b-c2da8b402469,base,1,315457.8531441587
0.5076089260293194,0.33366717832290477,False,0.09511487764934773,0.07214604591836735,False,0.24515704719387754,0.6941988950276243,3,ac7a86f8-447e-4062-9ed3-2361a6ea7fdc,base,2,315457.8531441587
0.5474011139368181,0.4754360299470415,True,0.24346797791520502,0.14498963647959184,False,0.21689652423469388,0.6640549828178695,3,acc73b01-9373-405f-8684-64e29541d69e,base,2,315457.8531441587
0.11272385313598822,0.19565937707090789,False,0.0,0.025111607142857144,False,0.2657047193877551,1.0,3,acee926a-5141-461f-b0c7-edbbf8bf51c8,base,1,315457.8531441587
0.7654187940827617,0.5870056533212924,True,0.31921108436814377,0.18191964285714285,False,0.24611367984693877,0.9680105170902716,3,acfec3cb-9511-4f09-977c-87b061bd50dd,base,2,315457.8531441587
0.4097213148390299,0.4723087998201478,False,0.0850122238261163,0.10720264668367346,False,0.5071747448979592,0.8583379810373676,3,ad07e798-4dea-419f-94c3-f6ae51875465,base,2,315457.8531441587
0.8196320309274248,0.8680044300174533,True,0.3930487991912386,0.269710618622449,False,0.4645448022959184,0.8860563068055863,3,ad217b8d-1a8a-4347-871c-812febbde1e4,base,2,315457.8531441587
0.2552879921900423,0.42272341628959276,False,0.0,0.020089285714285716,False,0.30197704081632654,1.0,3,ad233e1a-853b-4ad8-951f-a756c3cf2d53,base,1,315457.8531441587
0.44798076666574876,0.5838557996820062,False,0.047469629543443935,0.0546875,False,0.27792171556122447,0.9872448979591837,3,ad49beb0-b610-4b07-adf1-60b4a6413159,base,2,315457.8531441587
0.564251954102133,0.6490437714391225,False,0.09692399910886051,0.09101961096938775,False,0.38637994260204084,0.9842347273921611,3,ad4d16e5-a851-4327-b9fe-5977da445669,base,2,315457.8531441587
0.4184036685115734,,False,0.024179391482337127,0.08912627551020408,False,0.2541653380102041,0.0,3,ad50d85f-8915-4dc4-b048-74de08e2059b,base,1,315457.8531441587
0.6180196710638758,0.6003025665585664,False,0.20773913979037156,0.12093431122448979,False,0.28691007653061223,0.9421555702043507,3,ad731170-1388-4ee3-89f9-786322217fc3,base,2,315457.8531441587
0.6789365631368617,0.7173973709747872,True,0.3498907852700699,0.18893494897959184,False,0.2979711415816326,0.7891350210970464,3,ad87f2f3-94d1-459a-83de-fe597d9f5d13,base,2,315457.8531441587
0.713067077830815,0.6815288712583542,True,0.23225658899064736,0.15290178571428573,False,0.26662149234693877,0.8703076120959332,3,ad8fbdf0-b0df-4e0d-8fae-0ba105c81cc1,base,3,315457.8531441587
0.2917413242714448,0.3222584344257348,False,0.0,0.032306281887755105,False,0.36252391581632654,1.0,3,add35dae-274e-4e32-acd7-babdcb3e390f,base,2,315457.8531441587
0.8193936874632237,0.6509566337247481,True,0.3556798358795361,0.2245296556122449,False,0.3062220982142857,0.8679211787679745,3,adde381e-2a52-410c-9e75-3481e0fc8f18,base,2,315457.8531441587
0.21174712361298775,0.3541010543612214,False,0.0,0.026506696428571428,False,0.3175422512755102,0.9977443609022556,3,ade6a8d3-7d45-4e17-9784-5a04e6f16b76,base,1,315457.8531441587
0.8306264932777554,0.7455628610291729,True,0.44277539103842345,0.27670599489795916,False,0.3682836415816326,0.8331892826274849,3,adf7dc8f-19dc-4543-8aea-982cfa21629b,base,2,315457.8531441587
0.33880284110446146,0.38965814206147026,True,0.2848658488720776,0.30434869260204084,False,0.42809311224489793,0.8645144391329972,3,ae03e3f2-a0e7-4c1e-a2b4-1d9463a86d2e,base,2,315457.8531441587
0.9315163782141841,0.8542662945020947,True,0.40186529666437376,0.19599011479591838,False,0.39945392219387754,0.9835265405735204,3,ae06ef31-ae55-4e3c-9460-ae5c3733bedb,base,2,315457.8531441587
0.6874386792775068,0.7761986752070912,True,0.36993012018620913,0.2471301020408163,False,0.3295400191326531,0.7554838709677419,3,ae3ec9ec-d945-49c3-8172-d815347858d1,base,2,315457.8531441587
0.8749899078565715,0.7344572620063045,True,0.47981524272315224,0.28176817602040816,False,0.3883529974489796,0.9477295232706182,3,ae3f4d88-7880-40a1-aa43-4481dbc330ea,base,2,315457.8531441587
0.2788451566468984,0.4457806335050218,False,0.00014950684103409416,0.025111607142857144,False,0.3737244897959184,1.0,3,ae909ea7-5fde-4d40-8295-337f5fe62d29,base,1,315457.8531441587
0.5388762292163147,0.6004747401205356,False,0.01207774174082594,0.029894770408163265,False,0.35837850765306123,1.0,3,aef66833-841d-40c8-84f8-acfc81c2f9b8,base,1,315457.8531441587
0.20560210284212255,0.37199024687595245,False,0.0,0.029496173469387755,False,0.3564453125,1.0,3,aef87dc2-a097-4683-9fb1-d1af6838a16a,base,1,315457.8531441587
0.9960189398733893,0.9917822911834195,True,0.2792279938500031,0.060267857142857144,False,0.49123086734693877,1.0,3,af0894a8-0a8b-4327-add9-a3bdcb425b76,base,1,315457.8531441587
0.7614944323315905,0.9178279166291784,False,0.030224419027410968,0.01544563137755102,False,0.28292410714285715,0.9380645161290323,3,af0cb664-287b-47b7-b7f6-55518a510ebf,base,1,315457.8531441587
0.6056491172306391,0.5441264028867803,True,0.3663598044872648,0.2726203762755102,False,0.3781688456632653,0.8712625191899993,3,af126ce1-a5d6-43bb-b5d1-5fef9bcbeda2,base,2,315457.8531441587
0.6902251246976596,0.7139516934958198,True,0.49717132700847155,0.3383290816326531,False,0.35560825892857145,0.8216894439208294,3,af33db14-7cd0-4a94-90a3-6d912c1b2d1f,base,2,315457.8531441587
0.6403686825148702,0.6263789890041981,True,0.34293649439158586,0.16513871173469388,False,0.3000438456632653,0.9581221337195269,3,af45702a-fad7-4664-8094-df145d2e7622,base,2,315457.8531441587
0.6122096508862073,0.6155337381159189,True,0.4643207441349712,0.2920519770408163,False,0.34450733418367346,0.8253719121059097,3,af75eb61-1bdf-4562-8ac6-c1ea4f344073,base,2,315457.8531441587
0.9528410607649797,0.9612566876396754,False,0.13430385546726725,0.028280452806122448,False,0.4613560267857143,1.0,3,af83a7a6-dfe2-4419-a4fa-a0090858f8bd,base,1,315457.8531441587
0.2888216617528291,0.3999864233665057,False,0.0036646004567955836,0.08968431122448979,False,0.3068997130102041,0.9906666666666667,3,afe29620-410d-4491-999e-470040899f0e,base,1,315457.8531441587
0.45740594396696005,0.4886848290095265,True,0.27063464217918376,0.23955676020408162,False,0.28535554846938777,0.7692179700499168,3,afff57ee-fdb2-408a-a01e-7814931892e0,base,2,315457.8531441587
0.8784049920717084,0.8384807342585141,True,0.5559193034424782,0.3402822066326531,False,0.3606704400510204,0.7902659013705049,3,b006df68-f367-4949-b94b-9351a99cb343,base,2,315457.8531441587
0.5121681821724323,0.5742610834712729,True,0.08539754831106447,0.07075095663265306,False,0.28298389668367346,0.8090140845070423,3,b0502b9f-b85c-4cac-9e8f-325ed59315e0,base,2,315457.8531441587
0.9916769753579135,0.9635122824000086,False,0.04863994812699794,0.015904017857142856,False,0.23943718112244897,1.0,3,b086dfcf-4704-41a5-bdf7-22139c5d0711,base,1,315457.8531441587
0.5150858625907627,0.6326176937069202,False,0.20323025136765582,0.1892936862244898,False,0.309390943877551,0.6226574015582228,3,b090dd7d-b4d9-4ebe-b36d-95f83510e955,base,2,315457.8531441587
0.49990668488460416,0.5338422355154767,True,0.2828830636217573,0.24507732780612246,False,0.321109693877551,0.8798080832723428,3,b0c0a6a2-cbd3-4aae-b488-e871db0b78b7,base,2,315457.8531441587
0.5534610790734407,0.5496239168287328,True,0.3153287053119787,0.20735012755102042,False,0.2891422193877551,0.8526528258362168,3,b0e2b584-8e6f-4849-88ad-778a07abc055,base,2,315457.8531441587
0.24258421317244847,0.4053687069145603,False,0.0,0.04862882653061224,False,0.2238719706632653,0.6799180327868852,3,b1129974-9d1d-4329-bb38-9979786102ca,base,2,315457.8531441587
0.4691958097023021,0.6278926122778625,True,0.18924948704276906,0.13073979591836735,False,0.3463608099489796,0.7391768292682926,3,b1185bf9-79d4-4497-ac44-cd2581128f5b,base,2,315457.8531441587
0.10487550889377567,0.16447571744991368,False,0.0004368171738184551,0.024713010204081634,False,0.35879703443877553,1.0,3,b11a86fc-8db1-4a1e-90f5-8c07ab29cd99,base,1,315457.8531441587
0.3663796654581239,0.46056280557605317,False,0.044372784485165066,0.15563217474489796,False,0.46193399234693877,0.9551799206044308,3,b1243623-70de-4b30-884c-775a3edd978e,base,2,315457.8531441587
0.7992746511588671,0.7265055709073744,False,0.1576220911990319,0.10118383290816327,False,0.3075374681122449,0.805199921213315,3,b1323e3e-2460-4db7-a98e-f810c0004836,base,2,315457.8531441587
0.7221014024879665,0.7735442383435233,True,0.5062852615436255,0.33494100765306123,False,0.3973812181122449,0.7807330715220755,3,b16bcbb6-570b-450b-a9e5-b1e3663205bb,base,2,315457.8531441587
0.23542170483378677,0.3554448948267068,False,3.1891764227427994e-05,0.05540497448979592,False,0.24467873086734693,0.8517985611510791,3,b181eb13-a6b0-4576-afcd-0e23c90723ba,base,2,315457.8531441587
0.306946248271817,0.4015459160129211,False,0.0,0.04858896683673469,False,0.44961734693877553,0.36505332239540605,3,b18e4375-e20d-42e9-a545-a62294135c07,base,1,315457.8531441587
0.6471642148122255,0.6627354930962618,True,0.36694962546682486,0.19949776785714285,False,0.7329799107142857,0.9997002997002997,3,b18f7658-00da-4668-bfe8-9a3d2b2d2c33,base,2,315457.8531441587
0.23929538318607466,0.3519086961170517,False,0.032435182001431966,0.08669483418367346,False,0.31816007653061223,0.9804597701149426,3,b19a9422-a790-4a43-b59f-65a3bf0f16be,base,3,315457.8531441587
0.9525007072007602,0.9213958380137472,False,0.06512116485061813,0.022600446428571428,False,0.49948182397959184,1.0,3,b1a8c34d-b577-45d2-8f8e-9190e2cefb4a,base,1,315457.8531441587
0.466369768315775,0.5178237537149448,False,0.18660033448411828,0.19826211734693877,False,0.295101243622449,0.9166666666666666,3,b1a975a0-4a69-4c65-b761-44a506b86be6,base,2,315457.8531441587
0.16047745358090185,0.37347560975609756,False,0.0,0.06831951530612244,False,0.290836256377551,0.7167444574095683,3,b1b9f018-bc87-4f21-af0e-d56a58eb27fb,base,2,315457.8531441587
0.8800453277245217,0.9671055585987988,False,0.18079511143181637,0.07563376913265306,False,0.39652423469387754,0.7565217391304347,3,b1cd1f20-1ea8-4520-8875-97fa8c83dd9f,base,1,315457.8531441587
0.3280381222488585,0.33972652465390046,False,0.0773780725642944,0.14903539540816327,False,0.4358657525510204,1.0,3,b217cb57-c3f5-4fab-a81f-48425916ba54,base,2,315457.8531441587
0.733139807709196,0.7050472422655714,True,0.3958416319551269,0.28952088647959184,False,0.3043885522959184,0.843945756178151,3,b24d51ce-7415-4784-9748-7a239428ae3b,base,2,315457.8531441587
0.13555709497241303,0.12312242537855084,False,0.00043980335498473985,0.056560905612244895,False,0.3868781887755102,1.0,3,b255cf25-6d4d-438d-af57-95f8e8f3654d,base,1,315457.8531441587
0.2466182777961069,0.39314225257285756,False,0.0,0.033482142857142856,False,0.23975605867346939,0.9720238095238095,3,b273a85e-eacc-4bee-b534-5ee42cf1300f,base,1,315457.8531441587
0.5658576617056631,0.6087844361334372,True,0.08187184068125604,0.05488679846938776,False,0.3361965880102041,0.9825708061002179,3,b2b28a22-97fa-48e6-995f-1fe04f72497a,base,2,315457.8531441587
0.9453768392401136,0.6894132750066165,False,0.14107068380998322,0.04994419642857143,False,0.16717155612244897,0.9680766161213089,3,b2d5a048-01c8-4140-9f32-822db6e813c5,base,2,315457.8531441587
0.23472996521811823,0.3611848832843047,False,0.0003807496669981693,0.08340640943877552,False,0.38755580357142855,0.9777777777777777,3,b2dab5c5-79bb-44c1-9051-7189d2a9aab9,base,1,315457.8531441587
0.6889922591138501,0.47482849597334637,True,0.37873146516428224,0.25288982780612246,False,0.43955277423469385,0.9270234060997714,3,b30acc47-d394-4a42-aeaf-17527f15dd62,base,2,315457.8531441587
0.9059446214977501,0.8163840032214704,True,0.32605329695810015,0.1753826530612245,False,0.29984454719387754,0.8902272727272728,3,b32508d0-975d-4b74-8233-174fef34684c,base,2,315457.8531441587
0.1176106903910476,0.37144866556665723,False,0.0061178082839480835,0.035813934948979595,False,0.10881696428571429,0.9721758486366165,3,b35d57ee-f22b-4c8c-b959-3ee8eecef555,base,2,315457.8531441587
0.9958776071396382,0.9877101395371762,True,0.14369560719472493,0.035076530612244895,False,0.31825972576530615,0.9846590909090909,3,b364396e-eb60-471b-9065-1eac897e5d69,base,1,315457.8531441587
0.22464789187591092,0.4680102212422772,False,0.03666793816330874,0.111328125,False,0.2915736607142857,0.9665234514858575,3,b3db4730-7c2d-4b91-b09b-2346fef7dc58,base,2,315457.8531441587
0.30495337166541375,0.42137751786874594,False,0.0,0.019072863520408163,False,0.35646524234693877,1.0,3,b3dd5571-cf7a-4538-bb22-12ab1d62cc90,base,1,315457.8531441587
0.1979890210043822,0.34751569370574936,False,0.003168097634061714,0.24376195790816327,False,0.34287308673469385,0.9121903360313957,3,b3e2ba43-87f4-4137-b21b-b9d6e853e9c2,base,2,315457.8531441587
0.26873509602117013,0.4298162043652635,False,0.05318409103124724,0.15232382015306123,False,0.3109853316326531,0.8567316498757033,3,b406e391-9f28-4f26-a71f-285d5e3f488c,base,2,315457.8531441587
0.29922289825290166,0.5394554004343542,False,0.03162115320545286,0.11790497448979592,False,0.3207908163265306,0.8319810682893847,3,b4158c24-1186-4d75-8b45-6c0c378a8ac5,base,2,315457.8531441587
0.9695911748820356,0.9909526221166247,True,0.3774331084873011,0.14995216836734693,False,0.3354591836734694,0.7776448697501329,3,b435cc3a-cc81-4361-ac91-235b4150265e,base,1,315457.8531441587
0.9884946948705093,0.975994278440974,True,0.29863173154684264,0.083984375,False,0.3164859693877551,0.9719981015662079,3,b45197ea-5abe-4fb2-8cd9-40ab9771fac0,base,1,315457.8531441587
0.7458611918442907,0.715173320254124,True,0.30043187777786745,0.14887595663265307,False,0.32541454081632654,0.9560910307898259,3,b45e1b50-d497-4b91-9b79-5050fd0e6800,base,2,315457.8531441587
0.3947108171241603,0.4391639809716323,False,0.08796453821076472,0.12541852678571427,False,0.3766541772959184,1.0,3,b4686a9f-c3a6-4cba-9400-b35ba566b74e,base,2,315457.8531441587
0.7000310709952319,0.6493086166652453,True,0.32944676439390397,0.1973453443877551,False,0.3485132334183674,0.8060997778226621,3,b481fe48-80c2-4a74-9c1a-ad907dd1f7b6,base,2,315457.8531441587
0.6396496814782712,0.5914661226237524,True,0.2616645164494186,0.18474968112244897,False,0.2345344387755102,0.8941747572815534,3,b4a86f67-272e-4204-9dab-749ec2ec627f,base,2,315457.8531441587
0.9888266384966972,0.975147043999352,True,0.35545168656735004,0.11876195790816327,False,0.3706552933673469,0.9803658331934888,3,b52244ed-5e8f-4ab6-a2b0-9bed4ab0ff2a,base,1,315457.8531441587
0.315617466926334,0.48686834872229495,False,0.11606729294386035,0.23449457908163265,False,0.3592155612244898,0.789308176100629,3,b539db75-809d-4c0c-8b9f-b0e934ed740e,base,2,315457.8531441587
0.28475019029035986,0.4226762296266024,False,0.09842211367116786,0.22090242346938777,False,0.33183195153061223,0.9183507758931794,3,b541091c-8437-407d-be64-2440a01b33e8,base,2,315457.8531441587
0.8812255988665031,0.8572448836525404,True,0.17274531352477565,0.09115911989795919,False,0.39194036989795916,0.885002186270223,3,b54f130a-94fc-49ae-a6b2-5e1c870720a7,base,2,315457.8531441587
0.24366703140161447,0.3016713633271791,False,0.0,0.034658003826530615,False,0.2382015306122449,0.9551466359976998,3,b59a6d82-6686-4691-917e-8c98b6752b01,base,1,315457.8531441587
0.6720328414435532,0.7708339463477801,True,0.5154968159311437,0.3874362244897959,False,0.3549705038265306,0.7409465020576131,3,b5df5721-d026-4638-8b8d-67260798f6a7,base,2,315457.8531441587
0.2865612648221344,0.43917124136709756,False,0.0,0.03188775510204082,False,0.2566764987244898,0.990625,3,b60cbe83-66f7-44c1-b5c6-a407e3e2f930,base,1,315457.8531441587
0.948620299158483,0.9827224139667488,True,0.46708741125932224,0.18461017219387754,False,0.2146045918367347,0.5518730432905107,3,b617818a-6a54-4dbd-997f-26723bb46634,base,1,315457.8531441587
0.4130666027262904,0.5562675428142069,False,0.14662978098907822,0.1484375,False,0.46707589285714285,0.9926154672395274,3,b61e3955-0a8d-4678-9746-b7202fd6d777,base,2,315457.8531441587
0.36615271057163945,0.47924698021074275,False,0.0,0.027981505102040817,False,0.33816964285714285,1.0,3,b623e856-e328-4396-a01c-4d6210c2dd53,base,1,315457.8531441587
0.280129454987583,0.40603913761383065,False,0.0006193471213733546,0.06297831632653061,False,0.22287547831632654,0.9120253164556962,3,b625110c-330c-47f9-aa5a-31adaad56151,base,1,315457.8531441587
0.43275664435972727,0.5603760531738509,False,0.14704421276748247,0.19363839285714285,False,0.25306919642857145,0.8646562371346233,3,b64e0ee1-82db-47fa-a91a-f1e187f84696,base,2,315457.8531441587
0.6886992576365788,0.7601538668350617,False,0.1961427702870312,0.16179049744897958,False,0.2963169642857143,0.8154717910815472,3,b64e24e7-8428-446a-8b07-918715b55b7b,base,2,315457.8531441587
0.7248869833813203,0.694472595630563,True,0.454588311636032,0.2617785395408163,False,0.38173628826530615,0.877198325085649,3,b64f53f6-a558-4d6c-99d7-50287d3b3773,base,2,315457.8531441587
0.7953348888234248,0.7066311553654141,True,0.3932821630675298,0.24338329081632654,False,0.4374402104591837,0.9194235178512938,3,b67345a4-9c06-46c0-b0a0-303cee1cc19c,base,2,315457.8531441587
0.3521054227133442,0.44265339551576993,False,0.06766556546478743,0.23297991071428573,False,0.3022361288265306,0.9159110350727118,3,b680c111-22a5-4ad1-94b7-34e866815e79,base,2,315457.8531441587
0.8251922851454987,0.6907904047234756,True,0.42671651474604555,0.25912786989795916,False,0.3185985331632653,0.8615597600369174,3,b6862fc0-31f9-4091-b8b1-256192168a0f,base,2,315457.8531441587
0.4672954563486627,0.6322169116637065,False,0.0628339996156993,0.07832429846938775,False,0.3330676020408163,1.0,3,b6b209c2-1090-4d22-89bc-a9e65d500dc9,base,2,315457.8531441587
0.6769960913473118,0.6662528415006974,True,0.2906153712128831,0.16545758928571427,False,0.3789660395408163,0.8847265719103831,3,b724406f-51b8-4134-a9eb-2185696cbbfb,base,2,315457.8531441587
0.29806567467262585,0.2957220932044002,False,0.00768344405179416,0.05570392219387755,False,0.38681839923469385,0.9953488372093023,3,b73735b9-8b15-4def-9131-891baa6f64a9,base,1,315457.8531441587
0.9443139940839764,0.8197343773556254,True,0.3298875450212774,0.1522640306122449,False,0.3315529336734694,0.9739528795811518,3,b73ed36a-96ce-4124-b9cd-a74d883e9bfd,base,2,315457.8531441587
0.4326789005856625,0.3966093870514042,True,0.26257759516205376,0.2540656887755102,False,0.3696189413265306,0.9295575776592406,3,b7a29be3-3972-4b09-8b41-04e6bc2d96d8,base,2,315457.8531441587
0.19032704022119498,0.3129907486589443,False,0.0,0.07736766581632654,False,0.314273756377551,0.7485832045337455,3,b7d0cb5e-5594-41f1-9426-c7aa2cfd945c,base,2,315457.8531441587
0.5725233228723191,0.5504398358964945,True,0.2081210320746269,0.1292450573979592,False,0.3116031568877551,0.9241326137239784,3,b7e58e65-9a85-47e0-a45c-6b943e01f726,base,2,315457.8531441587
0.5303026937596884,0.5609818625073988,False,0.1936543956798246,0.1532605229591837,False,0.362125318877551,0.9902470741222367,3,b7f61871-5e78-4b27-bcc8-7c452c4c746a,base,2,315457.8531441587
0.6760436370825446,0.5875867452934767,True,0.4107073849700453,0.24388153698979592,False,0.30056202168367346,0.9306202500612896,3,b804f8cc-64b3-4a06-8929-7f12138fc625,base,2,315457.8531441587
0.8630147781433468,0.9652252119697031,False,0.1287345592115014,0.058294802295918366,False,0.4040377869897959,0.9996581196581197,3,b815bf0c-9150-4a9f-acd5-d278a35e505d,base,1,315457.8531441587
0.8885108931176929,0.8427409832846012,True,0.610389440514569,0.38193558673469385,False,0.4095982142857143,0.8376643706950532,3,b82d06aa-4036-4ad0-acf1-99b127f2ce17,base,2,315457.8531441587
0.7996706472743782,0.569855193879497,True,0.31601187688249815,0.18056441326530612,False,0.28079161352040816,0.9324503311258279,3,b852bc3c-0de5-4448-aff8-f96b2cc13d51,base,2,315457.8531441587
0.5096311800188863,0.6319284439384153,False,0.16982835773640395,0.15001195790816327,False,0.4555763711734694,0.8591736415570612,3,b864ec3f-158d-42f2-a8e3-2f093c9b2345,base,2,315457.8531441587
0.28811048676479467,0.21032094993572106,False,0.07154977588807827,0.1904894770408163,False,0.4462093431122449,0.9315756434400502,3,b8962707-6434-48dd-bd1c-5ba0164a3a22,base,1,315457.8531441587
0.8920979863444202,0.9386381616515105,True,0.19913226610725893,0.05943080357142857,False,0.3938137755102041,0.8058350100603622,3,b8a8a107-1797-4437-b71a-ed1f980fa4a6,base,2,315457.8531441587
0.26550095672352725,0.3970860110925257,False,0.0,0.020926339285714284,False,0.24703045280612246,0.9866666666666667,3,b8d5cabd-d5b5-4ac4-b1d1-f0f80be47619,base,1,315457.8531441587
0.386143402275064,0.6353976331099105,False,0.0074130015547844855,0.029974489795918366,False,0.30068160076530615,1.0,3,b93bc9fc-3863-4ac7-a097-c8977df98d4b,base,1,315457.8531441587
0.621749126646289,0.6473405346373008,True,0.2409151047185211,0.10512994260204081,False,0.35965401785714285,0.9967772511848341,3,b952a239-6b35-4d06-981b-4361d4bb8a9f,base,2,315457.8531441587
0.3072964480441793,0.36704951975316574,False,0.0021055834776530892,0.0891860650510204,False,0.5206273915816326,0.9727374301675977,3,b96a158e-00ce-4b22-8431-05a30448d7f5,base,2,315457.8531441587
0.7016388865207983,0.8445282264849403,False,0.17945296107644262,0.09123883928571429,False,0.31618702168367346,0.8073394495412844,3,b97dadd7-8a4f-4bdf-898e-c59489b8add0,base,2,315457.8531441587
0.9970692078117032,0.9898313398507986,True,0.19171722487078727,0.044921875,False,0.3140146683673469,1.0,3,b97e765e-a0c1-4f91-b62f-07df0bae33a7,base,1,315457.8531441587
0.9897105479951703,0.9639370615744349,False,0.09405109527450603,0.024872448979591837,False,0.2805723852040816,1.0,3,b98df72f-9bd3-4523-940a-b4075f1ff311,base,1,315457.8531441587
0.5768268857082915,0.5280106595300168,False,0.13819889112157818,0.0693359375,False,0.30994897959183676,0.8841621155504455,3,b9cd9ce8-2450-44bc-8e83-9cab6b7b35ef,base,1,315457.8531441587
0.7834289822474797,0.6859642270838185,True,0.2439846046787197,0.14540816326530612,False,0.2766063456632653,0.8301809210526315,3,ba07f107-5f57-4c63-8d82-e19b30e3e72d,base,2,315457.8531441587
0.7026982161488023,0.8105878525528678,True,0.3265813883089608,0.18317522321428573,False,0.38608099489795916,0.9277554129039277,3,ba16fe59-6c9f-42ed-8138-ae8dc68c99e9,base,2,315457.8531441587
0.9883749260291096,0.9712568073337895,True,0.2793385825878331,0.07772640306122448,False,0.3891701211734694,1.0,3,ba66a843-4afd-473a-82a6-7cc80bb74757,base,1,315457.8531441587
0.3578348147855456,0.3010656227305405,False,0.05221614713523186,0.08805006377551021,False,0.4119499362244898,0.7754640108646447,3,ba6ce5ed-7b5d-4104-9050-967df0dbd928,base,2,315457.8531441587
0.7830367725286292,0.8233880820565791,True,0.29729229025371257,0.15646922831632654,False,0.2842594068877551,0.8141638007897083,3,ba8d3130-4063-4339-bbfa-474259060f5b,base,2,315457.8531441587
0.8558046229598782,0.6989082721458849,False,0.33012064053235673,0.20348373724489796,False,0.257633131377551,0.8845249755142017,3,ba9148d0-12d5-4333-9b5f-bb32c687ed66,base,2,315457.8531441587
0.42871804696069826,0.734310561209275,False,0.012366255773942078,0.05313297193877551,False,0.29982461734693877,0.677794448612153,3,bad052e9-4ac1-4412-87cb-5cb92b55027b,base,1,315457.8531441587
0.3163904976643768,0.3257801783585613,False,0.002513737562773753,0.06588807397959184,False,0.43020567602040816,0.9936479128856625,3,bad209bb-8814-4a94-9e27-4370052e3b85,base,1,315457.8531441587
0.5586094762069516,0.5776100565722602,True,0.4379979491179231,0.31967474489795916,False,0.41611527423469385,0.8632793017456359,3,baf86877-7802-4dff-8870-cf2f38bc082a,base,2,315457.8531441587
0.9969212432887204,0.990047257940433,True,0.16938331832378123,0.03766741071428571,False,0.3063217474489796,1.0,3,bb0e4a7c-5f47-4c43-892c-2ab317601edf,base,1,315457.8531441587
0.9291024206349516,0.840918820319204,True,0.22000504072426502,0.10985331632653061,False,0.34281329719387754,1.0,3,bb1648ed-992f-482f-b3a7-0a21237c8972,base,2,315457.8531441587
0.9626764983401169,0.97291496121614,True,0.41639739260836695,0.13962850765306123,False,0.3024752869897959,0.7819012275192692,3,bb37b213-279c-4162-b3fe-db014c01ed83,base,1,315457.8531441587
0.8877677421345069,0.6987879154167416,True,0.44695480092559847,0.25906808035714285,False,0.3485530931122449,0.9300715439649204,3,bb509940-e147-4ff1-806b-a82890182d5b,base,2,315457.8531441587
0.7639300107101907,0.6433954980539307,True,0.40916033731600715,0.24412069515306123,False,0.2355110012755102,0.7944321985468201,3,bb6164ee-9b30-4b94-85ca-5f9d94b2ce4a,base,2,315457.8531441587
0.9515700234658215,0.8206057674066404,True,0.4726911914013287,0.24469866071428573,False,0.22638313137755103,0.8015149047076071,3,bb7dca62-6180-4e52-81b6-8a9e09a4bfae,base,2,315457.8531441587
0.7514733276536592,0.8111397179777796,False,0.25967151232997887,0.2019889987244898,False,0.31734295280612246,0.8375925012333498,3,bbdd8674-c782-4ac8-a20d-4baef4afa895,base,2,315457.8531441587
0.9874484483963438,0.9756682760417471,True,0.3544025721545583,0.0745376275510204,False,0.474609375,1.0,3,bbdf6d54-a58a-40f7-b7fa-8f3eaf22e414,base,1,315457.8531441587
0.28580822346074386,0.47355040087799066,False,0.0032241545465957274,0.03513632015306122,False,0.32710857780612246,0.7441860465116279,3,bbecaf72-370b-4667-a4bf-088091cfae00,base,1,315457.8531441587
0.16319944085844673,0.30283534502391257,False,0.0,0.03049266581632653,False,0.20551658163265307,1.0,3,bc2a8121-cccd-47d8-8289-2dbfacf6b94f,base,1,315457.8531441587
0.6449807354980789,0.6463768447309857,True,0.1585446341511093,0.10429288903061225,False,0.3063815369897959,0.9541372061914771,3,bc45556d-61f2-43c6-b886-21bdc59542e7,base,2,315457.8531441587
0.8329434129675652,0.6313234056812509,True,0.48023250611323043,0.31361607142857145,False,0.39981265943877553,0.9232333502796136,3,bc54c1d6-8a51-4bae-adaf-d2b7ec7c4323,base,2,315457.8531441587
0.9916256744494722,0.9797629059222859,True,0.19869398691063617,0.048828125,False,0.4422233737244898,1.0,3,bc6dd946-0b3f-445f-8d78-3cc39a0b14ae,base,1,315457.8531441587
0.5610205758640835,0.5796674002656491,True,0.5337564815351588,0.42647879464285715,False,0.4536033163265306,0.7613907191924856,3,bca62fcd-acd1-4ffb-8e1e-fabd4f7c400f,base,2,315457.8531441587
0.20342521148003234,0.27845847732746887,False,0.0,0.08822943239795919,False,0.26291454081632654,0.8229049017393268,3,bca65bc9-adf1-402b-96b8-cfe195b7969d,base,2,315457.8531441587
0.36125794381812176,0.599278866383133,False,0.022420147324369793,0.027981505102040817,False,0.14512914540816327,0.8717948717948718,3,bca6d69c-5695-4660-bcc2-2e5f4e479135,base,1,315457.8531441587
0.9287186010923651,0.809559232395463,True,0.41139992933232455,0.21560108418367346,False,0.2928093112244898,0.889351081530782,3,bcc24ec7-8a99-4dcf-ba71-ac73659e2ac1,base,2,315457.8531441587
0.9589184272362701,0.9776849637169964,True,0.4272162507085561,0.13251355229591838,False,0.3936742665816326,0.9302150699353287,3,bce0b118-a130-47a3-bfa6-d5b68ac6b8e2,base,1,315457.8531441587
0.24914205180156856,0.3439515447408266,False,4.880949507147886e-06,0.14044563137755103,False,0.2752710459183674,0.7533702284660139,3,bce23f47-7e90-48be-ab13-be220200fba0,base,2,315457.8531441587
0.658272400236349,0.7068434023146924,True,0.25942829865035244,0.19730548469387754,False,0.28649154974489793,0.8348484848484848,3,bcee03c8-2ff9-4b01-a6d6-a4ee99565d81,base,2,315457.8531441587
0.9895233851607128,0.9629717653215456,True,0.1972439342421895,0.05102040816326531,False,0.24019451530612246,0.984765625,3,bd20a471-4892-4763-ae4a-936878eefede,base,1,315457.8531441587
0.925352712867662,0.7593322313286086,True,0.2163161132569515,0.09153778698979592,False,0.25388632015306123,0.9405617243631613,3,bd449993-b9a0-4cad-8cbf-780ad345c3f9,base,2,315457.8531441587
0.20313145879938396,0.35134937129557936,False,0.0020564753738807613,0.06337691326530612,False,0.47861527423469385,1.0,3,bd56f37d-5561-40f9-bd09-1363786eab67,base,1,315457.8531441587
0.5580593391337814,0.6349048492092165,False,0.03241446291560722,0.07539461096938775,False,0.4443957270408163,1.0,3,bd6d6284-0c13-454a-a41f-c84ee6c1dde4,base,2,315457.8531441587
0.6816093931180567,0.4940326792730195,True,0.3851371114970529,0.24661192602040816,False,0.28689014668367346,0.8621302731533861,3,bd7be642-660a-4c53-9125-303be8fb9659,base,2,315457.8531441587
0.145747088453963,0.17962037072932865,False,0.00024254211353061448,0.14040577168367346,False,0.3411391900510204,0.9572746628814762,3,bda1d8b6-2a74-41c3-8cef-3ff7864e4613,base,2,315457.8531441587
0.7558282721308492,0.5680314873469164,True,0.18882934145163346,0.09614158163265306,False,0.2593470982142857,0.8341625207296849,3,bda64685-d0c5-4f57-920b-4fa3eaa9bc6b,base,2,315457.8531441587
0.24767777977425146,0.289803032625141,False,0.015084778160673506,0.03256536989795918,False,0.2634127869897959,0.9957160342717258,3,bda78d8f-77ca-4806-a095-e0df852f821f,base,1,315457.8531441587
0.533997230313525,0.5303486818669274,False,0.11956844474298434,0.09626116071428571,False,0.33882732780612246,0.8687370600414078,3,bdb79995-00a2-4b13-bfc7-6f06f8639498,base,2,315457.8531441587
0.3397605352176228,0.4105515848037388,False,0.025307728665000417,0.11009247448979592,False,0.34084024234693877,0.7264663287472846,3,bdb97b05-a8f7-4cdc-852f-f5398582eeb8,base,2,315457.8531441587
0.5273030256357847,0.4362235821136164,False,0.23609953680715803,0.20830676020408162,False,0.3790258290816326,0.9904324531190203,3,bdbba1b5-1a3f-4ee4-9044-565baba3f976,base,2,315457.8531441587
0.10524039904655548,0.14682963334124383,False,0.0005095238392703213,0.10048628826530612,False,0.3289819834183674,0.7397857992859976,3,bdbf26d1-2706-49bf-9554-84a881440880,base,2,315457.8531441587
0.6394869286164391,0.6910479187229501,True,0.21798172545347544,0.14317602040816327,False,0.30221619897959184,0.9685412026726058,3,bdd44f36-4634-44d1-b90f-3cbc8dc639f1,base,2,315457.8531441587
0.40043208269250397,0.4677383290540573,False,0.07498113114647025,0.10152264030612244,False,0.3151108099489796,0.9232430310168827,3,bdfd8e85-cf42-4353-add4-2cb713d87bd5,base,2,315457.8531441587
0.2617915169697643,0.415084964026763,False,0.05633266503187484,0.19084821428571427,False,0.24842554209183673,0.8872180451127819,3,be108ff0-e920-4b6e-901d-ce8a800f6191,base,2,315457.8531441587
0.9207418706517019,0.8943710536935798,True,0.36667736101205706,0.1792889030612245,False,0.2936463647959184,0.8328145842596709,3,be2edd9b-3f12-4399-bec5-9371c8920a29,base,2,315457.8531441587
0.9178747454378713,0.7806770301001251,True,0.29963996359186174,0.1505500637755102,False,0.3264110331632653,0.9809372517871326,3,be35c13b-705d-4466-ae3f-ed690080ac9d,base,2,315457.8531441587
0.5574252645266106,0.5537060873790115,True,0.16732952938250661,0.08523995535714286,False,0.3799426020408163,0.9796586392331074,3,be653a8a-5978-48b3-9101-91e35a15e6d2,base,2,315457.8531441587
0.4618909251205023,0.44407049597661746,False,0.07656929984261164,0.08266900510204081,False,0.3294005102040816,0.6593539054966249,3,be9d0ed7-00ce-44b5-a83c-8a9796be8ea6,base,2,315457.8531441587
0.22508309266091314,0.3729518159179961,False,0.0021420710545986014,0.08822943239795919,False,0.3234813456632653,0.7284843008809577,3,becefa4b-f719-48c6-a903-85e391e026a4,base,2,315457.8531441587
0.22131106961831337,0.4214954626965178,False,0.0008999799186068625,0.05755739795918367,False,0.2650868941326531,0.5955678670360111,3,bee78c8a-8a21-49b3-b1d5-93c93ccf300c,base,2,315457.8531441587
0.5602011141383466,0.6137942080951803,True,0.14214038452098085,0.10855787627551021,False,0.352718431122449,0.9172021296126308,3,beea0aeb-4a7b-47c3-928a-e45f40bcfa53,base,2,315457.8531441587
0.510313330989675,0.4415291764921623,False,0.07081707192356802,0.06778140943877552,False,0.23034917091836735,0.9532490443987063,3,bef1fdfe-b4a3-4170-88de-d57338d602ac,base,2,315457.8531441587
0.19792076849168347,0.2772494617446047,False,6.369730077579343e-05,0.05102040816326531,False,0.40353954081632654,0.999609375,3,bf0e824a-1729-46a2-b1cb-13eedd6fe3d1,base,1,315457.8531441587
0.5350482959853581,0.49512567362937204,True,0.3197821442617749,0.2844387755102041,False,0.4092992665816326,0.9483604260089686,3,bf10ff6e-fc24-4cfc-9b5f-7a156608dc1a,base,2,315457.8531441587
0.4095725563097507,0.35267216307260024,False,0.19875759582684474,0.2957788584183674,False,0.4271763392857143,0.893201266761,3,bf3d7cc5-cde5-494f-ab8f-e33660767f18,base,2,315457.8531441587
0.3146636830327761,0.3283037603073868,False,0.0,0.09155771683673469,False,0.5522361288265306,0.9895515890291685,3,bf506a9c-19c7-4dd8-acb4-b8d6569091d8,base,2,315457.8531441587
0.9920208920787469,0.9902416106906528,True,0.20990509738361937,0.05181760204081633,False,0.41579639668367346,0.9834615384615385,3,bf70e20e-09a8-484a-83a2-2cc2d9bd9a4b,base,1,315457.8531441587
0.9927560625328722,0.9868880737997249,True,0.1712735145673968,0.03443877551020408,False,0.4753467793367347,0.9612268518518519,3,bfa2adda-f302-4447-8c47-85eea0839526,base,1,315457.8531441587
0.8951852932862793,0.8193227015439261,True,0.5021846477859755,0.29591836734693877,False,0.30008370535714285,0.8278556034482759,3,bfd795ae-7656-40fc-b44e-566515e52ed2,base,2,315457.8531441587
0.47580011634949765,0.4652786041254274,True,0.13513351213374933,0.11075015943877552,False,0.36585220025510207,1.0,3,bfefcd13-122d-4c6f-8f4f-5c53417165db,base,2,315457.8531441587
0.43669602583211337,0.47483292977045805,False,0.1879327385255734,0.20268654336734693,False,0.42550223214285715,0.9708947885939037,3,bffeb7c8-e4e5-4d12-a45e-d4c3fc5b5867,base,2,315457.8531441587
0.6350526119258791,0.6648997441200358,True,0.1845386695803933,0.1031967474489796,False,0.2596859056122449,0.6796060254924682,3,c0018701-b726-4c75-b5fb-686be2d8b00d,base,2,315457.8531441587
0.9973995248112556,0.99488792531691,True,0.2915701885805406,0.1016422193877551,False,0.3322704081632653,0.9350980392156862,3,c02e993c-7642-4d8a-aace-988c416ec09a,base,1,315457.8531441587
0.9192844500787771,0.9712042302022323,False,0.10785094818905004,0.04705436862244898,False,0.2970344387755102,0.8005082592121983,3,c0608b6d-a375-4cda-8133-b5ec73217435,base,2,315457.8531441587
0.2574548701768388,0.480958279300515,False,0.007084088719740882,0.07587292729591837,False,0.19288105867346939,0.7415287628053585,3,c12aafdd-4d21-4cd3-a2ae-007bce2e2fc0,base,1,315457.8531441587
0.8531021448278768,0.7758478387646967,True,0.23318807893441962,0.10646524234693877,False,0.30604272959183676,0.9466491950580307,3,c14d9ceb-019f-45f6-9299-281b58de57df,base,2,315457.8531441587
0.2083348789999757,0.31908059302605785,False,0.00012617359264745245,0.03946109693877551,False,0.26072225765306123,0.8651515151515151,3,c20862cf-d556-41a3-9acd-2c254144b396,base,1,315457.8531441587
0.37893491722051365,0.696018750036713,False,0.007696245521664353,0.034279336734693876,False,0.2998844068877551,0.37093023255813956,3,c21d6e3f-a2c5-409b-88f0-8b4c82398d3a,base,1,315457.8531441587
0.8940107808951842,0.826545898647009,True,0.31934423215871305,0.10827885841836735,False,0.2968152104591837,0.9902448002944966,3,c21d91c2-1444-4398-a5f7-4044d8e7f75c,base,2,315457.8531441587
0.24803660937151206,0.38700613815163826,False,0.0,0.017916932397959183,False,0.2484454719387755,1.0,3,c21ec0de-755f-433f-be49-e6ccdc94a735,base,1,315457.8531441587
0.8458207875823799,0.9548169546380765,False,0.05252240480124304,0.02311862244897959,False,0.32485650510204084,0.9905172413793103,3,c21ee14a-8962-4406-b685-7888806a0a01,base,1,315457.8531441587
0.6074848261220481,0.62433985737876,True,0.27108200112805264,0.13213488520408162,False,0.36092952806122447,0.8966817496229261,3,c21fd129-8438-42d2-9a6c-1284fecb4338,base,2,315457.8531441587
0.5326797478171339,0.5284070145391933,True,0.2898759655017077,0.2300701530612245,False,0.30662069515306123,0.8575883575883576,3,c236d6e2-1fca-40c5-a0fe-a91ff60883c9,base,2,315457.8531441587
0.6168462620065371,0.6609674309586875,True,0.20514784511988376,0.12183115433673469,False,0.2866709183673469,0.6932766235890725,3,c252072c-c7c9-40a8-819b-5c7952d10bf2,base,3,315457.8531441587
0.9822013644548319,0.9758109400735426,True,0.4639024877266658,0.12364477040816327,False,0.33872767857142855,0.8417150225660864,3,c2565641-00af-46a3-8328-4d9c8f319446,base,1,315457.8531441587
0.7861521031033808,0.7668466165645432,True,0.45182478555946665,0.20591517857142858,False,0.45565609056122447,0.9876113046844754,3,c2657014-120e-456e-97e5-1adcdb908b73,base,2,315457.8531441587
0.17825943629470908,0.36186413650135546,False,0.0,0.03268494897959184,False,0.27744339923469385,0.8408536585365853,3,c28f7725-70a7-4b55-953a-44d28ecdd4fb,base,1,315457.8531441587
0.4568749079716932,0.49785364781736346,True,0.3024521764461423,0.2688137755102041,False,0.5117785395408163,0.9727906287069988,3,c2abea3d-e666-4be3-a0d9-352e980c13c8,base,2,315457.8531441587
0.7716215548987855,0.8608299356890334,False,0.07849206342857727,0.04771205357142857,False,0.4169921875,0.9022556390977443,3,c2cd822c-a98e-451d-8600-e52f50d65c28,base,1,315457.8531441587
0.6859689496699424,0.6372348455078244,True,0.423217642220885,0.27487244897959184,False,0.38636001275510207,0.8728248259860789,3,c2ed72cd-0390-46c3-ac73-601b1a875d5d,base,2,315457.8531441587
0.7127744959055874,0.5715772230756017,True,0.28084496602079884,0.1485172193877551,False,0.1825573979591837,0.5983628556092324,3,c2f9dac8-75f2-44ec-b89a-04a0f8492a6a,base,2,315457.8531441587
0.8816712172135126,0.8730034100897908,True,0.22421361151876992,0.08252949617346939,False,0.36983816964285715,0.9512195121951219,3,c361c9ca-75e4-438b-a021-3c3d4af33a83,base,1,315457.8531441587
0.47835485731952676,0.4558655133660017,True,0.2170301637516465,0.20896444515306123,False,0.28848453443877553,0.9190271816881259,3,c38ac8c2-2de1-4e9c-8c38-1b09d89dec5e,base,2,315457.8531441587
0.8466872349426606,0.6638189176543319,True,0.2869067808583684,0.11658960459183673,False,0.15919961734693877,0.8617094017094017,3,c39c065c-40fb-4920-9f9a-36ccbb212c0d,base,2,315457.8531441587
0.40646323447107113,0.5822345439173153,False,0.1271101612439726,0.17494419642857142,False,0.37364477040816324,0.8860788334472545,3,c3a56044-440d-4163-a813-3c3f6fd5b68b,base,2,315457.8531441587
0.9410013293601938,0.903791365973122,True,0.42777184919239547,0.2609813456632653,False,0.2946029974489796,0.8038182512409316,3,c3d5552f-483e-4ae0-a40c-0ca9ea34bc00,base,2,315457.8531441587
0.2647106880986908,0.41611936859085147,False,0.0,0.024214764030612245,False,0.37009725765306123,0.9975308641975309,3,c3e28b77-4477-4e36-89a7-ec0713349d4b,base,1,315457.8531441587
0.8789213937506881,0.8230772262562999,True,0.5011139238630826,0.27208227040816324,False,0.3618861607142857,0.763184881336068,3,c48ee568-69ac-49f0-92c4-36129b1414b1,base,2,315457.8531441587
0.11876210221740285,0.08913292140596939,False,0.0004899993953336667,0.017538265306122448,False,0.18702168367346939,1.0,3,c4beaa39-4902-43c5-a7e0-179e6e8bbe28,base,1,315457.8531441587
0.9418039755323289,0.8370926699025795,True,0.30464360317366607,0.11868223852040816,False,0.3515625,0.9931150293870696,3,c4e96c53-34f7-4607-bab4-45e982079b2b,base,2,315457.8531441587
0.2858559153998678,0.40969295605057193,False,0.0,0.035076530612244895,False,0.4322983099489796,0.9994318181818181,3,c510db11-bc09-47e0-b144-a70a96b8d7bc,base,1,315457.8531441587
0.8155982239990331,0.5654974427816081,False,0.2682557954843845,0.16727120535714285,False,0.3430923150510204,0.9568688192541404,3,c5c30350-993f-4a9a-9d1a-c7f8ddca0537,base,2,315457.8531441587
0.8276812039370711,0.785002617938566,True,0.37653471983676073,0.2125518176020408,False,0.3657326211734694,0.8496952648851384,3,c5d0608a-f8b0-4ac6-8dd7-56763aefd75e,base,2,315457.8531441587
0.9722707210256383,0.9969819424636804,True,0.28289779467218623,0.09086017219387756,False,0.20274633290816327,0.699934196095635,3,c5e9b1c8-4a98-4ea6-b918-b1621ecf0ddd,base,1,315457.8531441587
0.9929098312560336,0.9806579605903102,True,0.14750960983377048,0.044921875,False,0.38285235969387754,1.0,3,c60a0502-26cb-40a1-8343-43625a3c4e3f,base,1,315457.8531441587
0.4951164922552449,0.9335721675558324,False,0.012308430230146918,0.016741071428571428,False,0.29944595025510207,0.780952380952381,3,c69a011e-1c12-4866-96f3-8a692ff2763f,base,1,315457.8531441587
0.9930136992774683,0.9771869613997981,True,0.23223223239901727,0.06277901785714286,False,0.309390943877551,0.9926984126984127,3,c7e641a6-a80b-4314-961d-d63e4a54d5bc,base,1,315457.8531441587
0.9736412206634906,0.9001592425496633,True,0.14115788318172914,0.03850446428571429,False,0.21037946428571427,0.8623188405797102,3,c8aa0068-f21c-442c-9487-afbea7b126a3,base,1,315457.8531441587
0.9349668568489761,0.661224477350048,True,0.35529340599766424,0.15915975765306123,False,0.15431680484693877,0.7778612572001001,3,c98faad9-6dd2-45fe-87af-63bbb94eeb77,base,2,315457.8531441587
0.7346697923144166,0.7289497505865807,True,0.36073542699994554,0.26004464285714285,False,0.31008848852040816,0.8818209687308399,3,c9bfd9f3-6044-48cf-a1ed-382adb2ee4e4,base,2,315457.8531441587
0.9843945583732141,0.9808866757859375,False,0.17782884986863323,0.04376594387755102,False,0.28356186224489793,0.8911657559198543,3,c9ed35c2-1563-47e5-9411-b34f2e9f36ca,base,1,315457.8531441587
0.7863594222853322,0.5909794194055786,True,0.24155673077787965,0.1251594387755102,False,0.21691645408163265,0.8171974522292994,3,ca390006-726d-4c9c-975b-616f135d0aee,base,2,315457.8531441587
0.9487556723252352,0.8989879851770167,True,0.2635683325642531,0.08978396045918367,False,0.35744180484693877,0.951165371809101,3,ca4b1bf3-ff54-41ca-ae22-6cb515114030,base,1,315457.8531441587
0.9441769845913208,0.9648111653158997,True,0.5091898464997241,0.1946747448979592,False,0.37422273596938777,0.842035217035217,3,caa5f43e-2050-41a6-b0d5-2775d1fa6cb2,base,1,315457.8531441587
0.8970457390527594,0.8432447897280363,True,0.5454962105935351,0.2959582270408163,False,0.3430125956632653,0.7795286195286195,3,cab22af6-a77e-4c81-91c0-b41fe7d6e1ec,base,2,315457.8531441587
0.7824852897587219,0.6448968000672569,True,0.434402094046983,0.2852160395408163,False,0.4098971619897959,0.8759695339249528,3,cb510a17-89c1-4fad-9a47-89952abd7aae,base,2,315457.8531441587
0.8386986622419402,0.7130459215129437,True,0.35256970500188456,0.16814811862244897,False,0.38998724489795916,0.9721464975702264,3,cb815f3a-5014-4bbe-9e34-828149ba9f6e,base,2,315457.8531441587
0.9473111198495577,0.7864091281923502,True,0.37976633060288717,0.17805325255102042,False,0.21219308035714285,0.6686814416834564,3,cb82576d-18f0-4116-83a4-97098a6d42ee,base,2,315457.8531441587
0.9011039069447362,0.863926425587,True,0.522966085868217,0.32148836096938777,False,0.3669483418367347,0.8362159816502387,3,ccee655e-89d0-4ff8-b16e-33b214b08daf,base,2,315457.8531441587
0.34547055244213004,0.5023212338666304,False,0.1327133659373586,0.20609454719387754,False,0.33884725765306123,0.788028237114399,3,cd064f36-a22d-4614-a4c5-96c2d36bbe7c,base,2,315457.8531441587
0.9248929975186175,0.9751784660667929,True,0.3522325810146323,0.12755102040816327,False,0.40262276785714285,0.785,3,cd3ae8e4-09a2-4da8-a028-8b54b0b8591a,base,1,315457.8531441587
0.8590861562105012,0.7780181467939644,True,0.32418838673517436,0.17869100765306123,False,0.44186463647959184,0.9987731429846085,3,cd544eaa-5084-4bd3-81d1-8d02da582260,base,2,315457.8531441587
0.7598378884835822,0.6372064888451741,True,0.36728654939669786,0.19200414540816327,False,0.29892777423469385,0.8594560930039443,3,cd9d2d22-4395-4e4d-8837-cfb33c2bdaab,base,2,315457.8531441587
0.6933634342458543,0.6805290745954772,True,0.2584947514625106,0.13225446428571427,False,0.397640306122449,0.9142555756479807,3,ceb903e7-cdbd-4e62-aca0-00c255736807,base,2,315457.8531441587
0.7862308187698567,0.6629402259968935,True,0.41047203854719083,0.25197305484693877,False,0.3961654974489796,0.9307917424661868,3,cf1fc4a2-aa47-4662-9118-9da725a17e84,base,2,315457.8531441587
0.9755835202859668,0.8969753853037273,True,0.11733100042867009,0.038584183673469385,False,0.16278698979591838,0.9860537190082644,3,d00de1f7-b96a-4d00-8e22-bc0a6ac67d44,base,1,315457.8531441587
0.7181909901495376,0.6508372453976831,True,0.41670191934305706,0.23142538265306123,False,0.2548230229591837,0.8290561488115742,3,d03f855d-a0b8-45b9-afdb-8844186c11eb,base,2,315457.8531441587
0.7991696740197914,0.536295547949832,True,0.3695246161600177,0.19138632015306123,False,0.27200255102040816,0.9189836509424139,3,d0d7dab6-1938-4859-beca-987458d20699,base,2,315457.8531441587
0.8752578305621485,0.6606883710026381,True,0.3534145347562886,0.20774872448979592,False,0.22317442602040816,0.8420951650038373,3,d0eddd98-9377-475a-94d8-6c9663fa8396,base,2,315457.8531441587
0.981279280626463,0.9858335712848878,False,0.21969406653892068,0.06686463647959184,False,0.30428890306122447,0.911177347242921,3,d17c8ec3-cff1-4976-b83f-ba808e6a1428,base,1,315457.8531441587
0.546814683213284,0.5809640005133726,True,0.24606556839511337,0.19682716836734693,False,0.36752630739795916,0.9229445119481572,3,d18074c3-5ac2-46d4-91e4-f13f9284115f,base,2,315457.8531441587
0.9724535717533881,0.9327462424827918,True,0.48073363072480396,0.22150031887755103,False,0.3831114477040816,0.9347669605902466,3,d187294d-3dff-4de1-9bef-90a4f4c76cef,base,2,315457.8531441587
0.9961815724000694,0.9980424399416972,True,0.3866218126967323,0.10471141581632654,False,0.2731784119897959,0.6273315569090216,3,d20338e0-8ae9-4a30-9a0e-8225aae32073,base,1,315457.8531441587
0.9950870024963183,0.9873579642606932,True,0.1516239500133743,0.03459821428571429,False,0.2523716517857143,0.8980414746543779,3,d20eab1c-69ed-486e-826c-7c0b15dd61b3,base,1,315457.8531441587
0.8776077489545117,0.6025615390343748,False,0.12166049296693733,0.06341677295918367,False,0.2557995854591837,0.8117536140791954,3,d21e78db-5c06-4927-b177-54c4b33144ca,base,1,315457.8531441587
0.799216905398875,0.6797331437578149,True,0.3735348826604657,0.2132892219387755,False,0.26010443239795916,0.8476920201831434,3,d230bf50-e18f-4b8a-bc79-678edb4e1261,base,2,315457.8531441587
0.23448402364913007,0.343353591848772,False,0.031947454007688336,0.10255899234693877,False,0.36635044642857145,0.8231636222308589,3,d27e22bc-ba0f-434f-a4f5-cdd9a24e598f,base,1,315457.8531441587
0.9941912847015042,0.9920475388450538,True,0.29024032786128134,0.07397959183673469,False,0.3474968112244898,0.8933189655172413,3,d2bc881e-3183-4c82-9852-26ee582b5764,base,1,315457.8531441587
0.44013104250229984,0.5669795486099743,False,0.21261208000458948,0.24260602678571427,False,0.2733577806122449,0.7281688983816643,3,d2e16b46-2400-4ff1-bdec-3ed42e49155b,base,2,315457.8531441587
0.2681810915676024,0.35421523536121735,False,0.039734371464751415,0.208984375,False,0.25119579081632654,0.9085447263017357,3,d471c394-f44a-47a4-9e41-6a651b8916cc,base,2,315457.8531441587
0.1929019890402584,0.18385398952611987,False,0.03835777814194928,0.24147002551020408,False,0.2572743941326531,0.7060085836909872,3,d4a41252-bd49-47db-ae15-e6e489271b82,base,2,315457.8531441587
0.9960862200163599,0.9807626402134209,True,0.10018061194838004,0.0243343431122449,False,0.20432079081632654,1.0,3,d4b3478b-d430-4c89-95b5-1c1c27c8eb71,base,1,315457.8531441587
0.964733964372736,0.8019652515802557,True,0.245040384374883,0.1071029974489796,False,0.16312579719387754,0.9242649795310756,3,d57802e4-da7a-4a7b-b5ca-c662ab5b1411,base,2,315457.8531441587
0.40461425701164505,0.37162114559380277,False,0.011620944989615795,0.027901785714285716,False,0.24296476403061223,0.22714285714285715,3,d58012a2-a845-472d-8f49-336a3cc977c1,base,1,315457.8531441587
0.9958136437215567,0.9875565893983673,True,0.16597050654413883,0.062001753826530615,False,0.3752989477040816,1.0,3,d585321b-d6a9-4a7a-ac36-c95234f61cd2,base,1,315457.8531441587
0.4745656576580593,0.8177645203000492,False,0.0028114909913255492,0.0146484375,False,0.294921875,1.0,3,d58a922b-97c8-4ee8-ad84-1c4c6c883c86,base,1,315457.8531441587
0.3840631798748083,0.31301672848091483,False,0.005106879645792459,0.012914540816326531,False,0.27084661989795916,1.0,3,d59c097e-726a-415f-961b-803b10aa43ed,base,1,315457.8531441587
0.25096080279804356,0.4480438866120219,False,2.4365421822528975e-05,0.027503188775510203,False,0.2220184948979592,1.0,3,d5cbd64c-322b-4460-ad0e-c9a23e781f3e,base,1,315457.8531441587
0.7566781048139224,0.8716135562458553,False,0.010908305031870754,0.006277901785714286,False,0.3325693558673469,1.0,3,d5d46405-ff85-46fa-9c3b-2c21ad366f76,base,1,315457.8531441587
0.8164969754624356,0.6754067167260058,True,0.15864421397820452,0.06582828443877552,False,0.28615274234693877,1.0,3,d60b0cba-c1bd-4741-86ef-c24760605b03,base,2,315457.8531441587
0.9866174990972416,0.9682023177956085,True,0.08761311780354349,0.022321428571428572,False,0.4318000637755102,1.0,3,d640b82b-9fa6-49ad-9139-d1a0f1f8c7e8,base,1,315457.8531441587
0.8509904008280346,0.7498047410292309,False,0.11151173120005864,0.052256058673469385,False,0.39194036989795916,1.0,3,d6e82de1-190e-45d8-8a10-8d920b054661,base,1,315457.8531441587
0.9380187752479645,0.8537512772745305,False,0.09603178339447443,0.025809151785714284,False,0.32579320790816324,0.8679536679536679,3,d727db91-5f22-424f-8f18-3f8c7de40869,base,1,315457.8531441587
0.9353742399657912,0.9429945620223398,True,0.09563458872728012,0.027901785714285716,False,0.32816485969387754,1.0,3,d82f792f-6240-4dbe-9a1a-6e3f60129828,base,1,315457.8531441587
0.9839600850617737,0.9391955359523269,True,0.12971105868828117,0.042091836734693876,False,0.24629304846938777,0.993844696969697,3,d8348637-b16f-40d0-93d3-d27e4051ce6d,base,1,315457.8531441587
0.9560195233010493,0.9303713442059264,True,0.24407715080256825,0.08161272321428571,False,0.4190051020408163,0.9782661782661782,3,d8d319c8-394a-4d6f-9a96-ff94d3ab2e06,base,1,315457.8531441587
0.9808363952689002,0.9655404559525831,True,0.21290893004491135,0.07172751913265306,False,0.5099051339285714,1.0,3,d98964c9-e676-4e33-a456-27cea6ff007a,base,1,315457.8531441587
0.9874037144797776,0.9851139955745218,True,0.08542940934881793,0.017697704081632654,False,0.35849808673469385,1.0,3,d9c868ad-52d6-4d3d-9b2b-05534e1cee81,base,1,315457.8531441587
0.9962379030593622,0.9890313086407735,True,0.12067531317720018,0.033502072704081634,False,0.33553890306122447,1.0,3,da0d705d-7722-43d1-a880-a34c553f0719,base,1,315457.8531441587
0.9933852054813321,0.9812929760872169,True,0.09122148077369303,0.020806760204081634,False,0.36704799107142855,1.0,3,dafc817f-dcd4-41f8-9e0c-9f7ee41d1cf4,base,1,315457.8531441587
0.2827132550572924,0.4146444977032155,False,0.0,0.013811383928571428,False,0.4129663584183674,1.0,3,db32f09d-b7f5-424b-a393-a10cab691038,base,1,315457.8531441587
0.9867324685793724,0.9825824006283487,True,0.11763902622052107,0.02744339923469388,False,0.34267378826530615,0.9803921568627451,3,db3c8b2a-797b-4178-9b68-09863e1a45a3,base,1,315457.8531441587
0.9833369219772835,0.9193705838494936,False,0.07450364092599009,0.019690688775510203,False,0.19533242984693877,1.0,3,db4414d8-4ce8-4e92-b543-e9d42883f58b,base,1,315457.8531441587
0.9074483652215153,0.9682088037795692,True,0.10267308584237841,0.04392538265306122,False,0.38779496173469385,0.9968239564428312,3,db7bce8f-978c-47b1-8b74-7640f7c3625e,base,1,315457.8531441587
0.9921534767085984,0.9840627124978553,True,0.2816564589905039,0.07102997448979592,False,0.2606823979591837,0.9436026936026936,3,dbafd69b-c2d5-44f5-a3f2-6c347ce377d2,base,1,315457.8531441587
0.7571040016660734,0.7749223142572715,True,0.06652821209698655,0.04017857142857143,False,0.3311144770408163,0.9781746031746031,3,dbc1e726-39b3-4df1-988e-ed7119a4eaa0,base,2,315457.8531441587
0.9282147814131629,0.8483383510542191,True,0.1540284074809158,0.0576171875,False,0.3955875318877551,1.0,3,dbc5db8f-3ec9-4906-8afe-2969e096b6a6,base,1,315457.8531441587
0.9771871647374477,0.9641732613378183,False,0.20388670026377273,0.061423788265306124,False,0.20535714285714285,0.6664503569110967,3,dbea4851-d8c8-435f-834d-b0895ab0475b,base,1,315457.8531441587
0.981309220530005,0.9631477991472122,True,0.12841690759497376,0.02654655612244898,False,0.5018534757653061,1.0,3,dbfdfa23-441c-4f30-b386-ecc3276d5552,base,1,315457.8531441587
0.9814949811536207,0.9630445453085285,True,0.18596546671817693,0.05590322066326531,False,0.4987045599489796,1.0,3,dc3f50d6-3e8c-4c5b-814b-3f2043165556,base,1,315457.8531441587
0.980189586023521,0.956377867993795,True,0.24223448278189846,0.08434311224489796,False,0.36453683035714285,1.0,3,dc8826ad-9cdb-424f-9896-ec55bcaaffd6,base,1,315457.8531441587
0.7570043297629675,0.5853929986654977,False,0.10469652034518595,0.05650111607142857,False,0.33169244260204084,1.0,3,dc995045-8ec6-4cef-ba20-350c66732a9b,base,2,315457.8531441587
0.9547661192826855,0.9211020875040319,True,0.17366169827719644,0.052853954081632654,False,0.5414740114795918,1.0,3,dd400306-5e55-42d5-8177-673d1e207600,base,1,315457.8531441587
0.8296059963537231,0.5082129590832362,False,0.1187078682870242,0.057517538265306124,False,0.20994100765306123,0.9407484407484408,3,dd4d6a4c-1e67-4911-bda2-7d8af75b1b19,base,2,315457.8531441587
0.9631726075585058,0.9034978502494254,True,0.08149853704711987,0.036411830357142856,False,0.30082110969387754,0.9808429118773946,3,de3de48d-1810-4676-bf95-a88305034724,base,2,315457.8531441587
0.7628850256497118,0.7121585026254541,False,0.1308412198158284,0.07148836096938775,False,0.2918327487244898,0.9339280735991079,3,de5d15a5-7c00-45b0-a783-71f5184b84a4,base,2,315457.8531441587
0.9512921228354421,0.9145129131908266,True,0.15838795751278123,0.0682796556122449,False,0.30275430484693877,0.8920023350846468,3,de9d40a1-45ac-4ec0-a9ad-7c3da394fbfb,base,2,315457.8531441587
0.5819694038861721,0.7352952608904868,False,0.019092072246137057,0.018494897959183673,False,0.32126913265306123,1.0,3,dee34d09-f146-45ec-a1c1-4cb4686878b8,base,1,315457.8531441587
0.984594050587253,0.9862171995621922,True,0.09389615175649922,0.023676658163265307,False,0.45663265306122447,0.9991582491582491,3,df21b6dd-32b7-4edd-8b7b-fa1a35e0c043,base,1,315457.8531441587
0.9898508886945887,0.9793253474163518,True,0.1858764535835378,0.03599330357142857,False,0.3270886479591837,1.0,3,df976027-3267-46e9-8833-9f5f50534969,base,1,315457.8531441587
0.47444337557293215,0.5602488259642917,False,0.011729142554262198,0.044025031887755105,False,0.3271484375,0.4703485740153916,3,e0091a61-2aa3-42f5-8a0e-ad47a9ff7c80,base,1,315457.8531441587
0.9948111480535174,0.9885296338343508,True,0.08307039249810144,0.019909917091836735,False,0.35634566326530615,0.9569569569569569,3,e0a1ffef-682a-4d15-a232-46439d4e4d9c,base,1,315457.8531441587
0.980864011532476,0.9648115183328686,True,0.1153957349295681,0.028280452806122448,False,0.40212452168367346,1.0,3,e13739bf-ff9c-44eb-8839-fa8c61bf8a14,base,1,315457.8531441587
0.9362226268653524,0.8776046855415853,True,0.15987514515351112,0.07868303571428571,False,0.340999681122449,0.9536474164133738,3,e191c1c9-94e8-48fe-8ad3-bda04a74a905,base,2,315457.8531441587
0.10890061939660516,0.1350975005119871,False,0.00031879174652849025,0.036830357142857144,False,0.4025031887755102,1.0,3,e1a10525-e325-40e1-8709-2a9bcf7ad290,base,1,315457.8531441587
0.23873855667603014,0.3400811182733396,False,0.0,0.013811383928571428,False,0.2889827806122449,1.0,3,e1e66bd5-538f-4df2-a386-153645f88ea0,base,1,315457.8531441587
0.9700249047589659,0.9438600257014579,True,0.14668929879421988,0.03354193239795918,False,0.3897082270408163,1.0,3,e2e0accf-73b4-4cc4-bc85-2066f1fa4762,base,1,315457.8531441587
0.9884535267728601,0.9713479856663284,True,0.19969074286440253,0.05317283163265306,False,0.33950494260204084,0.8699400299850075,3,e30028a5-ccf1-4afa-8cd8-5b6129483e96,base,1,315457.8531441587
0.5737570440655968,0.6225318715576615,False,0.02422732866074418,0.021763392857142856,False,0.3030532525510204,1.0,3,e38ab400-f316-4091-8316-ddaf0b75f4dc,base,1,315457.8531441587
0.8074173589335427,0.8252031312613519,True,0.17670478189447972,0.07346141581632654,False,0.2596061862244898,0.7441671188279978,3,e3a576a6-2c29-483d-be9d-4a6a3327a0cf,base,2,315457.8531441587
0.9767632896021771,0.9225653078037673,False,0.18421342086795114,0.05825494260204082,False,0.2963767538265306,1.0,3,e3b1e7ed-b9ae-4061-a210-5444b7a9c9b1,base,1,315457.8531441587
0.6822499322021801,0.4802862430679969,False,0.05509969047373639,0.032724808673469385,False,0.3374720982142857,1.0,3,e3dc00b7-5675-4ebf-88ac-42a60e2ed893,base,2,315457.8531441587
0.9599533432086634,0.9135028112049353,False,0.03857408581905925,0.012376434948979591,False,0.46813217474489793,1.0,3,e5368a74-3005-4ebb-94a3-6e859b9ef3fe,base,1,315457.8531441587
0.7646363461024245,0.6988037495856018,False,0.03579236035518682,0.02224170918367347,False,0.30580357142857145,1.0,3,e58662f6-d072-464c-ba02-bd9631a74973,base,1,315457.8531441587
0.9414728342063107,0.8600080665821043,False,0.04527621044178665,0.015784438775510203,False,0.3709741709183674,1.0,3,e5e4f0cf-58ec-4442-a54c-96d5d29d8f0b,base,1,315457.8531441587
0.8807009105850635,0.7436646594360068,True,0.24767897667224847,0.12332589285714286,False,0.3647959183673469,0.9959599224305107,3,e5ee965b-7a79-4ceb-986c-a775a3c1d7a8,base,3,315457.8531441587
0.9742770839558734,0.9814669403746161,True,0.11529273554631021,0.041673309948979595,False,0.3575414540816326,0.44428503108560496,3,e65529f2-45df-4020-adcc-7de1996c38e8,base,1,315457.8531441587
0.9826951791016019,0.9507127931383818,False,0.08954510998308236,0.026905293367346938,False,0.3409398915816326,1.0,3,e678a93a-0519-420a-9b4b-4f9ae4e0a006,base,1,315457.8531441587
0.3030203545633618,0.37602217878654914,False,0.0,0.028698979591836735,False,0.5283203125,1.0,3,e6dfc127-5e23-4a60-b784-efa008f59587,base,1,315457.8531441587
0.9961005798993051,0.9921050179258751,True,0.18529238414239646,0.05590322066326531,False,0.33603714923469385,0.9475935828877006,3,e6e93d3a-571d-4c1c-9c62-cbb043d9cc49,base,1,315457.8531441587
0.9943247733252171,0.9853533874822438,True,0.0701314467155806,0.028698979591836735,False,0.22301498724489796,0.7888888888888889,3,e782f1a7-23b3-4167-be7f-1a959259af87,base,1,315457.8531441587
0.7573173838640209,0.9326498127862015,False,0.04501773421844071,0.026307397959183673,False,0.3518016581632653,1.0,3,e7975e46-ac5c-4225-ba05-6e0b5b1ba917,base,1,315457.8531441587
0.5268267656229879,0.5286908529520056,False,0.2007707411074284,0.16318558673469388,False,0.3792251275510204,0.995114802149487,3,e7b3fd9c-d51f-42dd-9f90-25160990faa8,base,2,315457.8531441587
0.3003998400639744,0.38897233696332456,False,0.0,0.0031090561224489796,False,0.3215481505102041,1.0,3,e7f64666-2118-4f2f-a1e9-86d9f1eb7573,base,1,315457.8531441587
0.8971175609666944,,False,0.05883650194864359,0.013392857142857142,False,0.38889110331632654,0.0,3,e821a416-aed0-411d-ab8a-7813185384b9,base,1,315457.8531441587
0.9902709370972776,0.9687619843073636,False,0.08510924084270684,0.0204280931122449,False,0.323062818877551,1.0,3,e87d8111-5071-446b-82f6-00a55f338954,base,1,315457.8531441587
0.8577094068251365,0.6195143378480181,True,0.2382083951421138,0.1214126275510204,False,0.2737364477040816,0.8745896257386737,3,e92d7e53-f191-41af-a86b-8da6c7734386,base,2,315457.8531441587
0.8579029861291924,0.7697556054745721,True,0.37444152650607637,0.21954719387755103,False,0.4748684630102041,0.9256535947712419,3,e9390be0-f3e1-4cd9-a3b9-72a80884caf1,base,2,315457.8531441587
0.9925165215754278,0.962004179319529,True,0.1298259948352416,0.0322265625,False,0.2131297831632653,1.0,3,ea3d1dcb-9222-4e66-b7e6-a45e78bd339e,base,1,315457.8531441587
0.4820141484685381,0.4656915861149032,False,0.009259177904692384,0.01482780612244898,False,0.3647361288265306,1.0,3,ea3f3fb8-d6dc-41c8-9bdf-a67b43570477,base,1,315457.8531441587
0.2424961776776374,0.370959246823359,False,0.0,0.00932716836734694,False,0.31204161352040816,1.0,3,ea5c8b30-582c-471c-afd3-f569f52d5baa,base,1,315457.8531441587
0.7892004239700938,0.6044789984071431,False,0.10991807687412884,0.05990911989795918,False,0.3097297512755102,0.9793745841650033,3,ebdc4168-7cd3-477a-8a94-b768c41a9f8e,base,2,315457.8531441587
0.9549933943829918,0.8875173941816005,True,0.25022276987069325,0.12854751275510204,False,0.30568399234693877,0.9365891472868217,3,ec494de2-73b0-4ec6-9038-217175b06392,base,2,315457.8531441587
0.86618502283792,0.9221287174589811,True,0.08020197972726065,0.03770727040816327,False,0.3596141581632653,1.0,3,ec81f707-4d7c-4a97-ab27-048c805f5395,base,1,315457.8531441587
0.7988864230106286,0.788597649901581,True,0.173923900020437,0.07318239795918367,False,0.322444993622449,0.8107298474945533,3,ec93d206-ec61-4e16-afc4-898f754916fa,base,2,315457.8531441587
0.7566715427138483,0.740450243706594,True,0.20455060806334682,0.06383529974489796,False,0.40507413903061223,1.0,3,ecc176d8-c3c7-43d8-bcd8-355bbfb84971,base,2,315457.8531441587
0.9857394568605491,0.9631169765568374,True,0.13748524248375743,0.029137436224489797,False,0.3463807397959184,1.0,3,ed37211b-bc6e-41b2-b246-e47707a07687,base,1,315457.8531441587
0.9586496410213858,0.9032710824538456,True,0.21786868491990413,0.10471141581632654,False,0.37246890943877553,1.0,3,ee5842e0-5bd3-4e4b-9aea-cb94b6402fdb,base,2,315457.8531441587
0.5155657543700111,0.546559392753293,True,0.1487449364539753,0.11973852040816327,False,0.3531967474489796,0.90745672436751,3,ee820aa5-4804-4984-97b3-f0a71d69702f,base,4,315457.8531441587
0.8608300558313248,0.8383775052259852,True,0.34587568520211465,0.2007732780612245,False,0.3258729272959184,0.7435973793924955,3,ef0fe9c2-fb59-4631-86ec-c47020ff231b,base,2,315457.8531441587
0.9955547648204474,0.990113400492901,True,0.17983065799928774,0.04274952168367347,False,0.47285554846938777,1.0,3,ef21f886-1959-463c-845c-bc55181a19f5,base,1,315457.8531441587
0.9334935229334884,0.8795976641912685,False,0.0792426273000114,0.030970982142857144,False,0.33011798469387754,1.0,3,ef7cd600-75c9-4b07-bb0e-f66e857fdafa,base,1,315457.8531441587
0.9922334884820728,0.9778868853838624,False,0.058490437858980844,0.014508928571428572,False,0.36063058035714285,1.0,3,ef8cb906-acdc-44ac-bb8d-05f17b86c3b3,base,1,315457.8531441587
0.6306404425879921,0.690593010333331,False,0.06700895565852377,0.05327248086734694,False,0.2674186862244898,0.9783015338570894,3,f02b6a5c-f922-4334-ac80-99d7418c41f0,base,2,315457.8531441587
0.6305513548583275,0.726732381741004,False,0.0669610116638067,0.052614795918367346,False,0.5033482142857143,1.0,3,f02b8370-0e08-47af-b4d4-6dbb681f219e,base,1,315457.8531441587
0.9800494503385268,0.9747012436131919,True,0.3765228327027216,0.10439253826530612,False,0.37448182397959184,0.9056891943489882,3,f058ba1f-6cf1-4127-9372-d93a5459a339,base,1,315457.8531441587
0.79999860734482,0.5637520572161218,False,0.20053967130682665,0.1305205676020408,False,0.35770089285714285,0.936478851733089,3,f0646657-7174-461b-9ab4-07242c759384,base,2,315457.8531441587
0.7928534858208341,0.820654920622048,True,0.21261300406558659,0.0778061224489796,False,0.4121890943877551,1.0,3,f11abf44-b267-458c-ae67-e1167124f5e3,base,2,315457.8531441587
0.9788824363568115,0.9625830167833557,True,0.18325731539863824,0.046755420918367346,False,0.34765625,0.8951406649616368,3,f145236e-77ef-4cc3-8289-85a020b56c5e,base,1,315457.8531441587
0.8216615404123639,0.744150146639155,False,0.13250680308187404,0.05269451530612245,False,0.22829639668367346,0.762481089258699,3,f14916d0-2dab-4a08-b306-7ef36fee8fb6,base,2,315457.8531441587
0.9910382976241427,0.9786616176515617,False,0.12684402082987684,0.031210140306122448,False,0.36122847576530615,1.0,3,f16b2e43-66e6-4e8d-9879-63e5f0e36b48,base,1,315457.8531441587
0.6182666015342787,0.5164310093872837,True,0.3469522184743158,0.24613360969387754,False,0.4188655931122449,0.9492307692307692,3,f1ba9810-861e-4ffc-8fbf-242d5da8e80d,base,2,315457.8531441587
0.9838479185552998,0.9578706961691559,True,0.2118309965110608,0.057138871173469385,False,0.38022161989795916,1.0,3,f1d4a238-6cfc-4875-843a-3b5044c7cdf7,base,1,315457.8531441587
0.9809484491010001,0.9211014440409447,True,0.09023671299776781,0.024394132653061226,False,0.2433235012755102,0.9934640522875817,3,f218fda3-c484-4836-867d-b7ad037bfe4e,base,1,315457.8531441587
0.8710308330208446,0.6671203887315816,True,0.27777092864833186,0.14261798469387754,False,0.3114636479591837,0.9727501397428732,3,f27e1121-c394-4577-80c6-762f47e916b2,base,2,315457.8531441587
0.6938996034390819,0.5784128681509136,True,0.24400188648425933,0.1398078762755102,False,0.316226881377551,0.9764789736279401,3,f29da87d-abd4-4141-96d9-e48f95ca67ab,base,2,315457.8531441587
0.9792412856369801,0.954262558757302,False,0.10006233912475919,0.02170360331632653,False,0.42185507015306123,1.0,3,f2d58e86-1fcb-48c5-9a6d-a23966e7720b,base,1,315457.8531441587
0.8548803818162711,0.7341584244759611,True,0.4049768451730931,0.24358258928571427,False,0.4410873724489796,0.9782359679266895,3,f2fda506-7c73-4746-a7a6-59968f1e8de2,base,2,315457.8531441587
0.3427339858753562,0.31107003675918354,False,0.02219930064465895,0.034877232142857144,False,0.1976642219387755,0.848,3,f3088d94-d727-4381-ab83-1b2bc54c2505,base,1,315457.8531441587
0.9954141065827242,0.97928833851712,True,0.19238856744387542,0.06098533163265306,False,0.2532286352040816,0.9967320261437909,3,f5544779-e6b9-456b-a475-867e41212602,base,1,315457.8531441587
0.9799220034605518,0.9709089808943306,True,0.26378588653406604,0.07282366071428571,False,0.4682716836734694,1.0,3,f556368d-3eb0-4b06-bc4d-535acc1ea1ad,base,1,315457.8531441587
0.9568360748192375,0.9244187740511329,True,0.3061204418940084,0.14502949617346939,False,0.41541772959183676,0.9446200357290092,3,f696261f-49c1-4274-81be-4e6b9e8c5602,base,2,315457.8531441587
0.9971770239492039,0.9926150125447835,True,0.22621445485524444,0.0623405612244898,False,0.38400829081632654,0.9948849104859335,3,f6b16a6d-345a-4348-93ba-48c69ac76822,base,1,315457.8531441587
0.6837893665580204,0.7798583845546501,True,0.24976981169164822,0.12677375637755103,False,0.36722735969387754,0.7558559974846722,3,f743c21e-5876-460b-bbd6-2e2dcca41baa,base,3,315457.8531441587
0.31021025968409566,0.3799101813427321,False,0.0,0.0322265625,False,0.38113839285714285,0.948051948051948,3,f759e4b7-21fe-4f3a-aaeb-0b8b99cb103c,base,1,315457.8531441587
0.9016502370844796,0.7335999283527324,True,0.30834120693948686,0.1389110331632653,False,0.3051060267857143,0.9833572453371593,3,f760c946-a103-4991-a6e5-ff60c24cd99f,base,2,315457.8531441587
0.987655755522453,0.9571320122278574,True,0.09096298149740827,0.03685028698979592,False,0.30277423469387754,1.0,3,f76c9846-d88a-4d7c-b887-2759a4333f7c,base,1,315457.8531441587
0.9939997278858038,0.9855068517452714,True,0.23211715135082983,0.0647720025510204,False,0.3628029336734694,0.815076923076923,3,f7f3e746-b2d6-47e8-87fd-e7d9db9b1836,base,1,315457.8531441587
0.7047700604555068,0.9075372177484614,False,0.03137591374316507,0.02600845025510204,False,0.39024633290816324,1.0,3,f8850ac3-bde9-473c-aca8-095f16193071,base,1,315457.8531441587
0.20325453973585558,0.3334182954698051,False,5.635778145102792e-05,0.05102040816326531,False,0.31074617346938777,1.0,3,f89cdd03-5ea2-4e80-98fb-1d2e57686638,base,1,315457.8531441587
0.9975183940347074,0.9936818687133773,True,0.16014672387505507,0.03455835459183673,False,0.4137436224489796,1.0,3,f8a015d6-f7e6-4dd6-8984-6db9ae4c556b,base,1,315457.8531441587
0.7895149706580173,0.6392897971119109,True,0.24948394908210647,0.12960379464285715,False,0.26327327806122447,1.0,3,f8b2aff8-bcb0-4a58-a3e6-7c52e2334032,base,2,315457.8531441587
0.8642578252058567,0.8689467498128756,True,0.2251302907799149,0.09038185586734694,False,0.45731026785714285,1.0,3,f8cadc7e-6554-4967-89f3-d22e7bce757b,base,2,315457.8531441587
0.8353756250023127,0.7237272331535122,True,0.4198340096891982,0.2401546556122449,False,0.3819156568877551,0.9425726141078838,3,f919d3cb-dc68-46b6-8c29-2d3914fbaec0,base,2,315457.8531441587
0.22842954629332382,0.25096376551359145,False,0.030256104873647018,0.09502551020408163,False,0.4400111607142857,1.0,3,f9230537-bb87-4de7-90f1-73bc730d4b3b,base,3,315457.8531441587
0.8559015890308556,0.5951955337774978,True,0.2869787683058474,0.17402742346938777,False,0.3088926977040816,0.8851351351351351,3,f92ddac9-aba6-4607-ba72-6ab7e8776fef,base,2,315457.8531441587
0.997103159062654,0.9920518951994244,True,0.12893769461932825,0.03431919642857143,False,0.3862802933673469,1.0,3,f979069d-6915-4f84-9b97-345f35ad2083,base,1,315457.8531441587
0.7624095670616107,0.7566211557278422,True,0.12180521469022146,0.06951530612244898,False,0.2985889668367347,0.9277522935779816,3,f9a3c734-1483-4385-ab4f-e45853f3f00e,base,2,315457.8531441587
0.987778676682165,0.9785620223309748,True,0.07870425652822421,0.018176020408163265,False,0.33260921556122447,1.0,3,f9b9a4ee-49bd-4054-9a60-03c771aac376,base,1,315457.8531441587
0.5262652108797842,0.7766633017083925,False,0.04246024392408246,0.04862882653061224,False,0.27226163903061223,0.8184426229508197,3,f9c99896-bcb6-45b4-9128-528f695e3628,base,2,315457.8531441587
0.9840999255248368,0.9644868902109248,False,0.16006632602602225,0.042849170918367346,False,0.47134088010204084,1.0,3,f9cddf36-c6d7-4936-87b3-e307a77dbbf2,base,1,315457.8531441587
0.9323601277609632,0.7502345479573925,True,0.244606305454281,0.11798469387755102,False,0.22594467474489796,0.8819256756756757,3,fa2e48d0-4326-48e9-bb10-9ee2d6600f9e,base,2,315457.8531441587
0.5184878799705542,0.5448131524149734,True,0.24863625783128732,0.17428651147959184,False,0.3514827806122449,0.9744997141223556,3,fa493720-2b2a-456e-a8a8-6ba60e90fb8b,base,2,315457.8531441587
0.8638967388517393,0.5466722864053698,True,0.18756440502192487,0.09293287627551021,False,0.11240433673469388,0.6187004074630067,3,fa532a37-779b-4d09-af50-553d103ff4d2,base,2,315457.8531441587
0.8958780015424456,0.9161760124088346,True,0.06141530850923566,0.03392059948979592,False,0.5019132653061225,1.0,3,fbab1671-b256-4cc5-9219-79fb47ef75c5,base,1,315457.8531441587
0.9149747338157068,0.8145495442483387,True,0.24420929636257313,0.12733179209183673,False,0.3130580357142857,0.9427140397558303,3,fbd80ae9-ddf4-414f-a6ab-77da639c33c1,base,2,315457.8531441587
0.8797183612083028,0.5755008560691971,True,0.29830219167243716,0.13978794642857142,False,0.2015106823979592,0.6749358426005133,3,fcd6452c-680d-40a6-9fc6-1793eb3ca0a8,base,2,315457.8531441587
0.9455218490652891,0.9025181839675019,True,0.13777455453101667,0.04545998086734694,False,0.2327606823979592,0.9351161771153003,3,fcf5cd90-1a5d-4e45-925e-ff82dcbdc0ad,base,2,315457.8531441587
0.7969001085156294,0.829730276258825,True,0.2699036380584115,0.12830835459183673,False,0.37340561224489793,0.983224603914259,3,fe16b6d8-add2-4d0d-b052-96b1986b67e0,base,2,315457.8531441587
0.88827977960666,0.7832871472882682,True,0.13725890312355943,0.04998405612244898,False,0.3382095025510204,1.0,3,fe2e6108-895f-4469-8712-7965544dd47c,base,1,315457.8531441587
0.349419658438459,0.6692910621347368,False,0.009757993179782107,0.024872448979591837,False,0.18445073341836735,0.6530448717948718,3,fe5e5a88-1f1d-4abf-9a40-03517c3260ba,base,1,315457.8531441587
0.7690656289558586,0.5490682034510874,False,0.15455131926428547,0.1035953443877551,False,0.32290338010204084,0.9563293574451712,3,ff3258f3-2c66-40cf-9d5d-fe77f8036fa6,base,2,315457.8531441587
