point_auc,point_auc_lung,hit,mass,area,degenerate,lung_area,box_in_lung,fold,patientId,map
0.904291174734914,0.9017782233944496,True,0.9346974010335471,0.6752431441326531,False,0.6100127551020408,0.815589858622827,0,001031d9-f904-4a23-b3e5-2c088acd19c6,Lagepriore
0.8836703157366868,0.8579258571303888,True,0.869091258896285,0.6752431441326531,False,0.6100127551020408,0.815589858622827,0,001031d9-f904-4a23-b3e5-2c088acd19c6,Lungenkarte
0.9077318776741956,0.7747086263360332,True,0.3394377216256729,0.1448301977040816,False,0.4742107780612244,1.0,0,00a05408-8291-4231-886e-13763e103161,Lagepriore
0.9580492529043296,0.8911315699928966,True,0.3000601688265227,0.1448301977040816,False,0.4742107780612244,1.0,0,00a05408-8291-4231-886e-13763e103161,Lungenkarte
0.9678318887843308,0.9348847844716052,True,0.4977421489375131,0.1984016262755102,False,0.5366509885204082,0.9525866398794576,0,00eeb3c9-a892-4fac-a67a-aaa6cc7ffd5c,Lagepriore
0.8514488665592216,0.708726151188662,True,0.3314568416714963,0.1984016262755102,False,0.5366509885204082,0.9525866398794576,0,00eeb3c9-a892-4fac-a67a-aaa6cc7ffd5c,Lungenkarte
0.9413570752994816,0.8693532650877684,False,0.0278244472371057,0.0096261160714285,False,0.4253627232142857,1.0,0,0100515c-5204-4f31-98e0-f35e4b00004a,Lagepriore
0.8835864214558966,0.7226778543340301,False,0.0219187266300784,0.0096261160714285,False,0.4253627232142857,1.0,0,0100515c-5204-4f31-98e0-f35e4b00004a,Lungenkarte
0.7444224599866948,0.6432354711695668,False,0.3774630166866652,0.2251674107142857,False,0.6200773278061225,0.9552133120906356,0,012a5620-d082-4bb8-9b3b-e72d8938000c,Lagepriore
0.794802882793678,0.648248520803739,True,0.326092074151018,0.2251674107142857,False,0.6200773278061225,0.9552133120906356,0,012a5620-d082-4bb8-9b3b-e72d8938000c,Lungenkarte
0.940212693433103,0.9328652805688828,True,0.7300707971582417,0.3765345982142857,False,0.570671237244898,0.9230932091250728,0,0174c4bb-28f5-41e3-a13f-a396badc18bd,Lagepriore
0.9047377658178304,0.8473042621538734,True,0.5782720744477522,0.3765345982142857,False,0.570671237244898,0.9230932091250728,0,0174c4bb-28f5-41e3-a13f-a396badc18bd,Lungenkarte
0.5989459681462037,0.5729977256962301,False,0.3251823462433398,0.2597257653061224,False,0.635124362244898,0.7515346838551259,0,01cad8d0-45cd-4603-b099-94055d322310,Lagepriore
0.5838744866427966,0.5241231602598192,True,0.290305273091162,0.2597257653061224,False,0.635124362244898,0.7515346838551259,0,01cad8d0-45cd-4603-b099-94055d322310,Lungenkarte
0.9300198007335336,0.8705120540022413,False,0.186196534197563,0.0707310267857142,False,0.5729432397959183,1.0,0,01cd2ba5-2baf-44b2-bf15-ee57e1ea4599,Lagepriore
0.8778934742762238,0.7761515826274196,True,0.1184289037215398,0.0707310267857142,False,0.5729432397959183,1.0,0,01cd2ba5-2baf-44b2-bf15-ee57e1ea4599,Lungenkarte
0.9852677959907892,0.9669918718224152,True,0.6165297703371115,0.2565967793367347,False,0.5871332908163265,1.0,0,02099738-7465-4786-b71c-de8cdac477c3,Lagepriore
0.9609964115072268,0.9126813221679432,True,0.4244890047863789,0.2565967793367347,False,0.5871332908163265,1.0,0,02099738-7465-4786-b71c-de8cdac477c3,Lungenkarte
0.8612020510803754,0.7903385664446558,False,0.1411036217313072,0.0626594387755102,False,0.5988919005102041,0.6685750636132316,0,02363fdb-4cd0-4631-b3d8-7a10fddffa28,Lagepriore
0.5787506094599876,0.5830290098357191,False,0.0694971353625758,0.0626594387755102,False,0.5988919005102041,0.6685750636132316,0,02363fdb-4cd0-4631-b3d8-7a10fddffa28,Lungenkarte
0.9542293749307512,0.9328944172632704,False,0.2783053712599417,0.1030572385204081,False,0.6833944515306123,0.989170373235351,0,0361ea80-0215-4bbe-9bca-908ea7c4f8b6,Lagepriore
0.7798813862212736,0.6693379135077452,True,0.1446224469299781,0.1030572385204081,False,0.6833944515306123,0.989170373235351,0,0361ea80-0215-4bbe-9bca-908ea7c4f8b6,Lungenkarte
0.9039250560982388,0.642469990623147,False,0.2239370379772413,0.0924944196428571,False,0.268195950255102,0.6793794440853265,0,03d92597-3e33-4fdf-8db5-a27cf5b8d3eb,Lagepriore
0.8042963581695908,0.5136137352181596,False,0.2078335665802352,0.0924944196428571,False,0.268195950255102,0.6793794440853265,0,03d92597-3e33-4fdf-8db5-a27cf5b8d3eb,Lungenkarte
0.8985492953173241,0.824736439324968,True,0.0726811560249497,0.0272640306122449,False,0.4587651466836734,0.9978070175438596,0,03e4827c-7338-4de3-9ac6-8831ba5637e9,Lagepriore
0.8064144227626379,0.5677862391910605,False,0.0531968163413999,0.0272640306122449,False,0.4587651466836734,0.9978070175438596,0,03e4827c-7338-4de3-9ac6-8831ba5637e9,Lungenkarte
0.6545029379916176,0.3584066484741757,False,0.0171041301623587,0.0142099808673469,False,0.482063137755102,1.0,0,0409b97f-7673-42e2-9943-0656c6aaca69,Lagepriore
0.916126916973286,0.8232752159424771,False,0.0292034707386225,0.0142099808673469,False,0.482063137755102,1.0,0,0409b97f-7673-42e2-9943-0656c6aaca69,Lungenkarte
0.96504074593581,0.9375519383529092,False,0.0404660402039949,0.0131536989795918,False,0.546875,1.0,0,0488a028-fb77-46e1-85fb-f0b86cf57fee,Lagepriore
0.972422657384084,0.9490097200534092,False,0.0239830945306702,0.0131536989795918,False,0.546875,1.0,0,0488a028-fb77-46e1-85fb-f0b86cf57fee,Lungenkarte
0.9502054749753231,0.9153308307617676,False,0.1523928374755235,0.0538703762755102,False,0.435546875,1.0,0,04c08d05-e5f7-4de3-b0b3-d39b3bb9d113,Lagepriore
0.9375788066973662,0.8452654529969225,False,0.1207841233850574,0.0538703762755102,False,0.435546875,1.0,0,04c08d05-e5f7-4de3-b0b3-d39b3bb9d113,Lungenkarte
0.9027150342282206,0.7859195199086114,False,0.0895118853789432,0.034976881377551,False,0.4389748086734694,0.81994301994302,0,04d59a79-e659-49ca-8790-511f89ac3e1b,Lagepriore
0.7092038778352567,0.4363648089112687,False,0.058874821461086,0.034976881377551,False,0.4389748086734694,0.81994301994302,0,04d59a79-e659-49ca-8790-511f89ac3e1b,Lungenkarte
0.9131778281335848,0.8438532568588375,True,0.0815092917916509,0.0299944196428571,False,0.5350366709183674,1.0,0,051e6e97-fda7-4b5c-8d5f-084bf3607d22,Lagepriore
0.8697967047170264,0.7501628485137148,True,0.053876697843343,0.0299944196428571,False,0.5350366709183674,1.0,0,051e6e97-fda7-4b5c-8d5f-084bf3607d22,Lungenkarte
0.8365118459213629,0.7798634107836492,True,0.4238187335728438,0.211196588010204,False,0.6664540816326531,0.9737661602340284,0,05212f46-32b5-4350-812b-2bab7509d93f,Lagepriore
0.785601200106825,0.6561764777764311,False,0.2953437691924253,0.211196588010204,False,0.6664540816326531,0.9737661602340284,0,05212f46-32b5-4350-812b-2bab7509d93f,Lungenkarte
0.9824193300003012,0.9682557419526764,True,0.4614005054789842,0.1739078443877551,False,0.5848214285714286,0.9763923905569564,0,0572881e-d1dd-4757-a54e-b240b30da946,Lagepriore
0.8941567524033524,0.8141119136866274,True,0.278770901088232,0.1739078443877551,False,0.5848214285714286,0.9763923905569564,0,0572881e-d1dd-4757-a54e-b240b30da946,Lungenkarte
0.9010376071761584,,False,0.0753109903411685,0.0291772959183673,False,0.097118144132653,0.0,0,0587782c-ac6b-4ae1-8ffb-ce894d09f75e,Lagepriore
0.7805121122296141,,False,0.0100267190740801,0.0291772959183673,False,0.097118144132653,0.0,0,0587782c-ac6b-4ae1-8ffb-ce894d09f75e,Lungenkarte
0.9461587216478964,0.8824860523313759,True,0.367681726848541,0.1431361607142857,False,0.4834781568877551,0.898635477582846,0,05b22cd6-c876-4360-8361-92845c6de8ba,Lagepriore
0.8024687331463307,0.6280934210758756,False,0.2470801683381084,0.1431361607142857,False,0.4834781568877551,0.898635477582846,0,05b22cd6-c876-4360-8361-92845c6de8ba,Lungenkarte
0.9160981467617384,0.8417484943441258,True,0.302745494930427,0.1221699617346938,False,0.4446149553571428,0.6952691680261012,0,05b970e1-b223-4c17-a6a8-3f78c43c5308,Lagepriore
0.6879980898658595,0.6016905984340332,False,0.1816313752190066,0.1221699617346938,False,0.4446149553571428,0.6952691680261012,0,05b970e1-b223-4c17-a6a8-3f78c43c5308,Lungenkarte
0.8551028758608524,0.7389358914639036,True,0.3316189560020861,0.1554926658163265,False,0.4599808673469387,0.9427069982055885,0,05fe70c1-4cc1-42fb-9303-083fd29dac0f,Lagepriore
0.8507310141439336,0.6523466964385107,True,0.289501773851382,0.1554926658163265,False,0.4599808673469387,0.9427069982055885,0,05fe70c1-4cc1-42fb-9303-083fd29dac0f,Lungenkarte
0.6553883992777546,0.3240342823206083,False,0.1437656024149274,0.1113879145408163,False,0.4191645408163265,0.8253712649847915,0,0618a5bc-196d-4afc-9ac4-d0aa940c6e03,Lagepriore
0.7687290720328556,0.5346644921993017,False,0.1984203505481846,0.1113879145408163,False,0.4191645408163265,0.8253712649847915,0,0618a5bc-196d-4afc-9ac4-d0aa940c6e03,Lungenkarte
0.6532499016071902,0.6016486700436511,False,0.4731586824570628,0.3784279336734694,False,0.8298389668367347,0.9212133979355382,0,0637b804-e693-48d1-8716-f7c63ce6162a,Lagepriore
0.6382973260701919,0.5890275745844383,False,0.413312353793121,0.3784279336734694,False,0.8298389668367347,0.9212133979355382,0,0637b804-e693-48d1-8716-f7c63ce6162a,Lungenkarte
0.9003397906146695,0.8959346936032032,True,0.8081430478441306,0.4759247448979591,False,0.3746611926020408,0.6324539363484087,0,063fed6c-4ecd-4a74-8f0d-c7a906a3afa4,Lagepriore
0.8094106534026486,0.7014443014389217,True,0.7465040773136499,0.4759247448979591,False,0.3746611926020408,0.6324539363484087,0,063fed6c-4ecd-4a74-8f0d-c7a906a3afa4,Lungenkarte
0.796994629185236,0.5691002539278671,True,0.630103524808112,0.4069475446428571,False,0.455257493622449,0.8257505264704442,0,06550cfd-e9d5-415e-bae9-3146329ed9e6,Lagepriore
0.8798852434151632,0.6342779450384842,True,0.6825466183021609,0.4069475446428571,False,0.455257493622449,0.8257505264704442,0,06550cfd-e9d5-415e-bae9-3146329ed9e6,Lungenkarte
0.8565513004962232,0.7379889883884457,True,0.2538067951804602,0.1143973214285714,False,0.4402901785714285,0.860801393728223,0,06737bed-8dc1-47d9-8c30-324282dcc84d,Lagepriore
0.7706689599856725,0.5148283887827504,False,0.2022427078112292,0.1143973214285714,False,0.4402901785714285,0.860801393728223,0,06737bed-8dc1-47d9-8c30-324282dcc84d,Lungenkarte
0.8352429185889341,0.673925406811434,True,0.2391153412703144,0.1124840561224489,False,0.4292291135204081,0.9470233876683204,0,0695a0d8-d4b6-4dbe-bc04-497897e4516a,Lagepriore
0.8904296072173679,0.7535171256428933,True,0.2332488728875786,0.1124840561224489,False,0.4292291135204081,0.9470233876683204,0,0695a0d8-d4b6-4dbe-bc04-497897e4516a,Lungenkarte
0.9057617152309736,0.7917335253832085,True,0.8742899979500706,0.5799984056122449,False,0.4526666135204081,0.7198817950656312,0,06b52ffd-71b8-429a-a284-bb39240ed343,Lagepriore
0.8870829753683456,0.893310031041144,True,0.8599139603493073,0.5799984056122449,False,0.4526666135204081,0.7198817950656312,0,06b52ffd-71b8-429a-a284-bb39240ed343,Lungenkarte
0.8607742027423788,0.4723904932710095,False,0.3088172371134988,0.149234693877551,False,0.2432238520408163,0.6343482905982906,0,06b64e36-9e61-4865-bfe4-d96eef86548c,Lagepriore
0.8288027851684134,0.4927892053718949,False,0.3501295719551169,0.149234693877551,False,0.2432238520408163,0.6343482905982906,0,06b64e36-9e61-4865-bfe4-d96eef86548c,Lungenkarte
0.7023092775082688,0.5875264643324294,False,0.4774553851440294,0.3633410395408163,False,0.7307477678571429,0.9051066864132522,0,06bf9151-5732-4968-b198-f4109676cd55,Lagepriore
0.6798094082412692,0.5786764525673316,True,0.4268847705842554,0.3633410395408163,False,0.7307477678571429,0.9051066864132522,0,06bf9151-5732-4968-b198-f4109676cd55,Lungenkarte
0.9393672428403138,0.8368783780673923,True,0.9334317554412308,0.6538982780612245,False,0.4791932397959184,0.6602560195062481,0,070c921f-171c-420c-915b-e49e3f600c38,Lagepriore
0.7806562369872669,0.9014629872199676,True,0.843263140321076,0.6538982780612245,False,0.4791932397959184,0.6602560195062481,0,070c921f-171c-420c-915b-e49e3f600c38,Lungenkarte
0.8940855600488619,0.980582195711762,True,0.8794808496301296,0.5897839604591837,False,0.4234095982142857,0.6111580441320582,0,073102b7-565c-460a-9b69-13e2f34c4ee9,Lagepriore
0.775545132722799,0.7867643344623698,True,0.8069498771627448,0.5897839604591837,False,0.4234095982142857,0.6111580441320582,0,073102b7-565c-460a-9b69-13e2f34c4ee9,Lungenkarte
0.9476139432720352,0.9340495158069332,True,0.6995348872781362,0.3369738520408163,False,0.5171396683673469,0.8749704281996687,0,0742a7f3-5f8e-474b-bd1f-0ba8ba9a6b19,Lagepriore
0.8377266719206835,0.6806743517676225,True,0.5261389482172085,0.3369738520408163,False,0.5171396683673469,0.8749704281996687,0,0742a7f3-5f8e-474b-bd1f-0ba8ba9a6b19,Lungenkarte
0.9480830832907658,0.9855251366249568,True,0.9338181677351832,0.6374362244897959,False,0.4675342793367347,0.7154514757378689,0,074f91b5-e915-4b6f-bdf0-af1ee55ebd9b,Lagepriore
0.898888215270784,0.7735240665680976,True,0.9023292231553562,0.6374362244897959,False,0.4675342793367347,0.7154514757378689,0,074f91b5-e915-4b6f-bdf0-af1ee55ebd9b,Lungenkarte
0.9622332853432624,0.9794790075634184,True,0.9367443155515436,0.6257971938775511,False,0.5322265625,0.7058917197452229,0,077780cb-eb05-478f-a7d7-f0576e4c34df,Lagepriore
0.7877075211545298,0.801838464221582,True,0.7877298593589225,0.6257971938775511,False,0.5322265625,0.7058917197452229,0,077780cb-eb05-478f-a7d7-f0576e4c34df,Lungenkarte
0.7529561069523717,0.6865094597400382,True,0.6723136945403105,0.4790736607142857,False,0.3656329719387755,0.5357766869123887,0,08542d41-e606-41df-b08c-9527b531f13f,Lagepriore
0.7060173215743525,0.5990888401937505,True,0.6573795313970169,0.4790736607142857,False,0.3656329719387755,0.5357766869123887,0,08542d41-e606-41df-b08c-9527b531f13f,Lungenkarte
0.9683426242239525,0.9317482265161424,True,0.6088444825660664,0.2623166454081632,False,0.4811264349489796,0.8203920376842425,0,085a25eb-1ebd-4bf1-b320-7833e7c37553,Lagepriore
0.775141127600544,0.6156435199964375,True,0.4125517807624685,0.2623166454081632,False,0.4811264349489796,0.8203920376842425,0,085a25eb-1ebd-4bf1-b320-7833e7c37553,Lungenkarte
0.9376054854924538,0.92113188317691,True,0.943874147133905,0.6707389987244898,False,0.5716079400510204,0.7742980240677463,0,08b0056b-c563-4b30-9101-2ed685fdad1f,Lagepriore
0.8662824319135487,0.8621367668023413,True,0.8558441540839824,0.6707389987244898,False,0.5716079400510204,0.7742980240677463,0,08b0056b-c563-4b30-9101-2ed685fdad1f,Lungenkarte
0.8829652989135748,0.8567564331592807,True,0.7836899814057088,0.4808673469387755,False,0.6554528061224489,0.889920424403183,0,08b1c32d-e070-4a2c-9d75-f41055b7273b,Lagepriore
0.8176605202930297,0.7181308979044236,True,0.622288201491341,0.4808673469387755,False,0.6554528061224489,0.889920424403183,0,08b1c32d-e070-4a2c-9d75-f41055b7273b,Lungenkarte
0.7798823043595587,0.610323014354032,True,0.2341479086416634,0.1236447704081632,False,0.5107222576530612,1.0,0,08f9a388-c195-4b33-8acd-e05d4da14585,Lagepriore
0.9147123593772792,0.8071122750852308,True,0.235148310679639,0.1236447704081632,False,0.5107222576530612,1.0,0,08f9a388-c195-4b33-8acd-e05d4da14585,Lungenkarte
0.7972844251975764,0.7735888836339548,True,0.8344286854746993,0.5960020727040817,False,0.5879105548469388,0.759571977930112,0,0918aae8-b873-4510-b975-c6e87df90f58,Lagepriore
0.7440197858723377,0.5258579217093268,True,0.7340727624895375,0.5960020727040817,False,0.5879105548469388,0.759571977930112,0,0918aae8-b873-4510-b975-c6e87df90f58,Lungenkarte
0.9643527132939008,0.9402718340197368,True,0.1111475540349778,0.0365314094387755,False,0.5824497767857143,1.0,0,0965f1e9-2905-40ef-8612-4984e2c7e9ea,Lagepriore
0.8797818121346666,0.7878345958026778,False,0.0613040908321771,0.0365314094387755,False,0.5824497767857143,1.0,0,0965f1e9-2905-40ef-8612-4984e2c7e9ea,Lungenkarte
0.9217815631735116,0.8709013850676274,False,0.2007054753017924,0.078384088010204,False,0.4932637117346938,0.5237732011187389,0,096a447e-8908-432b-a713-a51d3cd2ae9e,Lagepriore
0.5179761733469584,0.4460525251704056,False,0.0821366900766894,0.078384088010204,False,0.4932637117346938,0.5237732011187389,0,096a447e-8908-432b-a713-a51d3cd2ae9e,Lungenkarte
0.9605140708184392,0.899452010390898,True,0.4675863906054689,0.1869220344387755,False,0.3819953762755102,0.8790915875892953,0,09b0df7c-90bc-499d-a7c7-5474199da4e6,Lagepriore
0.9029085659094448,0.7883523932701468,True,0.4060585749385554,0.1869220344387755,False,0.3819953762755102,0.8790915875892953,0,09b0df7c-90bc-499d-a7c7-5474199da4e6,Lungenkarte
0.9050050823419789,0.9144254928996997,True,0.7837682424558283,0.4604591836734694,False,0.3672472895408163,0.716845567867036,0,09b2d54e-3a85-4efd-8204-ea73bc70c405,Lagepriore
0.883044387468546,0.8455190877531271,True,0.8174071488021447,0.4604591836734694,False,0.3672472895408163,0.716845567867036,0,09b2d54e-3a85-4efd-8204-ea73bc70c405,Lungenkarte
0.8788380628080457,0.8785897707648879,True,0.7747781653533179,0.4571906887755102,False,0.5371293048469388,0.8012641673931996,0,0a15acdd-248c-47ff-abfc-d33f8a0cf417,Lagepriore
0.8104387352794643,0.6819826063352289,True,0.6512998252167059,0.4571906887755102,False,0.5371293048469388,0.8012641673931996,0,0a15acdd-248c-47ff-abfc-d33f8a0cf417,Lungenkarte
0.9170589888118686,0.8200230799920195,True,0.2888678509726437,0.1161710778061224,False,0.4559749681122449,0.9800995024875622,0,0a825a59-c034-481c-b596-9c7f0bc42c2c,Lagepriore
0.852008542109945,0.6353398122581775,True,0.2245047133044705,0.1161710778061224,False,0.4559749681122449,0.9800995024875622,0,0a825a59-c034-481c-b596-9c7f0bc42c2c,Lungenkarte
0.880670240378521,0.756197027758323,False,0.2466937204873743,0.1065449617346938,False,0.5145687181122449,0.9966329966329966,0,0a8d486f-1aa6-4fcf-b7be-4bf04fc8628b,Lagepriore
0.8448829948179342,0.6655417953945356,True,0.1910942378295008,0.1065449617346938,False,0.5145687181122449,0.9966329966329966,0,0a8d486f-1aa6-4fcf-b7be-4bf04fc8628b,Lungenkarte
0.9141902891111542,0.8555791474136287,True,0.457862948226682,0.2005939094387755,False,0.5315489477040817,0.9540983606557376,0,0ab601ca-5f86-498f-89ab-73208a353e40,Lagepriore
0.8436574521599234,0.6790299155840025,False,0.3346691350892075,0.2005939094387755,False,0.5315489477040817,0.9540983606557376,0,0ab601ca-5f86-498f-89ab-73208a353e40,Lungenkarte
0.9548086564161208,0.9064865163307768,True,0.5168509983692414,0.2125717474489795,False,0.4906927614795918,0.888524282767673,0,0adec32a-b360-4396-866f-f1abaca047dc,Lagepriore
0.8368752296733808,0.7134482552665526,True,0.3596487407656672,0.2125717474489795,False,0.4906927614795918,0.888524282767673,0,0adec32a-b360-4396-866f-f1abaca047dc,Lungenkarte
0.7998575547252624,0.6370076709298247,False,0.4375577701646161,0.2652064732142857,False,0.596061862244898,0.956789659577666,0,0bae27f3-01d4-4223-adc5-d3264e0d9213,Lagepriore
0.8233006030301312,0.6624910524201331,False,0.400393337571536,0.2652064732142857,False,0.596061862244898,0.956789659577666,0,0bae27f3-01d4-4223-adc5-d3264e0d9213,Lungenkarte
0.9509392642236384,0.9004670631396912,True,0.5794988509609137,0.2576729910714285,False,0.6015625,0.9885528656508624,0,0bd68d89-6a56-4b5e-b2f5-1be2d3665f97,Lagepriore
0.9005096924700091,0.7991960899409927,True,0.4076203354934286,0.2576729910714285,False,0.6015625,0.9885528656508624,0,0bd68d89-6a56-4b5e-b2f5-1be2d3665f97,Lungenkarte
0.8629703783052531,0.7263849949610819,True,0.5259853124973675,0.2618383290816326,False,0.4408482142857143,0.8763891003196833,0,0bf44996-58da-4a12-8be1-da5c9b009975,Lagepriore
0.8793736273421665,0.7069241084266034,False,0.4950344625301646,0.2618383290816326,False,0.4408482142857143,0.8763891003196833,0,0bf44996-58da-4a12-8be1-da5c9b009975,Lungenkarte
0.8865813700027126,0.8048882599885745,False,0.1718501394243471,0.070750956632653,False,0.5674625318877551,0.9940845070422536,0,0c89ca38-27ca-4cd0-88cb-18093fdcb04b,Lagepriore
0.777346529742518,0.5888116499121818,False,0.1120767450927237,0.070750956632653,False,0.5674625318877551,0.9940845070422536,0,0c89ca38-27ca-4cd0-88cb-18093fdcb04b,Lungenkarte
0.7559492811626846,0.5562270267498352,False,0.1186923665481557,0.0718271683673469,False,0.4812460140306122,0.9705882352941176,0,0ca8314a-88e7-4661-b5fd-3bdee5fc2616,Lagepriore
0.8526009051848924,0.6933621340280898,False,0.1369940618786536,0.0718271683673469,False,0.4812460140306122,0.9705882352941176,0,0ca8314a-88e7-4661-b5fd-3bdee5fc2616,Lungenkarte
0.7517734590324326,0.7508956390980968,True,0.288356352466017,0.1580636160714285,False,0.5557437818877551,0.744168452906317,0,0cbe5298-68a4-4de0-a693-46eb8e8858ca,Lagepriore
0.6555007319238624,0.5501633659711758,False,0.2060870429802903,0.1580636160714285,False,0.5557437818877551,0.744168452906317,0,0cbe5298-68a4-4de0-a693-46eb8e8858ca,Lungenkarte
0.9150019455946216,0.8574543290697666,True,0.8190347237374233,0.4842354910714285,False,0.4844148596938775,0.8014981273408239,0,0cc09b0a-1afc-4492-929e-ac53f15286b6,Lagepriore
0.8832999892683008,0.7677241596793687,True,0.7635744750072608,0.4842354910714285,False,0.4844148596938775,0.8014981273408239,0,0cc09b0a-1afc-4492-929e-ac53f15286b6,Lungenkarte
0.9666469687568148,0.9436460396487686,True,0.1149121341847472,0.0376076211734693,False,0.5893853635204082,0.9957604663487016,0,0d1b742e-71fb-4eaa-88eb-b70e403ee565,Lagepriore
0.7223816598049921,0.5211273795700777,False,0.0574483438157686,0.0376076211734693,False,0.5893853635204082,0.9957604663487016,0,0d1b742e-71fb-4eaa-88eb-b70e403ee565,Lungenkarte
0.9669452376533398,0.912463492777726,True,0.8122554489334559,0.4292889030612244,False,0.5595304528061225,0.9498142989786444,0,0da8c767-77b7-4c69-98d4-2c5c91b9affc,Lagepriore
0.9548781131152416,0.9145982321273004,True,0.6821165062645804,0.4292889030612244,False,0.5595304528061225,0.9498142989786444,0,0da8c767-77b7-4c69-98d4-2c5c91b9affc,Lungenkarte
0.8493663274466894,0.7634704732295017,False,0.2807479315734645,0.1309988839285714,False,0.5762914540816326,0.9718545565190932,0,0daa445f-6b0b-499f-8162-91296e89f61c,Lagepriore
0.8465773899914676,0.7289729561064425,False,0.2143898097793884,0.1309988839285714,False,0.5762914540816326,0.9718545565190932,0,0daa445f-6b0b-499f-8162-91296e89f61c,Lungenkarte
0.986384841944332,0.9665762304507252,True,0.0503463728817574,0.0150669642857142,False,0.3996731505102041,1.0,0,0dcc2f61-2c28-4c66-a50c-9728cdab1ed9,Lagepriore
0.9154510844312544,0.7834797695405012,False,0.0366856790101214,0.0150669642857142,False,0.3996731505102041,1.0,0,0dcc2f61-2c28-4c66-a50c-9728cdab1ed9,Lungenkarte
0.9236349821161852,0.8759726315996595,True,0.1577473665328478,0.0583147321428571,False,0.6107900191326531,1.0,0,0e91afec-c246-450b-9f10-e07a75ae0086,Lagepriore
0.8721057911734603,0.7822013376476172,True,0.0926221667140103,0.0583147321428571,False,0.6107900191326531,1.0,0,0e91afec-c246-450b-9f10-e07a75ae0086,Lungenkarte
0.9016408613498564,0.8145269859357693,False,0.0795370870930649,0.0310905612244897,False,0.5436662946428571,1.0,0,0f1644c9-4f2e-4681-a36d-af69c7ae0e6d,Lagepriore
0.9483670499424058,0.9023994906489364,True,0.0569245210827477,0.0310905612244897,False,0.5436662946428571,1.0,0,0f1644c9-4f2e-4681-a36d-af69c7ae0e6d,Lungenkarte
0.8917164387708639,0.794200488561458,False,0.1264690158010751,0.051399075255102,False,0.5496452487244898,1.0,0,0f1fced1-4c33-44b2-9009-1370aa6287f3,Lagepriore
0.9097859041966364,0.8282557347809228,True,0.0919369627632051,0.051399075255102,False,0.5496452487244898,1.0,0,0f1fced1-4c33-44b2-9009-1370aa6287f3,Lungenkarte
0.974344564112231,0.969863865585478,True,0.1390955353885635,0.0451012436224489,False,0.3479751275510204,0.6756517896597437,0,0f2bce55-7193-45d0-8223-d978b550477a,Lagepriore
0.7271706582925993,0.5005928115685617,False,0.0808025771968265,0.0451012436224489,False,0.3479751275510204,0.6756517896597437,0,0f2bce55-7193-45d0-8223-d978b550477a,Lungenkarte
0.8781660863446439,0.9051601862921008,True,0.4092234290730977,0.1854472257653061,False,0.5616230867346939,0.8061257388500807,0,0f6ed027-8700-43ff-a4a6-a8211cbbbb02,Lagepriore
0.7314305908246114,0.7067356249593724,True,0.2569838418907759,0.1854472257653061,False,0.5616230867346939,0.8061257388500807,0,0f6ed027-8700-43ff-a4a6-a8211cbbbb02,Lungenkarte
0.584054561113837,0.4212675906638221,False,0.082330230480917,0.0694754464285714,False,0.6472815688775511,1.0,0,106e39b9-9ca8-4437-b7f9-f114fd3aec61,Lagepriore
0.7952932465412241,0.6704292137012255,False,0.105169889541171,0.0694754464285714,False,0.6472815688775511,1.0,0,106e39b9-9ca8-4437-b7f9-f114fd3aec61,Lungenkarte
0.9107178976358196,0.8302579841522252,True,0.2061961654025781,0.0804567920918367,False,0.4776387117346938,0.878622739658162,0,10f3bffb-409e-4d8c-849a-f11144da7c3e,Lagepriore
0.7315761444012571,0.4845784728737571,False,0.1349496685541166,0.0804567920918367,False,0.4776387117346938,0.878622739658162,0,10f3bffb-409e-4d8c-849a-f11144da7c3e,Lungenkarte
0.909195306128419,0.8653828253150883,False,0.1756255838984133,0.0698341836734693,False,0.6972456951530612,1.0,0,129a1251-95cf-4663-91ad-4e58bc0b2d08,Lagepriore
0.8081453637441435,0.7158319809556797,False,0.0974356182000412,0.0698341836734693,False,0.6972456951530612,1.0,0,129a1251-95cf-4663-91ad-4e58bc0b2d08,Lungenkarte
0.872283107157012,0.7935482890310723,True,0.3741043152643401,0.1778539540816326,False,0.6856265943877551,1.0,0,12b4c5bc-48cb-4010-9b2e-eeb8b0d5cc8e,Lagepriore
0.8708806419795497,0.7909633737497541,True,0.2518632370968566,0.1778539540816326,False,0.6856265943877551,1.0,0,12b4c5bc-48cb-4010-9b2e-eeb8b0d5cc8e,Lungenkarte
0.9642683712805706,0.9191338856199076,True,0.2826583955686719,0.1010642538265306,False,0.4575494260204081,0.9781108262670084,0,149d826e-7078-4b2c-888a-d8811c72caf8,Lagepriore
0.8716836070247885,0.6984598143073245,False,0.2026654368025194,0.1010642538265306,False,0.4575494260204081,0.9781108262670084,0,149d826e-7078-4b2c-888a-d8811c72caf8,Lungenkarte
0.9426551400519052,0.8925433151787614,True,0.2301876626128688,0.0840640943877551,False,0.5027303890306123,0.8463726884779517,0,153d2c23-546a-4fc4-93bc-7873e24d50fa,Lagepriore
0.7416864303154646,0.5835013423517641,False,0.1344871256549204,0.0840640943877551,False,0.5027303890306123,0.8463726884779517,0,153d2c23-546a-4fc4-93bc-7873e24d50fa,Lungenkarte
0.8331218344650243,0.7930774320895536,True,0.2688106090660806,0.1334701849489795,False,0.7893016581632653,0.9692399581902345,0,1565fd6c-9432-454a-87e4-937fd5ad5b60,Lagepriore
0.6975484274763447,0.6275994615581385,False,0.1585043553177114,0.1334701849489795,False,0.7893016581632653,0.9692399581902345,0,1565fd6c-9432-454a-87e4-937fd5ad5b60,Lungenkarte
0.9008908810797064,0.7815529678079526,False,0.0492559794355444,0.0190728635204081,False,0.4535235969387755,1.0,0,15741dba-9bd7-469c-acfc-fb563112ee39,Lagepriore
0.913094022890422,0.8037788298841083,False,0.0412691890594576,0.0190728635204081,False,0.4535235969387755,1.0,0,15741dba-9bd7-469c-acfc-fb563112ee39,Lungenkarte
0.903128977540229,0.8345797947459633,True,0.3947398473236725,0.1722935267857142,False,0.3476761798469387,0.6525159051474841,0,15d3c938-6ccd-4abe-a49d-5fb469a1ea14,Lagepriore
0.7425371508184727,0.4627106009272409,False,0.2956577051586866,0.1722935267857142,False,0.3476761798469387,0.6525159051474841,0,15d3c938-6ccd-4abe-a49d-5fb469a1ea14,Lungenkarte
0.9328145974849648,0.9242885574946093,True,0.531333948913417,0.2358099489795918,False,0.6945551658163265,0.9913793103448276,0,15ea3d73-122d-4273-83e0-01f62d801ca7,Lagepriore
0.8173200528502731,0.7050005217597796,True,0.3271334433216491,0.2358099489795918,False,0.6945551658163265,0.9913793103448276,0,15ea3d73-122d-4273-83e0-01f62d801ca7,Lungenkarte
0.9036628267745548,0.8021946057354067,True,0.406574285959636,0.1796675701530612,False,0.3405014349489796,0.8183028286189684,0,164e8e2e-f90c-41d8-a7ee-cfee6fef16b2,Lagepriore
0.8639614124064556,0.687763995087349,True,0.3999911291514491,0.1796675701530612,False,0.3405014349489796,0.8183028286189684,0,164e8e2e-f90c-41d8-a7ee-cfee6fef16b2,Lungenkarte
0.9362328790150644,0.8834638322499284,True,0.4937570436200677,0.2137476084183673,False,0.6374362244897959,0.9976689976689976,0,1682a002-e834-4696-8101-70afe4edeebf,Lagepriore
0.8597469216039088,0.7445563909180166,True,0.3162040290944927,0.2137476084183673,False,0.6374362244897959,0.9976689976689976,0,1682a002-e834-4696-8101-70afe4edeebf,Lungenkarte
0.84662329130714,0.75858918254586,False,0.1796026659094954,0.0815529336734693,False,0.5816924426020408,0.9938905180840664,0,16923fe0-5e98-4bcf-92e6-65d10161660d,Lagepriore
0.8348743137292833,0.702789565580664,True,0.1323501531176509,0.0815529336734693,False,0.5816924426020408,0.9938905180840664,0,16923fe0-5e98-4bcf-92e6-65d10161660d,Lungenkarte
0.7839310441147834,0.7703563325858522,False,0.2898576755848618,0.1558713329081632,False,0.4942203443877551,0.6642373098069301,0,16939adb-3468-4e45-9b87-0ec9a8b0f2ea,Lagepriore
0.6426669788700186,0.5781017440662993,False,0.203720308321687,0.1558713329081632,False,0.4942203443877551,0.6642373098069301,0,16939adb-3468-4e45-9b87-0ec9a8b0f2ea,Lungenkarte
0.7984063083840903,0.6888319596091563,False,0.1965871551888119,0.1052295918367346,False,0.4546197385204081,0.2329545454545454,0,16b79bed-11af-493a-994a-294b21d34c88,Lagepriore
0.3073008187103123,0.2480283017695104,False,0.0511193573432373,0.1052295918367346,False,0.4546197385204081,0.2329545454545454,0,16b79bed-11af-493a-994a-294b21d34c88,Lungenkarte
0.8393109304105227,0.791585241893726,False,0.1319999018145534,0.0605070153061224,False,0.4565130739795918,0.6409749670619236,0,1738d7da-d93e-4f81-aefd-a1adb148664d,Lagepriore
0.6054573236003205,0.3460591137231981,False,0.0779551072936538,0.0605070153061224,False,0.4565130739795918,0.6409749670619236,0,1738d7da-d93e-4f81-aefd-a1adb148664d,Lungenkarte
0.6909767554009718,0.5982082587090557,False,0.1865440922556789,0.1285076530612245,False,0.564094387755102,0.8870967741935484,0,17709922-a966-48f3-ae70-32fa7b5d418e,Lagepriore
0.6765560405306115,0.4504770728518736,False,0.1870731534609532,0.1285076530612245,False,0.564094387755102,0.8870967741935484,0,17709922-a966-48f3-ae70-32fa7b5d418e,Lungenkarte
0.9254459624074418,0.8024342574931392,True,0.5329738532999697,0.241031568877551,False,0.4460698341836734,0.7997354059864396,0,17764c35-e511-4ff1-a7d1-cc5d670b0f08,Lagepriore
0.7808739263494031,0.6472374245024368,True,0.3961261304890415,0.241031568877551,False,0.4460698341836734,0.7997354059864396,0,17764c35-e511-4ff1-a7d1-cc5d670b0f08,Lungenkarte
0.6715950037650492,0.6921295717818384,False,0.3830073712938755,0.284000318877551,False,0.6309789540816326,0.5906666666666667,0,1792982c-8183-4199-8217-510c92805614,Lagepriore
0.4635317694949951,0.499654192553836,False,0.2631291476950679,0.284000318877551,False,0.6309789540816326,0.5906666666666667,0,1792982c-8183-4199-8217-510c92805614,Lungenkarte
0.8170218283835581,0.7320147795398375,False,0.4079424995285413,0.2311862244897959,False,0.7248485331632653,0.9763793103448276,0,1794b7b4-de8c-479a-bfa7-2ab868c3061b,Lagepriore
0.7444636896802014,0.6266509650414176,True,0.2944722238040873,0.2311862244897959,False,0.7248485331632653,0.9763793103448276,0,1794b7b4-de8c-479a-bfa7-2ab868c3061b,Lungenkarte
0.7416432258470269,0.5388479417031501,False,0.2293424169656757,0.1450892857142857,False,0.4693080357142857,0.8638736263736264,0,179dbb8e-d6b0-4afa-bb53-f6590e3892c2,Lagepriore
0.8171605901034344,0.6801782475590913,False,0.2546860931812008,0.1450892857142857,False,0.4693080357142857,0.8638736263736264,0,179dbb8e-d6b0-4afa-bb53-f6590e3892c2,Lungenkarte
0.9320968524438042,0.8781437588188881,True,0.7484535155522462,0.3965242346938775,False,0.5476921237244898,0.8201145958986731,0,17a1427c-70b0-4383-b5f3-a2b5f1ec0691,Lagepriore
0.7765762944856185,0.6386807675772205,True,0.5504132064350038,0.3965242346938775,False,0.5476921237244898,0.8201145958986731,0,17a1427c-70b0-4383-b5f3-a2b5f1ec0691,Lungenkarte
0.656611075417436,0.5486689361984696,False,0.4254212042110162,0.3288424744897959,False,0.6094945790816326,0.8252727272727273,0,17a5ce04-809a-42ed-9e58-100cfb33de7a,Lagepriore
0.7100477932310395,0.5642576704917642,False,0.4346432750212113,0.3288424744897959,False,0.6094945790816326,0.8252727272727273,0,17a5ce04-809a-42ed-9e58-100cfb33de7a,Lungenkarte
0.770938900188585,0.8414110167925088,True,0.8810002977918084,0.7061941964285714,False,0.6115074936224489,0.7687249534345544,0,17f68ac3-2385-4b13-b8c0-66ba8b343205,Lagepriore
0.8600603059879461,0.746805570461394,True,0.8733713406410901,0.7061941964285714,False,0.6115074936224489,0.7687249534345544,0,17f68ac3-2385-4b13-b8c0-66ba8b343205,Lungenkarte
0.7784124649294426,0.6379933505578848,False,0.1134211755588918,0.0615234375,False,0.6202566964285714,0.9983803045027536,0,182f6df4-daf7-43d5-86c3-9bb53846dafd,Lagepriore
0.7112186392998975,0.5185491420433033,False,0.0887663388758696,0.0615234375,False,0.6202566964285714,0.9983803045027536,0,182f6df4-daf7-43d5-86c3-9bb53846dafd,Lungenkarte
0.8988391516467119,0.7301908897030948,False,0.1816302189797048,0.0740792410714285,False,0.3573222257653061,0.712940543449018,0,1839045f-af6a-430b-8771-c984f87799b0,Lagepriore
0.7254122161501768,0.3952512327315701,False,0.131024919863473,0.0740792410714285,False,0.3573222257653061,0.712940543449018,0,1839045f-af6a-430b-8771-c984f87799b0,Lungenkarte
0.8273641223746956,0.6866923405486639,False,0.338821313825002,0.175601881377551,False,0.44921875,0.487685847236409,0,1875e3ae-e7d2-41af-8305-61f7384cb19f,Lagepriore
0.5182037556951484,0.4262569346863652,False,0.1802466065717726,0.175601881377551,False,0.44921875,0.487685847236409,0,1875e3ae-e7d2-41af-8305-61f7384cb19f,Lungenkarte
0.6725323044487104,0.5421639142037934,False,0.1950096492634819,0.1407445790816326,False,0.6575454400510204,0.9191447182101388,0,18832ae7-6e31-4667-8eb5-3eddf5ab6d8e,Lagepriore
0.7145763813591641,0.6050712305007842,False,0.1874496212067602,0.1407445790816326,False,0.6575454400510204,0.9191447182101388,0,18832ae7-6e31-4667-8eb5-3eddf5ab6d8e,Lungenkarte
0.8432229366673262,0.8087596652831963,True,0.3201994980590634,0.1501315369897959,False,0.7798349808673469,0.9909730519049516,0,1889dd53-607f-4897-9be6-b2a5c078d6b3,Lagepriore
0.6325883969658486,0.5116176526332926,False,0.1820846863942575,0.1501315369897959,False,0.7798349808673469,0.9909730519049516,0,1889dd53-607f-4897-9be6-b2a5c078d6b3,Lungenkarte
0.7454877574040978,0.6332216780651221,False,0.0768559818253827,0.042251275510204,False,0.6180046237244898,0.9400943396226416,0,18bff0c2-16fa-4681-845a-c9a8f019ceaf,Lagepriore
0.7422863675554621,0.6175322790228994,True,0.0602421334543566,0.042251275510204,False,0.6180046237244898,0.9400943396226416,0,18bff0c2-16fa-4681-845a-c9a8f019ceaf,Lungenkarte
0.6712168825688832,0.5228184946150035,False,0.4422356500366,0.3348214285714285,False,0.6373565051020408,0.8642857142857143,0,18c4af3d-0768-4f17-9c1f-d6f8199098ac,Lagepriore
0.7132062700814387,0.5725815105917027,False,0.4293163466063783,0.3348214285714285,False,0.6373565051020408,0.8642857142857143,0,18c4af3d-0768-4f17-9c1f-d6f8199098ac,Lungenkarte
0.8960286485392063,0.8581371854741514,True,0.9081766645470892,0.6298230229591837,False,0.5502830038265306,0.730460097462186,0,18f349ea-e436-443c-a040-c07c705f9989,Lagepriore
0.8124623523499824,0.824079699205181,True,0.7948333746190663,0.6298230229591837,False,0.5502830038265306,0.730460097462186,0,18f349ea-e436-443c-a040-c07c705f9989,Lungenkarte
0.7940804661781098,0.7588223818177778,False,0.2611993206814168,0.1405054209183673,False,0.5534518494897959,0.5553191489361702,0,18f84176-38fd-4c45-9054-1ee74075bb99,Lagepriore
0.4991001939558273,0.4806906509715868,False,0.1387115382707464,0.1405054209183673,False,0.5534518494897959,0.5553191489361702,0,18f84176-38fd-4c45-9054-1ee74075bb99,Lungenkarte
0.9069022611657296,0.828142568558378,True,0.3537975326588739,0.1514070471938775,False,0.4824019451530612,0.97196261682243,0,192c7502-0bb4-4479-ae6c-9ff142f1c684,Lagepriore
0.8790079843624993,0.7214466776007368,True,0.2836295139346656,0.1514070471938775,False,0.4824019451530612,0.97196261682243,0,192c7502-0bb4-4479-ae6c-9ff142f1c684,Lungenkarte
0.8528034298939976,0.7440257030117333,False,0.3769005103438009,0.1928411989795918,False,0.5470742984693877,0.8002273666804465,0,192e8e4a-4db4-4c04-9b74-297e15b87c8e,Lagepriore
0.7043043128218476,0.590539961383513,False,0.2690426292768415,0.1928411989795918,False,0.5470742984693877,0.8002273666804465,0,192e8e4a-4db4-4c04-9b74-297e15b87c8e,Lungenkarte
0.8860817477815084,0.880098566501125,True,0.9148517928901369,0.6550940688775511,False,0.5568399234693877,0.761028293276544,0,192f3509-9413-44f1-a585-57829f15ad38,Lagepriore
0.8871141787171277,0.8739603075761381,True,0.8693857604041585,0.6550940688775511,False,0.5568399234693877,0.761028293276544,0,192f3509-9413-44f1-a585-57829f15ad38,Lungenkarte
0.8652856097798933,0.7958342497292087,True,0.796932882378162,0.5111607142857143,False,0.6150550063775511,0.8815502183406113,0,193d589c-8295-4445-8e13-bd3beeddcbe4,Lagepriore
0.8481484163998195,0.7027820143870623,True,0.693607274264776,0.5111607142857143,False,0.6150550063775511,0.8815502183406113,0,193d589c-8295-4445-8e13-bd3beeddcbe4,Lungenkarte
0.9305495827673126,0.8809592606074492,True,0.1797445616678465,0.0663066007653061,False,0.6109494579081632,1.0,0,19b43d5f-840f-4eb7-b34d-e36868ee7af8,Lagepriore
0.8815046117987685,0.7968607127547023,True,0.1067656938819691,0.0663066007653061,False,0.6109494579081632,1.0,0,19b43d5f-840f-4eb7-b34d-e36868ee7af8,Lungenkarte
0.9384703566438998,0.90391103903017,True,0.3389449268747823,0.132095025510204,False,0.5521962691326531,0.9662039831019916,0,1a007e73-2048-4948-a4c0-ef745246bc76,Lagepriore
0.8847069530557475,0.8000989918138698,True,0.222659241879783,0.132095025510204,False,0.5521962691326531,0.9662039831019916,0,1a007e73-2048-4948-a4c0-ef745246bc76,Lungenkarte
0.9584210676469226,0.910687243673904,True,0.5083170187950695,0.210578762755102,False,0.5309311224489796,0.9031800113571834,0,1a2b6a01-88f6-4907-adef-f396a00a15b4,Lagepriore
0.8778033632191742,0.8493041881198962,True,0.3466671676615579,0.210578762755102,False,0.5309311224489796,0.9031800113571834,0,1a2b6a01-88f6-4907-adef-f396a00a15b4,Lungenkarte
0.972591767718978,0.9365506991114732,True,0.5492555453198886,0.2232541454081632,False,0.4093789859693877,0.8578825209783967,0,1acc13bc-a199-49bf-8360-c20314fd85fd,Lagepriore
0.8675770170193072,0.7250627505368792,True,0.4367298364602719,0.2232541454081632,False,0.4093789859693877,0.8578825209783967,0,1acc13bc-a199-49bf-8360-c20314fd85fd,Lungenkarte
0.9830545548856676,0.9545731465073052,True,0.1240404240952271,0.0390625,False,0.3769132653061224,1.0,0,1b3bc37d-dfa7-4dee-a7dc-18008b346586,Lagepriore
0.9608408738059684,0.8886210223825255,True,0.0999729357606881,0.0390625,False,0.3769132653061224,1.0,0,1b3bc37d-dfa7-4dee-a7dc-18008b346586,Lungenkarte
0.9750173309604012,0.9487041502170888,True,0.5564829994024288,0.2278778698979592,False,0.5353356186224489,0.8314675529123666,0,1b6ac013-a672-4eda-9e69-75b0628ff944,Lagepriore
0.7806328969115232,0.7290512111084777,True,0.3388613854446334,0.2278778698979592,False,0.5353356186224489,0.8314675529123666,0,1b6ac013-a672-4eda-9e69-75b0628ff944,Lungenkarte
0.8009218675424774,0.7396914578660391,False,0.107693492588073,0.054946588010204,False,0.7034239477040817,0.9666303953572724,0,1ba253cb-105f-4250-80bf-be5565bd359c,Lagepriore
0.6943373715809277,0.5826244797114041,False,0.0709204331859065,0.054946588010204,False,0.7034239477040817,0.9666303953572724,0,1ba253cb-105f-4250-80bf-be5565bd359c,Lungenkarte
0.8619721575601075,0.7170549779026737,False,0.0678647210784385,0.028938137755102,False,0.4139030612244898,1.0,0,1bc755ca-d22a-4a4f-9eb7-acc2e2b45b44,Lagepriore
0.9763498574531124,0.9403432622978596,True,0.0695046146994618,0.028938137755102,False,0.4139030612244898,1.0,0,1bc755ca-d22a-4a4f-9eb7-acc2e2b45b44,Lungenkarte
0.7569745270300989,0.5532367311817766,False,0.0281539854414807,0.0163424744897959,False,0.4677136479591837,1.0,0,1c20a2ed-7081-4e30-b5f8-a329c51d14f1,Lagepriore
0.956175849823779,0.904495551214343,False,0.0347367914198024,0.0163424744897959,False,0.4677136479591837,1.0,0,1c20a2ed-7081-4e30-b5f8-a329c51d14f1,Lungenkarte
0.9818615872066369,0.964059383071596,True,0.1143545735169351,0.0359135841836734,False,0.5121771364795918,0.9977802441731408,0,1c2fbe4f-6785-420d-a7ef-d81b84ff45ec,Lagepriore
0.8633294641864419,0.7255257818925761,False,0.066513920705852,0.0359135841836734,False,0.5121771364795918,0.9977802441731408,0,1c2fbe4f-6785-420d-a7ef-d81b84ff45ec,Lungenkarte
0.8114354964084025,0.6551422592939776,False,0.1329340888187962,0.0682796556122449,False,0.2914939413265306,0.965557501459428,0,1c63da74-f68a-498d-a4b8-fc637227a4fa,Lagepriore
0.9479123219419912,0.8178994071144978,False,0.2130796933677166,0.0682796556122449,False,0.2914939413265306,0.965557501459428,0,1c63da74-f68a-498d-a4b8-fc637227a4fa,Lungenkarte
0.8971067076967785,0.8011567220269631,False,0.0999348104333237,0.039859693877551,False,0.4616151147959184,0.797,0,1c7c7be7-497e-4751-89e4-09d4209a8e2a,Lagepriore
0.69718126764364,0.4683596353303746,False,0.0638234224459869,0.039859693877551,False,0.4616151147959184,0.797,0,1c7c7be7-497e-4751-89e4-09d4209a8e2a,Lungenkarte
0.9054142103848812,0.868842766624441,True,0.3407170463349757,0.1454280931122449,False,0.6803252551020408,0.9232561326572564,0,1c98cf85-1e50-4def-a8e7-6749808339ff,Lagepriore
0.7944653995956374,0.755037635004789,False,0.1929672496135548,0.1454280931122449,False,0.6803252551020408,0.9232561326572564,0,1c98cf85-1e50-4def-a8e7-6749808339ff,Lungenkarte
0.8892413728665343,0.8803495982098529,True,0.4237715139696456,0.1894331951530612,False,0.5688376913265306,0.8837453971593898,0,1cabab6f-b2b8-4780-b6bf-525f2ad15096,Lagepriore
0.794761002282451,0.7016348804440851,True,0.2816122799739912,0.1894331951530612,False,0.5688376913265306,0.8837453971593898,0,1cabab6f-b2b8-4780-b6bf-525f2ad15096,Lungenkarte
0.7718147140661525,0.892021985883674,False,0.1038710650640986,0.0568000637755102,False,0.5270448022959183,0.195438596491228,0,1caf1ab4-68ee-4b55-ba89-1c3f3bee1435,Lagepriore
0.2648795810470266,0.2675748092043505,False,0.0253716503785506,0.0568000637755102,False,0.5270448022959183,0.195438596491228,0,1caf1ab4-68ee-4b55-ba89-1c3f3bee1435,Lungenkarte
0.7119413557890578,0.612002729060258,False,0.026152238742987,0.0174186862244897,False,0.6745057397959183,1.0,0,1caf3708-4998-4594-bf7f-ea4beb24b6f5,Lagepriore
0.6329791811305968,0.4529143406841668,False,0.0237611404245647,0.0174186862244897,False,0.6745057397959183,1.0,0,1caf3708-4998-4594-bf7f-ea4beb24b6f5,Lungenkarte
0.9820759046647134,0.9725336740195564,True,0.2635108233233713,0.0893455038265306,False,0.5197903380102041,0.9375418246709792,0,1cee8f22-8603-49a8-a69c-ea807158db1b,Lagepriore
0.8446054878108107,0.7361619059531935,True,0.153718358628917,0.0893455038265306,False,0.5197903380102041,0.9375418246709792,0,1cee8f22-8603-49a8-a69c-ea807158db1b,Lungenkarte
0.972050631172343,0.9352097026466376,True,0.4627322325297124,0.1795280612244898,False,0.4308035714285714,0.8412522202486679,0,1e1d4b6e-7fe6-4ea7-91ea-9c42ec8d6f00,Lagepriore
0.8611325292252203,0.8112608122334014,True,0.3415251682310448,0.1795280612244898,False,0.4308035714285714,0.8412522202486679,0,1e1d4b6e-7fe6-4ea7-91ea-9c42ec8d6f00,Lungenkarte
0.9163576263965896,0.8977813228410093,True,0.2160696320821315,0.0844029017857142,False,0.6928013392857143,0.825974025974026,0,1e332eeb-da57-4857-8457-b8fc76941749,Lagepriore
0.641793201880745,0.6174282566350241,False,0.0989375745106945,0.0844029017857142,False,0.6928013392857143,0.825974025974026,0,1e332eeb-da57-4857-8457-b8fc76941749,Lungenkarte
0.9571297001632648,0.9279157186677536,True,0.3151256038610225,0.1165497448979591,False,0.4685307716836734,0.8144664842681258,0,1e8fbc6f-08f6-4801-b437-69d9e5bde269,Lagepriore
0.8002139018215413,0.7477318416913475,True,0.1979411751159362,0.1165497448979591,False,0.4685307716836734,0.8144664842681258,0,1e8fbc6f-08f6-4801-b437-69d9e5bde269,Lungenkarte
0.834589541821415,0.8477011470616057,False,0.051266249298521,0.0236766581632653,False,0.5129544005102041,0.281986531986532,0,1e919d0a-d02e-424b-abf4-6bbf4f6f9ad3,Lagepriore
0.3876805946292351,0.1924534709439066,False,0.0157935040585782,0.0236766581632653,False,0.5129544005102041,0.281986531986532,0,1e919d0a-d02e-424b-abf4-6bbf4f6f9ad3,Lungenkarte
0.9046614149239628,0.8252111117086331,True,0.3693205527790461,0.1602558992346938,False,0.4968710140306122,0.987190647929362,0,1e98c91f-9481-4ea3-917f-69f11c7740b3,Lagepriore
0.9203399313418458,0.8156921750285124,True,0.3025052474997894,0.1602558992346938,False,0.4968710140306122,0.987190647929362,0,1e98c91f-9481-4ea3-917f-69f11c7740b3,Lungenkarte
0.4801316200131297,,False,0.0196206372339361,0.0281010841836734,False,0.3048270089285714,0.0,0,1ee29f7c-f059-47b3-8d59-6edd3ede27d0,Lagepriore
0.2814586621943029,,False,0.0003377976835887,0.0281010841836734,False,0.3048270089285714,0.0,0,1ee29f7c-f059-47b3-8d59-6edd3ede27d0,Lungenkarte
0.7953842236905583,0.7137592082931976,False,0.1760578480336853,0.0932716836734693,False,0.6503109056122449,1.0,0,1f5f34b6-8e8d-4e25-88fc-6ba1b5b0ac06,Lagepriore
0.8812213884868624,0.8066876290078436,True,0.1420203391370413,0.0932716836734693,False,0.6503109056122449,1.0,0,1f5f34b6-8e8d-4e25-88fc-6ba1b5b0ac06,Lungenkarte
0.5609891852859418,0.4540182513500734,False,0.1743934262168993,0.1825972576530612,False,0.6861248405612245,0.9870115695263044,0,20fa542a-4930-46eb-8e1b-3e938980e6ea,Lagepriore
0.7653864554818903,0.6287791980076003,True,0.2584908936885273,0.1825972576530612,False,0.6861248405612245,0.9870115695263044,0,20fa542a-4930-46eb-8e1b-3e938980e6ea,Lungenkarte
0.8673461442427632,0.8174147250376809,True,0.2315252295911098,0.0999681122448979,False,0.64453125,0.9990031897926634,0,21b97415-1275-4483-9705-af9174fc2b4f,Lagepriore
0.8009509361893138,0.6733196006803255,False,0.1481549570682061,0.0999681122448979,False,0.64453125,0.9990031897926634,0,21b97415-1275-4483-9705-af9174fc2b4f,Lungenkarte
0.9277910561106436,0.8626615384653137,False,0.2627380249857045,0.1029575892857142,False,0.5745974170918368,1.0,0,228b3dc1-f78a-4ac9-b213-2a416583d063,Lagepriore
0.888540114929508,0.7882069814178568,False,0.1744630592008506,0.1029575892857142,False,0.5745974170918368,1.0,0,228b3dc1-f78a-4ac9-b213-2a416583d063,Lungenkarte
0.9169518711484456,0.8795188505109636,False,0.0263915202691257,0.0096859056122448,False,0.6636041135204082,1.0,0,22c13a41-b046-441e-adbf-ed77104b6249,Lagepriore
0.7223756839731438,0.5795644289221985,False,0.014385551249735,0.0096859056122448,False,0.6636041135204082,1.0,0,22c13a41-b046-441e-adbf-ed77104b6249,Lungenkarte
0.9642426244406346,0.888462302413707,False,0.0394193414090889,0.0129743303571428,False,0.3294005102040816,1.0,0,22ff9ca2-6b24-422a-b8da-6f986a870077,Lagepriore
0.920491939167095,0.7519911373213065,False,0.0377498757734398,0.0129743303571428,False,0.3294005102040816,1.0,0,22ff9ca2-6b24-422a-b8da-6f986a870077,Lungenkarte
0.8760938910813251,0.7823558707768181,False,0.0809218472616761,0.0338010204081632,False,0.5717873086734694,0.5625,0,23815776-6d93-4835-867a-1b251b10b1d3,Lagepriore
0.4662030868107447,0.3318388403328417,False,0.0325218621636139,0.0338010204081632,False,0.5717873086734694,0.5625,0,23815776-6d93-4835-867a-1b251b10b1d3,Lungenkarte
0.8071500625707647,0.7418211395385508,True,0.1325606192343084,0.062320631377551,False,0.6703005420918368,1.0,0,23997b8b-5726-4b2d-bd45-b15fc1c4c2af,Lagepriore
0.8516736081400836,0.771264303387627,False,0.0917423715613886,0.062320631377551,False,0.6703005420918368,1.0,0,23997b8b-5726-4b2d-bd45-b15fc1c4c2af,Lungenkarte
0.8265230680457619,0.7068555465006179,False,0.1149639311294429,0.0535714285714285,False,0.6091557716836735,0.7042410714285714,0,240d4da6-3775-4515-b884-d67bccc47496,Lagepriore
0.5217643290272329,0.3807981694188174,False,0.0604483214850857,0.0535714285714285,False,0.6091557716836735,0.7042410714285714,0,240d4da6-3775-4515-b884-d67bccc47496,Lungenkarte
0.7046559725512805,0.6433282964065928,False,0.0625761680548801,0.0416135204081632,False,0.6361806441326531,0.7504789272030651,0,244ce2a0-21d8-4f75-a118-dd5a51658bc7,Lagepriore
0.5167070529938408,0.3869300034534,False,0.0455352327402487,0.0416135204081632,False,0.6361806441326531,0.7504789272030651,0,244ce2a0-21d8-4f75-a118-dd5a51658bc7,Lungenkarte
0.987804880641889,0.9774085931797216,True,0.1127732268251165,0.0348373724489795,False,0.5554647640306123,1.0,0,2456fcb4-82bd-4fa9-8ef2-8e1250c3ff50,Lagepriore
0.9058362715538546,0.8254472373302466,True,0.0617416640530322,0.0348373724489795,False,0.5554647640306123,1.0,0,2456fcb4-82bd-4fa9-8ef2-8e1250c3ff50,Lungenkarte
0.9182088488930776,0.823512282221084,False,0.065366286224746,0.0242944834183673,False,0.3481544961734694,0.726825266611977,0,25300d70-86f1-4be6-83a9-f6ae31a0b451,Lagepriore
0.7328754940444883,0.3790297496593168,False,0.045985956767772,0.0242944834183673,False,0.3481544961734694,0.726825266611977,0,25300d70-86f1-4be6-83a9-f6ae31a0b451,Lungenkarte
0.9298556291065526,0.8877318551872477,True,0.629914619689022,0.3005620216836734,False,0.5396006058673469,0.9211590743319408,0,25651f11-e9b6-423e-a9d0-d20347cb4caf,Lagepriore
0.8778051256274011,0.7729740773521484,True,0.4829328251450566,0.3005620216836734,False,0.5396006058673469,0.9211590743319408,0,25651f11-e9b6-423e-a9d0-d20347cb4caf,Lungenkarte
0.8830520289326794,0.75900294972543,False,0.0768899169326016,0.031509088010204,False,0.4932637117346938,1.0,0,25e49cde-cdd9-47ba-9e3c-bc8406433240,Lagepriore
0.9084051212896432,0.8078875596301182,False,0.0620405689295205,0.031509088010204,False,0.4932637117346938,1.0,0,25e49cde-cdd9-47ba-9e3c-bc8406433240,Lungenkarte
0.9578412902503912,0.9296924009735928,True,0.3883260713517288,0.1487563775510204,False,0.4128667091836734,0.8996516613076099,0,284e095a-2c52-445d-9dd5-93c45021a7b7,Lagepriore
0.8916249282690397,0.7961184880794867,True,0.3106060270457999,0.1487563775510204,False,0.4128667091836734,0.8996516613076099,0,284e095a-2c52-445d-9dd5-93c45021a7b7,Lungenkarte
0.9442413508574328,0.8889728063468249,False,0.1203282460364347,0.0428491709183673,False,0.5235371492346939,1.0,0,28c94c54-4279-431a-b329-c69104ee0d38,Lagepriore
0.9200902272896756,0.8408828415694661,False,0.0808985872871207,0.0428491709183673,False,0.5235371492346939,1.0,0,28c94c54-4279-431a-b329-c69104ee0d38,Lungenkarte
0.8443488829823027,0.7337880298445647,False,0.0681389371412311,0.0306919642857142,False,0.5329241071428571,0.9402597402597402,0,28fa453d-027a-4569-9e22-7814e7b74f43,Lagepriore
0.7030718921262963,0.467872541532579,False,0.0480222466223065,0.0306919642857142,False,0.5329241071428571,0.9402597402597402,0,28fa453d-027a-4569-9e22-7814e7b74f43,Lungenkarte
0.9318301134553356,0.8629728597985369,False,0.1320317060530933,0.0487085459183673,False,0.5018933354591837,0.9288052373158756,0,293f4b7b-3a6e-44a6-b9d2-810b139094cf,Lagepriore
0.7476978922689326,0.5279780191342429,False,0.0817017905203912,0.0487085459183673,False,0.5018933354591837,0.9288052373158756,0,293f4b7b-3a6e-44a6-b9d2-810b139094cf,Lungenkarte
0.7035875902409952,0.6171249107699182,False,0.0502874995416807,0.0306919642857142,False,0.6238839285714286,1.0,0,29aec016-fae1-429c-b88c-58e10cd90d7b,Lagepriore
0.9698406022795364,0.9507178985508512,False,0.0491211734598753,0.0306919642857142,False,0.6238839285714286,1.0,0,29aec016-fae1-429c-b88c-58e10cd90d7b,Lungenkarte
0.9778229381992012,0.95743129089275,True,0.3858484448710517,0.1411033163265306,False,0.5847018494897959,0.998446327683616,0,29b0895a-a35b-4681-9706-71bf3c50f857,Lagepriore
0.8932932349693078,0.7955634497036871,True,0.2330221026095847,0.1411033163265306,False,0.5847018494897959,0.998446327683616,0,29b0895a-a35b-4681-9706-71bf3c50f857,Lungenkarte
0.9323155354734214,0.8945972377244982,False,0.0574188831739844,0.0202287946428571,False,0.6176458864795918,1.0,0,29cfef18-40c3-489f-adcf-05bd93765b9d,Lagepriore
0.7707638408955475,0.624295101105515,False,0.0316884272710552,0.0202287946428571,False,0.6176458864795918,1.0,0,29cfef18-40c3-489f-adcf-05bd93765b9d,Lungenkarte
0.937001559278649,0.9111491620916472,False,0.0475047207026135,0.0167410714285714,False,0.4268176020408163,0.5619047619047619,0,2a640896-7f55-4136-95ed-1b8a9e208005,Lagepriore
0.5738822756684967,0.259897357440665,False,0.0195405255348871,0.0167410714285714,False,0.4268176020408163,0.5619047619047619,0,2a640896-7f55-4136-95ed-1b8a9e208005,Lungenkarte
0.9817237816591896,0.9667999770917408,True,0.2328664791533502,0.0778260522959183,False,0.5495655293367347,0.9874519846350832,0,2a9035ed-ec09-404d-adc3-d37688adf50a,Lagepriore
0.8246022769991331,0.6700133458758748,True,0.1305378216682654,0.0778260522959183,False,0.5495655293367347,0.9874519846350832,0,2a9035ed-ec09-404d-adc3-d37688adf50a,Lungenkarte
0.6260025433458175,0.5611775225874149,False,0.0328682995920655,0.0290577168367346,False,0.8150510204081632,1.0,0,2afaf9b4-664c-4c87-b9f5-4e411789da5d,Lagepriore
0.7982443936608722,0.7507700788673455,False,0.0354924206418512,0.0290577168367346,False,0.8150510204081632,1.0,0,2afaf9b4-664c-4c87-b9f5-4e411789da5d,Lungenkarte
0.7999532083116377,0.6512241398975004,False,0.2767073726677331,0.1542171556122449,False,0.5438655931122449,0.8988110622899974,0,2b4c09a2-c8d7-4773-84e3-f1aa664fba9a,Lagepriore
0.7388764779577002,0.5485975156652416,False,0.2320236808739942,0.1542171556122449,False,0.5438655931122449,0.8988110622899974,0,2b4c09a2-c8d7-4773-84e3-f1aa664fba9a,Lungenkarte
0.8743778862357409,0.7720691296681258,True,0.4084762269006387,0.1966477997448979,False,0.4852917729591837,0.9810479375696768,0,2bf8a7ed-b4a5-4ea1-b8e8-cadc7f7adf2d,Lagepriore
0.9125948158713524,0.7810840980919063,True,0.3748297067832087,0.1966477997448979,False,0.4852917729591837,0.9810479375696768,0,2bf8a7ed-b4a5-4ea1-b8e8-cadc7f7adf2d,Lungenkarte
0.4392279326072871,0.3246406381764968,False,0.0090158308461011,0.0189333545918367,False,0.6955915178571429,1.0,0,2c376b9a-167a-43d3-bcc2-b4af32fb9f74,Lagepriore
0.6551497283207205,0.5000249423334491,False,0.0265037813494951,0.0189333545918367,False,0.6955915178571429,1.0,0,2c376b9a-167a-43d3-bcc2-b4af32fb9f74,Lungenkarte
0.958643284497268,0.928211036293666,True,0.2526136232511679,0.0903818558673469,False,0.3909040178571428,0.955457552370452,0,2c7411ab-ce18-469d-868f-de850cafa9ba,Lagepriore
0.8984667816541574,0.7423520605369014,True,0.2075955578395873,0.0903818558673469,False,0.3909040178571428,0.955457552370452,0,2c7411ab-ce18-469d-868f-de850cafa9ba,Lungenkarte
0.6562229487397999,0.5545307652721773,False,0.1024045713774924,0.0780652104591836,False,0.6091757015306123,0.6752616798570334,0,2cb31ff6-2062-4da1-9e5c-5a1bf8b62fe4,Lagepriore
0.5305999752103383,0.464532255433894,False,0.0832932497327613,0.0780652104591836,False,0.6091757015306123,0.6752616798570334,0,2cb31ff6-2062-4da1-9e5c-5a1bf8b62fe4,Lungenkarte
0.9625443956540024,0.9283985072013988,True,0.0950613699481075,0.0309909119897959,False,0.5147480867346939,0.9890675241157556,0,2cce4f3d-ad2a-4021-b46a-3f34015600e5,Lagepriore
0.8416922186574536,0.6918519102457785,False,0.0561280273819863,0.0309909119897959,False,0.5147480867346939,0.9890675241157556,0,2cce4f3d-ad2a-4021-b46a-3f34015600e5,Lungenkarte
0.7755275571278039,0.9327236980822032,True,0.2032484465473638,0.1040338010204081,False,0.4416254783163265,0.2503831417624521,0,2ce34f96-40b4-4d2a-b6a1-c7e21e6db8a1,Lagepriore
0.3126859694059308,0.2807504368969871,False,0.0558754370182961,0.1040338010204081,False,0.4416254783163265,0.2503831417624521,0,2ce34f96-40b4-4d2a-b6a1-c7e21e6db8a1,Lungenkarte
0.9023157546823471,0.7837927067676907,False,0.1900503714369776,0.0770089285714285,False,0.4590441645408163,0.7119565217391305,0,2d0ebb7e-9c57-4a78-9728-e79b0f2bc91c,Lagepriore
0.658182793154326,0.4504073264893034,False,0.1106955541711665,0.0770089285714285,False,0.4590441645408163,0.7119565217391305,0,2d0ebb7e-9c57-4a78-9728-e79b0f2bc91c,Lungenkarte
0.6440838283121314,0.5320924215926153,False,0.0869733337110737,0.0729033801020408,False,0.6698421556122449,0.8182066703116457,0,2d519447-4bcf-42ad-bb28-cf051b649fff,Lagepriore
0.4766230429246939,0.2834403834420847,False,0.0812153850019831,0.0729033801020408,False,0.6698421556122449,0.8182066703116457,0,2d519447-4bcf-42ad-bb28-cf051b649fff,Lungenkarte
0.956051708886667,0.9201695846513602,True,0.4417300969309594,0.1752630739795918,False,0.5440051020408163,1.0,0,2db5d817-4f4c-4773-afa0-ed3cdb3a5035,Lagepriore
0.93053347749514,0.8446524181307274,True,0.3110449313816386,0.1752630739795918,False,0.5440051020408163,1.0,0,2db5d817-4f4c-4773-afa0-ed3cdb3a5035,Lungenkarte
0.7554863621027245,0.6055894023842112,False,0.0109425258382886,0.0064373405612244,False,0.4856903698979591,1.0,0,2dce719f-1702-406f-a471-03f033f1822a,Lagepriore
0.8264882345426824,0.6403939215527487,False,0.0126788036725967,0.0064373405612244,False,0.4856903698979591,1.0,0,2dce719f-1702-406f-a471-03f033f1822a,Lungenkarte
0.8768117439401519,0.82582548107606,True,0.1106386862441924,0.0438456632653061,False,0.5860770089285714,1.0,0,2e02f4ce-3130-42b9-af78-997942bc4f38,Lagepriore
0.9025131268285658,0.8280945996518275,False,0.074334643206946,0.0438456632653061,False,0.5860770089285714,1.0,0,2e02f4ce-3130-42b9-af78-997942bc4f38,Lungenkarte
0.900807054289963,0.843006027713354,False,0.0753123319051204,0.0291374362244897,False,0.3218271683673469,0.6908344733242134,0,2e13eff6-7bb4-4b45-846f-1522888dbfe1,Lagepriore
0.7638884138341846,0.4706762471728742,False,0.0591108654617009,0.0291374362244897,False,0.3218271683673469,0.6908344733242134,0,2e13eff6-7bb4-4b45-846f-1522888dbfe1,Lungenkarte
0.8829835508078342,0.7101494338722464,False,0.2664031675809609,0.1183832908163265,False,0.4242865114795918,0.8944444444444445,0,2e19d541-b5d1-41d9-8265-989b6bfb1ecd,Lagepriore
0.8376888230802464,0.6530465281962092,False,0.2329977766811722,0.1183832908163265,False,0.4242865114795918,0.8944444444444445,0,2e19d541-b5d1-41d9-8265-989b6bfb1ecd,Lungenkarte
0.8843272960626564,0.7693149847905082,False,0.102527079590309,0.0421715561224489,False,0.5554249043367347,0.5699432892249527,0,2e3363a0-19d9-47d7-b7e5-d2142da1b9fa,Lagepriore
0.5632604801653888,0.5914954319900578,False,0.0453409649352213,0.0421715561224489,False,0.5554249043367347,0.5699432892249527,0,2e3363a0-19d9-47d7-b7e5-d2142da1b9fa,Lungenkarte
0.9023666076594344,0.8119607423522003,True,0.2658149075178339,0.1110092474489796,False,0.5684590242346939,1.0,0,2f686840-18b3-45ac-a2bb-6140e3b0ac73,Lagepriore
0.8870066489191502,0.7805445496655761,False,0.1892303480612855,0.1110092474489796,False,0.5684590242346939,1.0,0,2f686840-18b3-45ac-a2bb-6140e3b0ac73,Lungenkarte
0.9056552223822554,0.8639456642294134,False,0.0876082872619719,0.0336814413265306,False,0.4241669323979591,0.7183431952662722,0,2f873371-c1a7-4c07-9470-3bbcc201832d,Lagepriore
0.6844581806936523,0.4501756830204328,False,0.0532694672415686,0.0336814413265306,False,0.4241669323979591,0.7183431952662722,0,2f873371-c1a7-4c07-9470-3bbcc201832d,Lungenkarte
0.9214530836182458,0.81560615836158,False,0.2335369198632776,0.0927335778061224,False,0.3724489795918367,0.7167418869546529,0,2fa8e28a-dce6-4c68-8bb6-b2537476577d,Lagepriore
0.7502529960564969,0.5806276403256068,False,0.16757029216688,0.0927335778061224,False,0.3724489795918367,0.7167418869546529,0,2fa8e28a-dce6-4c68-8bb6-b2537476577d,Lungenkarte
0.9664434497548204,0.9147491629053682,True,0.1825232894078853,0.0620416135204081,False,0.4260004783163265,1.0,0,2fc6c353-a51d-4eb7-ae51-d971f12a38d9,Lagepriore
0.9616960592884228,0.9012869148116875,True,0.143566421406568,0.0620416135204081,False,0.4260004783163265,1.0,0,2fc6c353-a51d-4eb7-ae51-d971f12a38d9,Lungenkarte
0.7796992597461614,0.7596118538986677,True,0.1607156042460005,0.0792012117346938,False,0.517578125,0.7131353799698037,0,303390de-3812-4aae-893f-3f18897a6c21,Lagepriore
0.6879635709249641,0.7021627386184944,True,0.1087273933152137,0.0792012117346938,False,0.517578125,0.7131353799698037,0,303390de-3812-4aae-893f-3f18897a6c21,Lungenkarte
0.8617831933410462,0.9673869003885712,True,0.0762142938720363,0.0311902104591836,False,0.4407884247448979,0.4670926517571885,0,31368401-b882-40ef-a728-8657ea3144b4,Lagepriore
0.5601406037353462,0.6018031792152658,False,0.035417204255377,0.0311902104591836,False,0.4407884247448979,0.4670926517571885,0,31368401-b882-40ef-a728-8657ea3144b4,Lungenkarte
0.8975425388418519,0.8298938498115085,False,0.1970900778010864,0.080875318877551,False,0.4936224489795918,0.9070970921636274,0,31428408-0d97-4ff5-b387-8d1c95cf5a0d,Lagepriore
0.8137622587960928,0.6729650323705828,False,0.1425983339148082,0.080875318877551,False,0.4936224489795918,0.9070970921636274,0,31428408-0d97-4ff5-b387-8d1c95cf5a0d,Lungenkarte
0.9612860858093868,0.9445258214269058,True,0.3298174786305476,0.1217514349489796,False,0.5614835778061225,0.795874938615158,0,3170c2b4-aa5a-4e6f-bf27-39ee0a2a416c,Lagepriore
0.7184640731241464,0.6841061286002704,True,0.1675889691552018,0.1217514349489796,False,0.5614835778061225,0.795874938615158,0,3170c2b4-aa5a-4e6f-bf27-39ee0a2a416c,Lungenkarte
0.90385417213311,0.8755917024838766,True,0.337165704590626,0.1418207908163265,False,0.5469945790816326,0.8771781899943789,0,3186d210-966f-4733-ba72-98729be9551a,Lagepriore
0.7863294517343409,0.6901567755075865,True,0.2177356067354443,0.1418207908163265,False,0.5469945790816326,0.8771781899943789,0,3186d210-966f-4733-ba72-98729be9551a,Lungenkarte
0.7074269021364306,0.5363831591190081,False,0.0673184720659053,0.0466358418367346,False,0.5711296237244898,0.9965811965811966,0,31902a4d-1835-463a-a19a-5a84cd646751,Lagepriore
0.8512613475314161,0.734182324779809,False,0.0774407141835517,0.0466358418367346,False,0.5711296237244898,0.9965811965811966,0,31902a4d-1835-463a-a19a-5a84cd646751,Lungenkarte
0.9106312138327292,0.8124924018819063,False,0.1942482942132102,0.0774473852040816,False,0.485172193877551,0.8893463715903243,0,319a8d01-4507-4882-a8fd-f667073fc847,Lagepriore
0.741824933481741,0.5188063742960694,False,0.1284594573328394,0.0774473852040816,False,0.485172193877551,0.8893463715903243,0,319a8d01-4507-4882-a8fd-f667073fc847,Lungenkarte
0.9668965629756204,0.9434617090905204,True,0.3012221271528293,0.1079400510204081,False,0.4824418048469387,0.9148818316100444,0,31a00524-b6eb-4d94-99ed-e70827499507,Lagepriore
0.8637296378321011,0.7764310961546081,True,0.1967998108755459,0.1079400510204081,False,0.4824418048469387,0.9148818316100444,0,31a00524-b6eb-4d94-99ed-e70827499507,Lungenkarte
0.8420247317383783,0.7169220037163192,True,0.5079241877902633,0.258968431122449,False,0.486328125,0.8391565337848238,0,31e2cf57-392d-4fdf-97ce-69a2da281eec,Lagepriore
0.8198852760558373,0.7180860134220586,True,0.4195094858314738,0.258968431122449,False,0.486328125,0.8391565337848238,0,31e2cf57-392d-4fdf-97ce-69a2da281eec,Lungenkarte
0.8335560092478665,0.6404880063864574,False,0.1779375074003532,0.0873126594387755,False,0.4421237244897959,0.7626112759643917,0,320ed4b4-0793-4224-866b-29d9cfc5b90f,Lagepriore
0.772207934993287,0.7519176837391179,False,0.1473743376739997,0.0873126594387755,False,0.4421237244897959,0.7626112759643917,0,320ed4b4-0793-4224-866b-29d9cfc5b90f,Lungenkarte
0.8950215006158575,0.720021117863252,False,0.2440448141457391,0.1028579400510204,False,0.4081034757653061,1.0,0,3211c41c-8ced-42ba-8b0f-a04797f1ff27,Lagepriore
0.9570580931676352,0.873986234272361,True,0.2431910438627363,0.1028579400510204,False,0.4081034757653061,1.0,0,3211c41c-8ced-42ba-8b0f-a04797f1ff27,Lungenkarte
0.8097043126381037,0.6506052028747776,False,0.1235964538110648,0.0605070153061224,False,0.5095065369897959,0.9667325428194994,0,321dee3c-8bf0-44ed-a0b6-e951783b9508,Lagepriore
0.7805638622766373,0.5702241525586409,False,0.104473502092285,0.0605070153061224,False,0.5095065369897959,0.9667325428194994,0,321dee3c-8bf0-44ed-a0b6-e951783b9508,Lungenkarte
0.886508533708993,0.7719775227164036,False,0.3600525240505868,0.1669921875,False,0.511360012755102,0.8602458527270558,0,3251dea8-4f74-4f4b-8f56-167b0213414b,Lagepriore
0.7948655131631893,0.7000961480619246,True,0.2676446923759479,0.1669921875,False,0.511360012755102,0.8602458527270558,0,3251dea8-4f74-4f4b-8f56-167b0213414b,Lungenkarte
0.8771221373118046,0.7734469350023746,False,0.0977514718354607,0.0401785714285714,False,0.5297552614795918,1.0,0,3258ba2b-f4fe-45f2-ac47-5d6d1fa5819c,Lagepriore
0.719168480437233,0.4507445726272054,False,0.0666934864099052,0.0401785714285714,False,0.5297552614795918,1.0,0,3258ba2b-f4fe-45f2-ac47-5d6d1fa5819c,Lungenkarte
0.8646524919727224,0.6983882676449673,False,0.1791330995407131,0.0790417729591836,False,0.4759048150510204,0.9982349974785678,0,327573f4-41c7-471b-b613-50dbb86a02da,Lagepriore
0.8568230576651156,0.6705707523197108,False,0.1521043827968946,0.0790417729591836,False,0.4759048150510204,0.9982349974785678,0,327573f4-41c7-471b-b613-50dbb86a02da,Lungenkarte
0.7757000334145433,0.646514211666607,False,0.0463855218935081,0.0257493622448979,False,0.4277941645408163,1.0,0,32764f2f-ea89-4d7c-aa7d-e70366218270,Lagepriore
0.8966690558022873,0.7496044278906959,False,0.0593708972611066,0.0257493622448979,False,0.4277941645408163,1.0,0,32764f2f-ea89-4d7c-aa7d-e70366218270,Lungenkarte
0.9614010450984308,0.9135947866920692,True,0.4422434104054752,0.1733298788265306,False,0.5170599489795918,0.9899965505346672,0,32a9a619-a589-47b7-8eeb-7f341cd4e0d4,Lagepriore
0.9144947602192756,0.8072186851028378,True,0.3152950245495002,0.1733298788265306,False,0.5170599489795918,0.9899965505346672,0,32a9a619-a589-47b7-8eeb-7f341cd4e0d4,Lungenkarte
0.8538336373522147,0.7505102461769565,False,0.1899912874759413,0.088329081632653,False,0.6221699617346939,0.9997743682310468,0,32bba2f6-0701-4646-87cc-9ddc27439be4,Lagepriore
0.8445538008456732,0.7353002000611711,False,0.1356729101723214,0.088329081632653,False,0.6221699617346939,0.9997743682310468,0,32bba2f6-0701-4646-87cc-9ddc27439be4,Lungenkarte
0.9473150173136504,0.892357618850932,False,0.1646036395892501,0.0593112244897959,False,0.4678930165816326,0.8215725806451613,0,32c39ff5-359a-4a7b-b41d-d7ad312766a3,Lagepriore
0.7147699284957627,0.4894900729708979,False,0.0973356534922443,0.0593112244897959,False,0.4678930165816326,0.8215725806451613,0,32c39ff5-359a-4a7b-b41d-d7ad312766a3,Lungenkarte
0.82475207683955,0.7706608077728397,False,0.0921535048920742,0.0443638392857142,False,0.4830795599489796,0.4748427672955975,0,32c3e235-1885-4aad-b4ad-2ef8583fbb78,Lagepriore
0.4999565519638512,0.3705135668255319,False,0.0437070582270747,0.0443638392857142,False,0.4830795599489796,0.4748427672955975,0,32c3e235-1885-4aad-b4ad-2ef8583fbb78,Lungenkarte
0.9654872959946952,0.949008338500984,True,0.5087970812593178,0.204360650510204,False,0.2655652104591837,0.6050321825629023,0,333b7a3b-2d48-4926-9498-3e6b30239ab2,Lagepriore
0.7933561055038405,0.6883313228614958,True,0.4337884035676943,0.204360650510204,False,0.2655652104591837,0.6050321825629023,0,333b7a3b-2d48-4926-9498-3e6b30239ab2,Lungenkarte
0.9279590650660444,0.8092721219104692,True,0.4346109719659043,0.1822983099489795,False,0.2473692602040816,0.82857767574068,0,335d17b1-bdfb-4939-9dc9-fa93f09648eb,Lagepriore
0.9346466822845212,0.7285348314124535,True,0.5456219031447889,0.1822983099489795,False,0.2473692602040816,0.82857767574068,0,335d17b1-bdfb-4939-9dc9-fa93f09648eb,Lungenkarte
0.8181200436869499,0.6003965159231991,True,0.4552198818485111,0.258968431122449,False,0.502311862244898,0.897337232568878,0,339728a0-cc96-409e-af99-8af5c6ce5f23,Lagepriore
0.8331531816669034,0.661252398636703,False,0.4317720651358365,0.258968431122449,False,0.502311862244898,0.897337232568878,0,339728a0-cc96-409e-af99-8af5c6ce5f23,Lungenkarte
0.8037931641507449,0.7178973433479884,True,0.4162190201233445,0.2238520408163265,False,0.5948262117346939,0.8000356125356125,0,33f85237-bcad-4dd9-8a03-42d061fd987f,Lagepriore
0.6895424592522509,0.6206981820447659,True,0.2906727784637676,0.2238520408163265,False,0.5948262117346939,0.8000356125356125,0,33f85237-bcad-4dd9-8a03-42d061fd987f,Lungenkarte
0.9759239602980952,0.9710680744322796,True,0.3147261964088337,0.1110889668367346,False,0.5320471938775511,0.7509867240760675,0,341a6e43-a2cc-4b6b-8aa0-7766b661377b,Lagepriore
0.6937246293965396,0.6569537497057633,True,0.1541365425958067,0.1110889668367346,False,0.5320471938775511,0.7509867240760675,0,341a6e43-a2cc-4b6b-8aa0-7766b661377b,Lungenkarte
0.9107295422261574,0.8738169458387426,True,0.100485294792402,0.0373086734693877,False,0.5824896364795918,1.0,0,34297b7d-9e22-4e73-b105-a8db72ad36ee,Lagepriore
0.7938751909204667,0.6360214190752483,False,0.0626938332975907,0.0373086734693877,False,0.5824896364795918,1.0,0,34297b7d-9e22-4e73-b105-a8db72ad36ee,Lungenkarte
0.9188163368391582,0.859894500873025,True,0.3040843771181625,0.1219108737244897,False,0.5541493941326531,0.9723720778159228,0,3434889e-68e9-416d-bf95-ca21275eda5e,Lagepriore
0.8488278492974312,0.7178402947704433,False,0.2028086606185023,0.1219108737244897,False,0.5541493941326531,0.9723720778159228,0,3434889e-68e9-416d-bf95-ca21275eda5e,Lungenkarte
0.9484443446812726,0.9044465090289064,False,0.111158523745596,0.0385044642857142,False,0.5499441964285714,1.0,0,34a24f18-584c-41df-b0c6-2cc9fc5cc0e3,Lagepriore
0.8745477451749328,0.7641655484509323,False,0.0684638345831652,0.0385044642857142,False,0.5499441964285714,1.0,0,34a24f18-584c-41df-b0c6-2cc9fc5cc0e3,Lungenkarte
0.8766313775648736,0.8786029705363296,True,0.7774199954358546,0.4782565369897959,False,0.5447823660714286,0.8527732633245823,0,34a86615-92b7-4b4a-813b-9e62e51b6d10,Lagepriore
0.8806942374029485,0.8000381791541178,True,0.7051825745870796,0.4782565369897959,False,0.5447823660714286,0.8527732633245823,0,34a86615-92b7-4b4a-813b-9e62e51b6d10,Lungenkarte
0.8422296824976112,0.7575708379891389,True,0.2953385270961632,0.1441924426020408,False,0.6522839604591837,0.8294402211472011,0,34b275e2-88a3-44a1-a8ad-16d8d79b1999,Lagepriore
0.6561278572114513,0.5975893422132927,True,0.1773016353243786,0.1441924426020408,False,0.6522839604591837,0.8294402211472011,0,34b275e2-88a3-44a1-a8ad-16d8d79b1999,Lungenkarte
0.8987927083231275,0.7194293540154865,True,0.4973308508883564,0.2402941645408163,False,0.3338647959183674,0.8405905283237953,0,34c83691-e038-4b28-b2c3-7fe99d4783c8,Lagepriore
0.9216995546328302,0.8570628314639178,True,0.5613810465072899,0.2402941645408163,False,0.3338647959183674,0.8405905283237953,0,34c83691-e038-4b28-b2c3-7fe99d4783c8,Lungenkarte
0.971847116655651,0.9394293694175024,True,0.1095855950718848,0.0350765306122448,False,0.3657126913265306,1.0,0,34c9ca0b-413a-447a-ab1a-66b08a53af7d,Lagepriore
0.9490943311377156,0.8514376815167954,True,0.0932290076592185,0.0350765306122448,False,0.3657126913265306,1.0,0,34c9ca0b-413a-447a-ab1a-66b08a53af7d,Lungenkarte
0.9376923097848032,0.9009088041689224,True,0.3577624873870008,0.1411033163265306,False,0.6040338010204082,0.8536723163841808,0,34d340bd-2928-41cb-8d2a-98ba84999a01,Lagepriore
0.728743121387647,0.6627957683057513,False,0.1921405931304332,0.1411033163265306,False,0.6040338010204082,0.8536723163841808,0,34d340bd-2928-41cb-8d2a-98ba84999a01,Lungenkarte
0.7803795154666228,0.5798210407186296,False,0.0549729820454048,0.028758769132653,False,0.4461894132653061,1.0,0,34fb2e85-9588-40b8-acde-380c68c7afa5,Lagepriore
0.95360928961364,0.8920621394481504,False,0.0635510132807429,0.028758769132653,False,0.4461894132653061,1.0,0,34fb2e85-9588-40b8-acde-380c68c7afa5,Lungenkarte
0.7308182727077694,0.64377126009298,False,0.2844413533040399,0.1673509247448979,False,0.6886559311224489,0.9387876622603312,0,35071f53-b924-440e-bdfe-7e6f3c74989d,Lagepriore
0.7152085437467661,0.6028298610913758,False,0.2202601565064386,0.1673509247448979,False,0.6886559311224489,0.9387876622603312,0,35071f53-b924-440e-bdfe-7e6f3c74989d,Lungenkarte
0.9070733126222358,0.8800169882180422,True,0.9002455449435433,0.6129025829081632,False,0.6212930484693877,0.8037264657106624,0,35114241-ead7-425a-a694-4f5131f0dc50,Lagepriore
0.8000079025236242,0.7472362049347976,True,0.7560430455564252,0.6129025829081632,False,0.6212930484693877,0.8037264657106624,0,35114241-ead7-425a-a694-4f5131f0dc50,Lungenkarte
0.9703869027312042,0.9345411017619611,True,0.7203278882470968,0.3408601721938775,False,0.5112005739795918,0.8668654621996141,0,3517d4f2-175a-4ec4-a274-eda1d8189299,Lagepriore
0.8697549577690272,0.8286197433963964,True,0.5434403653323334,0.3408601721938775,False,0.5112005739795918,0.8668654621996141,0,3517d4f2-175a-4ec4-a274-eda1d8189299,Lungenkarte
0.8525353934106825,0.7969034256426838,True,0.6097570459021687,0.3349210778061224,False,0.6988002232142857,0.9394822969354358,0,3538b9f3-b604-4e3c-8f04-bb5b1127733c,Lagepriore
0.7817624878888344,0.683004836785199,True,0.4316043629616554,0.3349210778061224,False,0.6988002232142857,0.9394822969354358,0,3538b9f3-b604-4e3c-8f04-bb5b1127733c,Lungenkarte
0.7592491807469449,0.6558771861789494,True,0.3893382038140699,0.23046875,False,0.6582429846938775,0.9599619508820476,0,35677465-3a7b-4356-b4f1-36136cd7186b,Lagepriore
0.8333156666561435,0.747434788725191,True,0.3238807254306324,0.23046875,False,0.6582429846938775,0.9599619508820476,0,35677465-3a7b-4356-b4f1-36136cd7186b,Lungenkarte
0.9747917159090828,0.9625907456177772,True,0.8966691333705245,0.5359733737244898,False,0.6364397321428571,0.9059978433049491,0,356dbb8d-6a9e-416d-aa38-d2cb7aab0e14,Lagepriore
0.8802850656553597,0.7757511799848263,True,0.7162766396752811,0.5359733737244898,False,0.6364397321428571,0.9059978433049491,0,356dbb8d-6a9e-416d-aa38-d2cb7aab0e14,Lungenkarte
0.9356058476480084,0.8454735372066988,False,0.1251744596082487,0.0455994897959183,False,0.4421037946428571,1.0,0,357640b9-dc43-4011-b620-4d490c596777,Lagepriore
0.9187132848149178,0.8045695320010474,True,0.1001277054720701,0.0455994897959183,False,0.4421037946428571,1.0,0,357640b9-dc43-4011-b620-4d490c596777,Lungenkarte
0.9043267621985048,0.7292561022895939,True,0.6210256638847356,0.3205516581632653,False,0.465640943877551,0.91668739119622,0,3594b48f-fcc1-4947-93f5-64be66467147,Lagepriore
0.9291039667581172,0.8138458776105235,True,0.5997154346825516,0.3205516581632653,False,0.465640943877551,0.91668739119622,0,3594b48f-fcc1-4947-93f5-64be66467147,Lungenkarte
0.9549404960910644,0.9057768510323568,True,0.6216038748569876,0.2778220663265306,False,0.5000199298469388,0.8636298421807748,0,35a13820-ba8a-45d7-b566-9ee95b6bd7c8,Lagepriore
0.8055771155788382,0.6331610388841629,False,0.4416127702212272,0.2778220663265306,False,0.5000199298469388,0.8636298421807748,0,35a13820-ba8a-45d7-b566-9ee95b6bd7c8,Lungenkarte
0.9530801875518076,0.8933806125751628,True,0.2404999436571543,0.0869937818877551,False,0.4467075892857143,0.958991981672394,0,35a379c4-1e56-41f7-8a25-a1c2e9b88464,Lagepriore
0.8550423582845229,0.6722802771833885,False,0.1760995734879172,0.0869937818877551,False,0.4467075892857143,0.958991981672394,0,35a379c4-1e56-41f7-8a25-a1c2e9b88464,Lungenkarte
0.9515994628171582,0.9425366295626596,True,0.7738966434755988,0.4060905612244898,False,0.5056999362244898,0.8873674911660777,0,35ebaf46-2c58-46c0-879c-78cc3e49876c,Lagepriore
0.9135361578169342,0.8444663252000821,True,0.6682262320568916,0.4060905612244898,False,0.5056999362244898,0.8873674911660777,0,35ebaf46-2c58-46c0-879c-78cc3e49876c,Lungenkarte
0.976515068878052,0.9480473935649266,True,0.7593642371626996,0.3680644132653061,False,0.3602718431122449,0.7884990253411306,0,361c09b7-beb1-4be9-bb4b-c6400c293a19,Lagepriore
0.924639074092244,0.8680200303094064,True,0.7357191219479265,0.3680644132653061,False,0.3602718431122449,0.7884990253411306,0,361c09b7-beb1-4be9-bb4b-c6400c293a19,Lungenkarte
0.915873238562138,0.8240214604020231,True,0.7455556732986762,0.4108338647959184,False,0.3964445153061224,0.8115358494227224,0,363a0e1a-adec-4a04-9fc7-0ed505dbc4f8,Lagepriore
0.9333890835761316,0.8533785129546574,True,0.7729686221360359,0.4108338647959184,False,0.3964445153061224,0.8115358494227224,0,363a0e1a-adec-4a04-9fc7-0ed505dbc4f8,Lungenkarte
0.9747852191263244,0.9718291093097968,True,0.8985614986986635,0.5397201849489796,False,0.5779655612244898,0.8459436505298918,0,363fb4cd-363a-42eb-8a44-7bc088a57f69,Lagepriore
0.8631221256087727,0.8167486867928033,True,0.7357659434620079,0.5397201849489796,False,0.5779655612244898,0.8459436505298918,0,363fb4cd-363a-42eb-8a44-7bc088a57f69,Lungenkarte
0.8843944269893074,0.8073465380931107,False,0.1360730277725595,0.0555644132653061,False,0.5880899234693877,1.0,0,36491026-0b06-429a-97bf-644518295055,Lagepriore
0.875266126251747,0.7788646568054708,True,0.0929090582884264,0.0555644132653061,False,0.5880899234693877,1.0,0,36491026-0b06-429a-97bf-644518295055,Lungenkarte
0.8294168457183169,0.7727925767205261,True,0.3699553749034382,0.1898716517857142,False,0.4764628507653061,0.8483258108533641,0,3664fe85-e22a-40f4-b7e9-0d6c155fb7e7,Lagepriore
0.79176973862542,0.6117237142355626,False,0.3152864223643178,0.1898716517857142,False,0.4764628507653061,0.8483258108533641,0,3664fe85-e22a-40f4-b7e9-0d6c155fb7e7,Lungenkarte
0.9494314111745832,0.8549952729267734,True,0.3968077803854424,0.1567083864795918,False,0.4250837053571428,0.9730382805544956,0,366c5768-5fba-4ba1-8532-082d3ba3c9bf,Lagepriore
0.914619327697644,0.7635922872634058,False,0.33797879084937,0.1567083864795918,False,0.4250837053571428,0.9730382805544956,0,366c5768-5fba-4ba1-8532-082d3ba3c9bf,Lungenkarte
0.8822244028581027,0.834617637468125,True,0.4165469797700718,0.1954320790816326,False,0.5513592155612245,0.6842749337140526,0,3685fe73-c5fe-47d6-b9ba-d433b79041d6,Lagepriore
0.6191653689705124,0.654348861960606,False,0.2348173666834264,0.1954320790816326,False,0.5513592155612245,0.6842749337140526,0,3685fe73-c5fe-47d6-b9ba-d433b79041d6,Lungenkarte
0.8976704324147875,0.8746867202371533,True,0.8685041519112807,0.5576769770408163,False,0.6440330038265306,0.8420413122721749,0,3687784e-47a5-40d3-aa45-5cae7dd23e8b,Lagepriore
0.8172050133646144,0.7773702077655008,True,0.7029986709354968,0.5576769770408163,False,0.6440330038265306,0.8420413122721749,0,3687784e-47a5-40d3-aa45-5cae7dd23e8b,Lungenkarte
0.8873604915660966,0.7844661089963337,True,0.6699708876107935,0.3658123405612244,False,0.5630181760204082,0.8379733042767639,0,36946b92-64ac-4bfd-9984-e3f9b8b95bc5,Lagepriore
0.7858926538740681,0.6934061260943062,True,0.5125653072540381,0.3658123405612244,False,0.5630181760204082,0.8379733042767639,0,36946b92-64ac-4bfd-9984-e3f9b8b95bc5,Lungenkarte
0.7760333104252573,0.720842761819311,False,0.1773646366077725,0.0971779336734693,False,0.7818478954081632,1.0,0,36949a19-b38d-400f-ace0-1abfe2ecfc3a,Lagepriore
0.8716373343691768,0.8307400609099974,False,0.123723238491762,0.0971779336734693,False,0.7818478954081632,1.0,0,36949a19-b38d-400f-ace0-1abfe2ecfc3a,Lungenkarte
0.7787644773213461,0.5947386254499687,True,0.6033740218864072,0.3887117346938775,False,0.5373883928571429,0.8344442165709598,0,36d7ebd2-a4e5-42d1-bde0-c7699da0b152,Lagepriore
0.8209170375561714,0.699855610495249,True,0.5742579503173164,0.3887117346938775,False,0.5373883928571429,0.8344442165709598,0,36d7ebd2-a4e5-42d1-bde0-c7699da0b152,Lungenkarte
0.8823672094007206,0.7770358799397032,True,0.3850722004956062,0.1794483418367347,False,0.3237802933673469,0.9159262549977788,0,36f8833d-6bec-4307-af23-3908684ee79b,Lagepriore
0.9486480308977178,0.8528933977787602,True,0.4688815711105393,0.1794483418367347,False,0.3237802933673469,0.9159262549977788,0,36f8833d-6bec-4307-af23-3908684ee79b,Lungenkarte
0.9413096621344452,0.9079765425446704,True,0.0960495373538588,0.0330038265306122,False,0.6232063137755102,1.0,0,372f17ff-2906-489f-92b8-c778489064ef,Lagepriore
0.80074918679881,0.673743929134575,False,0.0507421037734108,0.0330038265306122,False,0.6232063137755102,1.0,0,372f17ff-2906-489f-92b8-c778489064ef,Lungenkarte
0.952008209348329,0.9142659301759116,True,0.6279409417386228,0.2860331632653061,False,0.5992904974489796,0.857232441471572,0,373a5932-9260-40b0-9762-f5420f1fc4e5,Lagepriore
0.7788122695051816,0.7230482099011736,True,0.393771877672621,0.2860331632653061,False,0.5992904974489796,0.857232441471572,0,373a5932-9260-40b0-9762-f5420f1fc4e5,Lungenkarte
0.7974505898145311,0.732205047441255,False,0.0954292889167711,0.0483498086734693,False,0.7659438775510204,1.0,0,3747c54e-e425-451d-90c0-943e99b873d4,Lagepriore
0.8218390904813905,0.763915543937694,True,0.062039434388013,0.0483498086734693,False,0.7659438775510204,1.0,0,3747c54e-e425-451d-90c0-943e99b873d4,Lungenkarte
0.964378013968413,0.9428180590426124,True,0.6288296452192459,0.2782804528061224,False,0.4132254464285714,0.8313399699205042,0,37541ec6-57df-4f39-8318-e18663fafd0d,Lagepriore
0.8674903494342804,0.7887082236619029,True,0.5224099117857921,0.2782804528061224,False,0.4132254464285714,0.8313399699205042,0,37541ec6-57df-4f39-8318-e18663fafd0d,Lungenkarte
0.9266590804131354,0.8966877031825796,True,0.4185652993536535,0.1756616709183673,False,0.576789700255102,0.8135920127070569,0,37581397-f072-40bb-a05b-e234033fc871,Lagepriore
0.6972180529573425,0.6116294916998088,True,0.2375928567123168,0.1756616709183673,False,0.576789700255102,0.8135920127070569,0,37581397-f072-40bb-a05b-e234033fc871,Lungenkarte
0.9351510496035516,0.8892237184648408,True,0.6843304093610875,0.3394650829081632,False,0.5339205994897959,0.8585099512710621,0,3766b0a6-1769-4d82-b081-fa53531de34e,Lagepriore
0.813595786050956,0.6914005393078715,True,0.5142175135028159,0.3394650829081632,False,0.5339205994897959,0.8585099512710621,0,3766b0a6-1769-4d82-b081-fa53531de34e,Lungenkarte
0.9126931166399084,0.9200532772919257,True,0.874293338875658,0.5535514987244898,False,0.6441127232142857,0.87996399639964,0,376a90dd-55c7-40a7-b5ea-73cafe9d75aa,Lagepriore
0.876987090432627,0.8553901126627284,True,0.7173928545755297,0.5535514987244898,False,0.6441127232142857,0.87996399639964,0,376a90dd-55c7-40a7-b5ea-73cafe9d75aa,Lungenkarte
0.956254313034778,0.9367902371111856,True,0.2096686674981733,0.0734414859693877,False,0.5063576211734694,1.0,0,37a1e5df-1309-40c2-b943-0d347681258b,Lagepriore
0.9073816741116816,0.8018893362868176,True,0.1412419593483796,0.0734414859693877,False,0.5063576211734694,1.0,0,37a1e5df-1309-40c2-b943-0d347681258b,Lungenkarte
0.8263851055938617,0.6482977275227915,False,0.0791479915459841,0.0379464285714285,False,0.505241549744898,1.0,0,37b36218-c174-4940-a7bc-5e5601df63d6,Lagepriore
0.8898394479601586,0.7733317865466655,False,0.0728995803859839,0.0379464285714285,False,0.505241549744898,1.0,0,37b36218-c174-4940-a7bc-5e5601df63d6,Lungenkarte
0.8978659765130168,0.8402040024209946,True,0.4265090459426021,0.1919244260204081,False,0.5467155612244898,0.840809968847352,0,37c1ff63-3e09-4419-8b98-3a981ea916d9,Lagepriore
0.7116093695920878,0.5451370359117704,False,0.2735791631177349,0.1919244260204081,False,0.5467155612244898,0.840809968847352,0,37c1ff63-3e09-4419-8b98-3a981ea916d9,Lungenkarte
0.8001486518189397,0.6387718860376399,False,0.0881345962065728,0.0460379464285714,False,0.529296875,1.0,0,3817e718-4a42-4d67-a34a-ab1a4b9d52b3,Lagepriore
0.921755760987157,0.8455444265676038,False,0.0852358375845451,0.0460379464285714,False,0.529296875,1.0,0,3817e718-4a42-4d67-a34a-ab1a4b9d52b3,Lungenkarte
0.926658617604882,0.893738954837526,True,0.3492108036141252,0.1415816326530612,False,0.6005062181122449,0.801097972972973,0,381e2cd6-431e-4cc3-b6b0-5771b5741d8a,Lagepriore
0.6246930896480271,0.5020934618102318,False,0.1799287171059262,0.1415816326530612,False,0.6005062181122449,0.801097972972973,0,381e2cd6-431e-4cc3-b6b0-5771b5741d8a,Lungenkarte
0.8817468655034232,0.7820150218535217,False,0.1486760295377953,0.0628587372448979,False,0.5669244260204082,0.9990488268864932,0,38e8ed40-7a1f-4678-b655-31d3431b0ba7,Lagepriore
0.8485764377429397,0.7200709194187107,True,0.106267830769494,0.0628587372448979,False,0.5669244260204082,0.9990488268864932,0,38e8ed40-7a1f-4678-b655-31d3431b0ba7,Lungenkarte
0.9328053189566734,0.7466515822850057,True,0.6078954324816369,0.2862125318877551,False,0.3885921556122449,0.9235429287654064,0,390dad2f-bd13-4f16-92af-4e061499eddc,Lagepriore
0.9466887625902684,0.8130723628890594,True,0.6187363792305204,0.2862125318877551,False,0.3885921556122449,0.9235429287654064,0,390dad2f-bd13-4f16-92af-4e061499eddc,Lungenkarte
0.9003309491585009,0.6628672477834439,True,0.5104160723434006,0.2470304528061224,False,0.4084422831632653,0.928680919725696,0,395cb95f-700c-4a77-89f1-dcbddf957552,Lagepriore
0.9303536157229102,0.8099067870291544,True,0.5234485560213304,0.2470304528061224,False,0.4084422831632653,0.928680919725696,0,395cb95f-700c-4a77-89f1-dcbddf957552,Lungenkarte
0.9395671950625258,0.8756166752702609,True,0.7372932003800703,0.3813775510204081,False,0.5061782525510204,0.8663252508361204,0,397acd9c-a9ca-4e8e-bb6c-3e6c7afc6d53,Lagepriore
0.8794471692583525,0.7707139396555662,True,0.6245350071092579,0.3813775510204081,False,0.5061782525510204,0.8663252508361204,0,397acd9c-a9ca-4e8e-bb6c-3e6c7afc6d53,Lungenkarte
0.9878649387440456,0.9706300189320312,True,0.7821656928904653,0.3788265306122449,False,0.4272560586734694,0.7771464646464646,0,3993a64f-ab45-4594-abe9-2807e19a1d71,Lagepriore
0.855767653852328,0.8771174385919501,True,0.6495402530928798,0.3788265306122449,False,0.4272560586734694,0.7771464646464646,0,3993a64f-ab45-4594-abe9-2807e19a1d71,Lungenkarte
0.8917794656862433,0.8353919900447655,True,0.7381422866804441,0.4191047512755102,False,0.6293048469387755,0.9088401730942984,0,3999dbf4-b2a0-45b9-9ee6-5f62f5bd27c9,Lagepriore
0.8187158643662391,0.6898370404294716,True,0.564471433824573,0.4191047512755102,False,0.6293048469387755,0.9088401730942984,0,3999dbf4-b2a0-45b9-9ee6-5f62f5bd27c9,Lungenkarte
0.995814061388157,0.9916982887179412,True,0.0855766040424905,0.0254304846938775,False,0.5162627551020408,1.0,0,39a6f9ed-168b-42ee-bc90-890a9ee1f3b7,Lagepriore
0.8389799732035823,0.6806308592864966,True,0.0469731171017022,0.0254304846938775,False,0.5162627551020408,1.0,0,39a6f9ed-168b-42ee-bc90-890a9ee1f3b7,Lungenkarte
0.973063668933991,0.9437746904950164,True,0.506292175216916,0.2000956632653061,False,0.5645527742346939,0.9945219123505976,0,39ce47c6-a221-4399-8ac3-21b0b4a323f6,Lagepriore
0.8860211399270369,0.755853076856589,True,0.3359129011284198,0.2000956632653061,False,0.5645527742346939,0.9945219123505976,0,39ce47c6-a221-4399-8ac3-21b0b4a323f6,Lungenkarte
0.8821711375173703,0.8377609578426907,True,0.1639727898351863,0.067024075255102,False,0.6104312818877551,1.0,0,3a0f9e11-0dee-4e81-96e2-9ce8417270ef,Lagepriore
0.8781402319815056,0.7907972325115247,True,0.1082693704935284,0.067024075255102,False,0.6104312818877551,1.0,0,3a0f9e11-0dee-4e81-96e2-9ce8417270ef,Lungenkarte
0.9615489674234792,0.9432335579353126,True,0.6168899552444488,0.2707270408163265,False,0.5009964923469388,0.8347320376914017,0,3a0fb504-c7fe-4f7e-9bf1-98560c74614d,Lagepriore
0.8129981484058382,0.7329005916466874,True,0.4266855449544825,0.2707270408163265,False,0.5009964923469388,0.8347320376914017,0,3a0fb504-c7fe-4f7e-9bf1-98560c74614d,Lungenkarte
0.9158690084489928,0.8398414556244883,True,0.1212087157183927,0.044921875,False,0.5363121811224489,0.9991126885536824,0,3a1c6cb8-cb42-44c7-8d5a-925f813427c7,Lagepriore
0.7856922612377323,0.5877677138350323,False,0.0754577148190396,0.044921875,False,0.5363121811224489,0.9991126885536824,0,3a1c6cb8-cb42-44c7-8d5a-925f813427c7,Lungenkarte
0.8219469729922196,0.8444576038399527,True,0.8214001803716939,0.5673429528061225,False,0.5422313456632653,0.7755646889380686,0,3a483825-5dc2-4318-b0a6-7378f155df2c,Lagepriore
0.861409549142893,0.8121959116538042,True,0.786489838594653,0.5673429528061225,False,0.5422313456632653,0.7755646889380686,0,3a483825-5dc2-4318-b0a6-7378f155df2c,Lungenkarte
0.9221472697057908,0.8518028977583378,False,0.0684208085756312,0.0247130102040816,False,0.2834024234693877,1.0,0,3a48ce85-63f3-4443-857c-1d180ed52e7d,Lagepriore
0.9384753357907892,0.7683557209602863,False,0.0813582922314734,0.0247130102040816,False,0.2834024234693877,1.0,0,3a48ce85-63f3-4443-857c-1d180ed52e7d,Lungenkarte
0.9804938721484672,0.9504878597809316,True,0.0790932482976168,0.0243941326530612,False,0.3909837372448979,1.0,0,3a58fb6d-911e-419c-b00e-b7d29918baf1,Lagepriore
0.9090172749589568,0.7579900708244589,True,0.059648486624212,0.0243941326530612,False,0.3909837372448979,1.0,0,3a58fb6d-911e-419c-b00e-b7d29918baf1,Lungenkarte
0.9560141570740815,0.9295776516340716,True,0.8997492252153629,0.5614835778061225,False,0.6038942920918368,0.8402726014268981,0,3a5c1a62-279d-4c69-b3e5-394e34518b73,Lagepriore
0.8485980481659859,0.8121190026727316,True,0.7333891533590757,0.5614835778061225,False,0.6038942920918368,0.8402726014268981,0,3a5c1a62-279d-4c69-b3e5-394e34518b73,Lungenkarte
0.8474950499917313,0.7751110080496735,True,0.4339336914965948,0.2131098533163265,False,0.6542171556122449,0.9344430936126438,0,3a711453-b25c-4239-9c8b-080070a8afcc,Lagepriore
0.7763730581366519,0.6804540242511956,True,0.291289393792977,0.2131098533163265,False,0.6542171556122449,0.9344430936126438,0,3a711453-b25c-4239-9c8b-080070a8afcc,Lungenkarte
0.9081505250306549,0.8133163953516866,True,0.4592380540614046,0.2056361607142857,False,0.4743702168367347,0.7484977708858306,0,3a925cdd-891d-42bf-9ce1-30e7c95318be,Lagepriore
0.72847899391551,0.6643751169137152,True,0.3081755468714263,0.2056361607142857,False,0.4743702168367347,0.7484977708858306,0,3a925cdd-891d-42bf-9ce1-30e7c95318be,Lungenkarte
0.9592509618890566,0.9596378673760492,True,0.9035070183422848,0.5622209821428571,False,0.4668367346938775,0.7493087557603687,0,3ab3b6ca-609a-4d1b-99b2-571528e637e8,Lagepriore
0.8832019316178853,0.9007760277481636,True,0.8362569419581452,0.5622209821428571,False,0.4668367346938775,0.7493087557603687,0,3ab3b6ca-609a-4d1b-99b2-571528e637e8,Lungenkarte
0.7163739029931596,0.7262576331505719,True,0.9169976977337624,0.7928691007653061,False,0.7124123086734694,0.8017746273533921,0,3accdbb1-0300-4065-8757-94eb3dd213c3,Lagepriore
0.8393817949917995,0.8683899029932447,True,0.8838712393080539,0.7928691007653061,False,0.7124123086734694,0.8017746273533921,0,3accdbb1-0300-4065-8757-94eb3dd213c3,Lungenkarte
0.9761972700097744,0.9678824135317784,True,0.6440024505722857,0.2789182079081632,False,0.4380779655612244,0.7929260450160772,0,3afea858-8721-468b-9e94-b795d195ef62,Lagepriore
0.826447446716999,0.7720793472760019,True,0.4776065207470233,0.2789182079081632,False,0.4380779655612244,0.7929260450160772,0,3afea858-8721-468b-9e94-b795d195ef62,Lungenkarte
0.9532183612445356,0.9183930830717536,True,0.641315663240258,0.291812818877551,False,0.3880540497448979,0.8297363748121841,0,3b01037c-d534-4829-9ec8-81119a652602,Lagepriore
0.8940068889966633,0.7603268869337475,True,0.5785743897953759,0.291812818877551,False,0.3880540497448979,0.8297363748121841,0,3b01037c-d534-4829-9ec8-81119a652602,Lungenkarte
0.910132546581578,0.7488709209467694,True,0.4593008732644575,0.210220025510204,False,0.4044164540816326,0.8300151687523701,0,3b17bfb9-8657-4b74-bae8-f597877f4227,Lagepriore
0.8421559817068551,0.6914802556886598,False,0.4025817669068177,0.210220025510204,False,0.4044164540816326,0.8300151687523701,0,3b17bfb9-8657-4b74-bae8-f597877f4227,Lungenkarte
0.8671780475111518,0.7022850067020882,True,0.3443595393702439,0.1616111288265306,False,0.4412468112244898,0.9457393020101122,0,3b18606f-8f64-4492-9438-235228fc1ae1,Lagepriore
0.8735222071428357,0.6845827752014386,False,0.3199839559654224,0.1616111288265306,False,0.4412468112244898,0.9457393020101122,0,3b18606f-8f64-4492-9438-235228fc1ae1,Lungenkarte
0.9461874894253368,0.8124561831747124,True,0.628815650365776,0.2952806122448979,False,0.373046875,0.8552240820734341,0,3b230c42-36a4-4f32-a891-2800c14e63a9,Lagepriore
0.9275052922943766,0.8747410274476745,True,0.6267467375396819,0.2952806122448979,False,0.373046875,0.8552240820734341,0,3b230c42-36a4-4f32-a891-2800c14e63a9,Lungenkarte
0.9286394687024736,0.8585463340774212,True,0.8297896860566263,0.4828204719387755,False,0.5285794005102041,0.8063237843639065,0,3b2d5952-ecd3-4e79-9ecc-908adde0ab99,Lagepriore
0.8572556555187527,0.8982391943209816,True,0.6994276609367704,0.4828204719387755,False,0.5285794005102041,0.8063237843639065,0,3b2d5952-ecd3-4e79-9ecc-908adde0ab99,Lungenkarte
0.9461173522187848,0.8232816844069744,True,0.2420611398719522,0.0884287308673469,False,0.3133370535714285,0.9993238674780256,0,3b7bd8bb-27f4-4416-9c4b-d68c4065aa54,Lagepriore
0.9523461387561588,0.8090095696804571,True,0.2598697076737458,0.0884287308673469,False,0.3133370535714285,0.9993238674780256,0,3b7bd8bb-27f4-4416-9c4b-d68c4065aa54,Lungenkarte
0.7207775267486879,0.6526086566721231,True,0.1761236399146606,0.1052295918367346,False,0.6979830994897959,0.9950757575757576,0,3b84f97b-fa88-424a-891c-e57c3b92c062,Lagepriore
0.7519421779830557,0.630071470993498,False,0.1443221168312012,0.1052295918367346,False,0.6979830994897959,0.9950757575757576,0,3b84f97b-fa88-424a-891c-e57c3b92c062,Lungenkarte
0.8911144489602806,0.8010108881392636,True,0.2792848838622268,0.1199178890306122,False,0.5990712691326531,1.0,0,3be6a4c5-7c20-48cf-ae13-e18a828b3868,Lagepriore
0.8311091768669221,0.6908349284104874,True,0.1891737848388748,0.1199178890306122,False,0.5990712691326531,1.0,0,3be6a4c5-7c20-48cf-ae13-e18a828b3868,Lungenkarte
0.9328706377846192,0.9772016947703664,True,0.3942255339640669,0.1587611607142857,False,0.6237045599489796,0.5967863419533015,0,3c072590-e9e8-4ac2-b9e7-dd1776e2a537,Lagepriore
0.5396710004726912,0.7036336626021984,True,0.1530997623217676,0.1587611607142857,False,0.6237045599489796,0.5967863419533015,0,3c072590-e9e8-4ac2-b9e7-dd1776e2a537,Lungenkarte
0.8845618644292588,0.8222365813648876,True,0.1883355206197578,0.0785036670918367,False,0.4977678571428571,1.0,0,3c4c732b-8281-41ef-bd8c-98f98a1c11fe,Lagepriore
0.886817901562533,0.7521841888775302,True,0.148825238578839,0.0785036670918367,False,0.4977678571428571,1.0,0,3c4c732b-8281-41ef-bd8c-98f98a1c11fe,Lungenkarte
0.924355348872954,0.898678865398903,True,0.9243445820711644,0.6432557397959183,False,0.5924744897959183,0.7473664642458793,0,3c51d6fa-6fb9-41b9-b723-25121b75c306,Lagepriore
0.7757714009614006,0.7908843196685135,True,0.7738631701719834,0.6432557397959183,False,0.5924744897959183,0.7473664642458793,0,3c51d6fa-6fb9-41b9-b723-25121b75c306,Lungenkarte
0.9708841469441004,0.9568360980826496,True,0.6928846447321516,0.3183992346938775,False,0.5018136160714286,0.90992739108663,0,3c6cc4e8-ab85-4053-9844-4f9eded69eec,Lagepriore
0.8986957501310445,0.803479377619871,True,0.5398802111169626,0.3183992346938775,False,0.5018136160714286,0.90992739108663,0,3c6cc4e8-ab85-4053-9844-4f9eded69eec,Lungenkarte
0.9112078921208608,0.9107953889528384,True,0.8407149813768032,0.5130341198979592,False,0.6388313137755102,0.9635614948333464,0,3cdfc137-9edc-4905-b185-b27d77cea721,Lagepriore
0.9415220605383038,0.8500349915753299,True,0.7226154303885133,0.5130341198979592,False,0.6388313137755102,0.9635614948333464,0,3cdfc137-9edc-4905-b185-b27d77cea721,Lungenkarte
0.9604754580463482,0.8733178283751312,True,0.7376906086680034,0.3659119897959184,False,0.4125478316326531,0.8647058823529412,0,3cf1aff4-8d32-498b-a7fe-d2a6a5292d3c,Lagepriore
0.9471617197852796,0.9018534944534904,True,0.7123957780156468,0.3659119897959184,False,0.4125478316326531,0.8647058823529412,0,3cf1aff4-8d32-498b-a7fe-d2a6a5292d3c,Lungenkarte
0.9136562453433668,0.8706822895108995,True,0.1667802439135247,0.0637755102040816,False,0.6415816326530612,1.0,0,3cfaf293-a1a0-4130-b994-ad3df8a4008c,Lagepriore
0.9278581848976072,0.8831127606322434,True,0.098156784248593,0.0637755102040816,False,0.6415816326530612,1.0,0,3cfaf293-a1a0-4130-b994-ad3df8a4008c,Lungenkarte
0.9197386903714976,0.8930158167403489,True,0.854461383595764,0.5261479591836735,False,0.7526905293367347,0.939810606060606,0,3d0bca0d-9a01-4379-b8e9-3af3b021ad79,Lagepriore
0.8043421531835006,0.7200857563140293,True,0.6200646269343425,0.5261479591836735,False,0.7526905293367347,0.939810606060606,0,3d0bca0d-9a01-4379-b8e9-3af3b021ad79,Lungenkarte
0.8692035425594589,0.7306493546072538,True,0.5645721142821349,0.3059829400510204,False,0.4118502869897959,0.8772226926333616,0,3d1a1f04-fc3b-4635-b1e5-1c7ab62f20e6,Lagepriore
0.9284858925136528,0.8361399180490469,True,0.6077208512772228,0.3059829400510204,False,0.4118502869897959,0.8772226926333616,0,3d1a1f04-fc3b-4635-b1e5-1c7ab62f20e6,Lungenkarte
0.8800894229349734,0.879946863753967,True,0.7758633502510164,0.4584064094387755,False,0.6774952168367347,0.9130037824442416,0,3d384875-3304-44de-8b8b-40a131a722ce,Lagepriore
0.8143315484023393,0.7025679049671277,True,0.5987412886129302,0.4584064094387755,False,0.6774952168367347,0.9130037824442416,0,3d384875-3304-44de-8b8b-40a131a722ce,Lungenkarte
0.8449054006572965,0.7866888537250667,True,0.3820240444980957,0.1817602040816326,False,0.472476881377551,0.5989035087719298,0,3d413032-b091-4f90-a131-17bc1eeb0647,Lagepriore
0.6087514080041295,0.5618904784635749,True,0.2213995986731914,0.1817602040816326,False,0.472476881377551,0.5989035087719298,0,3d413032-b091-4f90-a131-17bc1eeb0647,Lungenkarte
0.9516653666948556,0.8896266745304294,True,0.3467574578381069,0.1318160076530612,False,0.4567920918367347,0.8040520108859994,0,3d4dfd10-61c7-4305-816f-fde544d1f3a3,Lagepriore
0.7620875946329244,0.6359001009278793,True,0.2191293235125755,0.1318160076530612,False,0.4567920918367347,0.8040520108859994,0,3d4dfd10-61c7-4305-816f-fde544d1f3a3,Lungenkarte
0.8676752743143958,0.7806643732200429,False,0.2601965796560225,0.1196986607142857,False,0.5232780612244898,0.833000333000333,0,3d59faf9-6b80-42e5-b5fb-95048344c92a,Lagepriore
0.7263919085970252,0.5865977801922808,False,0.1802098585907444,0.1196986607142857,False,0.5232780612244898,0.833000333000333,0,3d59faf9-6b80-42e5-b5fb-95048344c92a,Lungenkarte
0.8891010372610547,0.7531217165826433,False,0.1070646158473981,0.0438456632653061,False,0.4197624362244898,1.0,0,3d824fdb-8d06-4e9b-84dd-67f121be3874,Lagepriore
0.93024929604954,0.8225872244339268,False,0.1022570398909607,0.0438456632653061,False,0.4197624362244898,1.0,0,3d824fdb-8d06-4e9b-84dd-67f121be3874,Lungenkarte
0.9480654005218644,0.9072950815276878,True,0.3883626633018734,0.1528220663265306,False,0.5566206951530612,0.9788732394366196,0,3dc8aa2f-0e49-47ba-9eaf-1a3bdb189ada,Lagepriore
0.8887744715051704,0.791239906277984,True,0.2578140978272781,0.1528220663265306,False,0.5566206951530612,0.9788732394366196,0,3dc8aa2f-0e49-47ba-9eaf-1a3bdb189ada,Lungenkarte
0.9287498487952188,0.8448381780380965,True,0.4416961881353792,0.1870216836734693,False,0.3729472257653061,0.8374893435635123,0,3dcc0fa9-312e-427f-9a03-132bcb72b3e0,Lagepriore
0.8495438325732759,0.612609940218462,False,0.3834841051933318,0.1870216836734693,False,0.3729472257653061,0.8374893435635123,0,3dcc0fa9-312e-427f-9a03-132bcb72b3e0,Lungenkarte
0.8619294319073953,0.7463951599613169,True,0.5380502991242737,0.284359056122449,False,0.5894052933673469,0.9538127277824502,0,3e02b7d7-22a3-4aa7-87da-5947c45f83fa,Lagepriore
0.8521221659070236,0.7207313411564172,True,0.4302939829329908,0.284359056122449,False,0.5894052933673469,0.9538127277824502,0,3e02b7d7-22a3-4aa7-87da-5947c45f83fa,Lungenkarte
0.9182600945913068,0.904581927533968,True,0.6790658214632951,0.3495296556122449,False,0.6100127551020408,0.8858478731896453,0,3e68ba7b-58ae-4415-a4e0-1698e03c4489,Lagepriore
0.8035572478088618,0.7045257194747737,True,0.4894184024667244,0.3495296556122449,False,0.6100127551020408,0.8858478731896453,0,3e68ba7b-58ae-4415-a4e0-1698e03c4489,Lungenkarte
0.8588736374603024,0.6536909328080508,False,0.3071175123203665,0.1470424107142857,False,0.4145208864795918,0.9254540525887774,0,3e75ff4a-a15d-4451-850f-605c3244cb17,Lagepriore
0.8756801938857787,0.6981864569913987,True,0.3062122898636866,0.1470424107142857,False,0.4145208864795918,0.9254540525887774,0,3e75ff4a-a15d-4451-850f-605c3244cb17,Lungenkarte
0.9466174279527592,0.8971837456383022,True,0.1997665532770858,0.071548150510204,False,0.4984255420918367,0.9072423398328692,0,3ea67d3a-90be-4e77-a745-a9e323189097,Lagepriore
0.7490132097021988,0.5300499896508304,False,0.1229564739798654,0.071548150510204,False,0.4984255420918367,0.9072423398328692,0,3ea67d3a-90be-4e77-a745-a9e323189097,Lungenkarte
0.98594815347525,0.9741849025223698,True,0.119202812735918,0.037109375,False,0.5610251913265306,1.0,0,3ef164d4-0e03-4695-bc05-bad84b526960,Lagepriore
0.874870921367547,0.7700292222873069,False,0.0646022820159207,0.037109375,False,0.5610251913265306,1.0,0,3ef164d4-0e03-4695-bc05-bad84b526960,Lungenkarte
0.7857616366470965,0.7002248910411256,False,0.2285602800293414,0.1196388711734693,False,0.6169483418367347,0.9865067466266868,0,3f040848-3b3f-4cc9-b7e1-eb5bea7a3a7c,Lagepriore
0.8324772936014052,0.713887896655078,False,0.1866761871921494,0.1196388711734693,False,0.6169483418367347,0.9865067466266868,0,3f040848-3b3f-4cc9-b7e1-eb5bea7a3a7c,Lungenkarte
0.9231812382995362,0.8526945512137531,True,0.4130853948789627,0.1730110012755102,False,0.3557876275510204,0.8663748416081096,0,3f13b743-77e0-46a8-8f1a-12caa6007b16,Lagepriore
0.8663640800721019,0.6086289721660968,False,0.3722787973078486,0.1730110012755102,False,0.3557876275510204,0.8663748416081096,0,3f13b743-77e0-46a8-8f1a-12caa6007b16,Lungenkarte
0.8746412065451286,0.7996765083853619,False,0.1997507958015416,0.0863161670918367,False,0.4998007015306122,0.9995382128838606,0,3f1d7f08-05a4-4ce7-923e-7b1159c509d8,Lagepriore
0.842061186213703,0.6519861561068366,False,0.1636194225000096,0.0863161670918367,False,0.4998007015306122,0.9995382128838606,0,3f1d7f08-05a4-4ce7-923e-7b1159c509d8,Lungenkarte
0.9531518593174634,0.9369699906511408,True,0.2381107062114879,0.0854193239795918,False,0.4789540816326531,0.9566028931404572,0,3f2bb376-afc0-4bd2-94bf-64b55746917f,Lagepriore
0.826685043471134,0.6391139324924254,False,0.1594873547966478,0.0854193239795918,False,0.4789540816326531,0.9566028931404572,0,3f2bb376-afc0-4bd2-94bf-64b55746917f,Lungenkarte
0.9072032331652796,0.8528682374310013,True,0.2396220783257241,0.0947066326530612,False,0.5763313137755102,1.0,0,3f375c9a-9059-4886-9275-165281dd41b0,Lagepriore
0.8665336300438339,0.7494483825537785,False,0.1586714375832821,0.0947066326530612,False,0.5763313137755102,1.0,0,3f375c9a-9059-4886-9275-165281dd41b0,Lungenkarte
0.9230889638342954,0.8143119410858957,True,0.3873853077239816,0.1603156887755102,False,0.411930006377551,0.843858776727996,0,3f37ab54-2eae-4feb-9831-4fbfe65a0229,Lagepriore
0.8051707638983407,0.5677841159919081,False,0.2967501779950696,0.1603156887755102,False,0.411930006377551,0.843858776727996,0,3f37ab54-2eae-4feb-9831-4fbfe65a0229,Lungenkarte
0.9646296888864236,0.9368798809127302,True,0.1216215658472322,0.0399792729591836,False,0.5480309311224489,1.0,0,3f382606-c1bd-4742-82f8-36feafa7e643,Lagepriore
0.8363054701372321,0.6913319941321493,False,0.0698335841239132,0.0399792729591836,False,0.5480309311224489,1.0,0,3f382606-c1bd-4742-82f8-36feafa7e643,Lungenkarte
0.9273074449911848,0.8608315084197736,True,0.4383028678553714,0.1851482780612245,False,0.4150191326530612,0.8475780409041981,0,3f432d6b-e0a2-4b46-ad7f-e42f713814ee,Lagepriore
0.824451556000151,0.6097282047459848,False,0.3468643000728388,0.1851482780612245,False,0.4150191326530612,0.8475780409041981,0,3f432d6b-e0a2-4b46-ad7f-e42f713814ee,Lungenkarte
0.9404909101574952,0.8898196704798352,True,0.538181014749184,0.2353714923469387,False,0.5226801658163265,0.7985605419136325,0,3f7da5a2-f06c-4b3e-9cd0-0aaa3931c286,Lagepriore
0.7140191061862696,0.5718668416273898,False,0.336984604609513,0.2353714923469387,False,0.5226801658163265,0.7985605419136325,0,3f7da5a2-f06c-4b3e-9cd0-0aaa3931c286,Lungenkarte
0.8916323495029947,0.8682420089348053,True,0.8442295207643943,0.5502830038265306,False,0.5713289221938775,0.8673716996849082,0,3f9d98ed-1a89-436c-a528-8d34b10a8530,Lagepriore
0.90617185867574,0.8581969906342061,True,0.7751125077096815,0.5502830038265306,False,0.5713289221938775,0.8673716996849082,0,3f9d98ed-1a89-436c-a528-8d34b10a8530,Lungenkarte
0.7477176591051025,0.7223818447247873,False,0.2845522603538223,0.18359375,False,0.3065210459183674,0.8180633955709944,0,3fad6559-5289-4da1-a682-df0c97a08e38,Lagepriore
0.8934246865584994,0.7091779955956438,True,0.4497501810326404,0.18359375,False,0.3065210459183674,0.8180633955709944,0,3fad6559-5289-4da1-a682-df0c97a08e38,Lungenkarte
0.9443161398408636,0.91282492924932,True,0.77483427663113,0.4096380739795918,False,0.5014748086734694,0.7472511433297655,0,3fbd4620-cd61-4c5d-a067-aa8025df7430,Lagepriore
0.7658066218374088,0.6416437213722349,True,0.5740992378697933,0.4096380739795918,False,0.5014748086734694,0.7472511433297655,0,3fbd4620-cd61-4c5d-a067-aa8025df7430,Lungenkarte
0.9264550895260604,0.814096317585194,False,0.1902938619059223,0.073062818877551,False,0.390266262755102,0.9127114020731042,0,3fc3e7fb-1fff-4ad0-9900-8874ada57d05,Lagepriore
0.8316372635371753,0.5882326483089316,False,0.1528740473184542,0.073062818877551,False,0.390266262755102,0.9127114020731042,0,3fc3e7fb-1fff-4ad0-9900-8874ada57d05,Lungenkarte
0.9872149497411482,0.9803851738025786,True,0.1263490068269486,0.0394212372448979,False,0.591438137755102,1.0,0,3fcc1a52-4329-4c61-9a79-f62c237387dc,Lagepriore
0.8748949710771345,0.7823665289664393,False,0.0657485122209153,0.0394212372448979,False,0.591438137755102,1.0,0,3fcc1a52-4329-4c61-9a79-f62c237387dc,Lungenkarte
0.949936683625384,0.930133737350348,True,0.7013745613129792,0.3366151147959184,False,0.4545200892857143,0.8058614564831261,0,4005e782-c12e-4657-9b29-1707ee6eb08a,Lagepriore
0.8344603697819287,0.7505741106226296,True,0.556035184134271,0.3366151147959184,False,0.4545200892857143,0.8058614564831261,0,4005e782-c12e-4657-9b29-1707ee6eb08a,Lungenkarte
0.9283200018432388,0.8709675556822629,False,0.0701257682913772,0.0248923788265306,False,0.5389229910714286,1.0,0,401b69a0-3d07-47f8-bfea-4bc30aa51403,Lagepriore
0.9097002866462238,0.8287442764385206,False,0.0456050500581946,0.0248923788265306,False,0.5389229910714286,1.0,0,401b69a0-3d07-47f8-bfea-4bc30aa51403,Lungenkarte
0.8971251777433612,0.8378439123183679,True,0.6145002969834334,0.3193359375,False,0.6033960459183674,0.8817949198027835,0,40b011e6-7d68-482e-b8b0-664a61ebe21d,Lagepriore
0.8062347904167764,0.7327956246945446,True,0.4497861316163632,0.3193359375,False,0.6033960459183674,0.8817949198027835,0,40b011e6-7d68-482e-b8b0-664a61ebe21d,Lungenkarte
0.9193309441075757,0.8036093321640944,True,0.7049908531766257,0.3724091198979591,False,0.3809789540816326,0.7094081130257948,0,4126caff-aaa9-48c1-8873-94b05cc5aa1d,Lagepriore
0.8506198458134155,0.7507160386899306,True,0.65178797236184,0.3724091198979591,False,0.3809789540816326,0.7094081130257948,0,4126caff-aaa9-48c1-8873-94b05cc5aa1d,Lungenkarte
0.880537996934246,0.9762976212731216,True,0.1232838831607032,0.0471938775510204,False,0.4864875637755102,0.6199324324324325,0,413d1f9a-dbd3-476c-b71f-ffd23ef38b98,Lagepriore
0.5990809689701938,0.4533195100213618,False,0.0590591576528496,0.0471938775510204,False,0.4864875637755102,0.6199324324324325,0,413d1f9a-dbd3-476c-b71f-ffd23ef38b98,Lungenkarte
0.8658610050850514,0.7861950020474071,True,0.2640449189263193,0.119937818877551,False,0.4727558992346938,0.9582917912927884,0,414e4ca5-583d-4518-9e9a-de70d68dc8af,Lagepriore
0.8544660284436483,0.6787745957102597,True,0.2289363821511947,0.119937818877551,False,0.4727558992346938,0.9582917912927884,0,414e4ca5-583d-4518-9e9a-de70d68dc8af,Lungenkarte
0.7793321161820813,0.680384236071137,False,0.1810411697588882,0.1015625,False,0.5329639668367347,0.9326923076923076,0,418c026a-52a8-4b5f-a11b-5dec2fae20f5,Lagepriore
0.789686632451083,0.6264714802938259,False,0.1703075247970843,0.1015625,False,0.5329639668367347,0.9326923076923076,0,418c026a-52a8-4b5f-a11b-5dec2fae20f5,Lungenkarte
0.8515426520303019,0.7418527971944341,False,0.169623263993708,0.0753348214285714,False,0.5436662946428571,0.964021164021164,0,4206173d-0db2-4f32-80fb-0bd99d5532e1,Lagepriore
0.8055033679467898,0.6487575229948144,False,0.1263807696630185,0.0753348214285714,False,0.5436662946428571,0.964021164021164,0,4206173d-0db2-4f32-80fb-0bd99d5532e1,Lungenkarte
0.6722301731876682,0.409997834969184,False,0.0664904043299064,0.045719068877551,False,0.3512236926020408,0.945945945945946,0,424aaa0a-b9a0-4766-a8dc-46ff4a5422db,Lagepriore
0.889181072024379,0.6780826862843509,False,0.1193026225753398,0.045719068877551,False,0.3512236926020408,0.945945945945946,0,424aaa0a-b9a0-4766-a8dc-46ff4a5422db,Lungenkarte
0.8497732166251409,0.6886236195634183,True,0.5025253855289462,0.2649274553571428,False,0.4876235650510204,0.9306401865643572,0,42c5154e-192b-4b06-baab-ebecff1d2eed,Lagepriore
0.9225777724519038,0.8459747551076314,True,0.4847716414659406,0.2649274553571428,False,0.4876235650510204,0.9306401865643572,0,42c5154e-192b-4b06-baab-ebecff1d2eed,Lungenkarte
0.7803715895107975,0.5794891058454952,False,0.2897724434012664,0.1577845982142857,False,0.5625996492346939,0.5479348237968927,0,433c5421-aff0-4b35-b520-1540c9efafe0,Lagepriore
0.4940299613913315,0.4977011825974117,False,0.1517136320610001,0.1577845982142857,False,0.5625996492346939,0.5479348237968927,0,433c5421-aff0-4b35-b520-1540c9efafe0,Lungenkarte
0.7231189744176683,0.677595934524938,False,0.1992988282396882,0.1242028061224489,False,0.513671875,0.6729781771501926,0,435963b1-c698-4e61-a104-cc500836e2c8,Lagepriore
0.632051913369963,0.5437897457553335,True,0.1587880674257835,0.1242028061224489,False,0.513671875,0.6729781771501926,0,435963b1-c698-4e61-a104-cc500836e2c8,Lungenkarte
0.9215003522079788,0.9669253200049914,True,0.1838006675309675,0.0681600765306122,False,0.4719786352040816,0.7239766081871345,0,4455076a-577d-4531-afed-17f91bca0ffc,Lagepriore
0.7169822248787909,0.6991264398148663,False,0.1017836179254473,0.0681600765306122,False,0.4719786352040816,0.7239766081871345,0,4455076a-577d-4531-afed-17f91bca0ffc,Lungenkarte
0.9028672280291156,0.8409526307188024,True,0.6792589617368524,0.3553890306122449,False,0.4774593431122449,0.8588492597577388,0,448c6151-2bb5-4df3-b07e-7f86f3a5737a,Lagepriore
0.8930754662099234,0.8483494195753256,True,0.6043209236198326,0.3553890306122449,False,0.4774593431122449,0.8588492597577388,0,448c6151-2bb5-4df3-b07e-7f86f3a5737a,Lungenkarte
0.8337764903250888,0.68113308143202,False,0.2843119003235659,0.1424984056122449,False,0.4778778698979591,0.9307692307692308,0,45efba63-8fe8-4f5f-9adb-6d2eca3f12f5,Lagepriore
0.8094178459015999,0.590884655721258,False,0.2534297441718908,0.1424984056122449,False,0.4778778698979591,0.9307692307692308,0,45efba63-8fe8-4f5f-9adb-6d2eca3f12f5,Lungenkarte
0.9334640087819308,0.8683178061775956,True,0.6426016172207817,0.3089923469387755,False,0.4752670599489796,0.8354618163054696,0,464a8cdb-4e55-48de-b61f-72edb6992e0f,Lagepriore
0.856178590335352,0.8249832779370633,True,0.5140020231942141,0.3089923469387755,False,0.4752670599489796,0.8354618163054696,0,464a8cdb-4e55-48de-b61f-72edb6992e0f,Lungenkarte
0.892530646408609,0.8022041623168232,True,0.2173885216037021,0.0884885204081632,False,0.5342793367346939,1.0,0,467e09de-b9b2-4d84-81af-c7b88314b08c,Lagepriore
0.8782376249237693,0.75110886268511,True,0.1576018534823266,0.0884885204081632,False,0.5342793367346939,1.0,0,467e09de-b9b2-4d84-81af-c7b88314b08c,Lungenkarte
0.9699646268824476,0.8834906239441684,True,0.081191644071138,0.0258091517857142,False,0.1678292410714285,0.9969111969111968,0,46c629c3-b58e-4b25-bedc-c8aabd9b5ad1,Lagepriore
0.9561367260289132,0.7011348933114463,False,0.1269310600111307,0.0258091517857142,False,0.1678292410714285,0.9969111969111968,0,46c629c3-b58e-4b25-bedc-c8aabd9b5ad1,Lungenkarte
0.8029507310344467,0.6767962901639504,False,0.0725310789813368,0.0365314094387755,False,0.5322664221938775,0.9694489907255864,0,46da5af2-a757-4670-90cb-5cc59c1e6d87,Lagepriore
0.82037633333427,0.6767710760641896,False,0.0613710303495906,0.0365314094387755,False,0.5322664221938775,0.9694489907255864,0,46da5af2-a757-4670-90cb-5cc59c1e6d87,Lungenkarte
0.927842530138726,0.8761997561528421,True,0.1411886435115706,0.0505819515306122,False,0.5624402104591837,1.0,0,46fa57be-eafb-4431-841c-3a9258139fe9,Lagepriore
0.8722966060926192,0.7632388888137165,False,0.0881760689275986,0.0505819515306122,False,0.5624402104591837,1.0,0,46fa57be-eafb-4431-841c-3a9258139fe9,Lungenkarte
0.8594232614756662,0.7857270317638704,True,0.2356874283688251,0.1032366071428571,False,0.5010762117346939,0.7808880308880309,0,483d087d-712d-46eb-8f5f-eaa1a53ec2ed,Lagepriore
0.6630505251260429,0.4612503971736179,False,0.1449290831773892,0.1032366071428571,False,0.5010762117346939,0.7808880308880309,0,483d087d-712d-46eb-8f5f-eaa1a53ec2ed,Lungenkarte
0.921806107896292,0.8527329143994637,False,0.0757776102863064,0.0280612244897959,False,0.4529655612244898,0.7698863636363636,0,489a175a-4c5c-4b7f-8fdc-cd8514404dbe,Lagepriore
0.6667348087559278,0.3863416124458786,False,0.0433245749182316,0.0280612244897959,False,0.4529655612244898,0.7698863636363636,0,489a175a-4c5c-4b7f-8fdc-cd8514404dbe,Lungenkarte
0.6953266346076069,0.6783931776302942,False,0.0397745019220656,0.0243343431122449,False,0.4187460140306122,0.6912366912366913,0,48b71876-62c7-44c0-91b1-0952bbca6291,Lagepriore
0.6351365069677806,0.2564233496277646,False,0.0355291985267993,0.0243343431122449,False,0.4187460140306122,0.6912366912366913,0,48b71876-62c7-44c0-91b1-0952bbca6291,Lungenkarte
0.9676145354283168,0.9315349929742408,True,0.7259009957578245,0.3465401785714285,False,0.4927256058673469,0.8543248217161261,0,4a4be7b1-6a74-49d9-b0cb-d9aef48f990c,Lagepriore
0.8748148373715589,0.8383580222927838,True,0.5675620355544614,0.3465401785714285,False,0.4927256058673469,0.8543248217161261,0,4a4be7b1-6a74-49d9-b0cb-d9aef48f990c,Lungenkarte
0.9322195645741818,0.8537254611703851,True,0.6712447934425261,0.3334661989795918,False,0.5370296556122449,0.9414295959837438,0,4aaf377b-35ff-412d-bb67-db1ad8c49200,Lagepriore
0.934090821818443,0.88881844657494,True,0.5580383274374411,0.3334661989795918,False,0.5370296556122449,0.9414295959837438,0,4aaf377b-35ff-412d-bb67-db1ad8c49200,Lungenkarte
0.9278571677973552,0.881114147803825,False,0.1106220869222415,0.0408960459183673,False,0.6228675063775511,1.0,0,4ae0b788-62b6-486c-a95c-76764250c086,Lagepriore
0.7708098347057626,0.62255409054658,False,0.0631010880481217,0.0408960459183673,False,0.6228675063775511,1.0,0,4ae0b788-62b6-486c-a95c-76764250c086,Lungenkarte
0.8249630859436757,0.6532122372812235,True,0.3655428458146873,0.1838926977040816,False,0.3215680803571428,0.8539070120299123,0,4b048bdc-0a0a-43ed-aa0d-5971e433874b,Lagepriore
0.909980414990325,0.7418765037888962,True,0.4531341557519666,0.1838926977040816,False,0.3215680803571428,0.8539070120299123,0,4b048bdc-0a0a-43ed-aa0d-5971e433874b,Lungenkarte
0.7291858275308358,0.7039648696017382,False,0.2984851211769428,0.190868144132653,False,0.4701650191326531,0.4690404093139814,0,4b0cbffb-4974-411f-ae98-553830c360f0,Lagepriore
0.4737555703733376,0.4033080993317054,False,0.1824777685011493,0.190868144132653,False,0.4701650191326531,0.4690404093139814,0,4b0cbffb-4974-411f-ae98-553830c360f0,Lungenkarte
0.9570635371686278,0.8875160437718297,True,0.781770520615163,0.4114118303571428,False,0.4784159757653061,0.8221673206413797,0,4b26d000-be82-4426-80f6-d129ff2e8c7c,Lagepriore
0.8831005111969878,0.826286511864759,True,0.6638119868966562,0.4114118303571428,False,0.4784159757653061,0.8221673206413797,0,4b26d000-be82-4426-80f6-d129ff2e8c7c,Lungenkarte
0.7503277294459386,0.6673626613434336,False,0.2585226350390016,0.1508490114795918,False,0.7000358737244898,0.9770114942528736,0,4b8c3f3e-19ba-4883-866f-bdc033d40d87,Lagepriore
0.8037740212301386,0.7186684675735572,True,0.2040328582711257,0.1508490114795918,False,0.7000358737244898,0.9770114942528736,0,4b8c3f3e-19ba-4883-866f-bdc033d40d87,Lungenkarte
0.9272833091169508,0.7979214395363489,True,0.6162010738595743,0.2913145727040816,False,0.354312818877551,0.8396387767667784,0,4c645f41-0960-4544-9ec5-706d70db8c54,Lagepriore
0.9239826356982096,0.7671878331388108,True,0.6336000513691757,0.2913145727040816,False,0.354312818877551,0.8396387767667784,0,4c645f41-0960-4544-9ec5-706d70db8c54,Lungenkarte
0.9215229079920366,0.8615443561513583,True,0.7397187668212758,0.3953483737244898,False,0.5171994579081632,0.8733679487825781,0,4dcb986c-d32b-4acf-870b-342a42da7617,Lagepriore
0.9043377469153522,0.8308961396951196,True,0.6396637644987019,0.3953483737244898,False,0.5171994579081632,0.8733679487825781,0,4dcb986c-d32b-4acf-870b-342a42da7617,Lungenkarte
0.9446642076412493,0.9025878621646004,True,0.8084042949966532,0.4476243622448979,False,0.6284080038265306,0.828940338379341,0,4e90e80e-e990-4f27-8bc6-c6c11e822974,Lagepriore
0.7918000757460193,0.8163492807168814,True,0.5668303604754756,0.4476243622448979,False,0.6284080038265306,0.828940338379341,0,4e90e80e-e990-4f27-8bc6-c6c11e822974,Lungenkarte
0.9747716031885816,0.9731353340967251,True,0.6613910037177494,0.2914740114795918,False,0.5129544005102041,0.8371965811965812,0,4edd32a5-7960-41f5-a68a-df4744f3fe21,Lagepriore
0.8263210877739864,0.7771856308467611,True,0.4523241726404046,0.2914740114795918,False,0.5129544005102041,0.8371965811965812,0,4edd32a5-7960-41f5-a68a-df4744f3fe21,Lungenkarte
0.81398570203034,0.675875557103194,True,0.3312536413019487,0.1745256696428571,False,0.3635602678571428,0.998629667694416,0,4f146c9c-d0f0-41ae-b9df-e0f7a7c75328,Lagepriore
0.9573418893165104,0.8151196191894248,False,0.4647479884342891,0.1745256696428571,False,0.3635602678571428,0.998629667694416,0,4f146c9c-d0f0-41ae-b9df-e0f7a7c75328,Lungenkarte
0.897627991601015,0.8944511760089511,True,0.714569400722469,0.382015306122449,False,0.4778977997448979,0.8221515025041736,0,4f2fc5ae-4c6c-4022-b012-6c809e78759e,Lagepriore
0.859155639334445,0.7358440447809609,True,0.6176067904773692,0.382015306122449,False,0.4778977997448979,0.8221515025041736,0,4f2fc5ae-4c6c-4022-b012-6c809e78759e,Lungenkarte
0.8358650635959531,0.648136721829624,True,0.3576706523325911,0.1784518494897959,False,0.4401905293367347,0.914004914004914,0,4f781277-d540-4cd6-b405-4f215281d78e,Lagepriore
0.8480245901707743,0.6318063442849983,False,0.344951171759724,0.1784518494897959,False,0.4401905293367347,0.914004914004914,0,4f781277-d540-4cd6-b405-4f215281d78e,Lungenkarte
0.7173724004408812,0.5129897864785766,True,0.2482908510572643,0.1499521683673469,False,0.3893096301020408,0.9613237639553428,0,4fabf46a-ceec-421c-bb64-8527b44aa576,Lagepriore
0.9162942222388748,0.7499414739053867,True,0.3421717796139812,0.1499521683673469,False,0.3893096301020408,0.9613237639553428,0,4fabf46a-ceec-421c-bb64-8527b44aa576,Lungenkarte
0.9369182642572093,0.8820359132603797,True,0.2705180153166515,0.1023397640306122,False,0.4493183992346938,0.5750730282375852,0,5039abb8-29f6-4e8a-92e6-fbcb74804a7e,Lagepriore
0.5897942061097768,0.4829761731258064,False,0.1231864496668702,0.1023397640306122,False,0.4493183992346938,0.5750730282375852,0,5039abb8-29f6-4e8a-92e6-fbcb74804a7e,Lungenkarte
0.9438560023505524,0.9310074191589934,True,0.8576669299484057,0.5040258290816326,False,0.5783840880102041,0.7604982206405694,0,506792d8-848b-4ed5-ae27-000f116aa3b4,Lagepriore
0.7458363224480777,0.6765194387430625,False,0.6383484576979195,0.5040258290816326,False,0.5783840880102041,0.7604982206405694,0,506792d8-848b-4ed5-ae27-000f116aa3b4,Lungenkarte
0.9454725171311524,0.9293007805095812,True,0.6651531111353729,0.3129783163265306,False,0.5366111288265306,0.8657030056036679,0,515d7f97-f72a-4b82-aa13-c33c88f379e5,Lagepriore
0.8097477746156648,0.6704779955562631,True,0.4772933015386132,0.3129783163265306,False,0.5366111288265306,0.8657030056036679,0,515d7f97-f72a-4b82-aa13-c33c88f379e5,Lungenkarte
0.7950344367418412,0.7085729918444282,False,0.1580837443373479,0.0817123724489796,False,0.5504823022959183,0.6136585365853658,0,518063cc-d0f4-44c1-9589-af6c046c6dcf,Lagepriore
0.501340005060568,0.32677013300893,False,0.0847723049200104,0.0817123724489796,False,0.5504823022959183,0.6136585365853658,0,518063cc-d0f4-44c1-9589-af6c046c6dcf,Lungenkarte
0.8092823974976229,0.8103942151420227,True,0.8029432519976657,0.560546875,False,0.6411232461734694,0.8279172296096139,0,51ea5b97-a5a2-4ba0-9090-b85214c43c04,Lagepriore
0.7872794501194254,0.7413381991696786,True,0.693582585593577,0.560546875,False,0.6411232461734694,0.8279172296096139,0,51ea5b97-a5a2-4ba0-9090-b85214c43c04,Lungenkarte
0.9215579834123742,0.8452357147523004,True,0.5066190039167127,0.2265625,False,0.537109375,0.8825650950035187,0,523ad7b7-2430-4621-a90d-02d0e33f99a2,Lagepriore
0.7648001976764732,0.5868967955784334,False,0.3412014609792358,0.2265625,False,0.537109375,0.8825650950035187,0,523ad7b7-2430-4621-a90d-02d0e33f99a2,Lungenkarte
0.7644803285317356,0.5709502169457558,False,0.233669135058507,0.1391900510204081,False,0.4762236926020408,0.8752863688430699,0,52510771-8dac-4123-9d82-6a8df9ce0a50,Lagepriore
0.7952397780140228,0.6212237802053012,False,0.2391589327913344,0.1391900510204081,False,0.4762236926020408,0.8752863688430699,0,52510771-8dac-4123-9d82-6a8df9ce0a50,Lungenkarte
0.8566054176915753,0.7700908396112808,False,0.2480684579947024,0.1165098852040816,False,0.5421316964285714,0.8202189531303455,0,5337cc53-2e5d-4583-8173-c130cbe8fc74,Lagepriore
0.6855904816603061,0.5367990265219983,False,0.163083875109604,0.1165098852040816,False,0.5421316964285714,0.8202189531303455,0,5337cc53-2e5d-4583-8173-c130cbe8fc74,Lungenkarte
0.7479145023705174,0.6288067230321087,False,0.07954924061414,0.0477718431122448,False,0.5886080994897959,0.9395077179808092,0,53d91b9d-2b76-4f28-bf6a-f1b79effc6e6,Lagepriore
0.7238552654075511,0.5610199807080394,False,0.0706685326357687,0.0477718431122448,False,0.5886080994897959,0.9395077179808092,0,53d91b9d-2b76-4f28-bf6a-f1b79effc6e6,Lungenkarte
0.8758794570100236,0.8791305808232112,True,0.8176982353442918,0.5117785395408163,False,0.5201690051020408,0.7799369134312084,0,5415656d-d814-46c2-a8c7-ab2831c42a91,Lagepriore
0.816545634010491,0.7085630224734121,True,0.7194652002844781,0.5117785395408163,False,0.5201690051020408,0.7799369134312084,0,5415656d-d814-46c2-a8c7-ab2831c42a91,Lungenkarte
0.927566178906156,0.8663195915629706,True,0.112518713912402,0.0400390625,False,0.5415537308673469,1.0,0,55ca872c-8c78-4f06-b0e2-718c2c200e54,Lagepriore
0.838617226694379,0.6911347078347722,False,0.0710201548541674,0.0400390625,False,0.5415537308673469,1.0,0,55ca872c-8c78-4f06-b0e2-718c2c200e54,Lungenkarte
0.9523576894290496,0.894521016253022,True,0.2670452766392879,0.0976761798469387,False,0.3699178890306122,0.9955111201795552,0,55d5fe58-1dd5-454e-8628-92ef7f2993dc,Lagepriore
0.9505021310405444,0.8412525299051848,False,0.2496657854196228,0.0976761798469387,False,0.3699178890306122,0.9955111201795552,0,55d5fe58-1dd5-454e-8628-92ef7f2993dc,Lungenkarte
0.7156875266832192,0.5413118412233895,False,0.0255538244951229,0.0169403698979591,False,0.5796795280612245,0.9211764705882352,0,56879516-a43e-49f8-a482-8df58d7c4c3b,Lagepriore
0.5470859301024874,0.2493812735915742,False,0.0207926351734481,0.0169403698979591,False,0.5796795280612245,0.9211764705882352,0,56879516-a43e-49f8-a482-8df58d7c4c3b,Lungenkarte
0.9390430419764144,0.7849244517655144,True,0.3825747917182653,0.1545758928571428,False,0.3074577487244898,0.905363589479113,0,56a9a226-789b-428e-a1bd-303f4d7a2f1e,Lagepriore
0.9390696156755586,0.8202709221345814,True,0.4245298758261409,0.1545758928571428,False,0.3074577487244898,0.905363589479113,0,56a9a226-789b-428e-a1bd-303f4d7a2f1e,Lungenkarte
0.848887828220221,0.7548082723780467,False,0.335710285772526,0.1691446109693877,False,0.5956234056122449,0.9644161659007896,0,576a7e67-815c-47fd-a603-fcdab510ac78,Lagepriore
0.8556148312422533,0.7603146242271926,True,0.2618709845295385,0.1691446109693877,False,0.5956234056122449,0.9644161659007896,0,576a7e67-815c-47fd-a603-fcdab510ac78,Lungenkarte
0.8958962902425811,0.8600207176928016,False,0.2406834559926852,0.1017020089285714,False,0.7694913903061225,1.0,0,57880594-01e6-4768-bd1c-b943840d6040,Lagepriore
0.8464531805153727,0.7934624451405357,False,0.1309992263809671,0.1017020089285714,False,0.7694913903061225,1.0,0,57880594-01e6-4768-bd1c-b943840d6040,Lungenkarte
0.8818965751279116,0.7315862200888731,True,0.3579442897350454,0.1620894451530612,False,0.3340043048469387,0.7678593384974794,0,57bffc6f-1656-45a2-9e49-e28d1dcbeee1,Lagepriore
0.829543928108897,0.6488042859625345,False,0.3439213200810663,0.1620894451530612,False,0.3340043048469387,0.7678593384974794,0,57bffc6f-1656-45a2-9e49-e28d1dcbeee1,Lungenkarte
0.9354716055360708,0.8840480556630743,True,0.360748481911026,0.1449497767857142,False,0.4222935267857143,0.9811632063797608,0,57c7a66f-46aa-40cc-a1fd-67511f5d67f7,Lagepriore
0.9524797702903194,0.8767048039069901,True,0.3218703648795919,0.1449497767857142,False,0.4222935267857143,0.9811632063797608,0,57c7a66f-46aa-40cc-a1fd-67511f5d67f7,Lungenkarte
0.6898751421097097,0.5611265198651242,False,0.0237964890436651,0.0174186862244897,False,0.6070830676020408,1.0,0,57ddcf7d-96d4-4529-a2f9-9d3c9d25ca89,Lagepriore
0.8312741523846815,0.7188541971282922,False,0.0282727032337424,0.0174186862244897,False,0.6070830676020408,1.0,0,57ddcf7d-96d4-4529-a2f9-9d3c9d25ca89,Lungenkarte
0.9391453684073572,0.8741150397359203,True,0.5581602061044937,0.2523915816326531,False,0.4511918048469387,0.9813644977890082,0,5860110f-acc0-4361-9c51-7da5f5c102ce,Lagepriore
0.9574048654399008,0.8674639944294787,True,0.5125774513838139,0.2523915816326531,False,0.4511918048469387,0.9813644977890082,0,5860110f-acc0-4361-9c51-7da5f5c102ce,Lungenkarte
0.9866682437550178,0.9809517940248512,True,0.3914013754408312,0.1403459821428571,False,0.6573262117346939,0.9450440215847772,0,5871bd61-108b-4c53-bc24-c20522d56061,Lagepriore
0.7993634941999007,0.7243831460630228,True,0.1946650993328134,0.1403459821428571,False,0.6573262117346939,0.9450440215847772,0,5871bd61-108b-4c53-bc24-c20522d56061,Lungenkarte
0.950295209742796,0.9078852396904106,True,0.6460615711417262,0.2991868622448979,False,0.6533601721938775,0.9945377031707968,0,5973a2ae-a2f9-404e-930d-0d7c96f756ef,Lagepriore
0.9221370562140512,0.8543119445104432,True,0.4356961947262613,0.2991868622448979,False,0.6533601721938775,0.9945377031707968,0,5973a2ae-a2f9-404e-930d-0d7c96f756ef,Lungenkarte
0.94874830640087,0.9017468292471174,True,0.6005784057192481,0.2705078125,False,0.5653898278061225,0.9798865394533264,0,59a7bb86-70cd-4b0f-9f17-330e2a76f4aa,Lagepriore
0.9230821929026308,0.8372943682119892,True,0.4473800660042612,0.2705078125,False,0.5653898278061225,0.9798865394533264,0,59a7bb86-70cd-4b0f-9f17-330e2a76f4aa,Lungenkarte
0.961145994445432,0.9227933170125288,True,0.5635322024228738,0.2395567602040816,False,0.5026905293367347,0.959234608985025,0,59ceee49-67e6-4a01-99e4-98e554fa6794,Lagepriore
0.934908832319688,0.8704205857488607,True,0.4351875314415045,0.2395567602040816,False,0.5026905293367347,0.959234608985025,0,59ceee49-67e6-4a01-99e4-98e554fa6794,Lungenkarte
0.9078856749662342,0.8150039996677956,False,0.1733655626099413,0.0690569196428571,False,0.417789381377551,0.8222222222222222,0,5a4a8c72-7042-41af-9869-32cb8d493110,Lagepriore
0.7664794172190716,0.5519863802407691,False,0.1243080180677037,0.0690569196428571,False,0.417789381377551,0.8222222222222222,0,5a4a8c72-7042-41af-9869-32cb8d493110,Lungenkarte
0.9410577936143412,0.8645368800557138,False,0.0975245279827838,0.0339205994897959,False,0.4073262117346938,1.0,0,5a4e67d2-ce41-426c-a695-b98fb6e0a276,Lagepriore
0.923234338812569,0.8015565213879086,True,0.0794784392003267,0.0339205994897959,False,0.4073262117346938,1.0,0,5a4e67d2-ce41-426c-a695-b98fb6e0a276,Lungenkarte
0.9836436925325124,0.9648516344322966,True,0.7716633755912117,0.3723891900510204,False,0.6532007334183674,0.997912764249398,0,5b0c3016-c88d-4b19-82f8-bee204b8e12c,Lagepriore
0.9760947478849906,0.9501986651444714,True,0.5490108812446505,0.3723891900510204,False,0.6532007334183674,0.997912764249398,0,5b0c3016-c88d-4b19-82f8-bee204b8e12c,Lungenkarte
0.8201682803687549,0.6679820707123537,True,0.373684336350325,0.1952327806122449,False,0.4441964285714285,0.9561045324622296,0,5b35df82-9440-4634-9a28-406e1819cd4e,Lagepriore
0.9112200378559664,0.7690964691217328,True,0.4033616646313184,0.1952327806122449,False,0.4441964285714285,0.9561045324622296,0,5b35df82-9440-4634-9a28-406e1819cd4e,Lungenkarte
0.8963552039174668,0.8376767492630267,False,0.0389682157374707,0.0151267538265306,False,0.5888273278061225,0.9446640316205532,0,5c0149ad-fbb6-49a3-bd2d-de30ee0db938,Lagepriore
0.5341964912993542,0.2204252500135947,False,0.0200493796991671,0.0151267538265306,False,0.5888273278061225,0.9446640316205532,0,5c0149ad-fbb6-49a3-bd2d-de30ee0db938,Lungenkarte
0.8480700529822562,0.7179919309542399,False,0.3836603973741034,0.1993183992346938,False,0.6038942920918368,0.975002499750025,0,5c516953-ec2d-4859-9334-3e6ed90d4ba6,Lagepriore
0.8275727934362755,0.6874968641309731,True,0.2999769650596247,0.1993183992346938,False,0.6038942920918368,0.975002499750025,0,5c516953-ec2d-4859-9334-3e6ed90d4ba6,Lungenkarte
0.9644056245100524,0.9308499302448646,False,0.0455784203547106,0.0150271045918367,False,0.5037468112244898,0.896551724137931,0,5cfe7d99-d956-479c-85cf-7f8d65465f5b,Lagepriore
0.6720321398120899,0.3981052460672535,False,0.0232040360265375,0.0150271045918367,False,0.5037468112244898,0.896551724137931,0,5cfe7d99-d956-479c-85cf-7f8d65465f5b,Lungenkarte
0.964072140791046,0.9102209111620844,False,0.0455401184033454,0.0150271045918367,False,0.4077248086734694,0.9986737400530504,0,5dbb418a-7dc7-4ceb-a3f0-956b28b39734,Lagepriore
0.8040734042024477,0.5099334371892452,False,0.0331583229196497,0.0150271045918367,False,0.4077248086734694,0.9986737400530504,0,5dbb418a-7dc7-4ceb-a3f0-956b28b39734,Lungenkarte
0.8773334160304762,0.8633475690565051,True,0.32873789707723,0.1466836734693877,False,0.5841039540816326,1.0,0,5dff9c58-6243-4f60-8ac2-09caae7a9921,Lagepriore
0.8791955583066265,0.7646982820312438,False,0.2435806166700653,0.1466836734693877,False,0.5841039540816326,1.0,0,5dff9c58-6243-4f60-8ac2-09caae7a9921,Lungenkarte
0.8675212981063454,0.8267588249391196,True,0.4772998627565958,0.2382613201530612,False,0.5481704400510204,0.9237139272271015,0,5e3c7f02-5622-4d7d-83a3-6555eb5839d3,Lagepriore
0.8078824334178087,0.6271076216096666,True,0.3715627495507499,0.2382613201530612,False,0.5481704400510204,0.9237139272271015,0,5e3c7f02-5622-4d7d-83a3-6555eb5839d3,Lungenkarte
0.9084524867541636,0.7815554808528876,True,0.2358566565016304,0.0936104910714285,False,0.388492506377551,0.9993612944432616,0,5eb5e5a8-076b-4bf8-ae80-26f6334e8790,Lagepriore
0.954153321250872,0.8597404337566654,True,0.2281705829880407,0.0936104910714285,False,0.388492506377551,0.9993612944432616,0,5eb5e5a8-076b-4bf8-ae80-26f6334e8790,Lungenkarte
0.8672604962442688,0.6557464548557705,False,0.317499741770766,0.1508091517857142,False,0.4295679209183674,1.0,0,5f016f29-19c6-4895-905b-354bae107073,Lagepriore
0.9502223517087154,0.8483642832875009,True,0.3332718952604584,0.1508091517857142,False,0.4295679209183674,1.0,0,5f016f29-19c6-4895-905b-354bae107073,Lungenkarte
0.9072651696784112,0.8675315784375056,True,0.1072701726794457,0.0403579400510204,False,0.6397680165816326,1.0,0,5f04038d-8c7a-455a-a2ac-8582102d7227,Lagepriore
0.8799668378616549,0.8078381269508192,False,0.0619052433937887,0.0403579400510204,False,0.6397680165816326,1.0,0,5f04038d-8c7a-455a-a2ac-8582102d7227,Lungenkarte
0.9658662919241336,0.9107221891852056,True,0.1513317755377243,0.0502232142857142,False,0.3614277742346938,1.0,0,5f3f0adc-0d3d-4fbf-b24a-e2b1ccb4af93,Lagepriore
0.9628572977369562,0.8866428037753686,True,0.1352669007600394,0.0502232142857142,False,0.3614277742346938,1.0,0,5f3f0adc-0d3d-4fbf-b24a-e2b1ccb4af93,Lungenkarte
0.7550569956856492,0.6742962714726275,True,0.3558870632268592,0.2078483737244898,False,0.6649394132653061,0.9990411352958096,0,5f8ecc2d-d8b8-4974-b327-7920315c55aa,Lagepriore
0.8666128212039047,0.7703646896496797,True,0.3029701922468149,0.2078483737244898,False,0.6649394132653061,0.9990411352958096,0,5f8ecc2d-d8b8-4974-b327-7920315c55aa,Lungenkarte
0.8544467091314931,0.7668829257922144,False,0.0907201044664822,0.0393415178571428,False,0.5955436862244898,1.0,0,60930f08-9007-42ae-8c36-68442442c6b0,Lagepriore
0.908505427618919,0.8419956242097533,False,0.0653825257684411,0.0393415178571428,False,0.5955436862244898,1.0,0,60930f08-9007-42ae-8c36-68442442c6b0,Lungenkarte
0.8545741076293977,0.6377048013649107,False,0.0470267101575858,0.0199099170918367,False,0.2640704719387755,1.0,0,610ea636-e9df-4a9b-a396-867c06d10cb1,Lagepriore
0.9754963699490612,0.901657922717428,True,0.0729653648985163,0.0199099170918367,False,0.2640704719387755,1.0,0,610ea636-e9df-4a9b-a396-867c06d10cb1,Lungenkarte
0.9663621561917252,0.9321954318873958,True,0.1028350993596671,0.0333227040816326,False,0.4937420280612244,0.9922248803827752,0,6126c957-5789-4264-86c9-9fe21c0498b9,Lagepriore
0.8273724354209034,0.6450530063209649,False,0.0622192199700543,0.0333227040816326,False,0.4937420280612244,0.9922248803827752,0,6126c957-5789-4264-86c9-9fe21c0498b9,Lungenkarte
0.8988991860980803,0.877333018338003,True,0.2387563663222814,0.0986128826530612,False,0.5001793686224489,0.6598625707356508,0,6129213e-1ab7-465d-a84d-e871246fa712,Lagepriore
0.646335855486607,0.6469141072828454,False,0.1290638217000693,0.0986128826530612,False,0.5001793686224489,0.6598625707356508,0,6129213e-1ab7-465d-a84d-e871246fa712,Lungenkarte
0.8610638341787972,0.7786585801287574,True,0.1723311489088462,0.0749760841836734,False,0.5254304846938775,1.0,0,61ac1cd2-a064-4983-8abb-9c9c06cfded8,Lagepriore
0.8989022405130975,0.7926598663294065,True,0.1377502505229536,0.0749760841836734,False,0.5254304846938775,1.0,0,61ac1cd2-a064-4983-8abb-9c9c06cfded8,Lungenkarte
0.9428447327117484,0.8898177778466119,True,0.6637662725226171,0.3218470982142857,False,0.4996014030612244,0.8309492847854356,0,624a95b9-354b-415e-8bcc-382c6510469d,Lagepriore
0.8218484092823803,0.7120505708331055,True,0.497983564936981,0.3218470982142857,False,0.4996014030612244,0.8309492847854356,0,624a95b9-354b-415e-8bcc-382c6510469d,Lungenkarte
0.9456515975010208,0.922230615038392,True,0.2742725990311392,0.1021603954081632,False,0.5542689732142857,1.0,0,628a64f3-01e6-48ae-9430-57e5a4f7b188,Lagepriore
0.9365043392632196,0.8740376499430572,True,0.1803741863561096,0.1021603954081632,False,0.5542689732142857,1.0,0,628a64f3-01e6-48ae-9430-57e5a4f7b188,Lungenkarte
0.7520765110358949,0.6373077777247423,False,0.0852808430742902,0.0488480548469387,False,0.6973852040816326,1.0,0,628cca99-9eb5-43e0-84ab-8a8f113aae55,Lagepriore
0.7699207195446679,0.6628595058268205,False,0.0678917695004296,0.0488480548469387,False,0.6973852040816326,1.0,0,628cca99-9eb5-43e0-84ab-8a8f113aae55,Lungenkarte
0.843316476436722,0.7847280244881111,True,0.2435310533366057,0.1094945790816326,False,0.5421316964285714,1.0,0,629f59dc-5e5b-4c71-8201-308827e78873,Lagepriore
0.8947366388538953,0.7836225209483599,False,0.1965438740225632,0.1094945790816326,False,0.5421316964285714,1.0,0,629f59dc-5e5b-4c71-8201-308827e78873,Lungenkarte
0.9716336134811984,0.9495936250463376,True,0.3877994206353575,0.1437340561224489,False,0.5005978954081632,0.9972268441486412,0,632a88aa-2123-4bc6-92c7-b3dd7c91224c,Lagepriore
0.915328412743804,0.8005104441855077,True,0.2735298929846834,0.1437340561224489,False,0.5005978954081632,0.9972268441486412,0,632a88aa-2123-4bc6-92c7-b3dd7c91224c,Lungenkarte
0.8802435819844938,0.8237267525964949,True,0.2518754438340988,0.1085180165816326,False,0.6124641262755102,0.9449035812672176,0,63450918-0bbe-43ac-9d0f-22bed387dfdb,Lagepriore
0.7714989095410646,0.6486741678838122,False,0.1586924328971717,0.1085180165816326,False,0.6124641262755102,0.9449035812672176,0,63450918-0bbe-43ac-9d0f-22bed387dfdb,Lungenkarte
0.9311713909617408,0.8538719390513921,True,0.484336149289336,0.2094029017857142,False,0.4201211734693877,0.8125059484153422,0,6365ff26-72cf-4428-8610-66aab9c787c9,Lagepriore
0.8370139162634856,0.7946884855023401,True,0.3833456353027657,0.2094029017857142,False,0.4201211734693877,0.8125059484153422,0,6365ff26-72cf-4428-8610-66aab9c787c9,Lungenkarte
0.8348778698793057,0.6921431639538635,False,0.1641968925576317,0.0795200892857142,False,0.5589724170918368,1.0,0,637a9c51-38d9-4235-94f4-8730bda885b7,Lagepriore
0.8713939017638931,0.7532394814612705,False,0.1385221810898135,0.0795200892857142,False,0.5589724170918368,1.0,0,637a9c51-38d9-4235-94f4-8730bda885b7,Lungenkarte
0.9335002631834192,0.8408165476106431,False,0.1504546993882207,0.0547472895408163,False,0.441047512755102,1.0,0,637b1dfe-c876-44d8-b5a9-e5ebe3663773,Lagepriore
0.903157953885402,0.7630431483264536,False,0.1171972471737023,0.0547472895408163,False,0.441047512755102,1.0,0,637b1dfe-c876-44d8-b5a9-e5ebe3663773,Lungenkarte
0.957049012892786,0.9360876047207498,True,0.1868781551499974,0.0645727040816326,False,0.625617825255102,1.0,0,639b858a-eaf2-4605-9a90-25a07876421e,Lagepriore
0.8881539605020338,0.8135326585332802,True,0.1022090191434312,0.0645727040816326,False,0.625617825255102,1.0,0,639b858a-eaf2-4605-9a90-25a07876421e,Lungenkarte
0.9465276911634954,0.860558997797973,False,0.1166307731039752,0.0412547831632653,False,0.3820950255102041,0.8671497584541062,0,63daff08-6af1-4f59-b438-773c688af1ee,Lagepriore
0.8046333268460492,0.5679517141010041,False,0.0858271619295841,0.0412547831632653,False,0.3820950255102041,0.8671497584541062,0,63daff08-6af1-4f59-b438-773c688af1ee,Lungenkarte
0.8355565468652,0.7819269758812616,False,0.1211895385021665,0.0558035714285714,False,0.6312779017857143,1.0,0,640743e2-59ed-4859-b25b-eb92f351cef0,Lagepriore
0.8663433037221981,0.7807059740259741,False,0.0878081543201875,0.0558035714285714,False,0.6312779017857143,1.0,0,640743e2-59ed-4859-b25b-eb92f351cef0,Lungenkarte
0.8675258067333985,0.7356193066948559,False,0.321465538286323,0.1544762436224489,False,0.5473134566326531,0.9722616436588828,0,64c717c5-62f8-4434-b967-350679a2d4b9,Lagepriore
0.8368570687212257,0.6762468386213704,False,0.253829045951598,0.1544762436224489,False,0.5473134566326531,0.9722616436588828,0,64c717c5-62f8-4434-b967-350679a2d4b9,Lungenkarte
0.9563491653346332,0.9143068960659458,False,0.2669214267475959,0.0978954081632653,False,0.5209263392857143,1.0,0,65c77a9f-d874-47b4-83c8-3468e5100908,Lagepriore
0.9426534391288804,0.8777625183729253,True,0.1854966313682176,0.0978954081632653,False,0.5209263392857143,1.0,0,65c77a9f-d874-47b4-83c8-3468e5100908,Lungenkarte
0.9396684268871728,0.9148000154409176,True,0.1947079167392882,0.069953762755102,False,0.5877112563775511,1.0,0,65f038e8-a727-472c-bb76-7a71cd4397f2,Lagepriore
0.951743455919944,0.9133173089945869,True,0.1177757327933622,0.069953762755102,False,0.5877112563775511,1.0,0,65f038e8-a727-472c-bb76-7a71cd4397f2,Lungenkarte
0.8878873203201805,0.7337154221040215,True,0.2744046827489649,0.1183832908163265,False,0.3745017538265306,0.8946127946127946,0,660413b7-c06e-4194-9157-be698934cbcc,Lagepriore
0.8565533545510261,0.6253303869660263,False,0.2571146848544829,0.1183832908163265,False,0.3745017538265306,0.8946127946127946,0,660413b7-c06e-4194-9157-be698934cbcc,Lungenkarte
0.8278526809663683,0.7574673913671921,False,0.0814177724334813,0.0377072704081632,False,0.6935985331632653,1.0,0,660423bf-1b7b-43d8-9d9a-ec96ea1afc1b,Lagepriore
0.8477640409553552,0.7766465962330477,False,0.0540510407420756,0.0377072704081632,False,0.6935985331632653,1.0,0,660423bf-1b7b-43d8-9d9a-ec96ea1afc1b,Lungenkarte
0.9633236681412584,0.9035851397790482,False,0.0557550137792148,0.0184948979591836,False,0.3918606505102041,1.0,0,661ca6dc-2132-4e8b-bac6-67add068a186,Lagepriore
0.8994269721788107,0.7356132980603218,False,0.0447906673360311,0.0184948979591836,False,0.3918606505102041,1.0,0,661ca6dc-2132-4e8b-bac6-67add068a186,Lungenkarte
0.9152629421770444,0.855276918447504,True,0.5444045177139246,0.2554009885204081,False,0.5484494579081632,0.9238392508778774,0,666dc889-847f-491f-ad5e-300f859dd70a,Lagepriore
0.8119552685457804,0.6226061774169082,False,0.4046274331590955,0.2554009885204081,False,0.5484494579081632,0.9238392508778774,0,666dc889-847f-491f-ad5e-300f859dd70a,Lungenkarte
0.7585463464435992,0.4091252927551984,False,0.0655948875216137,0.0358737244897959,False,0.2070113201530612,1.0,0,66ab31a6-be10-4f4e-ad4d-b4aeb9371271,Lagepriore
0.9817288416662072,0.8973926995587646,True,0.1616378525373634,0.0358737244897959,False,0.2070113201530612,1.0,0,66ab31a6-be10-4f4e-ad4d-b4aeb9371271,Lungenkarte
0.9682787175596684,0.928676298563053,True,0.0530370798947903,0.0167410714285714,False,0.4223931760204081,1.0,0,66dd2ba0-b107-4261-8acd-6a6a782f1d5f,Lagepriore
0.8857785317589011,0.723147754975037,False,0.0379974586714671,0.0167410714285714,False,0.4223931760204081,1.0,0,66dd2ba0-b107-4261-8acd-6a6a782f1d5f,Lungenkarte
0.8834443845219707,0.8340976382083497,True,0.1471137022222629,0.0590720663265306,False,0.6505102040816326,1.0,0,66f69589-bf3b-4083-b226-79c68e030099,Lagepriore
0.8192063231196625,0.7123725881899685,False,0.0903333518237265,0.0590720663265306,False,0.6505102040816326,1.0,0,66f69589-bf3b-4083-b226-79c68e030099,Lungenkarte
0.978576784620098,0.9630196762603128,True,0.1357028464448868,0.0433673469387755,False,0.5465361926020408,1.0,0,673a442a-9862-4b7b-83ef-9205c4c9dc1a,Lagepriore
0.9017512398514091,0.8134080778234571,True,0.0767127604520735,0.0433673469387755,False,0.5465361926020408,1.0,0,673a442a-9862-4b7b-83ef-9205c4c9dc1a,Lungenkarte
0.6135534223466823,0.5845657789038057,False,0.1301077207191869,0.1077407525510204,False,0.3597337372448979,0.5044395116537181,0,6756a810-a4d0-4e64-9ea0-df78a7dd0cc8,Lagepriore
0.5787470155142439,0.7024146181069411,False,0.1434250508079416,0.1077407525510204,False,0.3597337372448979,0.5044395116537181,0,6756a810-a4d0-4e64-9ea0-df78a7dd0cc8,Lungenkarte
0.864332207622428,0.725442738873589,False,0.1104806121105228,0.047672193877551,False,0.407405931122449,0.9443979933110368,0,67b8ef8a-5285-4eec-88c8-8f4fe53f0f6e,Lagepriore
0.8023246602114756,0.5187888506591914,False,0.0975751672571417,0.047672193877551,False,0.407405931122449,0.9443979933110368,0,67b8ef8a-5285-4eec-88c8-8f4fe53f0f6e,Lungenkarte
0.9207313217370928,0.8858903933344655,True,0.1350044159334956,0.048828125,False,0.6020607461734694,1.0,0,6821b958-8b00-40f0-8ec2-8912d21acfaa,Lagepriore
0.8115335755892266,0.677253723925537,False,0.0767292428290451,0.048828125,False,0.6020607461734694,1.0,0,6821b958-8b00-40f0-8ec2-8912d21acfaa,Lungenkarte
0.9295306650160494,0.7995440273334914,False,0.3092232213806641,0.1238839285714285,False,0.4106943558673469,0.9995173745173744,0,6917d6dc-90c7-47cc-8169-f02d0df8a0aa,Lagepriore
0.9564202253891744,0.8675509188076894,True,0.2937793568807639,0.1238839285714285,False,0.4106943558673469,0.9995173745173744,0,6917d6dc-90c7-47cc-8169-f02d0df8a0aa,Lungenkarte
0.9504056806738076,0.8968143472262611,True,0.0713544535552065,0.0236766581632653,False,0.4639668367346938,1.0,0,69220eb7-f35f-4620-9a62-cd5478fc9f99,Lagepriore
0.9019622392922996,0.7826898008694587,False,0.0492381838835408,0.0236766581632653,False,0.4639668367346938,1.0,0,69220eb7-f35f-4620-9a62-cd5478fc9f99,Lungenkarte
0.9351441823427225,0.8802405690353963,False,0.1189178108531347,0.0433075573979591,False,0.5475725446428571,0.9673262770363552,0,69702abd-0555-4e3c-bb6a-f73a1d47adfd,Lagepriore
0.7870032168088436,0.6221385866731356,False,0.0710514457563302,0.0433075573979591,False,0.5475725446428571,0.9673262770363552,0,69702abd-0555-4e3c-bb6a-f73a1d47adfd,Lungenkarte
0.8545778725990951,0.7926802186515606,False,0.1113817847040403,0.0493861607142857,False,0.6354432397959183,0.9967715899919288,0,6982a34e-4c06-48f9-90e0-2f86551bd9cd,Lagepriore
0.7373592465048882,0.5771936591928325,False,0.0732098381478117,0.0493861607142857,False,0.6354432397959183,0.9967715899919288,0,6982a34e-4c06-48f9-90e0-2f86551bd9cd,Lungenkarte
0.9188183709442028,0.8613003484243712,False,0.1801021949759852,0.0701530612244897,False,0.6143973214285714,1.0,0,6a007557-7c16-4726-b91f-2da91ee8f798,Lagepriore
0.8416103398715161,0.7294435810934524,True,0.1098042466284727,0.0701530612244897,False,0.6143973214285714,1.0,0,6a007557-7c16-4726-b91f-2da91ee8f798,Lungenkarte
0.9818988606588012,0.9643604543004186,True,0.1049674301248776,0.0326450892857142,False,0.5239556760204082,1.0,0,6a2d8b64-cf13-47e2-bed9-41a6b801e1fb,Lagepriore
0.8886576714361131,0.7808003650125993,False,0.0612893616443358,0.0326450892857142,False,0.5239556760204082,1.0,0,6a2d8b64-cf13-47e2-bed9-41a6b801e1fb,Lungenkarte
0.9422110007750306,0.9123405458891368,True,0.2703903774716045,0.1012834821428571,False,0.6004065688775511,1.0,0,6a66b5bb-54f3-46b0-9675-9d137cb3f895,Lagepriore
0.8872753769479599,0.7975296300235316,True,0.1635007591597541,0.1012834821428571,False,0.6004065688775511,1.0,0,6a66b5bb-54f3-46b0-9675-9d137cb3f895,Lungenkarte
0.9297102841381564,0.8198095887544338,True,0.271846217179784,0.1052295918367346,False,0.4188058035714285,0.9916666666666668,0,6a778bf7-2bbd-4804-9d81-38eca7019ffe,Lagepriore
0.9433959620820644,0.847115756038642,True,0.2393147066144278,0.1052295918367346,False,0.4188058035714285,0.9916666666666668,0,6a778bf7-2bbd-4804-9d81-38eca7019ffe,Lungenkarte
0.7955740052786818,0.6279226717328411,False,0.3948422047569105,0.2159598214285714,False,0.3615274234693877,0.7536913990402363,0,6b1c5aa9-639f-46c5-91c9-186952430ee7,Lagepriore
0.8393786666505274,0.7454985691684679,True,0.4366253054688065,0.2159598214285714,False,0.3615274234693877,0.7536913990402363,0,6b1c5aa9-639f-46c5-91c9-186952430ee7,Lungenkarte
0.8608344338039723,0.7993036760409923,True,0.1935543094736104,0.0837053571428571,False,0.5084901147959183,0.988095238095238,0,6c7865de-dd67-4785-9234-a3b80e376360,Lagepriore
0.8669186174774417,0.7237496306138239,True,0.1570076905137624,0.0837053571428571,False,0.5084901147959183,0.988095238095238,0,6c7865de-dd67-4785-9234-a3b80e376360,Lungenkarte
0.7693887688577506,0.6353440210583068,False,0.0646326580401163,0.0322265625,False,0.5529934630102041,1.0,0,6ce8af4e-7d9f-4dc1-9caa-7b06b72ed863,Lagepriore
0.8967597871332063,0.8081451952454085,False,0.0577917235060717,0.0322265625,False,0.5529934630102041,1.0,0,6ce8af4e-7d9f-4dc1-9caa-7b06b72ed863,Lungenkarte
0.94229966575978,0.9010461089445768,True,0.193231873880721,0.0692562181122449,False,0.5361527423469388,1.0,0,6d13500d-05ee-4f4f-bc08-aeda019858fe,Lagepriore
0.9056232893815994,0.8120900958833395,False,0.126657290168492,0.0692562181122449,False,0.5361527423469388,1.0,0,6d13500d-05ee-4f4f-bc08-aeda019858fe,Lungenkarte
0.9548896376029532,0.9036752727187172,True,0.7406403532061362,0.3683035714285714,False,0.5568000637755102,0.9371753246753248,0,6dc76e37-3793-4ef1-b0ae-e6fa2335e139,Lagepriore
0.9127766738220344,0.8362357837817611,True,0.5804906613668132,0.3683035714285714,False,0.5568000637755102,0.9371753246753248,0,6dc76e37-3793-4ef1-b0ae-e6fa2335e139,Lungenkarte
0.7622150992024125,0.6653746721891546,False,0.2548985300985246,0.1501116071428571,False,0.6309191645408163,0.9936271906532128,0,6e01cefa-becc-4ad7-b8fb-c8172fc9e7da,Lagepriore
0.8368363378628074,0.7188550179543799,True,0.2249390372263527,0.1501116071428571,False,0.6309191645408163,0.9936271906532128,0,6e01cefa-becc-4ad7-b8fb-c8172fc9e7da,Lungenkarte
0.8425552311260269,0.7876514377591662,False,0.0901197961643823,0.0402782206632653,False,0.4532047193877551,0.7407224146462148,0,6e73017c-4e3a-499b-a597-4a797bb179de,Lagepriore
0.6733316581254527,0.4479064517020672,False,0.0609655970420155,0.0402782206632653,False,0.4532047193877551,0.7407224146462148,0,6e73017c-4e3a-499b-a597-4a797bb179de,Lungenkarte
0.9723245926199232,0.9449262928174018,True,0.2594082607089602,0.0900031887755102,False,0.5398397640306123,1.0,0,6e79d058-f131-42b2-8968-0a4665d71be5,Lagepriore
0.9100804891121536,0.8181036219571906,True,0.1618246000781045,0.0900031887755102,False,0.5398397640306123,1.0,0,6e79d058-f131-42b2-8968-0a4665d71be5,Lungenkarte
0.8311440796407997,0.7504007374487008,False,0.1753371886794951,0.0859375,False,0.5704520089285714,0.9422541743970316,0,6f316d9f-5bce-464a-997e-bb04596b9844,Lagepriore
0.7696587127846238,0.616581427011539,False,0.1355623951677507,0.0859375,False,0.5704520089285714,0.9422541743970316,0,6f316d9f-5bce-464a-997e-bb04596b9844,Lungenkarte
0.9680033297504717,0.9482158481289392,False,0.0277982199009839,0.0088089923469387,False,0.5854791135204082,1.0,0,6f37008d-c8a4-45b0-a1cd-7b215df62cfc,Lagepriore
0.9680407914903668,0.945067935855604,False,0.0149665231379784,0.0088089923469387,False,0.5854791135204082,1.0,0,6f37008d-c8a4-45b0-a1cd-7b215df62cfc,Lungenkarte
0.666817395212613,0.6294235617629678,False,0.3301668517530459,0.2405532525510204,False,0.7682955994897959,0.9180613090306544,0,6f3edd10-1cc0-4f2b-874f-3d599bdf463f,Lagepriore
0.756354654271643,0.7329178523250117,False,0.2852878150856369,0.2405532525510204,False,0.7682955994897959,0.9180613090306544,0,6f3edd10-1cc0-4f2b-874f-3d599bdf463f,Lungenkarte
0.980814538200095,0.9577116940089668,True,0.1479499247690934,0.0473931760204081,False,0.4711216517857143,1.0,0,6f5859fe-9eaa-4a4e-bb4c-217596812fef,Lagepriore
0.9270477198496292,0.835992047099035,True,0.0982075495147788,0.0473931760204081,False,0.4711216517857143,1.0,0,6f5859fe-9eaa-4a4e-bb4c-217596812fef,Lungenkarte
0.8599145456556947,0.8909529500303851,True,0.7059974087384675,0.4059311224489796,False,0.4574697066326531,0.6802827965435978,0,6fadce8d-3ee4-4f94-b05f-e6f0bc531c6b,Lagepriore
0.7139469106273342,0.6998403593638071,True,0.5651165747827228,0.4059311224489796,False,0.4574697066326531,0.6802827965435978,0,6fadce8d-3ee4-4f94-b05f-e6f0bc531c6b,Lungenkarte
0.6659488427106508,0.6803954470626228,False,0.3223769967934397,0.2446388711734693,False,0.5836057079081632,0.5372708757637474,0,6fd0d3d2-a990-41a8-b843-94d2356afe42,Lagepriore
0.485567953298418,0.6460855020097929,True,0.2264837235471603,0.2446388711734693,False,0.5836057079081632,0.5372708757637474,0,6fd0d3d2-a990-41a8-b843-94d2356afe42,Lungenkarte
0.7471010669650844,0.626922312143922,True,0.2646773207596115,0.1456871811224489,False,0.5635562818877551,0.7911080711354309,0,701ee1cc-5bb4-4b0d-b1df-437d8a5fdcb3,Lagepriore
0.6548338703571713,0.5064278904447338,False,0.1954312073168519,0.1456871811224489,False,0.5635562818877551,0.7911080711354309,0,701ee1cc-5bb4-4b0d-b1df-437d8a5fdcb3,Lungenkarte
0.911615392956039,0.7138412855644999,True,0.5311320222462877,0.2466717155612245,False,0.3437300701530612,0.8732326088712935,0,7092a623-6d2d-4ecb-abed-be46296c4d7e,Lagepriore
0.9388978976179122,0.8543099886666293,True,0.5792175868079489,0.2466717155612245,False,0.3437300701530612,0.8732326088712935,0,7092a623-6d2d-4ecb-abed-be46296c4d7e,Lungenkarte
0.9311035646959138,0.8697194014919395,True,0.3330602746571452,0.1330915178571428,False,0.5821109693877551,0.9931117100928422,0,716bf6b1-1764-4774-959f-1d5e3f6fe098,Lagepriore
0.8374584881410829,0.6935067077274542,True,0.216026893789142,0.1330915178571428,False,0.5821109693877551,0.9931117100928422,0,716bf6b1-1764-4774-959f-1d5e3f6fe098,Lungenkarte
0.9345329647265193,0.8726035988507992,False,0.3459171578622296,0.1386320153061224,False,0.359195631377551,0.9009488211615873,0,71bed21d-d089-4918-a058-2b6602d176a2,Lagepriore
0.9185128113408828,0.8302576637683643,True,0.3321758320107159,0.1386320153061224,False,0.359195631377551,0.9009488211615873,0,71bed21d-d089-4918-a058-2b6602d176a2,Lungenkarte
0.903431320955158,0.7668110026538463,False,0.0321496921267997,0.0121173469387755,False,0.4148796237244898,1.0,0,71c7d986-b660-4df2-9c2c-a346d0aa7f03,Lagepriore
0.7564495564041742,0.4047015839086806,False,0.0244479872648884,0.0121173469387755,False,0.4148796237244898,1.0,0,71c7d986-b660-4df2-9c2c-a346d0aa7f03,Lungenkarte
0.8885097126223283,0.8406869466640186,True,0.2726076511427546,0.1147959183673469,False,0.464485012755102,0.8934027777777778,0,728a62fc-4310-4aca-9d68-72c8a829d69e,Lagepriore
0.8728302715300292,0.8141966098727723,True,0.2147908457031224,0.1147959183673469,False,0.464485012755102,0.8934027777777778,0,728a62fc-4310-4aca-9d68-72c8a829d69e,Lungenkarte
0.929315114265613,0.9888065903055984,True,0.1857263365077996,0.0686383928571428,False,0.5696548150510204,0.3803716608594657,0,72dbeeca-38a3-4375-942a-9c3b098da64a,Lagepriore
0.4222240058542232,0.7179020270865993,False,0.0490897406873761,0.0686383928571428,False,0.5696548150510204,0.3803716608594657,0,72dbeeca-38a3-4375-942a-9c3b098da64a,Lungenkarte
0.9107258206898124,0.9314326617994906,True,0.1552406979475457,0.0593112244897959,False,0.4294882015306122,0.5749327956989247,0,72de59ee-6a34-42d7-8379-66af5f507bbc,Lagepriore
0.596779386931611,0.4771646411708938,False,0.0752348528438506,0.0593112244897959,False,0.4294882015306122,0.5749327956989247,0,72de59ee-6a34-42d7-8379-66af5f507bbc,Lungenkarte
0.959352883431225,0.9363776054762946,True,0.3919280000216857,0.1499920280612245,False,0.5896245216836735,0.9540260430507572,0,7302e6f8-50b1-4b00-a299-c5d1dc4c1c76,Lagepriore
0.815842858473587,0.694420773193409,True,0.2317587752352841,0.1499920280612245,False,0.5896245216836735,0.9540260430507572,0,7302e6f8-50b1-4b00-a299-c5d1dc4c1c76,Lungenkarte
0.9356950346526136,0.8691035287536107,True,0.1029541875750918,0.0364516900510204,False,0.5098054846938775,1.0,0,7332ae2f-48af-425e-971c-81092e98187d,Lagepriore
0.8470700460561312,0.6886992344185836,False,0.0685822035356342,0.0364516900510204,False,0.5098054846938775,1.0,0,7332ae2f-48af-425e-971c-81092e98187d,Lungenkarte
0.9684725631391206,0.8994910104142566,True,0.4589088841440292,0.1791294642857142,False,0.4226323341836734,0.9931019136626612,0,73d61c35-605f-435e-af98-5cc68b188a46,Lagepriore
0.953953425496834,0.85399471660216,True,0.3969902797374917,0.1791294642857142,False,0.4226323341836734,0.9931019136626612,0,73d61c35-605f-435e-af98-5cc68b188a46,Lungenkarte
0.9400761086879068,0.918550852118962,True,0.6694638349933558,0.3294005102040816,False,0.5451809630102041,0.8958736689254598,0,73dec8bd-601a-4cbe-9ae8-336c5cbd77e2,Lagepriore
0.8857759280106348,0.8553128593750481,True,0.5164701101271668,0.3294005102040816,False,0.5451809630102041,0.8958736689254598,0,73dec8bd-601a-4cbe-9ae8-336c5cbd77e2,Lungenkarte
0.914035225232874,0.8348538069003572,True,0.3775208113920476,0.1586216517857142,False,0.5383649553571429,0.9702223897474556,0,73e62967-5fef-4dfa-9a3a-1e045a81f593,Lagepriore
0.845067631309159,0.6885516783655812,True,0.267221273392722,0.1586216517857142,False,0.5383649553571429,0.9702223897474556,0,73e62967-5fef-4dfa-9a3a-1e045a81f593,Lungenkarte
0.9656094347266826,0.9181194525129064,True,0.4334192995447229,0.1678890306122449,False,0.3932358099489796,0.8509021842355176,0,741500a4-d128-4b85-852b-428779f5c5ec,Lagepriore
0.8387157787460967,0.649945446823012,True,0.3352288329535782,0.1678890306122449,False,0.3932358099489796,0.8509021842355176,0,741500a4-d128-4b85-852b-428779f5c5ec,Lungenkarte
0.9775365103020672,0.9608870341229367,True,0.1427184301010091,0.0459183673469387,False,0.5754743303571429,1.0,0,7458057f-a75e-49ed-a22f-41960bfa2a00,Lagepriore
0.8000772830920069,0.6403166427919537,False,0.0751767998922391,0.0459183673469387,False,0.5754743303571429,1.0,0,7458057f-a75e-49ed-a22f-41960bfa2a00,Lungenkarte
0.932282957439187,0.8939109017051756,True,0.1020233678239806,0.0357541454081632,False,0.4224131058673469,0.9186176142697882,0,74d04109-2cd0-497f-a3d3-b04fcbd34b10,Lagepriore
0.7973635196151475,0.5574053588040973,False,0.0709094617816571,0.0357541454081632,False,0.4224131058673469,0.9186176142697882,0,74d04109-2cd0-497f-a3d3-b04fcbd34b10,Lungenkarte
0.7682991389490579,0.7401195947530009,False,0.0939127607570724,0.0513392857142857,False,0.2910355548469387,0.3645186335403726,0,74fc0444-3b29-4b22-8e3d-6a92f87f725f,Lagepriore
0.6239167990565792,0.298405844949408,False,0.0611170592254175,0.0513392857142857,False,0.2910355548469387,0.3645186335403726,0,74fc0444-3b29-4b22-8e3d-6a92f87f725f,Lungenkarte
0.7190400763020253,0.6906482364174567,False,0.2338042965097419,0.1470025510204081,False,0.3729472257653061,0.4636659436008676,0,7508399d-307f-450d-8f47-f24930ad6fb6,Lagepriore
0.5890482503877187,0.8722275470602878,True,0.1835253109895842,0.1470025510204081,False,0.3729472257653061,0.4636659436008676,0,7508399d-307f-450d-8f47-f24930ad6fb6,Lungenkarte
0.8195030060057639,0.516533294473949,False,0.0654901623666764,0.031509088010204,False,0.3086734693877551,1.0,0,750d6b01-4273-43b2-8de8-500e738cb257,Lagepriore
0.979565206723868,0.9285984055918216,True,0.1003017506834127,0.031509088010204,False,0.3086734693877551,1.0,0,750d6b01-4273-43b2-8de8-500e738cb257,Lungenkarte
0.7370266856174609,0.5653888076712598,False,0.0336955518029911,0.0205676020408163,False,0.5360730229591837,1.0,0,759f55b1-8bd3-4695-a4ac-6ad6336abaed,Lagepriore
0.8521860728540837,0.7191649104478238,False,0.036791999983071,0.0205676020408163,False,0.5360730229591837,1.0,0,759f55b1-8bd3-4695-a4ac-6ad6336abaed,Lungenkarte
0.8736073898456048,0.8032260006125206,True,0.1366740463636804,0.0565011160714285,False,0.5925940688775511,1.0,0,75e9b334-1789-496b-9006-8adccedcd7e4,Lagepriore
0.8999592137006499,0.8239469114755681,False,0.0933033728365585,0.0565011160714285,False,0.5925940688775511,1.0,0,75e9b334-1789-496b-9006-8adccedcd7e4,Lungenkarte
0.925498450169557,0.8557303355635771,True,0.4764478038047584,0.2096619897959183,False,0.517936862244898,0.994106463878327,0,7625412b-fbb0-46d7-9f7d-00b436cc467a,Lagepriore
0.9416633032194746,0.8581350083743431,True,0.3857081914429985,0.2096619897959183,False,0.517936862244898,0.994106463878327,0,7625412b-fbb0-46d7-9f7d-00b436cc467a,Lungenkarte
0.685693186985243,0.5580388106078733,False,0.0949150020736064,0.0687579719387755,False,0.5829878826530612,1.0,0,7628b348-fdb4-43f6-a7bf-7eb0e20d0ae8,Lagepriore
0.939600005458898,0.8906307678654278,True,0.1172238624896784,0.0687579719387755,False,0.5829878826530612,1.0,0,7628b348-fdb4-43f6-a7bf-7eb0e20d0ae8,Lungenkarte
0.9022111524816568,0.815943460412711,False,0.087442031926254,0.0342793367346938,False,0.5012555803571429,1.0,0,76cf9b95-b598-4788-9a10-77061046ef98,Lagepriore
0.8727884875657993,0.7372574148936064,False,0.0653894144129033,0.0342793367346938,False,0.5012555803571429,1.0,0,76cf9b95-b598-4788-9a10-77061046ef98,Lungenkarte
0.8429673767628912,0.7918179061181891,True,0.3435809010477035,0.1601761798469387,False,0.5934909119897959,0.985940027373398,0,77633bed-c31b-466a-946d-6624b97231a8,Lagepriore
0.8538818333866727,0.7305978432029469,False,0.2590680048659424,0.1601761798469387,False,0.5934909119897959,0.985940027373398,0,77633bed-c31b-466a-946d-6624b97231a8,Lungenkarte
0.8922032689000733,0.7601731466776651,True,0.1745066220168569,0.0710698341836734,False,0.3407007334183674,1.0,0,778cae69-d2ce-4217-be96-e2dcc699969c,Lagepriore
0.9564238698389026,0.8502029582119083,True,0.2007874510966748,0.0710698341836734,False,0.3407007334183674,1.0,0,778cae69-d2ce-4217-be96-e2dcc699969c,Lungenkarte
0.7152386722604304,0.5900579735716681,False,0.024087120363275,0.0157844387755102,False,0.4449936224489796,0.3939393939393939,0,7802c9a7-66c9-45a2-9005-ba61a5ea588a,Lagepriore
0.5018410146336195,0.1927080421697972,False,0.0143398287373278,0.0157844387755102,False,0.4449936224489796,0.3939393939393939,0,7802c9a7-66c9-45a2-9005-ba61a5ea588a,Lungenkarte
0.9236682820880032,0.8698567829562606,True,0.6024727702934427,0.2924505739795918,False,0.574577487244898,0.9409840534278316,0,78221b16-5fd9-4a99-a966-56b693c2e5d7,Lagepriore
0.8750081139235873,0.7720907823990245,True,0.4506868955342507,0.2924505739795918,False,0.574577487244898,0.9409840534278316,0,78221b16-5fd9-4a99-a966-56b693c2e5d7,Lungenkarte
0.780396487200428,0.5681308472887454,False,0.0884279895688052,0.0473931760204081,False,0.4997807716836734,1.0,0,78228039-bc86-44ce-8a13-57cf49ccf493,Lagepriore
0.8336160329330986,0.6496703244504793,False,0.0864744902332361,0.0473931760204081,False,0.4997807716836734,1.0,0,78228039-bc86-44ce-8a13-57cf49ccf493,Lungenkarte
0.94666382642021,0.8158314867942049,True,0.1269508145515221,0.0440051020408163,False,0.2785395408163265,1.0,0,78abc3f5-ac62-4e42-a6b4-1c44e09cb566,Lagepriore
0.9679781473050272,0.8695247112964167,True,0.1515062684511626,0.0440051020408163,False,0.2785395408163265,1.0,0,78abc3f5-ac62-4e42-a6b4-1c44e09cb566,Lungenkarte
0.783465978558029,0.7719171361383207,False,0.0378850565174899,0.0202088647959183,False,0.4167928890306122,0.0502958579881656,0,79255e97-c107-47ee-918c-6eba3081f3bc,Lagepriore
0.3195613010545901,0.0727056041475165,False,0.0059308398935494,0.0202088647959183,False,0.4167928890306122,0.0502958579881656,0,79255e97-c107-47ee-918c-6eba3081f3bc,Lungenkarte
0.7864239870553875,0.6622384049572938,False,0.2029730992279123,0.1067243303571428,False,0.4974091198979591,0.6597572362278245,0,79310bce-abe6-4e7d-a285-2601cfeeca5e,Lagepriore
0.6314345760168818,0.5754475241108917,False,0.1376864418511514,0.1067243303571428,False,0.4974091198979591,0.6597572362278245,0,79310bce-abe6-4e7d-a285-2601cfeeca5e,Lungenkarte
0.7789411149618083,0.5653908004535474,False,0.0231639293223125,0.0127152423469387,False,0.4599609375,1.0,0,7934f518-dbaa-4201-922b-1bc93a245e84,Lagepriore
0.8937554476719116,0.7654675534410749,False,0.0267173294804525,0.0127152423469387,False,0.4599609375,1.0,0,7934f518-dbaa-4201-922b-1bc93a245e84,Lungenkarte
0.8101295222216106,0.9268406206335424,False,0.0733425999310052,0.034438775510204,False,0.4744698660714285,0.1857638888888889,0,794c2473-8e8e-4f2b-989a-7148d0737c95,Lagepriore
0.3406585375327957,0.1671322452853864,False,0.0159437575738576,0.034438775510204,False,0.4744698660714285,0.1857638888888889,0,794c2473-8e8e-4f2b-989a-7148d0737c95,Lungenkarte
0.9695278440557265,0.9387799163655304,True,0.3377003525747916,0.1229472257653061,False,0.5420519770408163,0.995461176852002,0,7a1e02f8-4965-4364-918b-83d3422f931b,Lagepriore
0.8904681523960531,0.776215030276186,True,0.2159013931015709,0.1229472257653061,False,0.5420519770408163,0.995461176852002,0,7a1e02f8-4965-4364-918b-83d3422f931b,Lungenkarte
0.8989569240706219,0.8019404351496424,False,0.1769778297487093,0.072704081632653,False,0.5238560267857143,1.0,0,7ab9c4d4-6582-42bf-ba0c-6f84b60b0c47,Lagepriore
0.8871431696147123,0.7682587259621533,False,0.1337134008961181,0.072704081632653,False,0.5238560267857143,1.0,0,7ab9c4d4-6582-42bf-ba0c-6f84b60b0c47,Lungenkarte
0.9546546933045956,0.9243845507526824,True,0.3374387370368572,0.1275111607142857,False,0.6472815688775511,0.9993748046264458,0,7bfc500f-2f54-42ab-ae52-50be710e1c08,Lagepriore
0.8742437296701361,0.7900694182990619,False,0.1914707691864974,0.1275111607142857,False,0.6472815688775511,0.9993748046264458,0,7bfc500f-2f54-42ab-ae52-50be710e1c08,Lungenkarte
0.91159690657916,0.8853354890290256,True,0.537662176936955,0.2517538265306122,False,0.5065967793367347,0.7995566814439519,0,7c1a130b-a944-431a-a2b1-735483a46c12,Lagepriore
0.7756106763377792,0.691710569092029,True,0.3820591204634124,0.2517538265306122,False,0.5065967793367347,0.7995566814439519,0,7c1a130b-a944-431a-a2b1-735483a46c12,Lungenkarte
0.830018062691152,0.7413560936440663,True,0.2665335938788327,0.1294244260204081,False,0.5845822704081632,0.9678164459501076,0,7c545810-e2b5-4849-a2ff-893075f28192,Lagepriore
0.8130191905332781,0.6748663060256066,True,0.2041068925415556,0.1294244260204081,False,0.5845822704081632,0.9678164459501076,0,7c545810-e2b5-4849-a2ff-893075f28192,Lungenkarte
0.9585558453920766,0.9157183979039212,True,0.1263981468047062,0.0424107142857142,False,0.4803292410714285,1.0,0,7cc95413-c3e4-45ef-b047-4021529fbdb4,Lagepriore
0.8314843247291556,0.6315714193324754,False,0.0814929175118334,0.0424107142857142,False,0.4803292410714285,1.0,0,7cc95413-c3e4-45ef-b047-4021529fbdb4,Lungenkarte
0.9397748012941622,0.8840184170885721,False,0.030945445298503,0.0107621173469387,False,0.5238161670918368,1.0,0,7cedbe1b-b8b6-42b4-a0b2-ae189fee42af,Lagepriore
0.8988920078915243,0.805050060354415,False,0.0203334375106671,0.0107621173469387,False,0.5238161670918368,1.0,0,7cedbe1b-b8b6-42b4-a0b2-ae189fee42af,Lungenkarte
0.8422860121305197,0.7681781717157629,True,0.2741431987150949,0.1333904655612245,False,0.6416812818877551,1.0,0,7cf4a9ef-0192-432d-bcf4-b4f8ebb3704a,Lagepriore
0.9269568946881696,0.8754826908851192,True,0.2058717369459477,0.1333904655612245,False,0.6416812818877551,1.0,0,7cf4a9ef-0192-432d-bcf4-b4f8ebb3704a,Lungenkarte
0.938259450051218,0.934588423061114,True,0.4782978161463279,0.2047393176020408,False,0.5640345982142857,0.984619877348389,0,7d3b3dd0-2fa5-43dc-a84b-673bc0eebaa7,Lagepriore
0.9172978850232792,0.8358573316570209,True,0.3408985697051681,0.2047393176020408,False,0.5640345982142857,0.984619877348389,0,7d3b3dd0-2fa5-43dc-a84b-673bc0eebaa7,Lungenkarte
0.8432235823832979,0.7900480557700638,False,0.1441364149650175,0.0671635841836734,False,0.6050103635204082,0.7166172106824926,0,7e68dd71-1e3e-4fa6-80ea-fa2a226aa06e,Lagepriore
0.5769867218829005,0.5254378598199494,False,0.078147992969288,0.0671635841836734,False,0.6050103635204082,0.7166172106824926,0,7e68dd71-1e3e-4fa6-80ea-fa2a226aa06e,Lungenkarte
0.9338973460688644,0.8943717752811289,True,0.3250427653340729,0.127750318877551,False,0.4994220344387755,0.7614664586583463,0,7f957ae7-0d22-47c2-8c41-ecf5aeccb1f0,Lagepriore
0.6825269357253292,0.5579032687751415,False,0.1829885572499131,0.127750318877551,False,0.4994220344387755,0.7614664586583463,0,7f957ae7-0d22-47c2-8c41-ecf5aeccb1f0,Lungenkarte
0.9843421550347884,0.9738954662522008,True,0.0889685301360768,0.0274234693877551,False,0.5578563456632653,1.0,0,8005e8b9-ab58-45e2-b902-8057864630af,Lagepriore
0.9463502624023066,0.9016304709924898,True,0.0487109700060614,0.0274234693877551,False,0.5578563456632653,1.0,0,8005e8b9-ab58-45e2-b902-8057864630af,Lungenkarte
0.9574874614762848,0.9087236897949535,True,0.7736659639785719,0.3986766581632653,False,0.4927853954081632,0.857128574285143,0,8047b765-c93a-4059-8a09-9b1e809809e7,Lagepriore
0.8854506549637972,0.7921938992363273,True,0.6513685567239882,0.3986766581632653,False,0.4927853954081632,0.857128574285143,0,8047b765-c93a-4059-8a09-9b1e809809e7,Lungenkarte
0.9377649876384366,0.8841012782370143,True,0.2327655684395285,0.0860969387755102,False,0.5144491390306123,1.0,0,808d5693-0d8a-4ed3-9407-1f842997e35f,Lagepriore
0.912879481521058,0.8143517387659376,False,0.1623106956675871,0.0860969387755102,False,0.5144491390306123,1.0,0,808d5693-0d8a-4ed3-9407-1f842997e35f,Lungenkarte
0.9516363691688372,0.8876882501439424,True,0.4939701241225312,0.2040019132653061,False,0.4550382653061224,0.8131105900742478,0,80f0c0af-f93c-4d16-ad28-5f2bde2d4684,Lagepriore
0.7918546073310826,0.6736667866113868,True,0.3427927065663453,0.2040019132653061,False,0.4550382653061224,0.8131105900742478,0,80f0c0af-f93c-4d16-ad28-5f2bde2d4684,Lungenkarte
0.8976986491166173,0.8312844067763332,False,0.156043222389033,0.0624202806122448,False,0.4461495535714285,1.0,0,8142655b-0c33-40c2-a873-e504651431bc,Lagepriore
0.9064286560132342,0.7718257047912686,True,0.1326797584689093,0.0624202806122448,False,0.4461495535714285,1.0,0,8142655b-0c33-40c2-a873-e504651431bc,Lungenkarte
0.9561458880953172,0.90272030692139,True,0.1988531743954098,0.0691964285714285,False,0.4322983099489796,0.9971198156682028,0,81785a74-18ad-49ba-92c6-e570b0d4ce57,Lagepriore
0.8959825967402509,0.7363589621846387,False,0.1498723822330335,0.0691964285714285,False,0.4322983099489796,0.9971198156682028,0,81785a74-18ad-49ba-92c6-e570b0d4ce57,Lungenkarte
0.7425931835606088,0.5602314473022153,False,0.2133361248454651,0.1326530612244898,False,0.5493662308673469,0.8405949519230769,0,8182a93c-4137-4fcb-b983-9814e7a09926,Lagepriore
0.6665817105392525,0.4690159015279183,True,0.1813765378555565,0.1326530612244898,False,0.5493662308673469,0.8405949519230769,0,8182a93c-4137-4fcb-b983-9814e7a09926,Lungenkarte
0.8658878153365276,0.7944584189243514,True,0.3263218008621629,0.1489556760204081,False,0.6064054528061225,0.8933636606903934,0,819825bd-1bb0-4eef-9299-e2ae28531c2f,Lagepriore
0.6646377089147989,0.4733268896368524,False,0.2071405515549015,0.1489556760204081,False,0.6064054528061225,0.8933636606903934,0,819825bd-1bb0-4eef-9299-e2ae28531c2f,Lungenkarte
0.9165342186693904,0.8291593225933385,True,0.5170426129387807,0.2376634247448979,False,0.4844746492346938,0.8821802935010482,0,81bb8c21-7660-4f78-bcb7-1ceb2347f2a8,Lagepriore
0.790739238836578,0.5278788790425608,True,0.3897881873781508,0.2376634247448979,False,0.4844746492346938,0.8821802935010482,0,81bb8c21-7660-4f78-bcb7-1ceb2347f2a8,Lungenkarte
0.8676613498209874,0.7960694715194376,True,0.8627079675275913,0.5887476084183674,False,0.5258689413265306,0.7909684844791984,0,81f89fe4-78c8-409b-8f4e-e20588818fa1,Lagepriore
0.8941904434020138,0.850603292098725,True,0.8285810050154171,0.5887476084183674,False,0.5258689413265306,0.7909684844791984,0,81f89fe4-78c8-409b-8f4e-e20588818fa1,Lungenkarte
0.8753656111909224,0.8735902904993974,True,0.8667793572469132,0.5731026785714286,False,0.5265066964285714,0.7723257754903324,0,82054420-6a12-4690-ae52-9d3be158499c,Lagepriore
0.8589265639719049,0.7713321161657829,True,0.7922791609660756,0.5731026785714286,False,0.5265066964285714,0.7723257754903324,0,82054420-6a12-4690-ae52-9d3be158499c,Lungenkarte
0.977959903258184,0.956713767310968,True,0.8375631786591959,0.4472855548469387,False,0.4960538903061224,0.8595107605935035,0,82193858-3906-4c2f-b5b4-8aa1280f6181,Lagepriore
0.905103848149106,0.7717062458342591,True,0.7267329584399927,0.4472855548469387,False,0.4960538903061224,0.8595107605935035,0,82193858-3906-4c2f-b5b4-8aa1280f6181,Lungenkarte
0.93214338569745,0.9025245503323138,True,0.1417663810956899,0.050422512755102,False,0.669921875,1.0,0,824a4fda-1ff7-4ab9-bf6e-21fe6fa37f67,Lagepriore
0.8425653730186343,0.7586853333285861,False,0.0747546470822128,0.050422512755102,False,0.669921875,1.0,0,824a4fda-1ff7-4ab9-bf6e-21fe6fa37f67,Lungenkarte
0.8238555579852942,0.6320598551708532,True,0.6854160151270017,0.4481226084183674,False,0.4664182079081632,0.7206137424949967,0,824d9f73-9c41-47be-984b-29b40f5a8b86,Lagepriore
0.8223216795580267,0.6933029848724859,True,0.668275664315369,0.4481226084183674,False,0.4664182079081632,0.7206137424949967,0,824d9f73-9c41-47be-984b-29b40f5a8b86,Lungenkarte
0.8637613698274181,0.7245247276081654,True,0.5024831903211183,0.2564971301020408,False,0.55078125,0.950971250971251,0,826361cd-08ae-49c4-b535-25a4f14026f8,Lagepriore
0.8788323346209477,0.7531606557905624,True,0.4160826537330325,0.2564971301020408,False,0.55078125,0.950971250971251,0,826361cd-08ae-49c4-b535-25a4f14026f8,Lungenkarte
0.8279501081447828,0.7128304572752976,False,0.07264698414853,0.0333227040816326,False,0.5890864158163265,1.0,0,82d01371-245d-40a6-9a69-28a374144bf9,Lagepriore
0.7740750133960244,0.6074599651623305,False,0.0540553910373713,0.0333227040816326,False,0.5890864158163265,1.0,0,82d01371-245d-40a6-9a69-28a374144bf9,Lungenkarte
0.6252700261125196,0.5296174843532843,False,0.07985473481176,0.0600884885204081,False,0.2714245854591837,0.3870646766169154,0,830029b1-3429-48f3-b13d-c7c611865d6e,Lagepriore
0.7250113518551866,0.3099279467946976,False,0.1004185886368448,0.0600884885204081,False,0.2714245854591837,0.3870646766169154,0,830029b1-3429-48f3-b13d-c7c611865d6e,Lungenkarte
0.8205235704856013,0.7392123266931082,False,0.3967189178839328,0.2212611607142857,False,0.5881696428571429,0.6451990632318502,0,83276a98-f22a-46fd-ad83-93e37b1e8749,Lagepriore
0.4996034850640278,0.4100533234388113,False,0.2285013923868596,0.2212611607142857,False,0.5881696428571429,0.6451990632318502,0,83276a98-f22a-46fd-ad83-93e37b1e8749,Lungenkarte
0.864899428575525,0.7656958372970095,False,0.5204147567289372,0.2712850765306122,False,0.3836296237244898,0.8153834851601528,0,83f4781d-6f1b-476b-9916-d23ec415d928,Lagepriore
0.8854173739070043,0.7822198871616688,True,0.5388322501807885,0.2712850765306122,False,0.3836296237244898,0.8153834851601528,0,83f4781d-6f1b-476b-9916-d23ec415d928,Lungenkarte
0.9684940158745814,0.9547086959537248,True,0.1876203066106,0.0631377551020408,False,0.6494539221938775,1.0,0,842eb0e1-5f81-4167-8e37-66d8dd5355bf,Lagepriore
0.7967746013627167,0.6761497381871332,False,0.0934242028142362,0.0631377551020408,False,0.6494539221938775,1.0,0,842eb0e1-5f81-4167-8e37-66d8dd5355bf,Lungenkarte
0.8816816036466212,0.7035421107822369,False,0.353120225922461,0.1598772321428571,False,0.4024633290816326,0.9426576913487908,0,849217ad-5cb2-4a87-9796-420b69722b14,Lagepriore
0.8849557179823143,0.6740900355666536,False,0.3429497481108721,0.1598772321428571,False,0.4024633290816326,0.9426576913487908,0,849217ad-5cb2-4a87-9796-420b69722b14,Lungenkarte
0.806370547715598,0.6845642410032597,True,0.3051442290972634,0.1495735012755102,False,0.5486686862244898,0.6117255163224516,0,84d73e68-ceb9-4bff-94d9-9b97523109ee,Lagepriore
0.5725444362113602,0.51906781187943,False,0.1646195150519987,0.1495735012755102,False,0.5486686862244898,0.6117255163224516,0,84d73e68-ceb9-4bff-94d9-9b97523109ee,Lungenkarte
0.8038244441724345,0.7623814415330423,True,0.7293629226144482,0.48828125,False,0.522102200255102,0.7117959183673469,0,8522dcea-7cb1-4289-93ba-2d45fc95541e,Lagepriore
0.7012966829978603,0.3668579876528083,False,0.6408178576852573,0.48828125,False,0.522102200255102,0.7117959183673469,0,8522dcea-7cb1-4289-93ba-2d45fc95541e,Lungenkarte
0.8294906753294943,0.8257138061391155,False,0.1703455541318421,0.0825095663265306,False,0.6131218112244898,0.5021739130434782,0,852a3e14-dd80-4965-847c-913e49c53239,Lagepriore
0.3959664863205145,0.3843408226709603,False,0.066872694971014,0.0825095663265306,False,0.6131218112244898,0.5021739130434782,0,852a3e14-dd80-4965-847c-913e49c53239,Lungenkarte
0.6924195770299592,0.6343986670391955,True,0.4417227575508788,0.3189174107142857,False,0.6282286352040817,0.8900137482814648,0,8540e870-c8f7-494d-a779-a5fba52040b3,Lagepriore
0.7555549217464456,0.6143431704836243,False,0.434441413020247,0.3189174107142857,False,0.6282286352040817,0.8900137482814648,0,8540e870-c8f7-494d-a779-a5fba52040b3,Lungenkarte
0.7657150374415487,0.6852426934033151,False,0.3427994216750146,0.2036631058673469,False,0.6610730229591837,0.9795479009687836,0,854290ba-d47b-457b-949e-c86f0e7e5143,Lagepriore
0.850250786892122,0.7613335218322265,True,0.2916949067580529,0.2036631058673469,False,0.6610730229591837,0.9795479009687836,0,854290ba-d47b-457b-949e-c86f0e7e5143,Lungenkarte
0.926796231936266,0.8666209602744014,True,0.6156384361708928,0.2957788584183674,False,0.5473533163265306,0.7816184893201267,0,85727853-cb45-478d-a517-a0f0c85d0eb5,Lagepriore
0.7287910690163046,0.6761177470786165,True,0.4022956992538009,0.2957788584183674,False,0.5473533163265306,0.7816184893201267,0,85727853-cb45-478d-a517-a0f0c85d0eb5,Lungenkarte
0.9321235220924212,0.8618830735500176,True,0.6188538999090774,0.2950414540816326,False,0.4378786670918367,0.839908132937044,0,85c3ed41-f0d8-40e1-b439-0607ff697619,Lagepriore
0.8570134596069786,0.7083361941973195,True,0.5237829157911345,0.2950414540816326,False,0.4378786670918367,0.839908132937044,0,85c3ed41-f0d8-40e1-b439-0607ff697619,Lungenkarte
0.9399799437662636,0.9194777525001042,True,0.9153318027607475,0.5955237563775511,False,0.443538743622449,0.6766507145008533,0,85d53fe7-2778-4b82-bf1d-e1d8796be73e,Lagepriore
0.8749458909352503,0.8573264089263819,True,0.8657699723001688,0.5955237563775511,False,0.443538743622449,0.6766507145008533,0,85d53fe7-2778-4b82-bf1d-e1d8796be73e,Lungenkarte
0.848277490144628,0.7395362054568163,False,0.1879022831841044,0.0844029017857142,False,0.5666653380102041,0.9197166469893744,0,85ea73b8-aef6-43a1-819d-0ceb0af633f5,Lagepriore
0.7909610774067359,0.6781885338618648,True,0.1316295103022529,0.0844029017857142,False,0.5666653380102041,0.9197166469893744,0,85ea73b8-aef6-43a1-819d-0ceb0af633f5,Lungenkarte
0.6147145759934436,0.6329280323296773,False,0.3705388734368811,0.3008211096938775,False,0.5170998086734694,0.6935868557042534,0,85fde190-a997-4f2c-8378-61749288bb46,Lagepriore
0.6558502090697018,0.4999948249912964,False,0.3883845225579411,0.3008211096938775,False,0.5170998086734694,0.6935868557042534,0,85fde190-a997-4f2c-8378-61749288bb46,Lungenkarte
0.9477392916955456,0.8740019235221065,True,0.5480993600161295,0.2357501594387755,False,0.4171516262755102,0.8341364443317271,0,8609c224-17bc-4886-a08f-d82e098fe891,Lagepriore
0.849687471411768,0.6831046061570442,True,0.439823743968778,0.2357501594387755,False,0.4171516262755102,0.8341364443317271,0,8609c224-17bc-4886-a08f-d82e098fe891,Lungenkarte
0.844368667349714,0.6214095503478299,False,0.2595274805779106,0.1287069515306122,False,0.4093391262755102,0.9939609786311552,0,863a923a-3906-42d3-92db-76c900091fce,Lagepriore
0.9077194838832416,0.7215093448230664,False,0.2911979412926064,0.1287069515306122,False,0.4093391262755102,0.9939609786311552,0,863a923a-3906-42d3-92db-76c900091fce,Lungenkarte
0.703506543034773,0.6312228244691169,False,0.0769516049694802,0.0538903061224489,False,0.7293327487244898,1.0,0,86401948-d976-41b5-965a-120a8cc3899a,Lagepriore
0.7362716879635557,0.6305967255100279,False,0.0729087540353484,0.0538903061224489,False,0.7293327487244898,1.0,0,86401948-d976-41b5-965a-120a8cc3899a,Lungenkarte
0.8413242672384842,0.6840476301015779,True,0.3299366721787704,0.159000318877551,False,0.2604432397959184,0.9580095261970418,0,86e9848d-dd57-48b4-b016-5b1447fdbd58,Lagepriore
0.951213818057956,0.6766440784043228,True,0.5137712001730063,0.159000318877551,False,0.2604432397959184,0.9580095261970418,0,86e9848d-dd57-48b4-b016-5b1447fdbd58,Lungenkarte
0.6847650578212506,0.8725782835979689,False,0.17549552587209,0.1097735969387755,False,0.4985650510204081,0.0317719680464778,0,87106150-d046-41a9-ac79-f4ab113e1d22,Lagepriore
0.1975556232379887,0.0243123407730307,False,0.0184257562908156,0.1097735969387755,False,0.4985650510204081,0.0317719680464778,0,87106150-d046-41a9-ac79-f4ab113e1d22,Lungenkarte
0.8962608009140024,0.8358786691366775,True,0.3492791999918579,0.1528619260204081,False,0.4935427295918367,0.8822685788787483,0,8725efa3-5cc4-4dad-a36a-260a998a6953,Lagepriore
0.7704060002020728,0.5692443740869771,False,0.2536059369508101,0.1528619260204081,False,0.4935427295918367,0.8822685788787483,0,8725efa3-5cc4-4dad-a36a-260a998a6953,Lungenkarte
0.9613954683106208,0.9079721890560052,True,0.5413073530274161,0.2255261479591837,False,0.3830516581632653,0.7006892895015907,0,8760b0b3-fbb7-4e33-a462-043098549f2b,Lagepriore
0.7546483322317727,0.5303386526282505,True,0.3781446198636564,0.2255261479591837,False,0.3830516581632653,0.7006892895015907,0,8760b0b3-fbb7-4e33-a462-043098549f2b,Lungenkarte
0.868440416219653,0.8484597699987192,True,0.6511374381756202,0.3634406887755102,False,0.4855907206632653,0.6539262996271112,0,8778c62b-df16-4649-ac6d-46aaf01f9f9f,Lagepriore
0.63394087287073,0.4783857577167048,False,0.4526569312987543,0.3634406887755102,False,0.4855907206632653,0.6539262996271112,0,8778c62b-df16-4649-ac6d-46aaf01f9f9f,Lungenkarte
0.883051452692863,0.848456474360234,True,0.700224163283765,0.3902463329081632,False,0.6584223533163265,0.8211020887595117,0,8782c8e0-8592-47e0-95df-ee8224d6dec8,Lagepriore
0.6756016132350918,0.6092750759588254,True,0.4617003221533729,0.3902463329081632,False,0.6584223533163265,0.8211020887595117,0,8782c8e0-8592-47e0-95df-ee8224d6dec8,Lungenkarte
0.9089257517522908,0.8630199484432325,False,0.143939065630499,0.0564413265306122,False,0.4523477359693877,0.6811440677966102,0,878ae8b8-f206-4d82-8099-3a56f89bb9c4,Lagepriore
0.652174822473761,0.4746248340550242,False,0.0797011970794172,0.0564413265306122,False,0.4523477359693877,0.6811440677966102,0,878ae8b8-f206-4d82-8099-3a56f89bb9c4,Lungenkarte
0.6689370491355262,0.5782845601856301,False,0.2603590732577218,0.1863042091836734,False,0.6427774234693877,0.9666238767650834,0,87a3d945-d417-45a8-9f57-08cdb83e4e8b,Lagepriore
0.7678582990840144,0.6163400231679149,False,0.2676753641497526,0.1863042091836734,False,0.6427774234693877,0.9666238767650834,0,87a3d945-d417-45a8-9f57-08cdb83e4e8b,Lungenkarte
0.7490085313515442,0.7227803509035775,True,0.5530900474191659,0.3391860650510204,False,0.5453603316326531,0.6481579411246254,0,87bea6bd-4a01-4fad-8621-8e641e09dcad,Lagepriore
0.6184983298118047,0.5692347664535543,False,0.3971944357327938,0.3391860650510204,False,0.5453603316326531,0.6481579411246254,0,87bea6bd-4a01-4fad-8621-8e641e09dcad,Lungenkarte
0.9135146252781348,0.9642399393458893,True,0.8481957381362001,0.5117386798469388,False,0.4666772959183674,0.6616037699108152,0,8810a730-3f76-408d-ac9d-cef6e9629c89,Lagepriore
0.7242790781774691,0.6796298540248551,True,0.6778137822279133,0.5117386798469388,False,0.4666772959183674,0.6616037699108152,0,8810a730-3f76-408d-ac9d-cef6e9629c89,Lungenkarte
0.7608868829914408,0.7137874744596217,True,0.6026060113772884,0.379085618622449,False,0.5061981823979592,0.7989590452657589,0,883ba5e3-307a-46ee-9bb4-674c33c0f182,Lagepriore
0.8172756823664924,0.7101839318749353,True,0.5781529484423081,0.379085618622449,False,0.5061981823979592,0.7989590452657589,0,883ba5e3-307a-46ee-9bb4-674c33c0f182,Lungenkarte
0.867787310854811,0.80874854611701,False,0.1871926460951384,0.0825095663265306,False,0.4377391581632653,0.7231884057971014,0,88483dd4-8590-4da0-b4eb-077ccba7a431,Lagepriore
0.7348003641762402,0.6212065582579673,False,0.1341487835435561,0.0825095663265306,False,0.4377391581632653,0.7231884057971014,0,88483dd4-8590-4da0-b4eb-077ccba7a431,Lungenkarte
0.4727310011166185,0.1544008083100545,False,0.0554028522565061,0.0781847895408163,False,0.262515943877551,0.6599541167473872,0,88dfac4d-30d4-42fe-9122-82246ecee401,Lagepriore
0.6879104379965979,0.7742288540980862,False,0.1857371682747563,0.0781847895408163,False,0.262515943877551,0.6599541167473872,0,88dfac4d-30d4-42fe-9122-82246ecee401,Lungenkarte
0.8180580710279961,0.7173858701357968,True,0.4556388085525765,0.2455955038265306,False,0.4875039859693877,0.7993994968757607,0,892ad6c7-8a62-43c6-bc29-8f8dd910f68e,Lagepriore
0.7417801686227227,0.4964692814100529,False,0.3726929205824152,0.2455955038265306,False,0.4875039859693877,0.7993994968757607,0,892ad6c7-8a62-43c6-bc29-8f8dd910f68e,Lungenkarte
0.9005855819735354,0.8615049728991946,True,0.8337084207575225,0.5166015625,False,0.488899075255102,0.8047529030515798,0,89e4a086-64bd-4111-8aaa-e7954129b38a,Lagepriore
0.8942275639845729,0.7746585400379696,True,0.7848313452166698,0.5166015625,False,0.488899075255102,0.8047529030515798,0,89e4a086-64bd-4111-8aaa-e7954129b38a,Lungenkarte
0.8717733333526391,0.7105511121152093,False,0.0805762886350285,0.0340800382653061,False,0.4147999043367347,1.0,0,89fe1bc2-7a5c-468f-8202-fef9fd13eba7,Lagepriore
0.9015709451347456,0.7506120865863205,False,0.0783433434526899,0.0340800382653061,False,0.4147999043367347,1.0,0,89fe1bc2-7a5c-468f-8202-fef9fd13eba7,Lungenkarte
0.9360000573711,0.8836046335615065,True,0.5582962619143267,0.2516342474489796,False,0.5464963329081632,0.9305401552352288,0,8a97e1ac-a7af-417e-89ba-7f3f9de8d684,Lagepriore
0.8892339850788736,0.8244996174666023,True,0.409273944847869,0.2516342474489796,False,0.5464963329081632,0.9305401552352288,0,8a97e1ac-a7af-417e-89ba-7f3f9de8d684,Lungenkarte
0.882619919415249,0.8023715410860959,False,0.463909357553011,0.2282166772959183,False,0.5027303890306123,0.9702209414024976,0,8aa0828d-eff2-4791-a38e-37c3f533f4c0,Lagepriore
0.8899778205607196,0.7300233073254191,True,0.4077397141486863,0.2282166772959183,False,0.5027303890306123,0.9702209414024976,0,8aa0828d-eff2-4791-a38e-37c3f533f4c0,Lungenkarte
0.7440835756484927,0.5269910139351088,False,0.5571345259624274,0.3876953125,False,0.5692960778061225,0.8735927620418444,0,8aa9d5ca-5419-4abc-8819-66a2d37c8c68,Lagepriore
0.8259908530868149,0.6646421883744354,True,0.5714507710804116,0.3876953125,False,0.5692960778061225,0.8735927620418444,0,8aa9d5ca-5419-4abc-8819-66a2d37c8c68,Lungenkarte
0.6428454753049663,0.7097438957474127,True,0.2935579896270018,0.1974250637755102,False,0.5511798469387755,0.6204320613769433,0,8aaeb451-26b5-4192-9a82-1d7eded2e363,Lagepriore
0.5539106576239297,0.569470492008878,False,0.2163295780513963,0.1974250637755102,False,0.5511798469387755,0.6204320613769433,0,8aaeb451-26b5-4192-9a82-1d7eded2e363,Lungenkarte
0.9483613046229782,0.9221464148689602,True,0.5208930567576349,0.2207629145408163,False,0.228156887755102,0.5586350094791008,0,8b216d4c-23b0-427e-aa94-d516d4ae9698,Lagepriore
0.8398777895034095,0.7113281317206613,True,0.5215511561977817,0.2207629145408163,False,0.228156887755102,0.5586350094791008,0,8b216d4c-23b0-427e-aa94-d516d4ae9698,Lungenkarte
0.9247413420886372,0.8556257998177634,True,0.8429322812842556,0.5043447066326531,False,0.4854910714285714,0.7530229984983798,0,8b3a6f49-caac-41b9-be2c-93b0def7d93b,Lagepriore
0.8314062310770134,0.7266217195599095,True,0.7265063039957643,0.5043447066326531,False,0.4854910714285714,0.7530229984983798,0,8b3a6f49-caac-41b9-be2c-93b0def7d93b,Lungenkarte
0.827868987627125,0.7169122096071681,False,0.3031450603562631,0.1571468431122449,False,0.4993622448979591,0.7085605580215599,0,8b59638e-0f63-4999-831e-2f73b51a0407,Lagepriore
0.629778012225498,0.4549729219861973,False,0.2075686944685232,0.1571468431122449,False,0.4993622448979591,0.7085605580215599,0,8b59638e-0f63-4999-831e-2f73b51a0407,Lungenkarte
0.9304452029541436,0.8359454975804661,True,0.6321884780811045,0.3002830038265306,False,0.3868183992346938,0.7900710161279618,0,8bd6bfaa-af66-435f-95c3-99c9f5e7074b,Lagepriore
0.8603317979826824,0.6466995345396975,True,0.564583856867451,0.3002830038265306,False,0.3868183992346938,0.7900710161279618,0,8bd6bfaa-af66-435f-95c3-99c9f5e7074b,Lungenkarte
0.9367633131925568,0.8912560073312747,True,0.7433134876695476,0.3869579081632653,False,0.6009048150510204,0.9583333333333334,0,8c5f7cb0-f287-4221-8e6f-12ec2daa2ae0,Lagepriore
0.9073887128669504,0.8091292729533714,True,0.5747191857260802,0.3869579081632653,False,0.6009048150510204,0.9583333333333334,0,8c5f7cb0-f287-4221-8e6f-12ec2daa2ae0,Lungenkarte
0.6124303310309728,0.5131270006208897,False,0.1664467333314998,0.1457868303571428,False,0.5385841836734694,0.9715652768284349,0,8c79e5d7-7862-4db1-8d88-062abff2e172,Lagepriore
0.8244522586268671,0.6445799243729353,False,0.2518831968656034,0.1457868303571428,False,0.5385841836734694,0.9715652768284349,0,8c79e5d7-7862-4db1-8d88-062abff2e172,Lungenkarte
0.8796732321136196,0.8393960678686374,False,0.2742865939120776,0.1235849808673469,False,0.7798947704081632,1.0,0,8ce28cb3-1184-4792-b774-229fa7dd633e,Lagepriore
0.8364595946719151,0.7816136828608876,False,0.1577214324393039,0.1235849808673469,False,0.7798947704081632,1.0,0,8ce28cb3-1184-4792-b774-229fa7dd633e,Lungenkarte
0.8721601331022238,0.8024868314927531,False,0.2019203762739329,0.0887874681122449,False,0.5464764030612245,0.9892255892255892,0,8cf6c451-dd08-4054-a52c-743a4236a058,Lagepriore
0.88331318845962,0.7795296905565092,True,0.1521384127275043,0.0887874681122449,False,0.5464764030612245,0.9892255892255892,0,8cf6c451-dd08-4054-a52c-743a4236a058,Lungenkarte
0.9477880243062456,0.8903690033400393,True,0.7318615415608944,0.3703762755102041,False,0.4692881058673469,0.8710180800688765,0,8d09cad6-5aec-48fc-8c66-1b5e7c144ac8,Lagepriore
0.9065841399864524,0.8523198593006733,True,0.6446557271557749,0.3703762755102041,False,0.4692881058673469,0.8710180800688765,0,8d09cad6-5aec-48fc-8c66-1b5e7c144ac8,Lungenkarte
0.8090272528372627,0.7364954406198603,True,0.3873301962169921,0.2028659119897959,False,0.6273915816326531,0.9895864033795068,0,8d14d37c-f6de-4138-b8b9-20613c8befc2,Lagepriore
0.8729911779929325,0.7709225874361891,True,0.3123604268478232,0.2028659119897959,False,0.6273915816326531,0.9895864033795068,0,8d14d37c-f6de-4138-b8b9-20613c8befc2,Lungenkarte
0.7320577992978423,0.6827021522511703,True,0.4503060875637537,0.2959980867346938,False,0.4350486288265306,0.6000538647993536,0,8d4c6a5c-34c7-43ae-9f95-7c013eff7eec,Lagepriore
0.6565175122507956,0.6157133441323829,True,0.3911400618870652,0.2959980867346938,False,0.4350486288265306,0.6000538647993536,0,8d4c6a5c-34c7-43ae-9f95-7c013eff7eec,Lungenkarte
0.6610812698520198,0.555105660164042,False,0.2672625133582729,0.1980827487244898,False,0.6518654336734694,0.984706710936714,0,8d978e76-14b9-4d9d-9ba6-aadd3b8177ce,Lagepriore
0.831943769937444,0.719412663414245,True,0.2873252975243798,0.1980827487244898,False,0.6518654336734694,0.984706710936714,0,8d978e76-14b9-4d9d-9ba6-aadd3b8177ce,Lungenkarte
0.9600514601525244,0.926997005609179,True,0.7939276316835039,0.4161352040816326,False,0.4765027104591837,0.8651340996168583,0,8e2b2c4e-18b8-4a78-8817-b1e8a1a5f32e,Lagepriore
0.9185509859335078,0.8905416233204855,True,0.7054693722025701,0.4161352040816326,False,0.4765027104591837,0.8651340996168583,0,8e2b2c4e-18b8-4a78-8817-b1e8a1a5f32e,Lungenkarte
0.7261441482982766,0.510195526907975,False,0.019051186176786,0.0123764349489795,False,0.3704161352040816,1.0,0,8e52b303-1920-4d5d-8487-d86fb4e3e315,Lagepriore
0.910508988938753,0.7531462814839913,False,0.032155807175123,0.0123764349489795,False,0.3704161352040816,1.0,0,8e52b303-1920-4d5d-8487-d86fb4e3e315,Lungenkarte
0.7575485747955186,0.5007576734736595,False,0.1985111670191639,0.1201570471938775,False,0.4663185586734694,0.9978437551832808,0,8e67f906-1ff2-40a8-8ea1-c5b4887ce2bf,Lagepriore
0.94369763643015,0.8586653182507827,True,0.2502353200218242,0.1201570471938775,False,0.4663185586734694,0.9978437551832808,0,8e67f906-1ff2-40a8-8ea1-c5b4887ce2bf,Lungenkarte
0.8817847161785534,0.8006703698760438,True,0.8339690629203449,0.5264269770408163,False,0.6282087053571429,0.8809343529946241,0,8eabc9fc-174a-4019-b8f2-d67bd6013b47,Lagepriore
0.8704598240812975,0.8249146575384728,True,0.6953736035103503,0.5264269770408163,False,0.6282087053571429,0.8809343529946241,0,8eabc9fc-174a-4019-b8f2-d67bd6013b47,Lungenkarte
0.9352981906652472,0.8358528889971258,True,0.6777612951397566,0.3383091517857143,False,0.5353555484693877,0.9529896907216496,0,8ead702d-e231-4ef8-b53c-41c81e44235e,Lagepriore
0.91139656660802,0.783264667836208,True,0.5563006290346311,0.3383091517857143,False,0.5353555484693877,0.9529896907216496,0,8ead702d-e231-4ef8-b53c-41c81e44235e,Lungenkarte
0.6281367199245671,0.5809363019951342,False,0.4721882454556675,0.398616868622449,False,0.6384925063775511,0.7543122843857807,0,8ec959f3-27f9-43dc-98d0-dfa7ddf7d9e9,Lagepriore
0.64234537734588,0.6118067128061374,True,0.4553241262044379,0.398616868622449,False,0.6384925063775511,0.7543122843857807,0,8ec959f3-27f9-43dc-98d0-dfa7ddf7d9e9,Lungenkarte
0.8582754581567352,0.7092765276835331,True,0.133454294681122,0.0556042729591836,False,0.3252152423469387,0.9516129032258064,0,8ed37733-e182-4508-9785-5a546fd41557,Lagepriore
0.8826237109791665,0.6253940529448924,True,0.1443984826031678,0.0556042729591836,False,0.3252152423469387,0.9516129032258064,0,8ed37733-e182-4508-9785-5a546fd41557,Lungenkarte
0.9731582321717128,0.9707382768116186,True,0.5124282888887377,0.2031648596938775,False,0.6462452168367347,0.9342750637629978,0,8f96a6fe-81f4-4b69-a2f2-8477b9ea9772,Lagepriore
0.698243547932846,0.5236856914682508,False,0.2730008638307139,0.2031648596938775,False,0.6462452168367347,0.9342750637629978,0,8f96a6fe-81f4-4b69-a2f2-8477b9ea9772,Lungenkarte
0.9144379123059558,0.8588597351369109,True,0.1144424363660296,0.0427495216836734,False,0.4669961734693877,0.9958041958041958,0,8fde7f84-5ddc-4b0d-9eb6-3daa4fcad8af,Lagepriore
0.8007442988330332,0.5568740094146498,False,0.0800844716672405,0.0427495216836734,False,0.4669961734693877,0.9958041958041958,0,8fde7f84-5ddc-4b0d-9eb6-3daa4fcad8af,Lungenkarte
0.8590494445256022,0.7821437764880829,True,0.228122517946563,0.099250637755102,False,0.5672034438775511,0.9614457831325302,0,90035195-09b5-4fc6-8cbc-f16bb0c26048,Lagepriore
0.8167356588936505,0.6821955765625057,False,0.1576546722568091,0.099250637755102,False,0.5672034438775511,0.9614457831325302,0,90035195-09b5-4fc6-8cbc-f16bb0c26048,Lungenkarte
0.7450309562102039,0.7162609391713752,True,0.5179497572318956,0.3335459183673469,False,0.548469387755102,0.6009201720841301,0,905fcc4a-7a63-4326-9e55-2e8a9ecf1d9c,Lagepriore
0.5460652537120221,0.5490603519852092,True,0.3552308281944527,0.3335459183673469,False,0.548469387755102,0.6009201720841301,0,905fcc4a-7a63-4326-9e55-2e8a9ecf1d9c,Lungenkarte
0.7569251397589931,0.6594194400362036,False,0.2662258372466651,0.15625,False,0.5100446428571429,0.5784438775510204,0,90b2b94e-efa8-4ff7-98e1-86ea3e33b575,Lagepriore
0.5192588709059304,0.4362325151048247,False,0.1657485646029373,0.15625,False,0.5100446428571429,0.5784438775510204,0,90b2b94e-efa8-4ff7-98e1-86ea3e33b575,Lungenkarte
0.7931366145632892,0.6468108260680405,True,0.1761647039555063,0.0894451530612244,False,0.4770607461734694,0.8870320855614974,0,90e7387a-be9f-4560-8155-e8f17d7c96f3,Lagepriore
0.7449388250767587,0.5123603817370835,False,0.1476006862672958,0.0894451530612244,False,0.4770607461734694,0.8870320855614974,0,90e7387a-be9f-4560-8155-e8f17d7c96f3,Lungenkarte
0.9490031854531088,0.964252914059732,True,0.9649239232646142,0.7334582270408163,False,0.3880939094387755,0.5219825009510353,0,91721abe-bffa-4fe6-b816-618de13464b2,Lagepriore
0.8739567188397761,0.9229150296007902,True,0.9586642028690746,0.7334582270408163,False,0.3880939094387755,0.5219825009510353,0,91721abe-bffa-4fe6-b816-618de13464b2,Lungenkarte
0.8835758941533931,0.7686383043018128,True,0.5347918247208495,0.2678571428571428,False,0.3241589604591837,0.7200892857142858,0,918762a3-791d-48f5-9b3b-9c149ed72264,Lagepriore
0.8466429955175668,0.646911623033502,True,0.5471866995426115,0.2678571428571428,False,0.3241589604591837,0.7200892857142858,0,918762a3-791d-48f5-9b3b-9c149ed72264,Lungenkarte
0.8063074484764231,0.6951790156897948,True,0.2198421831545286,0.109813456632653,False,0.5217036033163265,0.9729582577132486,0,91d9f69e-f6da-4f70-b539-7a3133714594,Lagepriore
0.8314437982645623,0.6617210096304322,False,0.1914958143707489,0.109813456632653,False,0.5217036033163265,0.9729582577132486,0,91d9f69e-f6da-4f70-b539-7a3133714594,Lungenkarte
0.9663737404209696,0.9546460582759168,True,0.9289894740982974,0.6099529655612245,False,0.5258490114795918,0.7329848064041823,0,91e187a5-771d-4a83-9601-e22ed326bc8e,Lagepriore
0.8051802187805741,0.7909252626489568,True,0.7934273235031277,0.6099529655612245,False,0.5258490114795918,0.7329848064041823,0,91e187a5-771d-4a83-9601-e22ed326bc8e,Lungenkarte
0.771361965998984,0.60288351767875,False,0.1959367862588142,0.1014827806122449,False,0.4695073341836734,0.947172034564022,0,91ffea2c-cabd-4e92-9250-9498ecbd424c,Lagepriore
0.8307244692511833,0.6358851238845801,False,0.1953986708565242,0.1014827806122449,False,0.4695073341836734,0.947172034564022,0,91ffea2c-cabd-4e92-9250-9498ecbd424c,Lungenkarte
0.8811973170678098,0.815497336540728,True,0.7637669276363659,0.4450135522959184,False,0.5728037308673469,0.8006628151730932,0,936f2425-bc13-49ce-a4a1-979fd314ab48,Lagepriore
0.7779327941372277,0.7143956166663047,True,0.5977382151763209,0.4450135522959184,False,0.5728037308673469,0.8006628151730932,0,936f2425-bc13-49ce-a4a1-979fd314ab48,Lungenkarte
0.9218723519089808,0.8015530877093372,True,0.1688952388506487,0.0633769132653061,False,0.3371133609693877,0.9,0,93727b85-2fa2-478d-aecc-46e14f391dd5,Lagepriore
0.840100171110508,0.5466174822946156,True,0.1483916547473108,0.0633769132653061,False,0.3371133609693877,0.9,0,93727b85-2fa2-478d-aecc-46e14f391dd5,Lungenkarte
0.827648573084771,0.8811890179032766,True,0.9459571274916684,0.7849968112244898,False,0.7441804846938775,0.854092617040723,0,9379cd1d-a032-4fcc-8ffe-b06e221dec96,Lagepriore
0.8333282735305119,0.7531331471507443,True,0.8765367785729513,0.7849968112244898,False,0.7441804846938775,0.854092617040723,0,9379cd1d-a032-4fcc-8ffe-b06e221dec96,Lungenkarte
0.8460050802366194,0.6652843063670495,False,0.4039248796976732,0.21484375,False,0.4711415816326531,0.7312615955473099,0,93a0df9d-5094-4d9d-a0a8-cf5fe99b1845,Lagepriore
0.6939625238127262,0.5633509137261793,False,0.3109201374530102,0.21484375,False,0.4711415816326531,0.7312615955473099,0,93a0df9d-5094-4d9d-a0a8-cf5fe99b1845,Lungenkarte
0.9460788415849498,0.9085487594494168,True,0.5474782961186004,0.2390186543367347,False,0.398078762755102,0.8832652380555324,0,93c1ea7f-20b2-4860-9beb-fd0ad2f54bd6,Lagepriore
0.9185508618427576,0.8377441420592869,True,0.4987990256679762,0.2390186543367347,False,0.398078762755102,0.8832652380555324,0,93c1ea7f-20b2-4860-9beb-fd0ad2f54bd6,Lungenkarte
0.913609072560106,0.8724779496970898,True,0.8093261971266315,0.4783163265306122,False,0.5503228635204082,0.8411666666666666,0,93dae4d4-9f5a-4554-a882-6e4d3e9b39c1,Lagepriore
0.8528304299103504,0.7530620450592711,True,0.6811004791516568,0.4783163265306122,False,0.5503228635204082,0.8411666666666666,0,93dae4d4-9f5a-4554-a882-6e4d3e9b39c1,Lungenkarte
0.7425305230760233,0.6621370154834191,True,0.1955818098581322,0.1161910076530612,False,0.6806640625,1.0,0,94211273-5b21-47fa-bbe0-7496e66672ac,Lagepriore
0.8310838638373018,0.7355294495760708,False,0.1684735495368829,0.1161910076530612,False,0.6806640625,1.0,0,94211273-5b21-47fa-bbe0-7496e66672ac,Lungenkarte
0.8183085758147239,0.6957498270230703,True,0.5276429473738631,0.2940449617346938,False,0.5689572704081632,0.775450725227057,0,94399962-8f89-4dfa-a93f-7a3df88feca5,Lagepriore
0.6922039219343891,0.6016059288461193,True,0.3838223450681596,0.2940449617346938,False,0.5689572704081632,0.775450725227057,0,94399962-8f89-4dfa-a93f-7a3df88feca5,Lungenkarte
0.8772566034792876,0.7297417809338909,True,0.3700029103204257,0.1710778061224489,False,0.4454520089285714,0.9760018639328985,0,945a3e8f-a300-44b2-bf25-b8fdc63e0c7e,Lagepriore
0.8885708343125345,0.6920015252277706,True,0.3391174698087298,0.1710778061224489,False,0.4454520089285714,0.9760018639328985,0,945a3e8f-a300-44b2-bf25-b8fdc63e0c7e,Lungenkarte
0.7880888183037336,0.4729149047561516,False,0.2768945678591215,0.152602838010204,False,0.2202048788265306,0.8502024291497976,0,94fd8652-cb5a-40c6-9c5e-e429de9e8715,Lagepriore
0.957516025155336,0.827786932097957,True,0.547674624506955,0.152602838010204,False,0.2202048788265306,0.8502024291497976,0,94fd8652-cb5a-40c6-9c5e-e429de9e8715,Lungenkarte
0.7679465211712584,0.7197426247205116,True,0.3185476769553255,0.1769770408163265,False,0.5406768176020408,0.7757882882882883,0,9528063f-230e-4a25-b3b1-412caca2f750,Lagepriore
0.6930972757979308,0.6198314162407045,False,0.2408355685881275,0.1769770408163265,False,0.5406768176020408,0.7757882882882883,0,9528063f-230e-4a25-b3b1-412caca2f750,Lungenkarte
0.9777348314427704,0.963912868580686,True,0.349275937899644,0.1251395089285714,False,0.5680404974489796,0.9694218824653608,0,952d444d-b0b3-434f-bb33-59e411657688,Lagepriore
0.8036460827455756,0.6397677097947118,True,0.205141234746179,0.1251395089285714,False,0.5680404974489796,0.9694218824653608,0,952d444d-b0b3-434f-bb33-59e411657688,Lungenkarte
0.8431991590300564,0.7118767543313405,False,0.2910003658320722,0.1421795280612245,False,0.5004982461734694,0.8815531258760864,0,9530b7b3-6cf5-4d8f-b76a-8fcedc319c4e,Lagepriore
0.7754974678894101,0.5898165612324948,False,0.2335072181379096,0.1421795280612245,False,0.5004982461734694,0.8815531258760864,0,9530b7b3-6cf5-4d8f-b76a-8fcedc319c4e,Lungenkarte
0.9153521551304252,0.8294115258538896,True,0.1708113324882929,0.0647321428571428,False,0.5058394451530612,1.0,0,96b91c36-e503-462e-9d18-38f7439690f7,Lagepriore
0.8965703401993873,0.7807723402008324,True,0.1241741725721532,0.0647321428571428,False,0.5058394451530612,1.0,0,96b91c36-e503-462e-9d18-38f7439690f7,Lungenkarte
0.8136139654356219,0.7394244711319987,True,0.2173279909800045,0.1045519770408163,False,0.5852000956632653,0.9393823865802516,0,96f6e753-c609-440a-9c94-fa65d47b38d7,Lagepriore
0.7782236658388162,0.647657369040311,False,0.1578503182899355,0.1045519770408163,False,0.5852000956632653,0.9393823865802516,0,96f6e753-c609-440a-9c94-fa65d47b38d7,Lungenkarte
0.8515909437117178,0.8558263497750902,True,0.236196033134112,0.1031369579081632,False,0.4839764030612244,0.561352657004831,0,975aac17-f7e4-4b6c-a669-e73b0bb5caef,Lagepriore
0.5632338841208789,0.4533406557611709,False,0.1152450042980847,0.1031369579081632,False,0.4839764030612244,0.561352657004831,0,975aac17-f7e4-4b6c-a669-e73b0bb5caef,Lungenkarte
0.9418354947861728,0.8690718442379812,True,0.6734799817154088,0.3266501913265306,False,0.4270766900510204,0.8616839536302624,0,97b49b96-d8ba-4fed-bc9e-e0912c9f66eb,Lagepriore
0.9033963356628576,0.7821956732682102,True,0.6127340512213497,0.3266501913265306,False,0.4270766900510204,0.8616839536302624,0,97b49b96-d8ba-4fed-bc9e-e0912c9f66eb,Lungenkarte
0.4839987651575152,0.4529889103191968,False,0.2499085266286381,0.2640904017857143,False,0.6309191645408163,0.6664402686589691,0,97e3d9f2-fa1a-46cc-932c-b96879e199f6,Lagepriore
0.5763647040447683,0.6545632602458444,True,0.2790925343134094,0.2640904017857143,False,0.6309191645408163,0.6664402686589691,0,97e3d9f2-fa1a-46cc-932c-b96879e199f6,Lungenkarte
0.7918211787629653,0.7447234129115559,True,0.3505908814897689,0.1836535395408163,False,0.5040656887755102,0.834400434074878,0,980c366b-becd-4652-8934-682a2961081f,Lagepriore
0.7736882043733805,0.6151306934958229,True,0.2886298300255067,0.1836535395408163,False,0.5040656887755102,0.834400434074878,0,980c366b-becd-4652-8934-682a2961081f,Lungenkarte
0.8543449858523678,0.6654331171061589,False,0.1344021083580737,0.0607860331632653,False,0.4127869897959184,0.976065573770492,0,989620ed-615e-47a9-a2be-402c3b6f937e,Lagepriore
0.8961983847975048,0.745989916680075,True,0.1328200508739205,0.0607860331632653,False,0.4127869897959184,0.976065573770492,0,989620ed-615e-47a9-a2be-402c3b6f937e,Lungenkarte
0.9735748440290836,0.9265357119294724,True,0.5756103158247824,0.2393176020408163,False,0.4508330676020408,0.880413057961359,0,98e6b228-3bd6-4bfe-be77-12b6567385d5,Lagepriore
0.8816699828406857,0.7988344438981612,True,0.4442102558240784,0.2393176020408163,False,0.4508330676020408,0.880413057961359,0,98e6b228-3bd6-4bfe-be77-12b6567385d5,Lungenkarte
0.9008117138915346,0.7266171375292422,False,0.2886438795417854,0.1243622448979591,False,0.4231305803571428,0.9833333333333332,0,9922146d-a19f-4889-80ca-d6f802118fdb,Lagepriore
0.8870160319147198,0.6886890631390157,False,0.2655525548611274,0.1243622448979591,False,0.4231305803571428,0.9833333333333332,0,9922146d-a19f-4889-80ca-d6f802118fdb,Lungenkarte
0.8251235394649975,0.958669179292669,True,0.2218436404395387,0.1061264349489796,False,0.3457828443877551,0.2110798122065727,0,99f7ad08-2189-452c-afab-6d7b1c62c049,Lagepriore
0.3969682526274007,0.2834412598645555,False,0.0647818216512892,0.1061264349489796,False,0.3457828443877551,0.2110798122065727,0,99f7ad08-2189-452c-afab-6d7b1c62c049,Lungenkarte
0.6969723798194712,0.6499633052536185,False,0.4410714149974917,0.3311344068877551,False,0.8435905612244898,0.9426421907914536,0,9a3f2627-ed43-4666-9f27-01589d9c6d44,Lagepriore
0.5469339281799501,0.4656401766320495,False,0.3547093157886448,0.3311344068877551,False,0.8435905612244898,0.9426421907914536,0,9a3f2627-ed43-4666-9f27-01589d9c6d44,Lungenkarte
0.4161965918538999,0.262236834751308,False,0.0268245472251006,0.052016900510204,False,0.642578125,0.999616858237548,0,9a4b8ac5-0371-4bc0-a609-32ad46806f7c,Lagepriore
0.7194464460995756,0.5512195525129656,False,0.0752722838476765,0.052016900510204,False,0.642578125,0.999616858237548,0,9a4b8ac5-0371-4bc0-a609-32ad46806f7c,Lungenkarte
0.8701623456720726,0.7842440775403455,True,0.3556831636405118,0.1665537308673469,False,0.5810746173469388,0.966016513102788,0,9a941e8d-d526-42b2-9322-cef1e02bba21,Lagepriore
0.7983012502843392,0.6326771012969867,False,0.2559632713002051,0.1665537308673469,False,0.5810746173469388,0.966016513102788,0,9a941e8d-d526-42b2-9322-cef1e02bba21,Lungenkarte
0.8546046607209163,0.7048352434531098,False,0.2318260412164313,0.1086375956632653,False,0.4445551658163265,0.2513300311869382,0,9acc3015-cffb-414a-a8b1-87555ba73b50,Lagepriore
0.3659688577713393,0.3416550509163833,False,0.0631945581409595,0.1086375956632653,False,0.4445551658163265,0.2513300311869382,0,9acc3015-cffb-414a-a8b1-87555ba73b50,Lungenkarte
0.9385671454964916,0.9551592212930202,True,0.8730649691904689,0.5343191964285714,False,0.4302455357142857,0.6556881760537113,0,9b19d8e9-16b4-4a69-bcf0-181d4709d3f0,Lagepriore
0.8085291121550094,0.5750970095997243,True,0.7660360519355239,0.5343191964285714,False,0.4302455357142857,0.6556881760537113,0,9b19d8e9-16b4-4a69-bcf0-181d4709d3f0,Lungenkarte
0.8375082787482967,0.7515621064537807,False,0.2188521216335452,0.1041533801020408,False,0.6123644770408163,0.9150401836969,0,9b3f98be-cd49-4634-9dc0-d473d6766fb7,Lagepriore
0.695278454991237,0.5351601728679073,False,0.1456182632007328,0.1041533801020408,False,0.6123644770408163,0.9150401836969,0,9b3f98be-cd49-4634-9dc0-d473d6766fb7,Lungenkarte
0.9073583583744138,0.8744177931620644,True,0.3105706793359624,0.1288265306122449,False,0.4361248405612244,0.5122215346534653,0,9bfebbd8-d79d-4a61-9403-d33d3406fce7,Lagepriore
0.5331048624949942,0.5353637273024547,True,0.1394259458134562,0.1288265306122449,False,0.4361248405612244,0.5122215346534653,0,9bfebbd8-d79d-4a61-9403-d33d3406fce7,Lungenkarte
0.9367957687502708,0.9049121617649656,True,0.5026090129882731,0.2159598214285714,False,0.6454878826530612,0.9024547803617572,0,9c363f6d-ca24-41da-ac87-52bd65884df0,Lagepriore
0.7412259038626071,0.6465560522742128,False,0.2873529811156911,0.2159598214285714,False,0.6454878826530612,0.9024547803617572,0,9c363f6d-ca24-41da-ac87-52bd65884df0,Lungenkarte
0.842921923166229,0.6160502661670167,False,0.5725303027846874,0.3384287308673469,False,0.4298469387755102,0.7087332901478123,0,9cde0ff6-095f-4ac6-88a8-c9ffc4676230,Lagepriore
0.749331498582908,0.6106492301401935,True,0.5151979400270971,0.3384287308673469,False,0.4298469387755102,0.7087332901478123,0,9cde0ff6-095f-4ac6-88a8-c9ffc4676230,Lungenkarte
0.4320165416566965,0.3511223047893126,False,0.1016088340626676,0.1224091198979591,False,0.5559829400510204,0.6414848583523283,0,9cf3c0e7-f25c-4358-b5a9-aca2e0b6f33e,Lagepriore
0.5796426241455439,0.526692038548762,True,0.1392535347653121,0.1224091198979591,False,0.5559829400510204,0.6414848583523283,0,9cf3c0e7-f25c-4358-b5a9-aca2e0b6f33e,Lungenkarte
0.8376372687190282,0.8314200594391206,True,0.2223841546551806,0.1017020089285714,False,0.5476323341836735,0.3862433862433862,0,9d1ceb1a-66ef-4135-a905-3d7b51b0fb4d,Lagepriore
0.3613417024858217,0.2469308422154565,False,0.0667450987717721,0.1017020089285714,False,0.5476323341836735,0.3862433862433862,0,9d1ceb1a-66ef-4135-a905-3d7b51b0fb4d,Lungenkarte
0.901030967019329,0.8730675207650106,False,0.1205703422244339,0.0477718431122448,False,0.4183075573979591,0.5168961201501877,0,9d5edce9-4fce-444f-b907-a70e2c6cd166,Lagepriore
0.589258985076637,0.3809497859645896,False,0.0579856364637197,0.0477718431122448,False,0.4183075573979591,0.5168961201501877,0,9d5edce9-4fce-444f-b907-a70e2c6cd166,Lungenkarte
0.8776078593668954,0.7806709248592187,True,0.7192560932869895,0.4172712053571428,False,0.4661591198979591,0.7529254429956537,0,9d93caf3-5af3-48a0-9a6e-23bec560da26,Lagepriore
0.8067080525442135,0.5908233140567403,True,0.63295221297602,0.4172712053571428,False,0.4661591198979591,0.7529254429956537,0,9d93caf3-5af3-48a0-9a6e-23bec560da26,Lungenkarte
0.9033272646001712,0.7831519149135878,False,0.1599636932394922,0.0632573341836734,False,0.3087531887755102,0.9659735349716446,0,9dbd05f8-87b8-4902-8e3c-86da0690fd63,Lagepriore
0.8646388795425107,0.5173423536218956,True,0.1670210943365004,0.0632573341836734,False,0.3087531887755102,0.9659735349716446,0,9dbd05f8-87b8-4902-8e3c-86da0690fd63,Lungenkarte
0.8080396420138712,0.7200527772290888,False,0.2464801664242917,0.1307597257653061,False,0.3938735650510204,0.511964639536656,0,9e43a65f-f310-4cb0-a645-8ea52d98f88f,Lagepriore
0.5960968138530035,0.4134765814566535,False,0.1597157963440436,0.1307597257653061,False,0.3938735650510204,0.511964639536656,0,9e43a65f-f310-4cb0-a645-8ea52d98f88f,Lungenkarte
0.8433959013534614,0.7025494372688392,True,0.3139998813269815,0.1473214285714285,False,0.5105628188775511,0.9813311688311688,0,9e53a361-9507-4b07-9b3b-56bad312fb6a,Lagepriore
0.8975411533158004,0.7805334960568552,True,0.2700453759791639,0.1473214285714285,False,0.5105628188775511,0.9813311688311688,0,9e53a361-9507-4b07-9b3b-56bad312fb6a,Lungenkarte
0.6740508276967727,0.5622249026620992,False,0.4835436739644754,0.3866390306122449,False,0.5995894451530612,0.7130927835051546,0,9e6bd994-d868-4805-8511-08ddcbe33c14,Lagepriore
0.616746254612645,0.5279230556263763,True,0.4489919352246751,0.3866390306122449,False,0.5995894451530612,0.7130927835051546,0,9e6bd994-d868-4805-8511-08ddcbe33c14,Lungenkarte
0.803084744593773,0.822733946213305,True,0.325004068922624,0.1694435586734693,False,0.5167809311224489,0.5090566925429311,0,9e763f85-b627-45b6-ad70-2982aae80d5d,Lagepriore
0.4973646741208127,0.5621398143630502,False,0.1634923754108457,0.1694435586734693,False,0.5167809311224489,0.5090566925429311,0,9e763f85-b627-45b6-ad70-2982aae80d5d,Lungenkarte
0.894290835750021,0.8192762312122357,False,0.207212822434789,0.0866948341836734,False,0.3907645089285714,0.4590804597701149,0,9e8bd81f-b091-4c02-9ea4-1927c896dfc2,Lagepriore
0.5852399932578555,0.469597951725999,False,0.1024783219176535,0.0866948341836734,False,0.3907645089285714,0.4590804597701149,0,9e8bd81f-b091-4c02-9ea4-1927c896dfc2,Lungenkarte
0.9012705886704192,0.7881982446190637,False,0.2994549794814927,0.1295440051020408,False,0.4992227359693877,0.9204615384615384,0,9e9cf557-f329-43ed-8095-dc66bc667c28,Lagepriore
0.8433288181504365,0.7181515719413334,False,0.2302469918190323,0.1295440051020408,False,0.4992227359693877,0.9204615384615384,0,9e9cf557-f329-43ed-8095-dc66bc667c28,Lungenkarte
0.7400828284500554,0.5451767022065747,False,0.2078823162401971,0.1295440051020408,False,0.5990513392857143,0.9883076923076924,0,9ebc1edb-315f-4f0f-bc9b-dfa933bc67d3,Lagepriore
0.8120398669926099,0.6639838048609918,True,0.1997002843103247,0.1295440051020408,False,0.5990513392857143,0.9883076923076924,0,9ebc1edb-315f-4f0f-bc9b-dfa933bc67d3,Lungenkarte
0.847393004035996,0.8654004043211737,True,0.7027330941685945,0.4245455994897959,False,0.4783561862244898,0.6305511219603793,0,9edd183b-ecc3-433a-9669-f891d34f8490,Lagepriore
0.6602870920164546,0.616503243782199,True,0.5269273127114495,0.4245455994897959,False,0.4783561862244898,0.6305511219603793,0,9edd183b-ecc3-433a-9669-f891d34f8490,Lungenkarte
0.8195248900077249,0.8060277090801625,False,0.2570277567587007,0.1297831632653061,False,0.5095463966836735,0.6517199017199017,0,9ee2b533-9bd1-461d-acbc-ac74aa13818b,Lagepriore
0.616818046135533,0.5098856772032412,True,0.1616471387973725,0.1297831632653061,False,0.5095463966836735,0.6517199017199017,0,9ee2b533-9bd1-461d-acbc-ac74aa13818b,Lungenkarte
0.7929240986267424,0.7286376019684924,True,0.4010648133492177,0.221141581632653,False,0.5170200892857143,0.8029019466474405,0,9f579871-0644-4b33-8547-240b76dbccdd,Lagepriore
0.7244272085932467,0.5856010811205707,False,0.3173981032035746,0.221141581632653,False,0.5170200892857143,0.8029019466474405,0,9f579871-0644-4b33-8547-240b76dbccdd,Lungenkarte
0.8020946758970806,0.6907173472435808,False,0.170072521723986,0.0881297831632653,False,0.5831871811224489,0.8989145183175034,0,a01dc83f-bd19-454b-a317-007a2730852a,Lagepriore
0.6966920485058365,0.5243633427870686,True,0.1251014489858674,0.0881297831632653,False,0.5831871811224489,0.8989145183175034,0,a01dc83f-bd19-454b-a317-007a2730852a,Lungenkarte
0.9780730213217236,0.9474899301185982,True,0.1484779698536633,0.0478316326530612,False,0.3962452168367347,1.0,0,a0367348-011f-4ec9-9efa-144fd325ba5f,Lagepriore
0.8733750470947756,0.6550468815543606,False,0.1088024052178149,0.0478316326530612,False,0.3962452168367347,1.0,0,a0367348-011f-4ec9-9efa-144fd325ba5f,Lungenkarte
0.6763062671693847,0.5554218448639825,True,0.4822373327676225,0.3599330357142857,False,0.6548349808673469,0.8509966777408637,0,a0930be8-f005-4141-a181-c1494cba358f,Lagepriore
0.6714024074482493,0.5197520363944793,False,0.4373409138234285,0.3599330357142857,False,0.6548349808673469,0.8509966777408637,0,a0930be8-f005-4141-a181-c1494cba358f,Lungenkarte
0.9480488657421992,0.8897446805831393,True,0.6045617746967696,0.2715441645408163,False,0.4413265306122449,0.8891743119266055,0,a0c71f08-8694-4294-a903-f733a09f84c9,Lagepriore
0.8653121341827518,0.6281694435703113,True,0.5017489089751476,0.2715441645408163,False,0.4413265306122449,0.8891743119266055,0,a0c71f08-8694-4294-a903-f733a09f84c9,Lungenkarte
0.8496874844537616,0.930493644517703,True,0.256184221098186,0.1165896045918367,False,0.5270647321428571,0.5124786324786325,0,a10735b4-e069-4df3-b1e4-5e54825ebfe1,Lagepriore
0.4686033124430453,0.4178746325026419,False,0.1057145546803844,0.1165896045918367,False,0.5270647321428571,0.5124786324786325,0,a10735b4-e069-4df3-b1e4-5e54825ebfe1,Lungenkarte
0.7336301773683468,0.8236098425836008,False,0.2359694836874906,0.1355229591836734,False,0.6352838010204082,0.5848529411764706,0,a1328407-1ce1-492e-b014-27e30077cc27,Lagepriore
0.424172465255929,0.3396533544709204,False,0.1250594236540373,0.1355229591836734,False,0.6352838010204082,0.5848529411764706,0,a1328407-1ce1-492e-b014-27e30077cc27,Lungenkarte
0.6963896935720971,0.5975000304380125,False,0.1760869690782757,0.1248405612244897,False,0.6384725765306123,0.98227969348659,0,a1e46713-1cd9-4360-9a3f-5e57e418c5a2,Lagepriore
0.8140931393292797,0.7004979319764454,False,0.1855505809816918,0.1248405612244897,False,0.6384725765306123,0.98227969348659,0,a1e46713-1cd9-4360-9a3f-5e57e418c5a2,Lungenkarte
0.8175370910622538,0.6620785713887203,False,0.2063192786362496,0.1051897321428571,False,0.5281409438775511,0.9664645699128458,0,a1fb3bf8-b4bc-4dd2-9cbe-e4b2ce75789e,Lagepriore
0.8790397533807884,0.7796712079804025,True,0.1841334937168083,0.1051897321428571,False,0.5281409438775511,0.9664645699128458,0,a1fb3bf8-b4bc-4dd2-9cbe-e4b2ce75789e,Lungenkarte
0.7688517416666758,0.6146627869492762,False,0.1930427583283056,0.110790019132653,False,0.5413345025510204,0.8215506386040655,0,a21dc214-0756-48ec-9b5b-16ca1bb243b0,Lagepriore
0.6970598651544875,0.5617233525305145,False,0.1582085791980719,0.110790019132653,False,0.5413345025510204,0.8215506386040655,0,a21dc214-0756-48ec-9b5b-16ca1bb243b0,Lungenkarte
0.9550446894128544,0.9010388002891296,True,0.7012199332175931,0.3375717474489796,False,0.5086096938775511,0.8198134372417051,0,a2616330-1f29-4019-928f-e2d62b3b737b,Lagepriore
0.7708477337995736,0.6030263041489319,True,0.4958990076962407,0.3375717474489796,False,0.5086096938775511,0.8198134372417051,0,a2616330-1f29-4019-928f-e2d62b3b737b,Lungenkarte
0.8319017045622096,0.7647637289882062,True,0.3478418272686484,0.1726323341836734,False,0.5900629783163265,0.9295774647887324,0,a2960536-841e-4c2b-8bc4-a3d6f460dd9c,Lagepriore
0.737546444983934,0.5520022371403323,False,0.2483907554747406,0.1726323341836734,False,0.5900629783163265,0.9295774647887324,0,a2960536-841e-4c2b-8bc4-a3d6f460dd9c,Lungenkarte
0.6565098896811365,0.4754660527175415,False,0.1448066980253659,0.1151945153061224,False,0.3982382015306122,0.8100346020761245,0,a31fd48e-8dd7-4a31-a197-ed1d67ec98cf,Lagepriore
0.7733229828211713,0.5072844198194727,False,0.2177724131727693,0.1151945153061224,False,0.3982382015306122,0.8100346020761245,0,a31fd48e-8dd7-4a31-a197-ed1d67ec98cf,Lungenkarte
0.8309134541766763,0.7434946810168614,False,0.2462299679065483,0.1178451849489796,False,0.6563496492346939,1.0,0,a36bcdda-c363-4ae6-a8b9-47bb0e05dc43,Lagepriore
0.8669601276587621,0.7820644816155499,False,0.1771488051015636,0.1178451849489796,False,0.6563496492346939,1.0,0,a36bcdda-c363-4ae6-a8b9-47bb0e05dc43,Lungenkarte
0.9672171105974504,0.9257179575344866,True,0.6385037896583424,0.2815290178571428,False,0.4840959821428571,0.9537023927509556,0,a3729a13-c791-4f7b-bd48-fbaf4f7fc0e4,Lagepriore
0.9083003591806886,0.7505305609240164,True,0.5111204825319271,0.2815290178571428,False,0.4840959821428571,0.9537023927509556,0,a3729a13-c791-4f7b-bd48-fbaf4f7fc0e4,Lungenkarte
0.9197238614871326,0.7806840192540104,True,0.6184787203904245,0.3033721301020408,False,0.4896763392857143,0.9672184995401392,0,a3914966-dba0-4178-8efa-20f3dbb5e75e,Lagepriore
0.9470415326419548,0.8529644324310148,True,0.5639511868510627,0.3033721301020408,False,0.4896763392857143,0.9672184995401392,0,a3914966-dba0-4178-8efa-20f3dbb5e75e,Lungenkarte
0.8399432170951053,0.7353029058055781,False,0.161222604293179,0.0744379783163265,False,0.5226801658163265,0.9132530120481928,0,a3a98509-171f-4c00-8d47-b6a0957907c3,Lagepriore
0.7290012457544626,0.5155969526084313,False,0.117776027527937,0.0744379783163265,False,0.5226801658163265,0.9132530120481928,0,a3a98509-171f-4c00-8d47-b6a0957907c3,Lungenkarte
0.8093434939510448,0.7722020307365299,True,0.2353312945419347,0.1092354910714285,False,0.6008848852040817,0.8744754606823573,0,a3bcdd23-510f-4f18-876e-69bc9cf62ada,Lagepriore
0.6910489345379462,0.5455897832365052,False,0.1507802999679948,0.1092354910714285,False,0.6008848852040817,0.8744754606823573,0,a3bcdd23-510f-4f18-876e-69bc9cf62ada,Lungenkarte
0.8489906291208793,0.9160382592227148,False,0.1548040407235442,0.070133131377551,False,0.5317083864795918,0.2978118783745382,0,a3d54ec1-68db-497a-ba57-b7feeb3b7739,Lagepriore
0.3451716063971186,0.3169920779673707,False,0.043041579400579,0.070133131377551,False,0.5317083864795918,0.2978118783745382,0,a3d54ec1-68db-497a-ba57-b7feeb3b7739,Lungenkarte
0.8578678499134424,0.8143115449813965,True,0.1692534246054446,0.0731823979591836,False,0.7036232461734694,1.0,0,a408f2c1-9ec2-49fc-8dd6-617dd540d512,Lagepriore
0.8013492853895577,0.7079679551986022,False,0.1030753403190851,0.0731823979591836,False,0.7036232461734694,1.0,0,a408f2c1-9ec2-49fc-8dd6-617dd540d512,Lungenkarte
0.932925247936922,0.9577740034341184,True,0.9220613586706666,0.6327527104591837,False,0.6579041772959183,0.862263378374122,0,a410dbbd-1ee8-4b79-876e-200b093b0e43,Lagepriore
0.8537140636904365,0.7470118159961873,True,0.7897863681384414,0.6327527104591837,False,0.6579041772959183,0.862263378374122,0,a410dbbd-1ee8-4b79-876e-200b093b0e43,Lungenkarte
0.863005583245264,0.7998158196760223,False,0.2001301578600692,0.0905612244897959,False,0.5714485012755102,0.8356073943661971,0,a4160584-0311-47f5-877b-9ab95fc2d553,Lagepriore
0.6878383404305788,0.5641859895823341,False,0.1245204681002613,0.0905612244897959,False,0.5714485012755102,0.8356073943661971,0,a4160584-0311-47f5-877b-9ab95fc2d553,Lungenkarte
0.8854818878279155,0.9448890909939804,True,0.2087929854276405,0.0859375,False,0.3804408482142857,0.4951298701298701,0,a458d820-3a26-4f46-ab7b-28f42a1ff4e0,Lagepriore
0.5977279169243455,0.4213307727011152,False,0.1052417440567158,0.0859375,False,0.3804408482142857,0.4951298701298701,0,a458d820-3a26-4f46-ab7b-28f42a1ff4e0,Lungenkarte
0.9387474645903424,0.8705282888115389,True,0.622133261501066,0.2930883290816326,False,0.4888592155612244,0.7619339045287638,0,a4cba60f-6006-4a32-8ce7-488fa06bec4c,Lagepriore
0.7672680966451901,0.7340425580369445,True,0.4362966747204644,0.2930883290816326,False,0.4888592155612244,0.7619339045287638,0,a4cba60f-6006-4a32-8ce7-488fa06bec4c,Lungenkarte
0.882748854156172,0.7625157209222443,True,0.3093872933916606,0.1367984693877551,False,0.3776705994897959,0.9331293706293706,0,a4cc8800-73db-4fdf-94c0-8b15b7777bf4,Lagepriore
0.9092707918928136,0.7604133254553708,True,0.3125269205628767,0.1367984693877551,False,0.3776705994897959,0.9331293706293706,0,a4cc8800-73db-4fdf-94c0-8b15b7777bf4,Lungenkarte
0.797163036537783,0.8292718741321055,True,0.3665987781335864,0.1966278698979592,False,0.5873325892857143,0.6271031826474762,0,a52f8c02-a360-40a0-a2dc-1fd91b8f51e9,Lagepriore
0.55048371572774,0.6354371803205595,True,0.2033503438087149,0.1966278698979592,False,0.5873325892857143,0.6271031826474762,0,a52f8c02-a360-40a0-a2dc-1fd91b8f51e9,Lungenkarte
0.7661839755368042,0.5825976184560806,False,0.2186945472699342,0.1272720025510204,False,0.4676737882653061,0.9096461008455996,0,a69b6651-4a96-4fbf-bd9f-d2ec7161e5d2,Lagepriore
0.8420256005747901,0.7048591378219764,False,0.2332831647035913,0.1272720025510204,False,0.4676737882653061,0.9096461008455996,0,a69b6651-4a96-4fbf-bd9f-d2ec7161e5d2,Lungenkarte
0.7900031507731751,0.6913899954111712,True,0.2089656069572742,0.1000876913265306,False,0.5932318239795918,0.9972122660294704,0,a6aa1429-135a-49ed-bbaa-ebede9b1b63c,Lagepriore
0.794679763295828,0.6270083183168341,False,0.1593484185865885,0.1000876913265306,False,0.5932318239795918,0.9972122660294704,0,a6aa1429-135a-49ed-bbaa-ebede9b1b63c,Lungenkarte
0.9651994770415088,0.932894368218916,True,0.5244070172527682,0.2137476084183673,False,0.4637276785714285,0.9332400932400932,0,a6cbb3dd-75ab-4671-a6b0-9a51c04a81ec,Lagepriore
0.9037119842802842,0.7939480984950485,True,0.4058402389063973,0.2137476084183673,False,0.4637276785714285,0.9332400932400932,0,a6cbb3dd-75ab-4671-a6b0-9a51c04a81ec,Lungenkarte
0.910875112066091,0.9100069035634174,True,0.8487021858371532,0.523796237244898,False,0.4683314732142857,0.7235370215356518,0,a6e29ab5-cb08-4bae-b028-f97cf3bfd943,Lagepriore
0.8571703526941885,0.7959247145599638,True,0.7734519212042906,0.523796237244898,False,0.4683314732142857,0.7235370215356518,0,a6e29ab5-cb08-4bae-b028-f97cf3bfd943,Lungenkarte
0.9510275891891834,0.8585750167200558,True,0.5791862801909832,0.2529496173469387,False,0.3837492028061224,0.8410022061140876,0,a73a46b2-fcef-41ad-a292-60df60ebba72,Lagepriore
0.8814756802801678,0.7372256022620971,True,0.5155815221585006,0.2529496173469387,False,0.3837492028061224,0.8410022061140876,0,a73a46b2-fcef-41ad-a292-60df60ebba72,Lungenkarte
0.4910384849718622,0.428303631635463,False,0.0645873324026889,0.0802973533163265,False,0.5352558992346939,0.379746835443038,0,a754f888-8407-4228-be35-17a0140ef6cf,Lagepriore
0.3639301108310879,0.3100893773494973,False,0.0568143925538344,0.0802973533163265,False,0.5352558992346939,0.379746835443038,0,a754f888-8407-4228-be35-17a0140ef6cf,Lungenkarte
0.916128417274437,0.9071073249658012,False,0.1405540319097765,0.0538903061224489,False,0.4461495535714285,0.4730029585798816,0,a771930c-cb2d-4fcd-8ee4-8ce2acdd1115,Lagepriore
0.5515287086701248,0.3357833330919382,False,0.0582937787669023,0.0538903061224489,False,0.4461495535714285,0.4730029585798816,0,a771930c-cb2d-4fcd-8ee4-8ce2acdd1115,Lungenkarte
0.9823829882015236,0.9527682926745116,True,0.3192974045703093,0.1110690369897959,False,0.4323780293367347,1.0,0,a77b32f6-1999-4cc6-8a0d-1ef7e53850f0,Lagepriore
0.932845418443058,0.8142696224884751,False,0.2476906312419934,0.1110690369897959,False,0.4323780293367347,1.0,0,a77b32f6-1999-4cc6-8a0d-1ef7e53850f0,Lungenkarte
0.5576908290163999,0.3402322150867956,False,0.0423415959006684,0.0449418048469387,False,0.5634367028061225,0.9942350332594236,0,a7a08920-e6ca-4638-a59b-ac10d5e58c8c,Lagepriore
0.7246520106470502,0.4988946402299034,False,0.0705732716702583,0.0449418048469387,False,0.5634367028061225,0.9942350332594236,0,a7a08920-e6ca-4638-a59b-ac10d5e58c8c,Lungenkarte
0.6685735769429836,0.5892000481615672,False,0.2166881181088143,0.1528619260204081,False,0.6599968112244898,0.8976531942633638,0,a8328d63-6a90-4e20-a7a9-65226cdaaba8,Lagepriore
0.7434198491250656,0.6783881362190517,True,0.2012786343515394,0.1528619260204081,False,0.6599968112244898,0.8976531942633638,0,a8328d63-6a90-4e20-a7a9-65226cdaaba8,Lungenkarte
0.8853454241242528,0.7807235991888178,True,0.5015465567610454,0.247688137755102,False,0.4875837053571428,0.979481815255874,0,a89eb468-2a15-4370-8725-70e8a1ff9007,Lagepriore
0.9365909991876404,0.8295941350626633,True,0.4626513240434277,0.247688137755102,False,0.4875837053571428,0.979481815255874,0,a89eb468-2a15-4370-8725-70e8a1ff9007,Lungenkarte
0.720999585369551,0.7214427569487215,False,0.4350900348628699,0.2957788584183674,False,0.7015704719387755,0.8465736810187993,0,a8a49a6e-55df-42dd-8962-c239609f5f57,Lagepriore
0.6240785179847089,0.5216460236707591,False,0.3519145167176178,0.2957788584183674,False,0.7015704719387755,0.8465736810187993,0,a8a49a6e-55df-42dd-8962-c239609f5f57,Lungenkarte
0.8930379167583725,0.9311027303235808,True,0.4059733989654878,0.1795479910714285,False,0.3913225446428571,0.6964146964146964,0,a8b5a123-6dbd-412e-a871-12f4f65a6a05,Lagepriore
0.752437439565479,0.5647451903096421,True,0.304467684344556,0.1795479910714285,False,0.3913225446428571,0.6964146964146964,0,a8b5a123-6dbd-412e-a871-12f4f65a6a05,Lungenkarte
0.8935850277004702,0.8551978347664793,True,0.4723081492411048,0.2189891581632653,False,0.4180484693877551,0.7584637786676374,0,a8eb3550-b9a0-44e9-84e5-cabc2d890425,Lagepriore
0.7939485895216395,0.632847269702999,True,0.376647874440711,0.2189891581632653,False,0.4180484693877551,0.7584637786676374,0,a8eb3550-b9a0-44e9-84e5-cabc2d890425,Lungenkarte
0.9729456934855406,0.940935137198846,True,0.6259625286195103,0.2699099170918367,False,0.3335060586734694,0.818651701986266,0,a93bed75-231d-47cc-a21e-9a70c0d072b2,Lagepriore
0.9122305704390468,0.6804463063988221,True,0.6121968468798995,0.2699099170918367,False,0.3335060586734694,0.818651701986266,0,a93bed75-231d-47cc-a21e-9a70c0d072b2,Lungenkarte
0.8691066627078069,0.7801653233972178,False,0.2685989227750834,0.122688137755102,False,0.5252311862244898,0.8836907082521117,0,a93def1b-0944-4a6d-b49a-cfff8dca694b,Lagepriore
0.754205218314435,0.581057351816121,True,0.1923995020541651,0.122688137755102,False,0.5252311862244898,0.8836907082521117,0,a93def1b-0944-4a6d-b49a-cfff8dca694b,Lungenkarte
0.9558988210707674,0.9131010966524384,True,0.5197912463231431,0.2158402423469387,False,0.5041653380102041,0.9544783010156972,0,a9552aa7-691e-40ab-835b-16237c608b03,Lagepriore
0.86701013322204,0.7006037479455711,False,0.3779018247136518,0.2158402423469387,False,0.5041653380102041,0.9544783010156972,0,a9552aa7-691e-40ab-835b-16237c608b03,Lungenkarte
0.8509315333392802,0.7624325205918714,True,0.5509895997383911,0.2918327487244898,False,0.5260682397959183,0.7812606706276036,0,a95a4817-482e-48bd-96bf-c661573e7032,Lagepriore
0.7290589963013934,0.5914875505445344,True,0.4104209260618632,0.2918327487244898,False,0.5260682397959183,0.7812606706276036,0,a95a4817-482e-48bd-96bf-c661573e7032,Lungenkarte
0.7045102968935675,0.7093268870169354,True,0.2624627566410086,0.1612523915816326,False,0.4625119579081632,0.5313311086392287,0,a9a8cd2f-52ba-4968-913c-7168c06e2293,Lagepriore
0.5733714059599501,0.4661488054965577,False,0.1841547885702384,0.1612523915816326,False,0.4625119579081632,0.5313311086392287,0,a9a8cd2f-52ba-4968-913c-7168c06e2293,Lungenkarte
0.5904730637314642,0.3652228554625144,False,0.4104983871171532,0.3519212372448979,False,0.4080436862244898,0.0039642088571752,0,aa47c55a-7cf7-4105-9132-de080664f052,Lagepriore
0.0519418247604499,0.0166115887641078,False,0.0228586122653132,0.3519212372448979,False,0.4080436862244898,0.0039642088571752,0,aa47c55a-7cf7-4105-9132-de080664f052,Lungenkarte
0.9256729855969008,0.8302103747716473,True,0.3645545206227211,0.1494738520408163,False,0.4018455038265306,0.8490666666666666,0,aad5a7ee-f327-4444-9a29-f279d3832286,Lagepriore
0.8108060221201612,0.5860190484408269,False,0.2852631579115906,0.1494738520408163,False,0.4018455038265306,0.8490666666666666,0,aad5a7ee-f327-4444-9a29-f279d3832286,Lungenkarte
0.8228173192938982,0.8062869559796408,True,0.7144884564122533,0.4418247767857143,False,0.6155333227040817,0.7582660471830033,0,ab11a2eb-d568-4ee3-acd1-36b81ccba932,Lagepriore
0.6992459949040372,0.7220622335305361,True,0.5282392302740343,0.4418247767857143,False,0.6155333227040817,0.7582660471830033,0,ab11a2eb-d568-4ee3-acd1-36b81ccba932,Lungenkarte
0.9501805687428172,0.8881851216879587,True,0.3641327789947333,0.1399274553571428,False,0.4664182079081632,0.9303518017376442,0,ab4e14e3-259f-4e54-8860-b2762e8374e9,Lagepriore
0.8616874784059362,0.7196439169559522,True,0.2636952851614364,0.1399274553571428,False,0.4664182079081632,0.9303518017376442,0,ab4e14e3-259f-4e54-8860-b2762e8374e9,Lungenkarte
0.931542194236007,0.8740217115236237,True,0.6264009483355145,0.2983298788265306,False,0.6507294323979592,0.9877747344511992,0,ab514814-ddbf-46df-b913-650244f68f48,Lagepriore
0.8887554697048482,0.7947536301935981,True,0.437710604594619,0.2983298788265306,False,0.6507294323979592,0.9877747344511992,0,ab514814-ddbf-46df-b913-650244f68f48,Lungenkarte
0.9718976982487773,0.9163859919906098,True,0.3996883394331934,0.1491749043367347,False,0.3770926339285714,0.8896459585838343,0,ab5af9ff-8001-4442-af29-693abdb98e14,Lagepriore
0.8843659365923683,0.7285073622465542,True,0.3271521780107961,0.1491749043367347,False,0.3770926339285714,0.8896459585838343,0,ab5af9ff-8001-4442-af29-693abdb98e14,Lungenkarte
0.7879794924544833,0.6986548739848565,False,0.1290726491594623,0.06640625,False,0.6903698979591837,1.0,0,ab7d4c3c-d22d-4d21-a0c1-c78e26a2cca6,Lagepriore
0.7294086984123339,0.5958358237890787,False,0.0929748404245124,0.06640625,False,0.6903698979591837,1.0,0,ab7d4c3c-d22d-4d21-a0c1-c78e26a2cca6,Lungenkarte
0.957648650873598,0.9303140683691228,True,0.1380938202050284,0.0462372448979591,False,0.4403300382653061,1.0,0,ab83e64b-4204-405f-a77c-02f4fa01c6e6,Lagepriore
0.9036994739606752,0.7669399232883305,False,0.1033147928842747,0.0462372448979591,False,0.4403300382653061,1.0,0,ab83e64b-4204-405f-a77c-02f4fa01c6e6,Lungenkarte
0.7639160499154889,0.6808147307358643,False,0.0492572420855856,0.0284199617346938,False,0.7470304528061225,1.0,0,ab877686-52ee-4476-8613-a6e4ca3959a2,Lagepriore
0.8869922249793217,0.8472139581395999,False,0.0378407688103911,0.0284199617346938,False,0.7470304528061225,1.0,0,ab877686-52ee-4476-8613-a6e4ca3959a2,Lungenkarte
0.9508984402236692,0.9290000611170832,True,0.3667147623999011,0.1416214923469387,False,0.7352519132653061,1.0,0,ab9eccef-dfdf-4fba-b1f9-fccdda382eff,Lagepriore
0.9069673851879506,0.8655074223144518,False,0.1908899979715937,0.1416214923469387,False,0.7352519132653061,1.0,0,ab9eccef-dfdf-4fba-b1f9-fccdda382eff,Lungenkarte
0.9679886481922272,0.9402942802211558,True,0.1439698177686604,0.047672193877551,False,0.4837771045918367,1.0,0,ac166a48-f6e6-4236-8a92-c41b1e1ed87d,Lagepriore
0.9133328981601712,0.8107453297696767,False,0.0958785897554007,0.047672193877551,False,0.4837771045918367,1.0,0,ac166a48-f6e6-4236-8a92-c41b1e1ed87d,Lungenkarte
0.7107390038451395,0.5323021463832048,False,0.1604685099072141,0.1081592793367346,False,0.5736806441326531,0.937350285608992,0,ac23d97b-7d42-4ad9-ad8f-db7e6aeddffa,Lagepriore
0.7613778181199071,0.6029407617108692,False,0.164204958494446,0.1081592793367346,False,0.5736806441326531,0.937350285608992,0,ac23d97b-7d42-4ad9-ad8f-db7e6aeddffa,Lungenkarte
0.8290841116431416,0.7365005678086651,True,0.57311293333757,0.3308354591836734,False,0.6720742984693877,0.9567469879518072,0,ac4bf897-0752-4095-9404-1e6ff42a1dfb,Lagepriore
0.8499162446784996,0.7667885542365981,True,0.4478273955073582,0.3308354591836734,False,0.6720742984693877,0.9567469879518072,0,ac4bf897-0752-4095-9404-1e6ff42a1dfb,Lungenkarte
0.7620585473119168,0.6969648233423534,True,0.3791812610496697,0.2151426977040816,False,0.6827168367346939,0.9256137100509496,0,ac51aa90-d1ca-4247-911b-09e5b324fa30,Lagepriore
0.7107608890470254,0.5851613824854807,False,0.2816356517832681,0.2151426977040816,False,0.6827168367346939,0.9256137100509496,0,ac51aa90-d1ca-4247-911b-09e5b324fa30,Lungenkarte
0.8332737388633055,0.6864228198827216,True,0.5757816483731447,0.3431919642857143,False,0.6076610331632653,0.9605110336817654,0,ac87627c-76ef-4704-b965-6e2badb21d5e,Lagepriore
0.8793733759537758,0.7658844638608262,True,0.5128894617782974,0.3431919642857143,False,0.6076610331632653,0.9605110336817654,0,ac87627c-76ef-4704-b965-6e2badb21d5e,Lungenkarte
0.8553169906649549,0.8141747763279137,False,0.306474219551358,0.1448301977040816,False,0.504524075255102,0.7602862254025045,0,ace71169-f41d-4a68-a7b3-b16abf065f9c,Lagepriore
0.7019187446920248,0.6276930896586099,False,0.2081665465498865,0.1448301977040816,False,0.504524075255102,0.7602862254025045,0,ace71169-f41d-4a68-a7b3-b16abf065f9c,Lungenkarte
0.9214403494135908,0.9137501970857193,True,0.6271251326870404,0.2986088966836734,False,0.4116709183673469,0.7627978375492225,0,acea0494-388b-4745-a430-892751494e8c,Lagepriore
0.81856496721346,0.7718970543210677,True,0.5156616706514091,0.2986088966836734,False,0.4116709183673469,0.7627978375492225,0,acea0494-388b-4745-a430-892751494e8c,Lungenkarte
0.9059214255038512,0.8687461932850571,False,0.0452661652662759,0.0171595982142857,False,0.369758450255102,0.5017421602787456,0,ad23629c-4db1-4b9f-87cd-625d4e1e2cc9,Lagepriore
0.6296192211932983,0.231249885032099,False,0.0226483939699436,0.0171595982142857,False,0.369758450255102,0.5017421602787456,0,ad23629c-4db1-4b9f-87cd-625d4e1e2cc9,Lungenkarte
0.9202272887872828,0.8742483257384176,True,0.1624335066855516,0.061344068877551,False,0.4469866071428571,0.700454840805718,0,ad800121-7222-4b35-abbd-72889217ce37,Lagepriore
0.6635222374173371,0.4662962536040462,False,0.0897955625447099,0.061344068877551,False,0.4469866071428571,0.700454840805718,0,ad800121-7222-4b35-abbd-72889217ce37,Lungenkarte
0.964864479622824,0.9726913013810372,True,0.577078808685945,0.2433633609693877,False,0.5751753826530612,0.8814183932519859,0,ad89c871-f23f-40a2-a39e-53db93884b59,Lagepriore
0.7887295787901142,0.6852927869768626,True,0.3580814539996853,0.2433633609693877,False,0.5751753826530612,0.8814183932519859,0,ad89c871-f23f-40a2-a39e-53db93884b59,Lungenkarte
0.704453080986864,0.5815103387180386,False,0.0596196366326058,0.0412149234693877,False,0.5840242346938775,0.9990328820116054,0,ae47e8ca-08cf-432e-8f3f-bbfc8413570d,Lagepriore
0.7693944166405728,0.5937887192363439,False,0.0665576772945849,0.0412149234693877,False,0.5840242346938775,0.9990328820116054,0,ae47e8ca-08cf-432e-8f3f-bbfc8413570d,Lungenkarte
0.9768709138269464,0.9650269555861838,True,0.7575293771960394,0.3650948660714285,False,0.4396922831632653,0.8678421311206944,0,ae657240-1b69-4b1d-af95-673af661fecf,Lagepriore
0.9238714798063415,0.8783367068974511,True,0.6728867286861367,0.3650948660714285,False,0.4396922831632653,0.8678421311206944,0,ae657240-1b69-4b1d-af95-673af661fecf,Lungenkarte
0.4694625897153118,0.3386385464306979,False,0.0417980301322249,0.0591916454081632,False,0.5698541135204082,0.98013468013468,0,ae77fb82-6cd1-4a22-8224-8ad1c359fd5e,Lagepriore
0.7674482043100439,0.5843052172261155,False,0.098043958139185,0.0591916454081632,False,0.5698541135204082,0.98013468013468,0,ae77fb82-6cd1-4a22-8224-8ad1c359fd5e,Lungenkarte
0.7793078868801361,0.6572723914408944,False,0.1667007462936409,0.0925542091836734,False,0.4764229910714285,0.6192937123169682,0,ae7a7ed0-ea01-44de-9287-b2dec267bcfd,Lagepriore
0.6123077286209553,0.5529440815918093,False,0.1170225410671245,0.0925542091836734,False,0.4764229910714285,0.6192937123169682,0,ae7a7ed0-ea01-44de-9287-b2dec267bcfd,Lungenkarte
0.9473156354523792,0.8863557144041635,True,0.7606946487654013,0.3968032525510204,False,0.5374880420918368,0.955399296835761,0,ae8e592b-13bb-4d75-aac3-3eed3f0c21ca,Lagepriore
0.9425101211249208,0.8526062826302055,True,0.6578870601466369,0.3968032525510204,False,0.5374880420918368,0.955399296835761,0,ae8e592b-13bb-4d75-aac3-3eed3f0c21ca,Lungenkarte
0.9027727206741984,0.8998482136995051,True,0.3487822750395858,0.1484574298469387,False,0.4683514030612244,0.6771378708551483,0,ae9de5c9-8bb7-4570-8c3b-d5f724108f0b,Lagepriore
0.6586557810075144,0.5783061915997479,False,0.2052226985774208,0.1484574298469387,False,0.4683514030612244,0.6771378708551483,0,ae9de5c9-8bb7-4570-8c3b-d5f724108f0b,Lungenkarte
0.8778791356913789,0.8032469005291683,True,0.4092127223962591,0.1885164221938775,False,0.5378268494897959,0.931388095993234,0,aea56cac-4a31-44b4-b007-1385775d939d,Lagepriore
0.8254302529474427,0.680397183398347,True,0.3066771324306632,0.1885164221938775,False,0.5378268494897959,0.931388095993234,0,aea56cac-4a31-44b4-b007-1385775d939d,Lungenkarte
0.9394085126645264,0.9027511767649912,True,0.2589260410757048,0.097476881377551,False,0.5568598533163265,0.9916172561848292,0,aeb6324d-08d5-426b-9a60-bc39d5151edb,Lagepriore
0.877416325560462,0.7681404813853927,True,0.1658582194178962,0.097476881377551,False,0.5568598533163265,0.9916172561848292,0,aeb6324d-08d5-426b-9a60-bc39d5151edb,Lungenkarte
0.9394514071884182,0.9031884042826268,True,0.7001238575222278,0.3505859375,False,0.3451450892857143,0.7143425615371497,0,aed93dee-241e-474b-9506-7736773366d1,Lagepriore
0.874456793197262,0.7972685700980305,True,0.678091971805489,0.3505859375,False,0.3451450892857143,0.7143425615371497,0,aed93dee-241e-474b-9506-7736773366d1,Lungenkarte
0.88401252820778,0.7699677010960083,False,0.1664697250070698,0.0704719387755102,False,0.5354153380102041,1.0,0,aee1bed8-19e1-4ca5-9d1d-3ebf08a06156,Lagepriore
0.9177466592092702,0.8356210319473034,False,0.1302479515378735,0.0704719387755102,False,0.5354153380102041,1.0,0,aee1bed8-19e1-4ca5-9d1d-3ebf08a06156,Lungenkarte
0.9225512380355242,0.8169481240988686,True,0.4221360552708628,0.178352200255102,False,0.4335538903061224,0.9329534026148172,0,aefb98af-4f16-4db8-bffb-db3217f56a99,Lagepriore
0.8725454461789892,0.6735278653378943,True,0.3570245042705384,0.178352200255102,False,0.4335538903061224,0.9329534026148172,0,aefb98af-4f16-4db8-bffb-db3217f56a99,Lungenkarte
0.92164714169655,0.8453610707283493,True,0.2660051017783612,0.1045121173469387,False,0.5234773596938775,0.9990465293668956,0,af051401-ddb1-4ef7-be58-4927387ddf51,Lagepriore
0.8989935350565849,0.7854649844259446,True,0.190861096748105,0.1045121173469387,False,0.5234773596938775,0.9990465293668956,0,af051401-ddb1-4ef7-be58-4927387ddf51,Lungenkarte
0.9242955143997972,0.9338934071010128,True,0.2360165193242198,0.0900629783163265,False,0.4233498086734694,0.6727152024784244,0,af2ff93b-2f33-4c91-bde1-1490fc435b50,Lagepriore
0.7219724088013558,0.7275355802427727,True,0.1433977363665167,0.0900629783163265,False,0.4233498086734694,0.6727152024784244,0,af2ff93b-2f33-4c91-bde1-1490fc435b50,Lungenkarte
0.9675366428617836,0.955386374265614,True,0.5717156776689882,0.2399154974489795,False,0.6183633609693877,0.9189234092041868,0,af4d7012-0021-4729-8eda-a8393698cf33,Lagepriore
0.7945644604747751,0.6926587673791638,True,0.339719811446693,0.2399154974489795,False,0.6183633609693877,0.9189234092041868,0,af4d7012-0021-4729-8eda-a8393698cf33,Lungenkarte
0.8943156880643495,0.7407864242450077,False,0.0589131299588991,0.0229591836734693,False,0.3933952487244898,0.9991319444444444,0,af8a9a3f-9487-454b-8ee6-65c9554f3a87,Lagepriore
0.8616580548132887,0.6359174019392013,False,0.0526041633052961,0.0229591836734693,False,0.3933952487244898,0.9991319444444444,0,af8a9a3f-9487-454b-8ee6-65c9554f3a87,Lungenkarte
0.9764307368209488,0.944721668160573,True,0.2055154653171038,0.0687579719387755,False,0.4478037308673469,0.984927536231884,0,af98dfd4-7155-481f-b07e-fbecf6ddc40d,Lagepriore
0.8757203201891757,0.7091326257084173,True,0.1433426756258728,0.0687579719387755,False,0.4478037308673469,0.984927536231884,0,af98dfd4-7155-481f-b07e-fbecf6ddc40d,Lungenkarte
0.884666359774696,0.8388123333251213,True,0.711154719699337,0.404476243622449,False,0.5447425063775511,0.90859817689086,0,afc077be-f1dd-4a46-aa37-b1a478687264,Lagepriore
0.903656192970228,0.813635456413231,True,0.6341535994280749,0.404476243622449,False,0.5447425063775511,0.90859817689086,0,afc077be-f1dd-4a46-aa37-b1a478687264,Lungenkarte
0.9161545392207464,0.8279330021570055,True,0.272346140812596,0.1076211734693877,False,0.4652622767857143,0.7062962962962963,0,aff963a8-7c66-453f-b247-b99fac926e2f,Lagepriore
0.6731048296375703,0.5506336222058021,False,0.1577864737877909,0.1076211734693877,False,0.4652622767857143,0.7062962962962963,0,aff963a8-7c66-453f-b247-b99fac926e2f,Lungenkarte
0.8756024904084828,0.7745095619254888,False,0.2958229301987539,0.1349250637755102,False,0.541374362244898,1.0,0,aff9bfdd-b179-49e3-8981-dff5e0ff16b9,Lagepriore
0.9236793121808032,0.8377466060411952,True,0.2445390077778961,0.1349250637755102,False,0.541374362244898,1.0,0,aff9bfdd-b179-49e3-8981-dff5e0ff16b9,Lungenkarte
0.904770270829535,0.8653633149419411,False,0.0945297735969779,0.0368702168367346,False,0.4365035076530612,0.7648648648648648,0,b011429a-7f44-413c-af22-93b110e9710b,Lagepriore
0.724425249236324,0.5246313744422257,False,0.0623200923094914,0.0368702168367346,False,0.4365035076530612,0.7648648648648648,0,b011429a-7f44-413c-af22-93b110e9710b,Lungenkarte
0.965447923570414,0.9323148866449948,True,0.7906513478010914,0.4091398278061224,False,0.5990314094387755,0.8762725899946417,0,b0172af7-ae97-41a4-a848-cdea0fc1866b,Lagepriore
0.8213265642131724,0.7385977095935676,True,0.565749166058381,0.4091398278061224,False,0.5990314094387755,0.8762725899946417,0,b0172af7-ae97-41a4-a848-cdea0fc1866b,Lungenkarte
0.8042168647458967,0.5453898972831381,False,0.2367380994496342,0.1273317920918367,False,0.4085220025510204,0.9871654406010332,0,b01d24dd-ff2e-4b9b-99bc-29023fc5b3ec,Lagepriore
0.9476291486802084,0.8516761131853579,True,0.2913670600707481,0.1273317920918367,False,0.4085220025510204,0.9871654406010332,0,b01d24dd-ff2e-4b9b-99bc-29023fc5b3ec,Lungenkarte
0.7417486964006933,0.6610318846925998,False,0.0758668936795113,0.0475326849489795,False,0.6955915178571429,1.0,0,b01ee12f-55ad-4548-84ac-a560a0a429ad,Lagepriore
0.7375074743466123,0.6142674862089554,False,0.066747337453199,0.0475326849489795,False,0.6955915178571429,1.0,0,b01ee12f-55ad-4548-84ac-a560a0a429ad,Lungenkarte
0.912753505008388,0.8420674281431026,True,0.5025184143540655,0.2254264987244898,False,0.5503228635204082,0.91539209618955,0,b02fea6c-41b4-47e7-8c70-d20b005063bd,Lagepriore
0.8364169247495373,0.7293200196221945,True,0.3607707976107075,0.2254264987244898,False,0.5503228635204082,0.91539209618955,0,b02fea6c-41b4-47e7-8c70-d20b005063bd,Lungenkarte
0.9098295022255314,0.828537300341612,True,0.1737690214808844,0.0669642857142857,False,0.4986846301020408,1.0,0,b04f96a2-e122-43e7-93d6-f82ca84f6706,Lagepriore
0.8870325004628047,0.7559086696145544,True,0.1277194117100333,0.0669642857142857,False,0.4986846301020408,1.0,0,b04f96a2-e122-43e7-93d6-f82ca84f6706,Lungenkarte
0.8678365988289544,0.7164565377407258,False,0.2349783964253324,0.1075215242346938,False,0.4668965242346938,0.9757182576459684,0,b05766ae-c0d4-4e29-855b-1112c7ae956e,Lagepriore
0.8713297247510741,0.705358476399213,False,0.2109413713322596,0.1075215242346938,False,0.4668965242346938,0.9757182576459684,0,b05766ae-c0d4-4e29-855b-1112c7ae956e,Lungenkarte
0.9004293153091671,0.7837512534317703,False,0.1883834505255094,0.0774473852040816,False,0.4493781887755102,0.9776119402985076,0,b05b4898-2003-4a43-a5bd-8de50200db4a,Lagepriore
0.8681898044361517,0.6949703492828909,False,0.1579826367386624,0.0774473852040816,False,0.4493781887755102,0.9776119402985076,0,b05b4898-2003-4a43-a5bd-8de50200db4a,Lungenkarte
0.7966914137283055,0.6857325952498763,True,0.1134993315001022,0.0548469387755102,False,0.6402861926020408,1.0,0,b0958738-73d0-47d5-9703-0de86944e0da,Lagepriore
0.8024543637935753,0.681194798367145,False,0.0825472378629079,0.0548469387755102,False,0.6402861926020408,1.0,0,b0958738-73d0-47d5-9703-0de86944e0da,Lungenkarte
0.926525121966767,0.8718982845763111,True,0.1954769795949927,0.0728236607142857,False,0.5093271683673469,1.0,0,b0aa124d-a986-4c75-97d1-36c8cf3a0734,Lagepriore
0.9177759787454643,0.8253480998628663,False,0.1394111719776665,0.0728236607142857,False,0.5093271683673469,1.0,0,b0aa124d-a986-4c75-97d1-36c8cf3a0734,Lungenkarte
0.9380743514527192,0.929853056494256,True,0.2273923357221536,0.0838249362244897,False,0.4029416454081632,0.6122206371849739,0,b0c98c20-ceaf-4f52-a67d-f738000cb927,Lagepriore
0.6669637732272004,0.573526913779166,False,0.1238214494123727,0.0838249362244897,False,0.4029416454081632,0.6122206371849739,0,b0c98c20-ceaf-4f52-a67d-f738000cb927,Lungenkarte
0.8841988072888188,0.824898690315099,True,0.2258194595650772,0.0935108418367346,False,0.6234654017857143,1.0,0,b0d34352-21d3-490e-8ecd-16baee334aba,Lagepriore
0.8470425399209173,0.7384083771525233,False,0.1452062151133705,0.0935108418367346,False,0.6234654017857143,1.0,0,b0d34352-21d3-490e-8ecd-16baee334aba,Lungenkarte
0.9671131982586724,0.9418491666453154,True,0.1583196586774106,0.0526147959183673,False,0.5350167410714286,0.9840909090909092,0,b0fbd4ac-3ab4-44fe-9c2f-4179bbf4260e,Lagepriore
0.8150555113572616,0.6524725343195398,True,0.0892039445310418,0.0526147959183673,False,0.5350167410714286,0.9840909090909092,0,b0fbd4ac-3ab4-44fe-9c2f-4179bbf4260e,Lungenkarte
0.9124248104799244,0.815051294984802,False,0.3369233452313026,0.1425581951530612,False,0.4564931441326531,0.8477561862155739,0,b0fc321d-54ae-4ab7-9207-03c7fddb3a15,Lagepriore
0.7759900786082842,0.5933595377313721,False,0.2445645412633269,0.1425581951530612,False,0.4564931441326531,0.8477561862155739,0,b0fc321d-54ae-4ab7-9207-03c7fddb3a15,Lungenkarte
0.9263499959367404,0.9193238948450928,True,0.4580235214780589,0.1941964285714285,False,0.3816764987244898,0.7765804597701149,0,b1026ffe-0240-4b32-ae61-e47a0352399f,Lagepriore
0.7959826236051303,0.5551776425716637,True,0.363914599921354,0.1941964285714285,False,0.3816764987244898,0.7765804597701149,0,b1026ffe-0240-4b32-ae61-e47a0352399f,Lungenkarte
0.9723553863171748,0.9326338109656578,True,0.8502374176793217,0.4689094387755102,False,0.484992825255102,0.7756715402924176,0,b13df066-d9eb-41d8-82c0-3fd56846a98f,Lagepriore
0.8434972798495499,0.8792137053837755,True,0.7035945006117993,0.4689094387755102,False,0.484992825255102,0.7756715402924176,0,b13df066-d9eb-41d8-82c0-3fd56846a98f,Lungenkarte
0.5952571613245363,0.4249788198107526,False,0.0815292845553695,0.0678411989795918,False,0.6478396045918368,0.9988249118683902,0,b154363c-2aa3-4f9d-a0f3-99e32ca63289,Lagepriore
0.7865295460851516,0.657873735352727,False,0.1002139294111579,0.0678411989795918,False,0.6478396045918368,0.9988249118683902,0,b154363c-2aa3-4f9d-a0f3-99e32ca63289,Lungenkarte
0.8989042949294967,0.8847734260618338,True,0.8295781839404349,0.5263073979591837,False,0.5156050701530612,0.793055134807634,0,b17fc3e8-99ee-4297-8432-0bbef7d24e1b,Lagepriore
0.8534095089372976,0.7234127410454226,False,0.7639961908171923,0.5263073979591837,False,0.5156050701530612,0.793055134807634,0,b17fc3e8-99ee-4297-8432-0bbef7d24e1b,Lungenkarte
0.8584116513970446,0.6335887225713682,False,0.1164282414365925,0.0505420918367346,False,0.2954001913265306,0.693217665615142,0,b1aac51c-f1d5-4dfa-8264-fa5027d9af98,Lagepriore
0.8173215271873435,0.6568942205938804,True,0.1171561586051003,0.0505420918367346,False,0.2954001913265306,0.693217665615142,0,b1aac51c-f1d5-4dfa-8264-fa5027d9af98,Lungenkarte
0.8831360291014464,0.6950383547642888,True,0.3667931286633506,0.1640824298469387,False,0.3499681122448979,0.9780153042633304,0,b1f74e4d-e64a-4555-b60e-8dad24766fd5,Lagepriore
0.9594053466609012,0.8461206342095688,True,0.4308483258843945,0.1640824298469387,False,0.3499681122448979,0.9780153042633304,0,b1f74e4d-e64a-4555-b60e-8dad24766fd5,Lungenkarte
0.927666948846718,0.8444061322499734,True,0.802070358549162,0.4567920918367347,False,0.478694993622449,0.8462478184991274,0,b2103ba0-f721-45a3-876e-c4e53ebfe890,Lagepriore
0.9117874833650154,0.8918475868704038,True,0.7429122085248047,0.4567920918367347,False,0.478694993622449,0.8462478184991274,0,b2103ba0-f721-45a3-876e-c4e53ebfe890,Lungenkarte
0.8252366405599859,0.8910840580345673,False,0.2375668509812382,0.1157126913265306,False,0.5054607780612245,0.6279710644161213,0,b22a1ca8-6580-4618-99ae-fb2ecca1df83,Lagepriore
0.5992957282849393,0.4889507921892415,False,0.1418515762911156,0.1157126913265306,False,0.5054607780612245,0.6279710644161213,0,b22a1ca8-6580-4618-99ae-fb2ecca1df83,Lungenkarte
0.9004599932758748,0.7919150929869201,True,0.329020136677041,0.1399872448979592,False,0.4499561543367347,0.7901480637813212,0,b22eeadd-f4c0-4ede-b41a-78549f7a058e,Lagepriore
0.7480156212520577,0.5955313526952688,True,0.2275282181613783,0.1399872448979592,False,0.4499561543367347,0.7901480637813212,0,b22eeadd-f4c0-4ede-b41a-78549f7a058e,Lungenkarte
0.8408309580666186,0.7967991934020603,True,0.1201174015490256,0.0516581632653061,False,0.7161192602040817,1.0,0,b248af4f-3c62-418f-a55c-80ca6f73a9e1,Lagepriore
0.6664840056077569,0.5246826965625393,False,0.0684029340383262,0.0516581632653061,False,0.7161192602040817,1.0,0,b248af4f-3c62-418f-a55c-80ca6f73a9e1,Lungenkarte
0.8929620883310059,0.763422288200283,True,0.6605345252673841,0.3465601084183674,False,0.4783761160714285,0.9511185232043246,0,b24bde0d-d372-4522-b8bb-0fbc770b80ac,Lagepriore
0.9626433452229596,0.918115104951517,True,0.648267697273538,0.3465601084183674,False,0.4783761160714285,0.9511185232043246,0,b24bde0d-d372-4522-b8bb-0fbc770b80ac,Lungenkarte
0.74249362071203,0.7379302353916343,False,0.2506864020389305,0.1534000318877551,False,0.5469347895408163,0.8498116149149019,0,b2521978-0df6-4fd5-b684-f03b1b96dbf7,Lagepriore
0.7503595239164756,0.6265352273086168,False,0.2324887582196175,0.1534000318877551,False,0.5469347895408163,0.8498116149149019,0,b2521978-0df6-4fd5-b684-f03b1b96dbf7,Lungenkarte
0.9776812744532668,0.9541176853600783,True,0.2717701131254784,0.0936104910714285,False,0.4453125,0.886736214605067,0,b2541f48-1acf-4f33-b604-8665fc1517c8,Lagepriore
0.8318215011096863,0.6954102813907345,False,0.1775714679577562,0.0936104910714285,False,0.4453125,0.886736214605067,0,b2541f48-1acf-4f33-b604-8665fc1517c8,Lungenkarte
0.8017241737731763,0.7092721168508686,True,0.2485836393622864,0.127570950255102,False,0.6426179846938775,0.9617247305108576,0,b27ce840-3616-4cec-8499-fa7dc760c387,Lagepriore
0.72857800720208,0.5758967773192906,False,0.1798338584818624,0.127570950255102,False,0.6426179846938775,0.9617247305108576,0,b27ce840-3616-4cec-8499-fa7dc760c387,Lungenkarte
0.971516809040538,0.9440987779147156,True,0.1134603719678227,0.0365911989795918,False,0.3879145408163265,1.0,0,b28af7c9-9cb3-4cd9-8261-0d1815d1609e,Lagepriore
0.8801098315941096,0.6713947668420165,False,0.0870747646559957,0.0365911989795918,False,0.3879145408163265,1.0,0,b28af7c9-9cb3-4cd9-8261-0d1815d1609e,Lungenkarte
0.94009985171624,0.839300606707637,True,0.6138195440508938,0.2852957589285714,False,0.391242825255102,0.8416346489696123,0,b29e295b-367c-4787-90da-e9d506bdce45,Lagepriore
0.8960251657827786,0.8116467544477679,True,0.5678562557659357,0.2852957589285714,False,0.391242825255102,0.8416346489696123,0,b29e295b-367c-4787-90da-e9d506bdce45,Lungenkarte
0.969175787541162,0.9199885107422962,True,0.4770476911069045,0.1877391581632653,False,0.3600326849489796,0.7304670912951168,0,b2bf46fd-5c27-40ef-9f97-a56b9012d31b,Lagepriore
0.7955664063843048,0.5927943572304903,False,0.3512158672644706,0.1877391581632653,False,0.3600326849489796,0.7304670912951168,0,b2bf46fd-5c27-40ef-9f97-a56b9012d31b,Lungenkarte
0.8779759697705807,0.7991475581262116,True,0.3425037658817692,0.1561503507653061,False,0.6328523596938775,0.9410338225909382,0,b2c2c9ad-7966-4c68-bb66-6dc9f9c19fda,Lagepriore
0.7556594258482431,0.6303274001201806,False,0.2204849330641957,0.1561503507653061,False,0.6328523596938775,0.9410338225909382,0,b2c2c9ad-7966-4c68-bb66-6dc9f9c19fda,Lungenkarte
0.8781947344390375,0.7969179514232756,True,0.3123139407784779,0.1379942602040816,False,0.6028778698979592,0.9755921432697864,0,b2cfe02e-0293-4193-bf3f-b4a7dd4bf68c,Lagepriore
0.7880534608137721,0.6315915366341706,True,0.2094158961607481,0.1379942602040816,False,0.6028778698979592,0.9755921432697864,0,b2cfe02e-0293-4193-bf3f-b4a7dd4bf68c,Lungenkarte
0.8723418476657806,0.7641478410842806,True,0.4829840614280373,0.2460339604591837,False,0.4259207589285714,0.8405022276225192,0,b2dd3d8f-bfcc-4750-b5e7-4a6fcebec3c3,Lagepriore
0.8370103951577874,0.6479620388884973,True,0.4394397458122814,0.2460339604591837,False,0.4259207589285714,0.8405022276225192,0,b2dd3d8f-bfcc-4750-b5e7-4a6fcebec3c3,Lungenkarte
0.8989182067831044,0.8441715147689057,True,0.2252604783208388,0.0925342793367346,False,0.5387834821428571,0.7538229592935602,0,b2eca3cd-f9cc-46a6-b36a-2902558a7fc4,Lagepriore
0.6534496410735025,0.547007399628501,False,0.1247980005371012,0.0925342793367346,False,0.5387834821428571,0.7538229592935602,0,b2eca3cd-f9cc-46a6-b36a-2902558a7fc4,Lungenkarte
0.7290682775650689,0.6330665416738859,False,0.1979502918044083,0.1160714285714285,False,0.5343391262755102,0.8779189560439561,0,b3016500-907e-4fbe-b100-6bedc5128ec6,Lagepriore
0.7593666293094307,0.6162461073985463,False,0.1828673899915303,0.1160714285714285,False,0.5343391262755102,0.8779189560439561,0,b3016500-907e-4fbe-b100-6bedc5128ec6,Lungenkarte
0.9536621351219576,0.876894734513065,True,0.7955219473596665,0.4268773915816326,False,0.4732541454081632,0.7833699052243336,0,b3026aa2-14f4-4648-9261-c114f149f0d3,Lagepriore
0.8472646546135022,0.8739629374832917,True,0.6640691188705764,0.4268773915816326,False,0.4732541454081632,0.7833699052243336,0,b3026aa2-14f4-4648-9261-c114f149f0d3,Lungenkarte
0.9607404738267348,0.9234720598241088,True,0.5649858850339492,0.2385602678571428,False,0.5710100446428571,0.9128654970760234,0,b33610c9-a152-47f8-8ee5-4f81dce62938,Lagepriore
0.8342267543520723,0.7417828353185334,True,0.3695457961349985,0.2385602678571428,False,0.5710100446428571,0.9128654970760234,0,b33610c9-a152-47f8-8ee5-4f81dce62938,Lungenkarte
0.9463341100100152,0.9248490005804216,True,0.7802496256531266,0.4113520408163265,False,0.5585538903061225,0.9121608527131784,0,b33f8121-a8ca-4a55-a876-7c21714bf80a,Lagepriore
0.8973878029609904,0.7888115354381063,False,0.6388573007570324,0.4113520408163265,False,0.5585538903061225,0.9121608527131784,0,b33f8121-a8ca-4a55-a876-7c21714bf80a,Lungenkarte
0.9311931065103668,0.9246205692042788,True,0.8383932456287784,0.4920280612244898,False,0.5398995535714286,0.6084737524303305,0,b358a4f5-330d-43fa-a26d-4a80e7d5b410,Lagepriore
0.589107470046011,0.5606404800304599,True,0.5399932514857115,0.4920280612244898,False,0.5398995535714286,0.6084737524303305,0,b358a4f5-330d-43fa-a26d-4a80e7d5b410,Lungenkarte
0.975055169254185,0.9589646181779182,True,0.4633637662110688,0.1782126913265306,False,0.6015027104591837,0.9533661373294564,0,b36ddceb-a4c3-4f3e-9b95-cac57da3d0b9,Lagepriore
0.8426833896502689,0.7497067394514276,True,0.2720582959637265,0.1782126913265306,False,0.6015027104591837,0.9533661373294564,0,b36ddceb-a4c3-4f3e-9b95-cac57da3d0b9,Lungenkarte
0.771526641737252,0.4185853050959,False,0.1389658718797857,0.0777861926020408,False,0.2720424107142857,0.9997437868306432,0,b38eb728-d36c-457e-a05c-c81a6d28edf8,Lagepriore
0.9733488055678472,0.8750981289226594,True,0.2706170554475191,0.0777861926020408,False,0.2720424107142857,0.9997437868306432,0,b38eb728-d36c-457e-a05c-c81a6d28edf8,Lungenkarte
0.965892772906421,0.9407836410749588,True,0.8407971093589214,0.4652423469387755,False,0.6506696428571429,0.9536925976696368,0,b3e7efd9-2c99-41bb-9724-399f9c2477f6,Lagepriore
0.9036932895971296,0.8149518911564732,True,0.6455285082149489,0.4652423469387755,False,0.6506696428571429,0.9536925976696368,0,b3e7efd9-2c99-41bb-9724-399f9c2477f6,Lungenkarte
0.922203502156645,0.8434565934882268,True,0.6863168457688903,0.3489317602040816,False,0.4698461415816326,0.8594928032899246,0,b4147465-8b3a-4200-ba9c-a5eae09eafa9,Lagepriore
0.8786184651399298,0.7086115018703761,True,0.6041753675564828,0.3489317602040816,False,0.4698461415816326,0.8594928032899246,0,b4147465-8b3a-4200-ba9c-a5eae09eafa9,Lungenkarte
0.917813309815426,0.822988987998951,True,0.8365776681582755,0.5092075892857143,False,0.4839764030612244,0.7497064579256361,0,b4198862-dc25-4cff-acd5-b0b954bd3a03,Lagepriore
0.8512372378452888,0.7740403514667442,True,0.7484225349887709,0.5092075892857143,False,0.4839764030612244,0.7497064579256361,0,b4198862-dc25-4cff-acd5-b0b954bd3a03,Lungenkarte
0.809081473867987,0.7269715958076348,True,0.5597201658837394,0.3264508928571428,False,0.3743622448979591,0.8815628815628815,0,b45c3ec2-342d-4ad4-af7b-181c126df0c8,Lagepriore
0.9384523166435228,0.6885386695693873,False,0.7006496633878462,0.3264508928571428,False,0.3743622448979591,0.8815628815628815,0,b45c3ec2-342d-4ad4-af7b-181c126df0c8,Lungenkarte
0.9670001369374644,0.9378649469897784,True,0.5724847667240335,0.2412308673469387,False,0.5738799426020408,0.8382352941176471,0,b46fcbd0-8851-4561-96de-0a820e49f45d,Lagepriore
0.7876066725140538,0.7707824864702302,True,0.342204486062062,0.2412308673469387,False,0.5738799426020408,0.8382352941176471,0,b46fcbd0-8851-4561-96de-0a820e49f45d,Lungenkarte
0.9476948920804256,0.8492793474362944,True,0.4649042331267262,0.1922831632653061,False,0.4665178571428571,0.9983416252072967,0,b47eb868-a03a-48d2-91ad-ba8112b7015c,Lagepriore
0.9461246176813491,0.84380767936606,True,0.389521585618016,0.1922831632653061,False,0.4665178571428571,0.9983416252072967,0,b47eb868-a03a-48d2-91ad-ba8112b7015c,Lungenkarte
0.9346234285822648,0.9035103068864012,True,0.4349283305096478,0.1802654655612245,False,0.5681202168367347,0.9655058043117744,0,b480a222-9ff6-445e-a911-e5a4161eff10,Lagepriore
0.8360737139148454,0.6905455182669341,True,0.2949399727677175,0.1802654655612245,False,0.5681202168367347,0.9655058043117744,0,b480a222-9ff6-445e-a911-e5a4161eff10,Lungenkarte
0.95256619286654,0.882996852085006,True,0.3491948357876615,0.1323541135204081,False,0.4499561543367347,0.9840385484113838,0,b49817f1-54d7-4748-a228-a9cc7834168a,Lagepriore
0.909624898399322,0.7692869530413041,True,0.2741150840136983,0.1323541135204081,False,0.4499561543367347,0.9840385484113838,0,b49817f1-54d7-4748-a228-a9cc7834168a,Lungenkarte
0.9145251586114772,0.8263368441023169,True,0.6490741611351701,0.3239596619897959,False,0.2743542729591837,0.6671793294370962,0,b4abc0a4-600c-4834-bd71-c9dbb21eaaf0,Lagepriore
0.891708118809105,0.8320818593328008,True,0.7142755176933866,0.3239596619897959,False,0.2743542729591837,0.6671793294370962,0,b4abc0a4-600c-4834-bd71-c9dbb21eaaf0,Lungenkarte
0.9170621898651972,0.844201395761818,True,0.7805604600754583,0.4392538265306122,False,0.3877551020408163,0.7506352087114337,0,b4b73865-89a8-4fd1-8494-4abd8084beca,Lagepriore
0.8969650563286851,0.9010012905146716,True,0.7740820571626422,0.4392538265306122,False,0.3877551020408163,0.7506352087114337,0,b4b73865-89a8-4fd1-8494-4abd8084beca,Lungenkarte
0.8767291612975645,0.775725592083209,True,0.4218279565985006,0.203125,False,0.5862165178571429,0.8242739403453689,0,b4ea28a7-6386-4660-b499-af4eb17750e1,Lagepriore
0.7243054109398862,0.6627065050898681,False,0.2800579678213811,0.203125,False,0.5862165178571429,0.8242739403453689,0,b4ea28a7-6386-4660-b499-af4eb17750e1,Lungenkarte
0.9533635659482336,0.9193573843025152,True,0.0949455173015886,0.0318478954081632,False,0.4379384566326531,0.979349186483104,0,b4f66208-8c31-433c-9f82-72104bc35112,Lagepriore
0.7898836785514192,0.5130014525634481,False,0.0623964462079525,0.0318478954081632,False,0.4379384566326531,0.979349186483104,0,b4f66208-8c31-433c-9f82-72104bc35112,Lungenkarte
0.8707011297151929,0.8178077810458455,True,0.2643959754590686,0.1173270089285714,False,0.4472257653061224,0.6558518770171564,0,b4f8176e-a3a7-4a9e-90ad-f2b80ac60e33,Lagepriore
0.632809522325226,0.5042398937657024,False,0.1588230108150418,0.1173270089285714,False,0.4472257653061224,0.6558518770171564,0,b4f8176e-a3a7-4a9e-90ad-f2b80ac60e33,Lungenkarte
0.901748890409778,0.8678977377265037,True,0.8693382700050375,0.5566605548469388,False,0.5012157206632653,0.7771293544806845,0,b5272c50-696d-4b11-8d2e-cb1618f1d3cc,Lagepriore
0.8745988804781819,0.8697149954642988,True,0.7990562497831657,0.5566605548469388,False,0.5012157206632653,0.7771293544806845,0,b5272c50-696d-4b11-8d2e-cb1618f1d3cc,Lungenkarte
0.9245894468485174,0.7621273598726234,True,0.5763044847353506,0.2705277423469387,False,0.4378786670918367,0.9776042434065124,0,b52a4969-16fc-43c1-9d87-66392415d139,Lagepriore
0.9728601897463264,0.912513399398782,True,0.5725486527654746,0.2705277423469387,False,0.4378786670918367,0.9776042434065124,0,b52a4969-16fc-43c1-9d87-66392415d139,Lungenkarte
0.9324598104985696,0.9259205964176568,False,0.0989218625455838,0.035953443877551,False,0.4953962053571428,0.2960088691796009,0,b532569f-be57-44a1-8452-83aa0bf278d1,Lagepriore
0.397209447825179,0.2184641746433493,False,0.023937168028521,0.035953443877551,False,0.4953962053571428,0.2960088691796009,0,b532569f-be57-44a1-8452-83aa0bf278d1,Lungenkarte
0.8955562764628481,0.6962719131686105,True,0.4822229958473982,0.2292330994897959,False,0.4041972257653061,0.9132324813075988,0,b54df7bb-39f6-454d-bb1f-4eceb2d08d3c,Lagepriore
0.926617137494124,0.840698587643833,True,0.4847684420881212,0.2292330994897959,False,0.4041972257653061,0.9132324813075988,0,b54df7bb-39f6-454d-bb1f-4eceb2d08d3c,Lungenkarte
0.8405739825687986,0.7857355081887438,True,0.7302704089492221,0.4543805803571428,False,0.2454958545918367,0.5038817491995263,0,b56cf994-fd52-4c8f-8304-b820f397b954,Lagepriore
0.8432903968903268,0.8252210793032856,True,0.8680871153294657,0.4543805803571428,False,0.2454958545918367,0.5038817491995263,0,b56cf994-fd52-4c8f-8304-b820f397b954,Lungenkarte
0.8258135315965159,0.6684937760229835,False,0.211582104019822,0.1073421556122449,False,0.4808673469387755,0.9780913479391014,0,b58fa5f2-5bc2-4ce9-ab9b-cb9c80199fc7,Lagepriore
0.8920122721481034,0.763124551605524,False,0.209013502857823,0.1073421556122449,False,0.4808673469387755,0.9780913479391014,0,b58fa5f2-5bc2-4ce9-ab9b-cb9c80199fc7,Lungenkarte
0.4426461239298305,0.3064490200344766,False,0.0385490522156296,0.0612643494897959,False,0.6697225765306123,1.0,0,b5a5a9a8-9fe4-4eff-8ebb-9da7b9cb014d,Lagepriore
0.7602506328615258,0.6301897660950192,False,0.0890428595806129,0.0612643494897959,False,0.6697225765306123,1.0,0,b5a5a9a8-9fe4-4eff-8ebb-9da7b9cb014d,Lungenkarte
0.7567520868517738,0.6979082460549271,True,0.2096635377106243,0.1130022321428571,False,0.6664540816326531,1.0,0,b5a6e376-eb68-485a-a08d-a4cca17cbf9c,Lagepriore
0.8554073956776214,0.7685027934805873,False,0.1654391209108357,0.1130022321428571,False,0.6664540816326531,1.0,0,b5a6e376-eb68-485a-a08d-a4cca17cbf9c,Lungenkarte
0.8666096438288571,0.7091651692724102,True,0.0769308757349715,0.0310507015306122,False,0.3690609056122449,1.0,0,b5af2b65-8cab-43a3-b2bb-587b3df3045d,Lagepriore
0.8941577090657401,0.696596783642551,True,0.0772771669339153,0.0310507015306122,False,0.3690609056122449,1.0,0,b5af2b65-8cab-43a3-b2bb-587b3df3045d,Lungenkarte
0.8867383644628728,0.8408704049519545,False,0.0494849752664185,0.0197704081632653,False,0.5579559948979592,1.0,0,b6019839-752f-4db1-bf83-f5460472deb1,Lagepriore
0.7056976304909018,0.4645220570668145,False,0.0326342489345791,0.0197704081632653,False,0.5579559948979592,1.0,0,b6019839-752f-4db1-bf83-f5460472deb1,Lungenkarte
0.8179224034200933,0.7639370185643409,True,0.1916426090139684,0.0925542091836734,False,0.5501833545918368,0.977820844099914,0,b6024434-3ed2-43c5-b186-79a2c0120bbd,Lagepriore
0.8323921158930884,0.690638250154564,True,0.1550508809057638,0.0925542091836734,False,0.5501833545918368,0.977820844099914,0,b6024434-3ed2-43c5-b186-79a2c0120bbd,Lungenkarte
0.9680159607325294,0.8494929360334527,True,0.7798093117964416,0.3942522321428571,False,0.3049864477040816,0.707916287534122,0,b602ef86-f1c6-456e-afab-5ec2839be879,Lagepriore
0.9373428439012012,0.905875265155738,True,0.8361521533144499,0.3942522321428571,False,0.3049864477040816,0.707916287534122,0,b602ef86-f1c6-456e-afab-5ec2839be879,Lungenkarte
0.9699101617211032,0.9717861070698848,True,0.6583665232236796,0.2911750637755102,False,0.3925980548469387,0.7442162902121834,0,b635c7ce-7a25-4da8-a83b-3150fa0c56e7,Lagepriore
0.8225879473751608,0.8338378031979918,True,0.5219269831658665,0.2911750637755102,False,0.3925980548469387,0.7442162902121834,0,b635c7ce-7a25-4da8-a83b-3150fa0c56e7,Lungenkarte
0.8731211965195422,0.7514022890801763,True,0.4452224075055931,0.2036033163265306,False,0.4531050701530612,0.8572826938136257,0,b63f4c12-5731-41e2-8d89-2ae0c4daba41,Lagepriore
0.8289333884099448,0.6790122553636424,True,0.3689350072168468,0.2036033163265306,False,0.4531050701530612,0.8572826938136257,0,b63f4c12-5731-41e2-8d89-2ae0c4daba41,Lungenkarte
0.7903315146859186,0.7723528257584472,True,0.2724327935377771,0.1452885841836734,False,0.5203882334183674,0.5448559670781893,0,b6962866-8206-446b-92d9-a028283c2e07,Lagepriore
0.5095224590385318,0.6501068764608049,False,0.1462492301941891,0.1452885841836734,False,0.5203882334183674,0.5448559670781893,0,b6962866-8206-446b-92d9-a028283c2e07,Lungenkarte
0.917698769704186,0.8331151672988069,True,0.5476993736590111,0.2562579719387755,False,0.5103236607142857,0.880774615025665,0,b6acb029-963f-481c-81e3-f5f4f79ff7c6,Lagepriore
0.8181484711018611,0.6717985195600199,False,0.4161944178809857,0.2562579719387755,False,0.5103236607142857,0.880774615025665,0,b6acb029-963f-481c-81e3-f5f4f79ff7c6,Lungenkarte
0.9104825936699992,0.8103041626690564,True,0.1467907405840317,0.0559032206632653,False,0.4129264987244898,1.0,0,b6adc779-5eb6-4afc-8672-986ba03b0dfc,Lagepriore
0.9000826035438922,0.7359939855244217,True,0.1282603906328005,0.0559032206632653,False,0.4129264987244898,1.0,0,b6adc779-5eb6-4afc-8672-986ba03b0dfc,Lungenkarte
0.9011829890206852,0.7589127539359815,True,0.4789879076504703,0.2261838329081632,False,0.4604193239795918,0.9903956295708872,0,b6e7d1aa-74ca-4fc1-b268-415b9e4954ce,Lagepriore
0.9666141793757048,0.9032486097535658,True,0.4630091857214899,0.2261838329081632,False,0.4604193239795918,0.9903956295708872,0,b6e7d1aa-74ca-4fc1-b268-415b9e4954ce,Lungenkarte
0.8136001858397165,0.6819249335989969,False,0.2475903158175584,0.1277104591836734,False,0.556022799744898,0.8789013732833958,0,b6ebfc38-240b-4fac-ad09-ab378414fb55,Lagepriore
0.7021914051527165,0.5063575021332016,False,0.1860145588866148,0.1277104591836734,False,0.556022799744898,0.8789013732833958,0,b6ebfc38-240b-4fac-ad09-ab378414fb55,Lungenkarte
0.8607628445515096,0.8279816938934655,True,0.2826634727083025,0.1282485650510204,False,0.6351442920918368,1.0,0,b7136f3f-41da-4b16-b7c3-4b929d81e6a5,Lagepriore
0.900449783280537,0.8296713146795713,True,0.1953434468364731,0.1282485650510204,False,0.6351442920918368,1.0,0,b7136f3f-41da-4b16-b7c3-4b929d81e6a5,Lungenkarte
0.921492110851095,0.8732954454383872,True,0.8579349904347076,0.5497648278061225,False,0.5519770408163265,0.7648722131593257,0,b72afa3e-644b-479a-845d-14fe8351cdb0,Lagepriore
0.8010851750438023,0.7246697777068245,True,0.7245852286693178,0.5497648278061225,False,0.5519770408163265,0.7648722131593257,0,b72afa3e-644b-479a-845d-14fe8351cdb0,Lungenkarte
0.9433306142317488,0.9150023859424992,True,0.2224686766241826,0.0809151785714285,False,0.6092554209183674,0.9802955665024632,0,b750080e-5e58-4c49-94dc-8db8d20d4489,Lagepriore
0.7673230378138316,0.6116868660716142,False,0.1227878650697244,0.0809151785714285,False,0.6092554209183674,0.9802955665024632,0,b750080e-5e58-4c49-94dc-8db8d20d4489,Lungenkarte
0.9505428619905788,0.8959932498475918,True,0.4468713086285583,0.1794084821428571,False,0.3539939413265306,0.8157076205287714,0,b76086b3-9550-44f9-a2a8-394c7793bac8,Lagepriore
0.855669005976522,0.7163199735782676,True,0.3842886953055035,0.1794084821428571,False,0.3539939413265306,0.8157076205287714,0,b76086b3-9550-44f9-a2a8-394c7793bac8,Lungenkarte
0.894478016721981,0.863062788268678,False,0.3227320781285248,0.1402064732142857,False,0.600227200255102,0.8635394456289979,0,b7ad09f7-fe23-4f2a-bf41-d2c6dcdc4a06,Lagepriore
0.727592682278653,0.6402988836751049,False,0.192709221802422,0.1402064732142857,False,0.600227200255102,0.8635394456289979,0,b7ad09f7-fe23-4f2a-bf41-d2c6dcdc4a06,Lungenkarte
0.8737979264899076,0.8064411984560584,True,0.3377854005778248,0.153938137755102,False,0.5989516900510204,0.881279129984464,0,b7b1abfd-c7e8-4404-aeed-b3a3b489443f,Lagepriore
0.7288990473683551,0.6171387705220829,True,0.2160217205295704,0.153938137755102,False,0.5989516900510204,0.881279129984464,0,b7b1abfd-c7e8-4404-aeed-b3a3b489443f,Lungenkarte
0.9110752300788216,0.7410541283091675,True,0.4327463332955753,0.1912468112244898,False,0.3238998724489796,0.862025844101709,0,b7b51f82-2aa9-4375-a84f-25c52eeb0b40,Lagepriore
0.9164984445013744,0.7786953632873286,True,0.4663706881853817,0.1912468112244898,False,0.3238998724489796,0.862025844101709,0,b7b51f82-2aa9-4375-a84f-25c52eeb0b40,Lungenkarte
0.9897004235298552,0.98789544293576,True,0.2173296219461295,0.0706911670918367,False,0.5879902742346939,0.8993515647025655,0,b7df240d-953d-4cc7-9ff7-c35611c348e3,Lagepriore
0.695188488649007,0.5328890972160918,False,0.1016855800159106,0.0706911670918367,False,0.5879902742346939,0.8993515647025655,0,b7df240d-953d-4cc7-9ff7-c35611c348e3,Lungenkarte
0.8521543065038921,0.7520143620598736,True,0.6191428212812928,0.3557477678571428,False,0.4305245535714285,0.7265546218487395,0,b7e6c8a5-c115-4a0a-9838-e74604a685b1,Lagepriore
0.7850687568227811,0.7378579400644564,True,0.560998367354933,0.3557477678571428,False,0.4305245535714285,0.7265546218487395,0,b7e6c8a5-c115-4a0a-9838-e74604a685b1,Lungenkarte
0.8891892508363609,0.8174783272857674,True,0.4500902710415331,0.2122927295918367,False,0.5651705994897959,0.8193766428839655,0,b7f74683-4c0a-4123-9aad-9eb79374d1f2,Lagepriore
0.7182263362287602,0.6416443404402155,True,0.2901058551659511,0.2122927295918367,False,0.5651705994897959,0.8193766428839655,0,b7f74683-4c0a-4123-9aad-9eb79374d1f2,Lungenkarte
0.9639209715874768,0.8990752938231449,True,0.6980432974696523,0.3272082270408163,False,0.3830117984693877,0.856925325861859,0,b87a7ed6-a5d7-42ea-a9d5-d487a2d9108e,Lagepriore
0.935395963513521,0.8326999559822803,True,0.6728362783539519,0.3272082270408163,False,0.3830117984693877,0.856925325861859,0,b87a7ed6-a5d7-42ea-a9d5-d487a2d9108e,Lungenkarte
0.94247241825399,0.8955967385812275,True,0.0936132116387939,0.0322863520408163,False,0.5655094068877551,1.0,0,b87a9ec5-6c95-42ac-82d8-af66a712ff60,Lagepriore
0.8777756547359343,0.7781840477492381,False,0.0559952314394395,0.0322863520408163,False,0.5655094068877551,1.0,0,b87a9ec5-6c95-42ac-82d8-af66a712ff60,Lungenkarte
0.9258847942471062,0.8730030004503113,True,0.1168093399275484,0.0424107142857142,False,0.5342394770408163,1.0,0,b8cda939-dfb4-455b-9ff4-17e199b3ad1f,Lagepriore
0.933975637262174,0.8714507423281033,True,0.078041453720787,0.0424107142857142,False,0.5342394770408163,1.0,0,b8cda939-dfb4-455b-9ff4-17e199b3ad1f,Lungenkarte
0.9520749487398532,0.9530008818123902,True,0.7208269175645333,0.3590959821428571,False,0.3893096301020408,0.8074703074703075,0,b8db9c09-e681-4737-9ad8-e92ad618a5ca,Lagepriore
0.9143735710219943,0.8332340688296245,True,0.6943706901388241,0.3590959821428571,False,0.3893096301020408,0.8074703074703075,0,b8db9c09-e681-4737-9ad8-e92ad618a5ca,Lungenkarte
0.8434996789140362,0.8250476742729368,False,0.1085690167701917,0.0494260204081632,False,0.4178093112244898,0.5209677419354839,0,b8fd583c-2159-494a-bed3-88a3c0370efa,Lagepriore
0.5861125036859789,0.4271584166082263,False,0.0588563868229142,0.0494260204081632,False,0.4178093112244898,0.5209677419354839,0,b8fd583c-2159-494a-bed3-88a3c0370efa,Lungenkarte
0.9419218211618744,0.9217783567784874,True,0.7022821263797351,0.3442083864795918,False,0.6272520727040817,0.8361994094146257,0,b900d3e4-787b-44b3-9754-88f93db99c27,Lagepriore
0.7411955870208539,0.7083925346231341,True,0.4392197774575777,0.3442083864795918,False,0.6272520727040817,0.8361994094146257,0,b900d3e4-787b-44b3-9754-88f93db99c27,Lungenkarte
0.946506673769314,0.907440466511808,True,0.1176193877413371,0.0401785714285714,False,0.5508808992346939,1.0,0,b9533502-8a65-4951-a4e4-2448a56057c9,Lagepriore
0.8646126976711227,0.745654181184669,False,0.0709424899237501,0.0401785714285714,False,0.5508808992346939,1.0,0,b9533502-8a65-4951-a4e4-2448a56057c9,Lungenkarte
0.8235214803737131,0.8154331850678389,True,0.7579380446649807,0.4984255420918367,False,0.6932198660714286,0.8928785637170619,0,b97cc203-9a13-4147-b7c4-7300f05eecdb,Lagepriore
0.7923311568577553,0.6921856956900444,True,0.625504619095127,0.4984255420918367,False,0.6932198660714286,0.8928785637170619,0,b97cc203-9a13-4147-b7c4-7300f05eecdb,Lungenkarte
0.89737540424333,0.8359763107308019,False,0.174604902124257,0.0703125,False,0.4584462691326531,0.998015873015873,0,b99b5a9a-d2cc-4e46-a419-cc7f1006dedd,Lagepriore
0.8853993158244834,0.7286943640924775,False,0.1427964113501849,0.0703125,False,0.4584462691326531,0.998015873015873,0,b99b5a9a-d2cc-4e46-a419-cc7f1006dedd,Lungenkarte
0.9782329051677257,0.932148629172186,True,0.7322312492948242,0.3441087372448979,False,0.4214764030612244,0.8011120120467972,0,b99dd9a2-7611-4752-a972-11a231a1deaf,Lagepriore
0.8640189452731023,0.8522220464997291,True,0.6140821655097881,0.3441087372448979,False,0.4214764030612244,0.8011120120467972,0,b99dd9a2-7611-4752-a972-11a231a1deaf,Lungenkarte
0.9354138017755712,0.8642260363497809,True,0.8673824014187029,0.5336216517857143,False,0.4743502869897959,0.7602614379084968,0,b9c687bf-4fa5-447c-b526-24ea3ce3d6e2,Lagepriore
0.876968738637144,0.837340413213736,True,0.7964424477515568,0.5336216517857143,False,0.4743502869897959,0.7602614379084968,0,b9c687bf-4fa5-447c-b526-24ea3ce3d6e2,Lungenkarte
0.942785364673876,0.9061238582059468,True,0.5098380453352948,0.2166772959183673,False,0.5531529017857143,0.9014900662251656,0,b9ce332b-03b9-4297-9ab3-3cbafbb4ec0a,Lagepriore
0.8043212006649326,0.6778576699603837,True,0.3367462273222321,0.2166772959183673,False,0.5531529017857143,0.9014900662251656,0,b9ce332b-03b9-4297-9ab3-3cbafbb4ec0a,Lungenkarte
0.9299940478665766,0.8129305924834489,True,0.6751105473837251,0.3422353316326531,False,0.4621930803571428,0.8697297926857676,0,b9ec22f4-f273-486b-a2d4-132352dfdbc4,Lagepriore
0.894562373031011,0.7899235389854745,True,0.6025844313370616,0.3422353316326531,False,0.4621930803571428,0.8697297926857676,0,b9ec22f4-f273-486b-a2d4-132352dfdbc4,Lungenkarte
0.9299312068117384,0.8567581757409827,True,0.7934720866069731,0.4492586096938775,False,0.4726363201530612,0.7687871528701978,0,b9fd29b2-1444-49d9-83b9-2716cc2b3e50,Lagepriore
0.8307750126793627,0.7509307419067247,True,0.6804454299565793,0.4492586096938775,False,0.4726363201530612,0.7687871528701978,0,b9fd29b2-1444-49d9-83b9-2716cc2b3e50,Lungenkarte
0.5796956990860226,0.5457552617049121,False,0.4304915733541586,0.3762555803571428,False,0.6937380420918368,0.8812966788495153,0,ba0b9822-06eb-4db0-bf37-20d894589ef7,Lagepriore
0.7204162699774141,0.6178620127395081,True,0.4716996479183066,0.3762555803571428,False,0.6937380420918368,0.8812966788495153,0,ba0b9822-06eb-4db0-bf37-20d894589ef7,Lungenkarte
0.9468576253145464,0.9395240961703544,True,0.8773025880167302,0.5266462053571429,False,0.7310068558673469,0.9555723746452224,0,ba14ae2e-3d32-4c84-8784-6452ae1adc23,Lagepriore
0.8388059211130362,0.7187491158942724,True,0.6591408174476091,0.5266462053571429,False,0.7310068558673469,0.9555723746452224,0,ba14ae2e-3d32-4c84-8784-6452ae1adc23,Lungenkarte
0.9624559404453884,0.9221572503572444,True,0.1984783368383835,0.0681002869897959,False,0.4323979591836734,1.0,0,ba174e17-bdad-4a4e-98dc-21e270b93248,Lagepriore
0.9334231136796984,0.8297928862300072,False,0.1511934471929517,0.0681002869897959,False,0.4323979591836734,1.0,0,ba174e17-bdad-4a4e-98dc-21e270b93248,Lungenkarte
0.8592437227665074,0.8086532891233322,True,0.4473646294510474,0.2162986288265306,False,0.6873405612244898,0.8395835252925459,0,ba185597-bb80-4b69-938e-4bff4b87d366,Lagepriore
0.6231523801559491,0.5479444034417704,False,0.2550380011529063,0.2162986288265306,False,0.6873405612244898,0.8395835252925459,0,ba185597-bb80-4b69-938e-4bff4b87d366,Lungenkarte
0.9009464332492422,0.8580531888747983,True,0.1198514981778036,0.0447225765306122,False,0.6357820471938775,1.0,0,ba30b9a4-bebd-4196-a972-e7178508b55e,Lagepriore
0.8362087675305911,0.7358863913898039,False,0.0681977787547207,0.0447225765306122,False,0.6357820471938775,1.0,0,ba30b9a4-bebd-4196-a972-e7178508b55e,Lungenkarte
0.8497217416294093,0.7731540708166192,True,0.2426359836548967,0.1100127551020408,False,0.5904017857142857,0.9721014492753624,0,ba38bcd7-f0bd-4ebf-9f5e-c63c8cb612c6,Lagepriore
0.7621475066725864,0.5859969285332385,True,0.166472296384275,0.1100127551020408,False,0.5904017857142857,0.9721014492753624,0,ba38bcd7-f0bd-4ebf-9f5e-c63c8cb612c6,Lungenkarte
0.9435126758778004,0.9297416113227964,True,0.3660657612951012,0.1432158801020408,False,0.4062699298469387,0.8412190370164209,0,ba395818-6a27-4185-98ca-a51c4c70b2d5,Lagepriore
0.8137160131544712,0.6084857524862923,False,0.277967372741505,0.1432158801020408,False,0.4062699298469387,0.8412190370164209,0,ba395818-6a27-4185-98ca-a51c4c70b2d5,Lungenkarte
0.5257580428965258,0.4433370080751758,False,0.347170360632588,0.3509048150510204,False,0.4905931122448979,0.6713239052649514,0,ba5b22cb-77dc-4ee7-b18f-8bbed5112712,Lagepriore
0.7105246796869564,0.5891757662478069,True,0.4777698784871489,0.3509048150510204,False,0.4905931122448979,0.6713239052649514,0,ba5b22cb-77dc-4ee7-b18f-8bbed5112712,Lungenkarte
0.9286792097953084,0.9104861698410563,True,0.7966039754902237,0.4443957270408163,False,0.5643136160714286,0.8287290339940802,0,ba5fd613-dca4-4bef-ae08-f1da4ffb13a1,Lagepriore
0.8201631057971791,0.7491484321441917,True,0.6300687775460938,0.4443957270408163,False,0.5643136160714286,0.8287290339940802,0,ba5fd613-dca4-4bef-ae08-f1da4ffb13a1,Lungenkarte
0.9132998779942962,0.8282220735264165,True,0.337943948243433,0.139469068877551,False,0.465461575255102,0.9405544441268934,0,ba8319df-f8e3-45cc-95a5-68f9d0624bf5,Lagepriore
0.8464921377786638,0.6648619773031287,True,0.2597934157857472,0.139469068877551,False,0.465461575255102,0.9405544441268934,0,ba8319df-f8e3-45cc-95a5-68f9d0624bf5,Lungenkarte
0.8910482964144931,0.7751984574707746,False,0.1700619993940356,0.0683992346938775,False,0.4439174107142857,1.0,0,ba96958c-acdc-46a1-9914-d0424361a07b,Lagepriore
0.9324834286848128,0.8325525721934012,False,0.149422220523943,0.0683992346938775,False,0.4439174107142857,1.0,0,ba96958c-acdc-46a1-9914-d0424361a07b,Lungenkarte
0.9114540872836202,0.8686552445108915,True,0.1976016815716883,0.0753746811224489,False,0.5513592155612245,1.0,0,baa329d1-6d8d-4067-b865-608869518f3f,Lagepriore
0.8095175768662257,0.630123616467756,False,0.1302791932230097,0.0753746811224489,False,0.5513592155612245,1.0,0,baa329d1-6d8d-4067-b865-608869518f3f,Lungenkarte
0.8319020406782225,0.861464910908382,True,0.8464241973528059,0.5772480867346939,False,0.6579440369897959,0.7995787874602955,0,baa5cbde-acb9-4160-a8e9-d19ab0cf8063,Lagepriore
0.7583198536066921,0.7697981531701413,True,0.6804219218383205,0.5772480867346939,False,0.6579440369897959,0.7995787874602955,0,baa5cbde-acb9-4160-a8e9-d19ab0cf8063,Lungenkarte
0.83557148325311,0.6803035557169956,True,0.5464312816480558,0.2993463010204081,False,0.4537029655612244,0.916444740346205,0,bab8d182-b9fe-4db9-88b5-042153c4406e,Lagepriore
0.9353461399137252,0.8691637849618598,True,0.5670168591599367,0.2993463010204081,False,0.4537029655612244,0.916444740346205,0,bab8d182-b9fe-4db9-88b5-042153c4406e,Lungenkarte
0.9187826066794382,0.8482778082694603,True,0.1375521747872607,0.0508609693877551,False,0.4099968112244898,1.0,0,baf2a126-f441-4566-9b85-59c1f2cdaf96,Lagepriore
0.9204366454744506,0.7900149803074953,False,0.1184829967147591,0.0508609693877551,False,0.4099968112244898,1.0,0,baf2a126-f441-4566-9b85-59c1f2cdaf96,Lungenkarte
0.98266701738508,0.9665805741109084,True,0.6353544597756859,0.2694116709183674,False,0.3612085459183674,0.8229767717117917,0,bb10de59-4206-46ca-b28d-c0750d460829,Lagepriore
0.8900336829402383,0.6790602060326435,True,0.5625420378274095,0.2694116709183674,False,0.3612085459183674,0.8229767717117917,0,bb10de59-4206-46ca-b28d-c0750d460829,Lungenkarte
0.9516533925466144,0.9121975563609176,True,0.1844406982574478,0.0642538265306122,False,0.5479113520408163,1.0,0,bb1e0002-241f-4b8d-83f9-dc3954dc3cd7,Lagepriore
0.8378712135449455,0.6863521860522757,False,0.1139343255683602,0.0642538265306122,False,0.5479113520408163,1.0,0,bb1e0002-241f-4b8d-83f9-dc3954dc3cd7,Lungenkarte
0.933632094651026,0.8580340805298542,True,0.4489218533439909,0.1879783163265306,False,0.491031568877551,0.8193384223918575,0,bb24d7e7-19dd-456a-aea8-fd04208db4be,Lagepriore
0.7677563883022599,0.6494473849499175,True,0.2986611246496041,0.1879783163265306,False,0.491031568877551,0.8193384223918575,0,bb24d7e7-19dd-456a-aea8-fd04208db4be,Lungenkarte
0.958326780069272,0.9133226036085724,True,0.5757839895245769,0.2480070153061224,False,0.5116191007653061,0.891353262616522,0,bbc0f839-6707-42f6-9e56-c3f555d6b9c0,Lagepriore
0.8596795803580194,0.7858586815278792,True,0.4126012678978022,0.2480070153061224,False,0.5116191007653061,0.891353262616522,0,bbc0f839-6707-42f6-9e56-c3f555d6b9c0,Lungenkarte
0.877747510789399,0.742842332670021,True,0.3544291452929202,0.1598373724489795,False,0.4571508290816326,0.9376558603491272,0,bbcafe04-651f-4c43-bd9c-c94d51900478,Lagepriore
0.8803322873431281,0.7394533934500432,True,0.3048367599551224,0.1598373724489795,False,0.4571508290816326,0.9376558603491272,0,bbcafe04-651f-4c43-bd9c-c94d51900478,Lungenkarte
0.7887711409948394,0.8833003394073244,False,0.3832754583069191,0.2362284757653061,False,0.327945631377551,0.8090778705812874,0,bbe15fbc-e79c-4206-a901-5b23888f8a8b,Lagepriore
0.8901426288541694,0.6327063500080125,True,0.5405841918523815,0.2362284757653061,False,0.327945631377551,0.8090778705812874,0,bbe15fbc-e79c-4206-a901-5b23888f8a8b,Lungenkarte
0.9028146106243083,0.8205035351427844,False,0.1235589411199923,0.0473931760204081,False,0.4878826530612244,1.0,0,bbe656f0-f2a0-45cd-8e5e-c6031d36cc1e,Lagepriore
0.915966947179698,0.8182704258465548,True,0.0961403097342739,0.0473931760204081,False,0.4878826530612244,1.0,0,bbe656f0-f2a0-45cd-8e5e-c6031d36cc1e,Lungenkarte
0.9468826735631106,0.894843561041878,False,0.0801005665901819,0.0279017857142857,False,0.4953164859693877,0.9528571428571428,0,bc34f68f-0c2b-4e9e-be5e-377f531a1207,Lagepriore
0.7540290892476393,0.5220093193337002,False,0.0481366823353821,0.0279017857142857,False,0.4953164859693877,0.9528571428571428,0,bc34f68f-0c2b-4e9e-be5e-377f531a1207,Lungenkarte
0.9627411162985244,0.9313033769195028,True,0.683577498534929,0.3141342474489796,False,0.3938536352040816,0.8443725415556401,0,bc3874a9-9bcc-4156-ad10-b3ba0ec3d370,Lagepriore
0.9135393531801764,0.8556538509371886,True,0.626732935568722,0.3141342474489796,False,0.3938536352040816,0.8443725415556401,0,bc3874a9-9bcc-4156-ad10-b3ba0ec3d370,Lungenkarte
0.8870386451433128,0.7798862799227022,False,0.1732044105526024,0.0729432397959183,False,0.5473533163265306,0.9991803278688524,0,bc4f2fce-e1dd-4d50-bdb5-103c25f46c8b,Lagepriore
0.8031979095740956,0.618493940177183,True,0.1224662600632359,0.0729432397959183,False,0.5473533163265306,0.9991803278688524,0,bc4f2fce-e1dd-4d50-bdb5-103c25f46c8b,Lungenkarte
0.8863560772548713,0.8536999675757142,False,0.2134251978239265,0.0907605229591836,False,0.4301259566326531,0.6541501976284585,0,bc651497-8014-4429-a93b-5860fe9a205a,Lagepriore
0.6627469691511544,0.4904310643605202,False,0.1318252859712529,0.0907605229591836,False,0.4301259566326531,0.6541501976284585,0,bc651497-8014-4429-a93b-5860fe9a205a,Lungenkarte
0.8884223648458617,0.7726699150103454,True,0.3121884865691932,0.1363998724489795,False,0.4647441007653061,1.0,0,bc7b5348-574e-49a2-a20a-719d942a9c31,Lagepriore
0.9307262021315802,0.8181711216097926,True,0.2809402039354857,0.1363998724489795,False,0.4647441007653061,1.0,0,bc7b5348-574e-49a2-a20a-719d942a9c31,Lungenkarte
0.8862512402696072,0.8283526401531117,True,0.4824667755766289,0.2237723214285714,False,0.6417410714285714,1.0,0,bc8619aa-4d19-43d1-87a1-31b6f49a9942,Lagepriore
0.8843726838986105,0.7854155261284135,True,0.3415385874252579,0.2237723214285714,False,0.6417410714285714,1.0,0,bc8619aa-4d19-43d1-87a1-31b6f49a9942,Lungenkarte
0.9272057890387524,0.8773098412955711,True,0.3811167159368627,0.155094068877551,False,0.5943478954081632,0.8937291184785402,0,bc9bd81f-13cb-4fb1-acb8-2f79d4d58954,Lagepriore
0.7577224945165972,0.6524372565804757,True,0.2248794856182043,0.155094068877551,False,0.5943478954081632,0.8937291184785402,0,bc9bd81f-13cb-4fb1-acb8-2f79d4d58954,Lungenkarte
0.8995732484284319,0.8259405769027416,True,0.1120307859348723,0.0432477678571428,False,0.4643255739795918,0.992626728110599,0,bca2c151-2431-4595-80c7-75480a196c6e,Lagepriore
0.8347937114619505,0.6321496518018023,False,0.0853142354739243,0.0432477678571428,False,0.4643255739795918,0.992626728110599,0,bca2c151-2431-4595-80c7-75480a196c6e,Lungenkarte
0.8791318695446362,0.8845326216541399,False,0.1694842090856515,0.072265625,False,0.4649433992346938,0.4633204633204633,0,bccb1c1f-d429-4ed4-be42-808a75b635f9,Lagepriore
0.5039651093694365,0.4249699755184997,False,0.0720638579583847,0.072265625,False,0.4649433992346938,0.4633204633204633,0,bccb1c1f-d429-4ed4-be42-808a75b635f9,Lungenkarte
0.9531168848798646,0.964184254562692,True,0.8923012986104394,0.5499242665816326,False,0.6067243303571429,0.8115464066973508,0,bcd2d62d-b9a4-4b2c-b8a8-ef27a1f65226,Lagepriore
0.7750890633300224,0.6193266057799229,False,0.7032464960262083,0.5499242665816326,False,0.6067243303571429,0.8115464066973508,0,bcd2d62d-b9a4-4b2c-b8a8-ef27a1f65226,Lungenkarte
0.9468818090530752,0.9105604883581788,True,0.3500908525441544,0.1348852040816326,False,0.5344985650510204,0.9253841607565012,0,bcdd92c8-2cde-4899-a6fc-46b875aaab62,Lagepriore
0.7831519481788717,0.608237213356289,False,0.2180956480427575,0.1348852040816326,False,0.5344985650510204,0.9253841607565012,0,bcdd92c8-2cde-4899-a6fc-46b875aaab62,Lungenkarte
0.5878135164335084,0.4924695952873429,False,0.4687739591518536,0.4265385841836734,False,0.5054807079081632,0.5147182506307821,0,bce1fe53-1047-4dfe-9444-bc8340cddabf,Lagepriore
0.5066073810768188,0.6488248633225482,False,0.430668966706346,0.4265385841836734,False,0.5054807079081632,0.5147182506307821,0,bce1fe53-1047-4dfe-9444-bc8340cddabf,Lungenkarte
0.7837346294215342,0.6224984013762446,False,0.1268845754397443,0.0688775510204081,False,0.5534119897959183,1.0,0,bd164f7a-a3a5-40d0-933c-0d623be3ad94,Lagepriore
0.8901668151824502,0.7889514401610087,True,0.1194844036844714,0.0688775510204081,False,0.5534119897959183,1.0,0,bd164f7a-a3a5-40d0-933c-0d623be3ad94,Lungenkarte
0.9579565356988264,0.9303970501142604,True,0.8368727451590913,0.4617147640306122,False,0.6000478316326531,0.9350800707903484,0,bd7b4e6e-5384-4cce-9732-0dd7f9d15da8,Lagepriore
0.9320951271200096,0.8848131697762105,True,0.6774423699281278,0.4617147640306122,False,0.6000478316326531,0.9350800707903484,0,bd7b4e6e-5384-4cce-9732-0dd7f9d15da8,Lungenkarte
0.6797633242761191,0.5212252012536247,False,0.0604718796824988,0.0458386479591836,False,0.5870934311224489,0.9691304347826089,0,bd7e6f9f-2933-496e-b180-4799292c6afc,Lagepriore
0.7743062467533883,0.6283409849838634,False,0.0697433729196803,0.0458386479591836,False,0.5870934311224489,0.9691304347826089,0,bd7e6f9f-2933-496e-b180-4799292c6afc,Lungenkarte
0.9143355230123412,0.9067433594760046,True,0.6644600207018578,0.3283641581632653,False,0.5720862563775511,0.8653799465889779,0,bda266ca-cecd-4d88-a308-0c8a05dd8315,Lagepriore
0.8200103081327539,0.7781154978971657,True,0.470918096191566,0.3283641581632653,False,0.5720862563775511,0.8653799465889779,0,bda266ca-cecd-4d88-a308-0c8a05dd8315,Lungenkarte
0.7391773791978576,0.5431033895105881,False,0.2586789204028605,0.1511678890306122,False,0.4195432079081632,0.4883322346736981,0,bdc61d06-50cb-4f97-914e-eba06a7f6552,Lagepriore
0.5774292129116319,0.5992569672076548,False,0.1763179365331675,0.1511678890306122,False,0.4195432079081632,0.4883322346736981,0,bdc61d06-50cb-4f97-914e-eba06a7f6552,Lungenkarte
0.9493399427352774,0.9359723942199026,True,0.8005296287000055,0.4325175382653061,False,0.5252511160714286,0.8872454151691088,0,be200106-3457-4b35-b328-9da7a752f0ff,Lagepriore
0.91065031157223,0.8434253038354772,True,0.6886321977569431,0.4325175382653061,False,0.5252511160714286,0.8872454151691088,0,be200106-3457-4b35-b328-9da7a752f0ff,Lungenkarte
0.7570507349810464,0.6868529829257303,True,0.3272225000014009,0.1826570471938775,False,0.5556441326530612,0.676923076923077,0,be27354e-3de7-4420-ae86-05fcc2e9218d,Lagepriore
0.594693859030516,0.542894838694095,False,0.2156348364345028,0.1826570471938775,False,0.5556441326530612,0.676923076923077,0,be27354e-3de7-4420-ae86-05fcc2e9218d,Lungenkarte
0.8948647176157521,0.870616886994028,False,0.1656562308985908,0.0681600765306122,False,0.6317562181122449,0.6280701754385964,0,be443cae-043b-448b-b6e7-43477812b9cc,Lagepriore
0.4580115995995635,0.3803788350121845,False,0.0653556047620178,0.0681600765306122,False,0.6317562181122449,0.6280701754385964,0,be443cae-043b-448b-b6e7-43477812b9cc,Lungenkarte
0.9326126803384855,0.8984316970799662,True,0.5960690698213644,0.278499681122449,False,0.5354153380102041,0.9282238442822384,0,be658bed-445c-4b31-a581-88ba0a008f4d,Lagepriore
0.8986369395863282,0.8339992663595641,True,0.4617765858546874,0.278499681122449,False,0.5354153380102041,0.9282238442822384,0,be658bed-445c-4b31-a581-88ba0a008f4d,Lungenkarte
0.9756825601707768,0.9231251916144132,True,0.5481399241382634,0.2215800382653061,False,0.3722696109693877,0.8416082029141932,0,be8c0087-ae1c-4b60-acb0-4b2e6157eadb,Lagepriore
0.8770691226946488,0.7639277181193111,True,0.4611523052912699,0.2215800382653061,False,0.3722696109693877,0.8416082029141932,0,be8c0087-ae1c-4b60-acb0-4b2e6157eadb,Lungenkarte
0.931632562682216,0.8389783929806843,True,0.6789746701764161,0.3365752551020408,False,0.3835299744897959,0.7045239223117006,0,be9624bc-824f-4951-9f81-087d6528eeec,Lagepriore
0.8040722254601644,0.63385600707017,True,0.5731640368371628,0.3365752551020408,False,0.3835299744897959,0.7045239223117006,0,be9624bc-824f-4951-9f81-087d6528eeec,Lungenkarte
0.9026964524000756,0.7942553911533917,False,0.1762251819882425,0.0715082908163265,False,0.4554767219387755,0.92670011148272,0,bea23d20-aa4e-41d5-b8e7-22941746e543,Lagepriore
0.8127513105225923,0.6160445714624521,False,0.1353080723482613,0.0715082908163265,False,0.4554767219387755,0.92670011148272,0,bea23d20-aa4e-41d5-b8e7-22941746e543,Lungenkarte
0.9667923401016612,0.9267886092279908,True,0.4722897876473036,0.185188137755102,False,0.4238480548469387,0.9274644855789926,0,beaee8dc-2b30-41c5-b646-b6f602b965a7,Lagepriore
0.8957296715573345,0.7450107551589142,True,0.3786645605252901,0.185188137755102,False,0.4238480548469387,0.9274644855789926,0,beaee8dc-2b30-41c5-b646-b6f602b965a7,Lungenkarte
0.8696631176038894,0.6390965583042542,False,0.4547661782086949,0.2341358418367347,False,0.474788743622449,0.991913517194416,0,bed0dd75-f279-4fb1-b2be-97222380231c,Lagepriore
0.9411683201575404,0.823017069673095,True,0.4580427823604894,0.2341358418367347,False,0.474788743622449,0.991913517194416,0,bed0dd75-f279-4fb1-b2be-97222380231c,Lungenkarte
0.9241996678052,0.8495878559733508,True,0.1947550048971967,0.072704081632653,False,0.4780173788265306,0.9832785087719298,0,bedb1f67-9f34-417b-aa14-ebfca18a38b5,Lagepriore
0.8159039762795163,0.5928978480181932,False,0.1335939538628515,0.072704081632653,False,0.4780173788265306,0.9832785087719298,0,bedb1f67-9f34-417b-aa14-ebfca18a38b5,Lungenkarte
0.925904834723039,0.8101406395286619,True,0.6310841422952289,0.3080157844387755,False,0.5289580676020408,0.9729537366548042,0,bef4ff3a-6fb0-4213-a5a9-125eff87dc22,Lagepriore
0.9378022996477416,0.8460547432235535,True,0.5325611938540656,0.3080157844387755,False,0.5289580676020408,0.9729537366548042,0,bef4ff3a-6fb0-4213-a5a9-125eff87dc22,Lungenkarte
0.8281998844212325,0.7461795637759041,True,0.1610902840473101,0.0698341836734693,False,0.5259486607142857,1.0,0,bf19620d-8c98-4295-9c6d-907b059377ed,Lagepriore
0.9171723726926316,0.8311854216771075,True,0.1299708635576187,0.0698341836734693,False,0.5259486607142857,1.0,0,bf19620d-8c98-4295-9c6d-907b059377ed,Lungenkarte
0.9517533619476872,0.9230091820327352,True,0.1598883521677722,0.0548867984693877,False,0.5590322066326531,1.0,0,bf2b3b65-b21f-4e76-b3b3-98effc784a2e,Lagepriore
0.8219278061069866,0.6676177586784239,True,0.0917921921447741,0.0548867984693877,False,0.5590322066326531,1.0,0,bf2b3b65-b21f-4e76-b3b3-98effc784a2e,Lungenkarte
0.9670339738606482,0.9271973538004032,True,0.1811453424897893,0.060985331632653,False,0.418765943877551,1.0,0,bf3ef845-34ab-4b80-81e7-ac7a3b23485a,Lagepriore
0.9170313104300496,0.7823179440745401,True,0.1399745336954952,0.060985331632653,False,0.418765943877551,1.0,0,bf3ef845-34ab-4b80-81e7-ac7a3b23485a,Lungenkarte
0.948697136933592,0.9230351037637324,True,0.2202702381785478,0.0790816326530612,False,0.6300422512755102,1.0,0,bf5b8e51-9dfe-4248-b38e-45a9f598b0c8,Lagepriore
0.7908759684252064,0.6514074387467255,False,0.1201688373695021,0.0790816326530612,False,0.6300422512755102,1.0,0,bf5b8e51-9dfe-4248-b38e-45a9f598b0c8,Lungenkarte
0.8960025803290617,0.7667808910682107,False,0.1879666019469736,0.0774872448979591,False,0.453125,0.9799382716049384,0,bf7b0977-4f77-45a7-8c03-77602f82b905,Lagepriore
0.8132695573491214,0.5590452787108681,False,0.1494589110911108,0.0774872448979591,False,0.453125,0.9799382716049384,0,bf7b0977-4f77-45a7-8c03-77602f82b905,Lungenkarte
0.9687078965355288,0.9362832342991176,True,0.6485077090039592,0.2889229910714285,False,0.5913384885204082,0.9595778436917984,0,bf842c92-c6ed-4be4-b188-c05ec8bf8dc2,Lagepriore
0.8594708829687323,0.7290079665254133,True,0.4404534957351299,0.2889229910714285,False,0.5913384885204082,0.9595778436917984,0,bf842c92-c6ed-4be4-b188-c05ec8bf8dc2,Lungenkarte
0.939257593425304,0.9031134677504908,True,0.4193815819351548,0.1708785076530612,False,0.6835538903061225,0.9986004198740378,0,bfa45a99-7125-4d61-966b-c51e54dcbf10,Lagepriore
0.8046706753401923,0.6860900240575482,True,0.2407755603702632,0.1708785076530612,False,0.6835538903061225,0.9986004198740378,0,bfa45a99-7125-4d61-966b-c51e54dcbf10,Lungenkarte
0.8065735498404829,0.7456261036069725,True,0.2108244056680776,0.1056281887755102,False,0.6761599170918368,0.9615094339622642,0,bfbd4ed3-1d78-437b-b5dc-09ab063b55fa,Lagepriore
0.7171377018770381,0.5882087743836258,False,0.1438611763673771,0.1056281887755102,False,0.6761599170918368,0.9615094339622642,0,bfbd4ed3-1d78-437b-b5dc-09ab063b55fa,Lungenkarte
0.8578490494061605,0.8455336220792223,True,0.5110415293408183,0.2505779655612244,False,0.7380620216836735,0.926906863914738,0,bfbea630-4c43-485f-b1b2-0e5715109ae3,Lagepriore
0.6315153934445702,0.5041511664798856,False,0.2986595347739444,0.2505779655612244,False,0.7380620216836735,0.926906863914738,0,bfbea630-4c43-485f-b1b2-0e5715109ae3,Lungenkarte
0.8536658115748653,0.7559453494424103,True,0.4080880519401773,0.1944555165816326,False,0.5147082270408163,0.7612995797888695,0,bfbf1dcd-242c-4f22-8ef3-f72c8295535f,Lagepriore
0.6954389966596266,0.5603060826482333,False,0.2765471572671946,0.1944555165816326,False,0.5147082270408163,0.7612995797888695,0,bfbf1dcd-242c-4f22-8ef3-f72c8295535f,Lungenkarte
0.9036641691850312,0.835415568056022,True,0.6932898923075667,0.3733657525510204,False,0.6150350765306123,0.917369488630298,0,bfc43f55-c88e-4ad4-90ff-a0d465862d6f,Lagepriore
0.8492959319858295,0.7526970609413144,True,0.532097642015165,0.3733657525510204,False,0.6150350765306123,0.917369488630298,0,bfc43f55-c88e-4ad4-90ff-a0d465862d6f,Lungenkarte
0.9256415454249066,0.8588118039357326,True,0.6120889357817608,0.2900988520408163,False,0.4213368941326531,0.8897361912613355,0,bfe40d11-6e72-4ccd-9fd4-5534402fdabf,Lagepriore
0.9209634200984746,0.8532681651861638,True,0.5746820497709421,0.2900988520408163,False,0.4213368941326531,0.8897361912613355,0,bfe40d11-6e72-4ccd-9fd4-5534402fdabf,Lungenkarte
0.9007039284428038,0.8531116606778879,True,0.3490016691352078,0.1468829719387755,False,0.6285873724489796,0.914246947082768,0,bffde351-7ccf-49cd-aa8b-893c7d359e29,Lagepriore
0.7715340901562704,0.6907968606166418,True,0.2045027987462921,0.1468829719387755,False,0.6285873724489796,0.914246947082768,0,bffde351-7ccf-49cd-aa8b-893c7d359e29,Lungenkarte
0.9339557631481205,0.8735169661381812,False,0.2670270989292471,0.1033561862244897,False,0.4951570471938775,0.8937524103355187,0,c068a37d-3fe7-4a26-bb74-575ea6be194d,Lagepriore
0.8464340899511714,0.7730434002840723,True,0.1801861195092449,0.1033561862244897,False,0.4951570471938775,0.8937524103355187,0,c068a37d-3fe7-4a26-bb74-575ea6be194d,Lungenkarte
0.9755352122243092,0.9248082512009668,True,0.2285076148532834,0.0775669642857142,False,0.3441485969387755,0.9447584789311408,0,c18d1138-ba74-4af5-af21-bdd4d2c96bb5,Lagepriore
0.8907963262339497,0.6812821287632013,False,0.1963458917042841,0.0775669642857142,False,0.3441485969387755,0.9447584789311408,0,c18d1138-ba74-4af5-af21-bdd4d2c96bb5,Lungenkarte
0.9555676411821564,0.9130515963454112,True,0.3356645392343144,0.1258968431122449,False,0.516242825255102,0.993351274339085,0,c1cddf32-b957-4753-acaa-472ab1447e86,Lagepriore
0.9219746735930652,0.832590952675948,True,0.2344952580063104,0.1258968431122449,False,0.516242825255102,0.993351274339085,0,c1cddf32-b957-4753-acaa-472ab1447e86,Lungenkarte
0.9679459174436577,0.9471465731653028,True,0.7341967723536019,0.3529376594387755,False,0.4592434630102041,0.8274323790163194,0,c1f94928-371a-42d0-91ae-f959928694fe,Lagepriore
0.8797045608382356,0.8301205633670837,True,0.6004460400713892,0.3529376594387755,False,0.4592434630102041,0.8274323790163194,0,c1f94928-371a-42d0-91ae-f959928694fe,Lungenkarte
0.902838910224993,0.8085849918336617,False,0.1714789319839674,0.0693757971938775,False,0.4930644132653061,0.9230106291295604,0,c224f825-24b8-47aa-abdd-f03c0475a7c3,Lagepriore
0.7804026871402214,0.5840296302889108,False,0.1212866738155733,0.0693757971938775,False,0.4930644132653061,0.9230106291295604,0,c224f825-24b8-47aa-abdd-f03c0475a7c3,Lungenkarte
0.9646686990806084,0.9234828452225596,True,0.7323357639833125,0.3565250318877551,False,0.6305205676020408,0.9908323550785398,0,c236f38d-10dd-4f33-bbe9-c849c297806f,Lagepriore
0.9153693788971587,0.8164374030273709,True,0.5336762723672825,0.3565250318877551,False,0.6305205676020408,0.9908323550785398,0,c236f38d-10dd-4f33-bbe9-c849c297806f,Lungenkarte
0.9385862764704168,0.8827961026319077,True,0.4008206913568124,0.1605349170918367,False,0.4883609693877551,0.8739913097454997,0,c23ecec2-d791-42fa-8abf-cb4c447f9c21,Lagepriore
0.7917672684018086,0.6312283442497293,False,0.2679979510463503,0.1605349170918367,False,0.4883609693877551,0.8739913097454997,0,c23ecec2-d791-42fa-8abf-cb4c447f9c21,Lungenkarte
0.9014918066753944,0.8659600432836656,True,0.4825999641389923,0.2214405293367347,False,0.4955556441326531,0.8475384753847538,0,c2882932-904e-4691-b3fd-0fcdaed98dc8,Lagepriore
0.8026715948715868,0.7090147136856574,True,0.3566074561186457,0.2214405293367347,False,0.4955556441326531,0.8475384753847538,0,c2882932-904e-4691-b3fd-0fcdaed98dc8,Lungenkarte
0.8173680575305733,0.818311988194006,False,0.0391759560945986,0.0189333545918367,False,0.5597895408163265,0.3168421052631578,0,c2a5f77c-517d-4987-84e3-0338ad29704e,Lagepriore
0.3571024832833312,0.1694838775320613,False,0.0126461174644409,0.0189333545918367,False,0.5597895408163265,0.3168421052631578,0,c2a5f77c-517d-4987-84e3-0338ad29704e,Lungenkarte
0.9849551160216036,0.9612278072026512,True,0.552147416121482,0.2193080357142857,False,0.4262794961734694,0.9493820428934931,0,c3412cc6-a0e9-4278-a8e4-b587d106988f,Lagepriore
0.949502583800928,0.8877190717322803,True,0.4654874380859783,0.2193080357142857,False,0.4262794961734694,0.9493820428934931,0,c3412cc6-a0e9-4278-a8e4-b587d106988f,Lungenkarte
0.8446027986296544,0.7953604578609071,True,0.662912451074081,0.3768136160714285,False,0.7336973852040817,0.9447294652774104,0,c3803501-05e4-4141-a61b-7af3187ade89,Lagepriore
0.7511987054706725,0.6437163914125362,False,0.4641857114011313,0.3768136160714285,False,0.7336973852040817,0.9447294652774104,0,c3803501-05e4-4141-a61b-7af3187ade89,Lungenkarte
0.9560505132213016,0.9234866372271302,True,0.1793932682156273,0.0623405612244898,False,0.427555006377551,0.8455882352941176,0,c3b0adf1-3768-412f-a3b1-7a7f2a6dc928,Lagepriore
0.8001809675736289,0.647276558098995,False,0.1180597232578306,0.0623405612244898,False,0.427555006377551,0.8455882352941176,0,c3b0adf1-3768-412f-a3b1-7a7f2a6dc928,Lungenkarte
0.979086457208816,0.9352094588666916,True,0.4990075051801193,0.1941366390306122,False,0.3632613201530612,0.9281387947849296,0,c3b185a1-bcb2-4cdb-a4ac-1aeb2668751c,Lagepriore
0.9505234935643098,0.8918418688379303,True,0.4685972137121001,0.1941366390306122,False,0.3632613201530612,0.9281387947849296,0,c3b185a1-bcb2-4cdb-a4ac-1aeb2668751c,Lungenkarte
0.9499605091318722,0.9252013203232716,True,0.6718319221884018,0.3159677933673469,False,0.4890385841836734,0.8495017030402422,0,c3b9b37a-812c-439e-913f-39e94b8ec870,Lagepriore
0.8539063896065113,0.7672376242498193,True,0.5247043405267413,0.3159677933673469,False,0.4890385841836734,0.8495017030402422,0,c3b9b37a-812c-439e-913f-39e94b8ec870,Lungenkarte
0.935123339299724,0.8915074432418119,True,0.2376300123042658,0.0883888711734693,False,0.5283402423469388,0.9217587373167982,0,c3bef210-65b4-4bb1-bfa1-15ae213bfa8e,Lagepriore
0.7740244068688594,0.6005757391005933,False,0.1486594949352588,0.0883888711734693,False,0.5283402423469388,0.9217587373167982,0,c3bef210-65b4-4bb1-bfa1-15ae213bfa8e,Lungenkarte
0.968243924188696,0.9317232468881776,True,0.4024005123726873,0.1513671875,False,0.5092275191326531,0.9515470704410796,0,c3bff4b1-efa9-4b87-a32d-bcbe6d31c4f2,Lagepriore
0.8566627776555789,0.7140598042334817,True,0.2713794932248801,0.1513671875,False,0.5092275191326531,0.9515470704410796,0,c3bff4b1-efa9-4b87-a32d-bcbe6d31c4f2,Lungenkarte
0.9359197749852104,0.8542102869218485,True,0.6450729302500865,0.3083944515306122,False,0.4380381058673469,0.8555641721597519,0,c3c35d4f-c35b-4067-b86a-2ea01bc11acf,Lagepriore
0.8869301192530621,0.8088147873896606,True,0.5607512310258821,0.3083944515306122,False,0.4380381058673469,0.8555641721597519,0,c3c35d4f-c35b-4067-b86a-2ea01bc11acf,Lungenkarte
0.9471843293685877,0.8939621437568462,True,0.6822723409924067,0.3280652104591837,False,0.4706034757653061,0.8980013364923152,0,c3d8007b-6ac3-4a87-897c-f16ebda7a138,Lagepriore
0.9169964315008318,0.8452510192252263,True,0.588509989404399,0.3280652104591837,False,0.4706034757653061,0.8980013364923152,0,c3d8007b-6ac3-4a87-897c-f16ebda7a138,Lungenkarte
0.8709326822978375,0.7056250340803208,False,0.0844236018839107,0.0359933035714285,False,0.3687021683673469,1.0,0,c3ea903f-5779-4eb0-9026-b5ed1cd0e943,Lagepriore
0.9245138354200766,0.7813215562358131,False,0.0951369370745524,0.0359933035714285,False,0.3687021683673469,1.0,0,c3ea903f-5779-4eb0-9026-b5ed1cd0e943,Lungenkarte
0.8779026889343727,0.8305948968494237,True,0.5213163766686858,0.2474689094387755,False,0.6076809630102041,0.9193041797535636,0,c44a8316-9b90-49e6-ab36-8db213312a4e,Lagepriore
0.8283322648012721,0.7457392896542102,False,0.3649063270617785,0.2474689094387755,False,0.6076809630102041,0.9193041797535636,0,c44a8316-9b90-49e6-ab36-8db213312a4e,Lungenkarte
0.9192535313750152,0.7806070068419415,False,0.117752234174334,0.0444834183673469,False,0.3757374043367347,0.7128136200716846,0,c4a9d607-67c3-49f7-b110-7e0f1dcfea4a,Lagepriore
0.6971990068535753,0.3612857771319832,False,0.0736995377251744,0.0444834183673469,False,0.3757374043367347,0.7128136200716846,0,c4a9d607-67c3-49f7-b110-7e0f1dcfea4a,Lungenkarte
0.9811790450890692,0.9625663790242284,True,0.3241641633632039,0.1135204081632653,False,0.4964126275510204,0.9691011235955056,0,c4ac5bf6-b3be-4acb-b8c8-a3d9d2a99647,Lagepriore
0.8571385645170662,0.7020369969621131,False,0.2069333626815675,0.1135204081632653,False,0.4964126275510204,0.9691011235955056,0,c4ac5bf6-b3be-4acb-b8c8-a3d9d2a99647,Lungenkarte
0.8525953077054649,0.7014105382229697,True,0.430372537565591,0.2130899234693877,False,0.3222855548469387,0.7816124205013094,0,c5f17998-8e5d-419e-87f9-800facb13fe1,Lagepriore
0.883817980578342,0.7064296343865888,True,0.4938837890078937,0.2130899234693877,False,0.3222855548469387,0.7816124205013094,0,c5f17998-8e5d-419e-87f9-800facb13fe1,Lungenkarte
0.9152636921567447,0.8322623461982713,True,0.1761204043360599,0.067024075255102,False,0.4599210778061224,1.0,0,c5f707b9-acc7-4c16-add0-6f0d60d8f5c1,Lagepriore
0.9130234694992576,0.7936231720501777,False,0.1390672828355563,0.067024075255102,False,0.4599210778061224,1.0,0,c5f707b9-acc7-4c16-add0-6f0d60d8f5c1,Lungenkarte
0.8808288413191785,0.7567727286146373,False,0.4412013942751699,0.2123724489795918,False,0.4054129464285714,0.90868993993994,0,c600753e-3394-4e74-9f7c-6687891aacc4,Lagepriore
0.9009933722310368,0.7448754274940029,True,0.4434030643309346,0.2123724489795918,False,0.4054129464285714,0.90868993993994,0,c600753e-3394-4e74-9f7c-6687891aacc4,Lungenkarte
0.8704636701389681,0.7948199161483172,True,0.182048777544919,0.0753746811224489,False,0.5022720025510204,0.9500264410364886,0,c63e2132-aaa3-4d1b-aba9-ce7ea8d1c7f3,Lagepriore
0.8053368223525503,0.6270632731717981,True,0.1291644350611822,0.0753746811224489,False,0.5022720025510204,0.9500264410364886,0,c63e2132-aaa3-4d1b-aba9-ce7ea8d1c7f3,Lungenkarte
0.9417407496077213,0.9367199842964552,True,0.8747952880896942,0.5299744897959183,False,0.490055006377551,0.7281137184115524,0,c74fe0e5-cb24-45ab-9ffb-35f9b7e0d5e0,Lagepriore
0.8162857397316114,0.7999179765255875,True,0.7404585630860459,0.5299744897959183,False,0.490055006377551,0.7281137184115524,0,c74fe0e5-cb24-45ab-9ffb-35f9b7e0d5e0,Lungenkarte
0.927573683543876,0.8114183978603933,True,0.552423868286986,0.2506576849489796,False,0.3118821747448979,0.7913651904269698,0,c88d5bf1-aac9-4d2e-87ab-c3a0d8028f12,Lagepriore
0.9032772092367624,0.740699369903716,True,0.5920472582508087,0.2506576849489796,False,0.3118821747448979,0.7913651904269698,0,c88d5bf1-aac9-4d2e-87ab-c3a0d8028f12,Lungenkarte
0.9249099040668152,0.8806388407018827,False,0.1245554213344594,0.0466358418367346,False,0.3659518494897959,0.5431623931623931,0,c8d798bb-5bcb-4ca0-8b16-e360805aac69,Lagepriore
0.6557630084769687,0.3966476068470617,False,0.0674015556923525,0.0466358418367346,False,0.3659518494897959,0.5431623931623931,0,c8d798bb-5bcb-4ca0-8b16-e360805aac69,Lungenkarte
0.947539695834412,0.909649471073567,True,0.2646872119092056,0.0975964604591836,False,0.4420639349489796,1.0,0,c9a95d7f-8a6f-49c5-88d3-8a1cfaaf51a4,Lagepriore
0.9457647544270742,0.8579198451772329,True,0.2134958854100958,0.0975964604591836,False,0.4420639349489796,1.0,0,c9a95d7f-8a6f-49c5-88d3-8a1cfaaf51a4,Lungenkarte
0.9022391005063574,0.8312021646386221,True,0.2334850440987912,0.0946069834183673,False,0.5812739158163265,1.0,0,ca3d47d8-af70-4742-b53c-2cb77aaf63b7,Lagepriore
0.8425843904430178,0.7072107495058986,False,0.1579516819356913,0.0946069834183673,False,0.5812739158163265,1.0,0,ca3d47d8-af70-4742-b53c-2cb77aaf63b7,Lungenkarte
0.94546361072454,0.8923380398857309,True,0.7288277748945093,0.3628627232142857,False,0.4573899872448979,0.8400615148019992,0,ca5defaa-00b9-4904-87dd-debcc3ed3d77,Lagepriore
0.8907184627522918,0.794848997369179,True,0.6274174946332308,0.3628627232142857,False,0.4573899872448979,0.8400615148019992,0,ca5defaa-00b9-4904-87dd-debcc3ed3d77,Lungenkarte
0.8891364928230189,0.8297992170415482,True,0.3248842966950774,0.1411830357142857,False,0.497867506377551,0.9373235460191982,0,ca6ed544-2804-4f23-97a6-5a9f4814e7c1,Lagepriore
0.8277860594692076,0.6546954022950753,True,0.2458168945748615,0.1411830357142857,False,0.497867506377551,0.9373235460191982,0,ca6ed544-2804-4f23-97a6-5a9f4814e7c1,Lungenkarte
0.8764259131875787,0.7701776699373916,True,0.3233736610514292,0.1446906887755102,False,0.5091278698979592,0.9758953168044076,0,cae03a83-a903-4087-b324-a67fe98638d4,Lagepriore
0.8549869666594516,0.6857789162581462,False,0.2597768387162426,0.1446906887755102,False,0.5091278698979592,0.9758953168044076,0,cae03a83-a903-4087-b324-a67fe98638d4,Lungenkarte
0.8320178157194187,0.7254174358879426,False,0.2056390256515062,0.0990114795918367,False,0.6003467793367347,0.8983494363929146,0,cb008bee-f96b-4039-b69b-46a7ad8e50c0,Lagepriore
0.733818447442503,0.6191208209039808,False,0.1413944179156619,0.0990114795918367,False,0.6003467793367347,0.8983494363929146,0,cb008bee-f96b-4039-b69b-46a7ad8e50c0,Lungenkarte
0.8080626566533645,0.7633050092431979,False,0.1883299173491481,0.0988121811224489,False,0.492366868622449,0.9227511093182736,0,cbbd4c12-de6e-4bf4-b782-0b46ca63d645,Lagepriore
0.7658650502247987,0.5323133620537545,False,0.1720209583090767,0.0988121811224489,False,0.492366868622449,0.9227511093182736,0,cbbd4c12-de6e-4bf4-b782-0b46ca63d645,Lungenkarte
0.9191437400587174,0.8847762755908242,True,0.7675158818551009,0.419921875,False,0.4812260841836734,0.8160417655434267,0,cc118833-83a6-4f8f-ba7a-0e69faaaee72,Lagepriore
0.8700237273242223,0.8237945381099436,True,0.6642826738306187,0.419921875,False,0.4812260841836734,0.8160417655434267,0,cc118833-83a6-4f8f-ba7a-0e69faaaee72,Lungenkarte
0.7531356343653214,0.7131331536728853,False,0.2150781238728359,0.128188775510204,False,0.4239078443877551,0.6130286069651741,0,ccd24f2e-dfe9-4a26-9c84-0caa0b67cbdc,Lagepriore
0.6716908311746862,0.5052240575836536,False,0.1823962199752886,0.128188775510204,False,0.4239078443877551,0.6130286069651741,0,ccd24f2e-dfe9-4a26-9c84-0caa0b67cbdc,Lungenkarte
0.7387298871462609,0.5324397260207069,False,0.1614184016853575,0.0954241071428571,False,0.2861926020408163,0.6714703425229741,0,ccd41f6b-7715-4c84-9957-c5eaee20b0f1,Lagepriore
0.8061184341210537,0.5188843234976246,False,0.207541031006039,0.0954241071428571,False,0.2861926020408163,0.6714703425229741,0,ccd41f6b-7715-4c84-9957-c5eaee20b0f1,Lungenkarte
0.8066989204065,0.70612250908569,False,0.3107111282850185,0.1703802614795918,False,0.5581154336734694,0.8886419464264826,0,cd0ae273-2dc6-4093-975c-b33e8982e441,Lagepriore
0.8057027215865756,0.699975935287519,True,0.2661723338871487,0.1703802614795918,False,0.5581154336734694,0.8886419464264826,0,cd0ae273-2dc6-4093-975c-b33e8982e441,Lungenkarte
0.8767359203129381,0.7522287301049679,False,0.4334338205033191,0.2155213647959183,False,0.566047512755102,0.9774366561864252,0,cde08a05-31aa-44f6-8fc5-c16bb94d9432,Lagepriore
0.879041491566705,0.7570935294112654,False,0.3490695272187867,0.2155213647959183,False,0.566047512755102,0.9774366561864252,0,cde08a05-31aa-44f6-8fc5-c16bb94d9432,Lungenkarte
0.9430004731049004,0.9110996496805246,True,0.7024273894457509,0.3510642538265306,False,0.5468949298469388,0.8937269372693727,0,ce1ff7c6-b08a-4d22-8b42-cfa6084e1285,Lagepriore
0.8852992226132688,0.8477063330906733,True,0.5450704000395303,0.3510642538265306,False,0.5468949298469388,0.8937269372693727,0,ce1ff7c6-b08a-4d22-8b42-cfa6084e1285,Lungenkarte
0.8618961471161734,0.8062254547137212,True,0.4825062876978568,0.2427654655612245,False,0.5132134885204082,0.8482883178720959,0,cf4acaef-abef-4341-a4f2-e1689d804d3e,Lagepriore
0.8114337068729063,0.6848614725439969,True,0.3880234247595528,0.2427654655612245,False,0.5132134885204082,0.8482883178720959,0,cf4acaef-abef-4341-a4f2-e1689d804d3e,Lungenkarte
0.8120494202561398,0.629892417375708,True,0.3526699158785192,0.1819595025510204,False,0.4075255102040816,0.907447973713034,0,cf81cc61-16b5-496f-999d-d34b434a9cde,Lagepriore
0.8833113013108099,0.7044045003071585,True,0.3716143093353127,0.1819595025510204,False,0.4075255102040816,0.907447973713034,0,cf81cc61-16b5-496f-999d-d34b434a9cde,Lungenkarte
0.850534870671294,0.5741891502113928,True,0.5394602345542789,0.2926698022959184,False,0.4477638711734694,0.9378958120531156,0,d01efc31-f83e-46dd-a3a1-1eb73f60ddcc,Lagepriore
0.929187492391742,0.7819552850015727,True,0.5684075910346078,0.2926698022959184,False,0.4477638711734694,0.9378958120531156,0,d01efc31-f83e-46dd-a3a1-1eb73f60ddcc,Lungenkarte
0.9642116026529904,0.9480265448393062,True,0.6070000734328984,0.2630739795918367,False,0.5632772640306123,0.8124242424242424,0,d02e780f-2033-4dbc-a98b-94c1ef4e96cd,Lagepriore
0.7232545127552024,0.6372707488202505,True,0.3577131289770582,0.2630739795918367,False,0.5632772640306123,0.8124242424242424,0,d02e780f-2033-4dbc-a98b-94c1ef4e96cd,Lungenkarte
0.9576696139721816,0.935377671700267,True,0.7452073787111977,0.3699776785714285,False,0.5801777742346939,0.8832686920922215,0,d0a2ca41-1f5b-475b-9cc0-b7efc4f19624,Lagepriore
0.8114933588411177,0.6790699497098542,True,0.5258177954779364,0.3699776785714285,False,0.5801777742346939,0.8832686920922215,0,d0a2ca41-1f5b-475b-9cc0-b7efc4f19624,Lungenkarte
0.7163602224504408,0.7891375034144441,True,0.1237464519928764,0.0666454081632653,False,0.6748246173469388,0.7643540669856459,0,d184ed19-d81a-4168-9e45-21e1332390be,Lagepriore
0.4968801428357169,0.3850286735819409,False,0.0715336828349805,0.0666454081632653,False,0.6748246173469388,0.7643540669856459,0,d184ed19-d81a-4168-9e45-21e1332390be,Lungenkarte
0.7867747607870417,0.6651440400755746,True,0.3542435286104027,0.1918247767857142,False,0.5252909757653061,0.8802077922077922,0,d1a0f88c-35bd-4d9d-8b5e-c2641761cb05,Lagepriore
0.8027832067811354,0.6635683022869593,False,0.3083592541164984,0.1918247767857142,False,0.5252909757653061,0.8802077922077922,0,d1a0f88c-35bd-4d9d-8b5e-c2641761cb05,Lungenkarte
0.8438357223514342,0.8272942100730788,True,0.7167141217536177,0.4300063775510204,False,0.5661870216836735,0.8483500185391175,0,d373b335-d9d9-4594-b97e-03ec9aa8daa2,Lagepriore
0.851586388560457,0.7786956174546631,True,0.6243402775350521,0.4300063775510204,False,0.5661870216836735,0.8483500185391175,0,d373b335-d9d9-4594-b97e-03ec9aa8daa2,Lungenkarte
0.8407514851641203,0.6707171727064706,True,0.4064661937264772,0.2098612882653061,False,0.4427415497448979,0.9269705603038936,0,d3d0536b-d0e8-4e2a-a803-03c7d42d454d,Lagepriore
0.8663008879773076,0.6542056203155858,True,0.397017277512656,0.2098612882653061,False,0.4427415497448979,0.9269705603038936,0,d3d0536b-d0e8-4e2a-a803-03c7d42d454d,Lungenkarte
0.9282185487103386,0.7100895772852065,True,0.5406795810976501,0.248046875,False,0.3421556122448979,0.893941828699984,0,d4653287-cdac-4e8b-94db-b3c71147faf4,Lagepriore
0.9420148335269004,0.8299682794469512,True,0.5914354489429543,0.248046875,False,0.3421556122448979,0.893941828699984,0,d4653287-cdac-4e8b-94db-b3c71147faf4,Lungenkarte
0.5032872965705396,0.4257733423140121,False,0.1074213020658572,0.1304408482142857,False,0.6663345025510204,0.879755538579068,0,d4e0b27e-79ad-4af1-bd49-6c7feaf3f84c,Lagepriore
0.6522732267213728,0.5313500590442646,False,0.168382165062881,0.1304408482142857,False,0.6663345025510204,0.879755538579068,0,d4e0b27e-79ad-4af1-bd49-6c7feaf3f84c,Lungenkarte
0.7157427342180717,0.6233099819906661,False,0.167298844876975,0.1052295918367346,False,0.6841517857142857,0.6604166666666667,0,d51472ae-a24e-4340-b468-54c883a12c41,Lagepriore
0.4269177486284801,0.3601006102076771,False,0.0974705657893454,0.1052295918367346,False,0.6841517857142857,0.6604166666666667,0,d51472ae-a24e-4340-b468-54c883a12c41,Lungenkarte
0.8270954381403975,0.7624214786154796,True,0.2484794141133366,0.1196588010204081,False,0.6456473214285714,0.985676215856096,0,d561ede1-9992-4d20-a935-53a32a8c05d1,Lagepriore
0.7788322021335893,0.64409155722155,False,0.1703420575556927,0.1196588010204081,False,0.6456473214285714,0.985676215856096,0,d561ede1-9992-4d20-a935-53a32a8c05d1,Lungenkarte
0.8864335883941755,0.7845020671350239,True,0.1021303025918489,0.0401785714285714,False,0.4274752869897959,1.0,0,d60cdcd8-66ee-4e89-bbcc-cdaed2895d84,Lagepriore
0.9126720095135924,0.7835820485975827,False,0.0906326429725816,0.0401785714285714,False,0.4274752869897959,1.0,0,d60cdcd8-66ee-4e89-bbcc-cdaed2895d84,Lungenkarte
0.9562334130947614,0.8752930468856367,False,0.142436690237729,0.0494260204081632,False,0.3465202487244898,0.9491935483870968,0,d654c576-805b-449b-94c2-8aa4cd115ea4,Lagepriore
0.8366045649665624,0.5151353937225953,False,0.1156941006909358,0.0494260204081632,False,0.3465202487244898,0.9491935483870968,0,d654c576-805b-449b-94c2-8aa4cd115ea4,Lungenkarte
0.8249612410902323,0.740339665068939,True,0.4931545518999847,0.2622369260204081,False,0.5031489158163265,0.8235294117647058,0,d6ea0603-0633-4cc8-8d36-f523370de74f,Lagepriore
0.804386772858705,0.69749401780735,True,0.4135169314742989,0.2622369260204081,False,0.5031489158163265,0.8235294117647058,0,d6ea0603-0633-4cc8-8d36-f523370de74f,Lungenkarte
0.8929106359532034,0.8465898807511858,True,0.1468257278005159,0.0570392219387755,False,0.6514867665816326,1.0,0,d6ec5711-f4f6-4548-8ea5-b002ecc19423,Lagepriore
0.8302372382176237,0.7307130389485492,False,0.0865540950823656,0.0570392219387755,False,0.6514867665816326,1.0,0,d6ec5711-f4f6-4548-8ea5-b002ecc19423,Lungenkarte
0.8511564455091781,0.7965548666136304,True,0.4290313141768386,0.2193877551020408,False,0.6470822704081632,0.9930959302325582,0,d72cd242-ad82-480f-acd1-e1b3a793cad2,Lagepriore
0.8879622009898921,0.8033909320701416,True,0.3266114620356188,0.2193877551020408,False,0.6470822704081632,0.9930959302325582,0,d72cd242-ad82-480f-acd1-e1b3a793cad2,Lungenkarte
0.9385786538335372,0.927467197428906,True,0.1868719994448489,0.0680205676020408,False,0.6373565051020408,0.998828010547905,0,d780acd3-4af3-48f2-a60a-0c56ff78de4e,Lagepriore
0.7380275477420196,0.5724601834119915,False,0.1014586139217604,0.0680205676020408,False,0.6373565051020408,0.998828010547905,0,d780acd3-4af3-48f2-a60a-0c56ff78de4e,Lungenkarte
0.7362909353626138,0.5951351259591227,False,0.093959428028133,0.0597895408163265,False,0.6468032525510204,1.0,0,d84a14db-b31a-45f6-83de-5323036f823c,Lagepriore
0.7636459993782149,0.6215441139856499,False,0.0870907120803075,0.0597895408163265,False,0.6468032525510204,1.0,0,d84a14db-b31a-45f6-83de-5323036f823c,Lungenkarte
0.8807750761273007,0.7988061635314687,True,0.3411739857529434,0.1533801020408163,False,0.5674824617346939,0.9919438669438668,0,d947215e-c4c5-4907-8d47-0735a0ba4fb9,Lagepriore
0.8776462113392728,0.7585500069896417,True,0.2573347521944901,0.1533801020408163,False,0.5674824617346939,0.9919438669438668,0,d947215e-c4c5-4907-8d47-0735a0ba4fb9,Lungenkarte
0.9293139175198888,0.8667956457659282,True,0.4468968781615937,0.1893734056122449,False,0.5666852678571429,0.9668490844032837,0,d9528d5b-b058-467c-accb-618c100f3696,Lagepriore
0.8351490834500754,0.6838799145281478,False,0.3040109697598272,0.1893734056122449,False,0.5666852678571429,0.9668490844032837,0,d9528d5b-b058-467c-accb-618c100f3696,Lungenkarte
0.915575448087037,0.903209716498347,True,0.1031465388147701,0.0375876913265306,False,0.6304009885204082,0.9411452810180276,0,d967c678-30f0-48b4-9563-167e746e972d,Lagepriore
0.6072896287387068,0.3988436419697175,False,0.0502667075412644,0.0375876913265306,False,0.6304009885204082,0.9411452810180276,0,d967c678-30f0-48b4-9563-167e746e972d,Lungenkarte
0.9510889705278812,0.922356786029177,True,0.0887020742907289,0.0295958227040816,False,0.6179846938775511,1.0,0,d9815385-9c37-4484-8785-92b3eed84586,Lagepriore
0.758474574806135,0.6020484400052872,False,0.0455379676421437,0.0295958227040816,False,0.6179846938775511,1.0,0,d9815385-9c37-4484-8785-92b3eed84586,Lungenkarte
0.9569793212558508,0.911686294399202,True,0.1395822270050696,0.0475326849489795,False,0.4003308354591837,0.519496855345912,0,da0d2a4e-46ff-43a7-866d-1608fe52b05f,Lagepriore
0.6053488312821897,0.3854404755053297,False,0.0593822065388468,0.0475326849489795,False,0.4003308354591837,0.519496855345912,0,da0d2a4e-46ff-43a7-866d-1608fe52b05f,Lungenkarte
0.9777091176805296,0.9691625460498235,True,0.1316125425205475,0.0420918367346938,False,0.714225924744898,1.0,0,dac8c857-7604-4b20-8e61-da616e78e75e,Lagepriore
0.8411670970035533,0.7736562085832379,False,0.0583173536027877,0.0420918367346938,False,0.714225924744898,1.0,0,dac8c857-7604-4b20-8e61-da616e78e75e,Lungenkarte
0.851450679287568,0.7725359097606017,False,0.2005042062456717,0.092235331632653,False,0.4183274872448979,0.4401469317199654,0,dae4e147-89d1-4110-bbeb-90ac76ede50a,Lagepriore
0.5128338661640793,0.4934756573381365,False,0.0922019791271031,0.092235331632653,False,0.4183274872448979,0.4401469317199654,0,dae4e147-89d1-4110-bbeb-90ac76ede50a,Lungenkarte
0.9640461053299136,0.9075612395734348,True,0.1008438487929947,0.0326849489795918,False,0.3549505739795918,1.0,0,db1fc476-1976-42f3-b442-1e37fcf45044,Lagepriore
0.9444888405689316,0.8334668989547038,True,0.089065456821154,0.0326849489795918,False,0.3549505739795918,1.0,0,db1fc476-1976-42f3-b442-1e37fcf45044,Lungenkarte
0.914872128023142,0.8417932426285576,False,0.0507455174550812,0.0188536352040816,False,0.5018335459183674,1.0,0,db67501e-2171-42de-8dcc-8a3373055c9d,Lagepriore
0.8581285088459528,0.7121693902003039,False,0.0363140861705411,0.0188536352040816,False,0.5018335459183674,1.0,0,db67501e-2171-42de-8dcc-8a3373055c9d,Lungenkarte
0.8273213229693318,0.7103720413548955,False,0.0748833299202311,0.0359933035714285,False,0.5733617665816326,1.0,0,db9618f5-8c95-4c76-b29f-652899c5a50b,Lagepriore
0.8898491658636328,0.802437738291048,False,0.0608437861330725,0.0359933035714285,False,0.5733617665816326,1.0,0,db9618f5-8c95-4c76-b29f-652899c5a50b,Lungenkarte
0.9123432165670334,0.8627961508367735,True,0.5774300759374096,0.2699896364795918,False,0.607780612244898,0.9678157525651436,0,dc9f5cb0-72b4-466f-a3a7-9e15fbdc16d5,Lagepriore
0.8652626079696737,0.7484498512260538,True,0.4130916246497548,0.2699896364795918,False,0.607780612244898,0.9678157525651436,0,dc9f5cb0-72b4-466f-a3a7-9e15fbdc16d5,Lungenkarte
0.8378606538193758,0.7259729511259343,False,0.1007976024629113,0.0452806122448979,False,0.5854392538265306,1.0,0,dcadb2f5-7f98-43ae-83d6-e9e554b170c0,Lagepriore
0.8124642082360143,0.6686684660317734,False,0.0747884641597609,0.0452806122448979,False,0.5854392538265306,1.0,0,dcadb2f5-7f98-43ae-83d6-e9e554b170c0,Lungenkarte
0.79432176284186,0.7072034130603421,True,0.1546056391981626,0.0760921556122449,False,0.3764548788265306,0.7084861183865898,0,dcba2f1b-d117-4c79-b329-6446bc21b45f,Lagepriore
0.756945979172139,0.5756347635281143,False,0.1381762501844144,0.0760921556122449,False,0.3764548788265306,0.7084861183865898,0,dcba2f1b-d117-4c79-b329-6446bc21b45f,Lungenkarte
0.5069718942837195,0.2735866101365483,False,0.0130489187343843,0.0182955994897959,False,0.5653898278061225,1.0,0,dcbc1eb6-52a1-41ab-862c-547f94f0ee05,Lagepriore
0.7737332029098312,0.5941065597651557,False,0.0305181649749024,0.0182955994897959,False,0.5653898278061225,1.0,0,dcbc1eb6-52a1-41ab-862c-547f94f0ee05,Lungenkarte
0.9544038487267872,0.8976533148179712,True,0.4333657136142046,0.1720742984693877,False,0.5408163265306123,1.0,0,ddb4f535-9e42-420a-9851-3fb6a06a0143,Lagepriore
0.9645589680766828,0.9204649557133942,True,0.3132749470962331,0.1720742984693877,False,0.5408163265306123,1.0,0,ddb4f535-9e42-420a-9851-3fb6a06a0143,Lungenkarte
0.8840181516416667,0.7815452981342595,False,0.1334143880175058,0.0557039221938775,False,0.3396245216836734,0.4504472271914132,0,de021bc5-eacc-4c73-a8c2-7f98d5467c52,Lagepriore
0.6046367362897932,0.4600050841645135,False,0.07167696429236,0.0557039221938775,False,0.3396245216836734,0.4504472271914132,0,de021bc5-eacc-4c73-a8c2-7f98d5467c52,Lungenkarte
0.921213035366744,0.891394160821759,True,0.1122919015371289,0.0412946428571428,False,0.6541772959183674,1.0,0,ded94391-8388-4a59-8e28-5c24729fe636,Lagepriore
0.7751630636837689,0.6483490322630866,False,0.0618135643627684,0.0412946428571428,False,0.6541772959183674,1.0,0,ded94391-8388-4a59-8e28-5c24729fe636,Lungenkarte
0.9331129632314612,0.9026473297980916,True,0.1721446377073627,0.0622608418367346,False,0.5480110012755102,0.9638284250960308,0,df13cd6b-0b39-40ee-811c-9df848963965,Lagepriore
0.7590585988281361,0.568038913268355,False,0.0999869097632015,0.0622608418367346,False,0.5480110012755102,0.9638284250960308,0,df13cd6b-0b39-40ee-811c-9df848963965,Lungenkarte
0.8801640391769827,0.8318824365609995,True,0.195251535096118,0.0803172831632653,False,0.7043606505102041,1.0,0,e00c1966-e9d7-4845-bd26-1865226786df,Lagepriore
0.8026118418625791,0.7093283788487215,False,0.1109347007860205,0.0803172831632653,False,0.7043606505102041,1.0,0,e00c1966-e9d7-4845-bd26-1865226786df,Lungenkarte
0.7707561976493038,0.6430079115722379,True,0.1989582941679709,0.1008848852040816,False,0.5292171556122449,0.9551560647965232,0,e01ef6c8-20f4-48a3-8917-686da0e5b454,Lagepriore
0.8159699015796796,0.6542677547330235,False,0.1759869051438255,0.1008848852040816,False,0.5292171556122449,0.9551560647965232,0,e01ef6c8-20f4-48a3-8917-686da0e5b454,Lungenkarte
0.8040544635047526,0.6821527726170628,False,0.0531929705857853,0.0269650829081632,False,0.6090561224489796,0.9630450849963044,0,e0227184-955d-4bfd-8eeb-0bc0b2a21a66,Lagepriore
0.5912557206394627,0.3374402059122439,False,0.0365286775314427,0.0269650829081632,False,0.6090561224489796,0.9630450849963044,0,e0227184-955d-4bfd-8eeb-0bc0b2a21a66,Lungenkarte
0.7472308336240981,0.6566771737616494,False,0.0846081926756913,0.0460379464285714,False,0.5985730229591837,1.0,0,e03b2ae0-a0a7-41d8-a6b1-dac421515a27,Lagepriore
0.8820042713035652,0.7962864000809463,False,0.0760597540005371,0.0460379464285714,False,0.5985730229591837,1.0,0,e03b2ae0-a0a7-41d8-a6b1-dac421515a27,Lungenkarte
0.9473959401270596,0.901275892487389,True,0.3606134783098298,0.1401466836734693,False,0.4175701530612244,0.8668941979522184,0,e06102ad-7339-48f1-a201-4ce35fa2f191,Lagepriore
0.8595769686909273,0.7593851212232356,True,0.2787232577447245,0.1401466836734693,False,0.4175701530612244,0.8668941979522184,0,e06102ad-7339-48f1-a201-4ce35fa2f191,Lungenkarte
0.9055501886735448,0.8531949019467702,True,0.1223590873901199,0.0457389987244898,False,0.6034359056122449,1.0,0,e06b4382-9140-4fff-817b-47026d28a98d,Lagepriore
0.9288463151133718,0.8782510342997698,True,0.0754486803071745,0.0457389987244898,False,0.6034359056122449,1.0,0,e06b4382-9140-4fff-817b-47026d28a98d,Lungenkarte
0.9566253609646052,0.9269483884046372,True,0.1497684748668734,0.0508808992346938,False,0.546257174744898,1.0,0,e07110c1-7afa-45b3-8de5-901f0a96e394,Lagepriore
0.9273105026759864,0.8607982212561983,True,0.0914471022977406,0.0508808992346938,False,0.546257174744898,1.0,0,e07110c1-7afa-45b3-8de5-901f0a96e394,Lungenkarte
0.5588067437694273,0.3760489334053093,False,0.0238138511664245,0.0279815051020408,False,0.6423588966836735,1.0,0,e078fb2c-acf6-43bf-8cd0-540bbb460947,Lagepriore
0.7968826194703748,0.6787554052451708,False,0.0424020091150754,0.0279815051020408,False,0.6423588966836735,1.0,0,e078fb2c-acf6-43bf-8cd0-540bbb460947,Lungenkarte
0.843204820950222,0.7523336515291275,False,0.2492380859161355,0.1225685586734693,False,0.5757732780612245,1.0,0,e0cc9552-af6e-4b2e-8744-78689b0f2aaf,Lagepriore
0.9182707908371956,0.8419956703920601,True,0.2086188757551432,0.1225685586734693,False,0.5757732780612245,1.0,0,e0cc9552-af6e-4b2e-8744-78689b0f2aaf,Lungenkarte
0.8735316610858843,0.6837580532441021,True,0.1213606868606758,0.0502032844387755,False,0.3942123724489796,1.0,0,e178c7c6-a213-4023-a125-45cf59949b20,Lagepriore
0.9302062242894992,0.8075203391942114,False,0.1226638590070908,0.0502032844387755,False,0.3942123724489796,1.0,0,e178c7c6-a213-4023-a125-45cf59949b20,Lungenkarte
0.927409529549722,0.8823642413630288,True,0.3306417845458808,0.1305604272959183,False,0.6181242028061225,0.9928255228209434,0,e2afc0f1-dd1f-4de6-8e82-8cb89e1d7463,Lagepriore
0.8812383017269395,0.795873352893294,True,0.2028646489144095,0.1305604272959183,False,0.6181242028061225,0.9928255228209434,0,e2afc0f1-dd1f-4de6-8e82-8cb89e1d7463,Lungenkarte
0.9460343405240348,0.8726858856980727,True,0.077083425640398,0.025829081632653,False,0.4099968112244898,1.0,0,e41fdc8f-1cbd-4acd-94be-6a27df3b750c,Lagepriore
0.9405179019291386,0.8491655450454605,True,0.0615068183332546,0.025829081632653,False,0.4099968112244898,1.0,0,e41fdc8f-1cbd-4acd-94be-6a27df3b750c,Lungenkarte
0.9303378392815426,0.8474169717889576,True,0.3371017279541946,0.1351841517857142,False,0.3231624681122449,0.9103641456582632,0,e48a77e5-d627-41c2-b82d-30677644e885,Lagepriore
0.94354417121957,0.8660167104859913,True,0.3690332672807738,0.1351841517857142,False,0.3231624681122449,0.9103641456582632,0,e48a77e5-d627-41c2-b82d-30677644e885,Lungenkarte
0.8837634999084752,0.7765262643072703,False,0.107724244689071,0.0443040497448979,False,0.5378268494897959,1.0,0,e6141d8f-fb9e-455c-8638-e081cc656aa9,Lagepriore
0.89529126299341,0.7972441907174753,False,0.0807258815659259,0.0443040497448979,False,0.5378268494897959,1.0,0,e6141d8f-fb9e-455c-8638-e081cc656aa9,Lungenkarte
0.9031248229353634,0.823206516267001,True,0.1183174763024123,0.0453204719387755,False,0.5052614795918368,1.0,0,e6dc5d04-2f76-425f-99d7-cae3aa095122,Lagepriore
0.9128951095807708,0.8192630334829464,False,0.0875978606163244,0.0453204719387755,False,0.5052614795918368,1.0,0,e6dc5d04-2f76-425f-99d7-cae3aa095122,Lungenkarte
0.7839207018350965,0.7652650804316956,True,0.352840590704686,0.1956712372448979,False,0.9331752232142856,0.9991851700957424,0,e72b1ec4-c97b-4328-99c3-54f518823c2b,Lagepriore
0.5834260590671324,0.5462539073179594,False,0.2079448762469984,0.1956712372448979,False,0.9331752232142856,0.9991851700957424,0,e72b1ec4-c97b-4328-99c3-54f518823c2b,Lungenkarte
0.7579961907247712,0.6558812250664393,False,0.0605272279951456,0.0333625637755102,False,0.3075972576530612,0.553763440860215,0,e79c364c-a4a4-4201-b5fc-4b46701b5cf4,Lagepriore
0.6926578721433208,0.4079437453436346,False,0.0535570660678537,0.0333625637755102,False,0.3075972576530612,0.553763440860215,0,e79c364c-a4a4-4201-b5fc-4b46701b5cf4,Lungenkarte
0.8741551835309462,0.7838358112680632,False,0.113970370871461,0.0480110012755102,False,0.5407366071428571,0.9256953092569532,0,e7a47a98-2dd9-45af-9818-1ebd88cfb700,Lagepriore
0.7678020008272654,0.6151743804322811,False,0.0775115817576645,0.0480110012755102,False,0.5407366071428571,0.9256953092569532,0,e7a47a98-2dd9-45af-9818-1ebd88cfb700,Lungenkarte
0.957209584462762,0.9214078312538828,True,0.2945602045666088,0.1077606823979591,False,0.5935507015306123,1.0,0,e7a937f4-f744-45b4-93df-f92786e4d6d6,Lagepriore
0.9032079240972904,0.8223654768509956,True,0.1779021291891528,0.1077606823979591,False,0.5935507015306123,1.0,0,e7a937f4-f744-45b4-93df-f92786e4d6d6,Lungenkarte
0.8627011673760081,0.7199206850496529,False,0.1631385138640738,0.0705915178571428,False,0.4557158801020408,1.0,0,e81a17d3-0c93-47fd-8cab-4ca7914ad86e,Lagepriore
0.8808916241368958,0.7125595114883047,True,0.1439891615237336,0.0705915178571428,False,0.4557158801020408,1.0,0,e81a17d3-0c93-47fd-8cab-4ca7914ad86e,Lungenkarte
0.8827721257601183,0.8717417014828872,False,0.0727132233588714,0.0290178571428571,False,0.9164939413265306,1.0,0,e82c631b-0acb-436f-8050-fcbe1461d553,Lagepriore
0.3391084144201447,0.2772297444863692,False,0.0310852745465681,0.0290178571428571,False,0.9164939413265306,1.0,0,e82c631b-0acb-436f-8050-fcbe1461d553,Lungenkarte
0.8129598884941849,0.745355864352675,False,0.1956538364023991,0.0946667729591836,False,0.4727758290816326,0.8191578947368421,0,e85b9e5a-ea0c-4fcd-8e7f-2f8699923099,Lagepriore
0.7660457632656467,0.6378000698034085,True,0.1553362009168016,0.0946667729591836,False,0.4727758290816326,0.8191578947368421,0,e85b9e5a-ea0c-4fcd-8e7f-2f8699923099,Lungenkarte
0.9103050370404406,0.7714027936094674,False,0.122926565458118,0.0477120535714285,False,0.3971619897959184,0.993734335839599,0,e8ffe2e2-7ded-4a59-b7cd-399940e5f3f1,Lagepriore
0.8825597489601111,0.685402005711696,False,0.1129829693691931,0.0477120535714285,False,0.3971619897959184,0.993734335839599,0,e8ffe2e2-7ded-4a59-b7cd-399940e5f3f1,Lungenkarte
0.961472097612581,0.9204546203534058,True,0.0727179584407355,0.0236766581632653,False,0.4716398278061224,1.0,0,e94d8646-1703-44db-9062-c9b305e238f0,Lagepriore
0.9099716133326404,0.8038000386178524,False,0.0489864806940528,0.0236766581632653,False,0.4716398278061224,1.0,0,e94d8646-1703-44db-9062-c9b305e238f0,Lungenkarte
0.9089201039520152,0.8592523553251269,True,0.4793189715497745,0.2176937181122449,False,0.6547552614795918,0.9967042021422686,0,eab6d0b6-1bba-4c26-a208-507c54d14016,Lagepriore
0.8542784159658133,0.7441575518386127,True,0.3175321298080918,0.2176937181122449,False,0.6547552614795918,0.9967042021422686,0,eab6d0b6-1bba-4c26-a208-507c54d14016,Lungenkarte
0.8543754811544823,0.7875522448605713,False,0.0815614044966127,0.03515625,False,0.6395288584183674,1.0,0,eb061685-c06f-400c-ab24-a7f702684c02,Lagepriore
0.8635635820882099,0.7821876384519183,False,0.0542056813601284,0.03515625,False,0.6395288584183674,1.0,0,eb061685-c06f-400c-ab24-a7f702684c02,Lungenkarte
0.6386869034875985,0.6041429817454284,True,0.5054602668776241,0.3848054846938775,False,0.4739915497448979,0.618603687590636,0,eb91a618-122c-4de4-88ab-eb534c3ef4c5,Lagepriore
0.6451310389361771,0.6931413769650152,True,0.4888268230589558,0.3848054846938775,False,0.4739915497448979,0.618603687590636,0,eb91a618-122c-4de4-88ab-eb534c3ef4c5,Lungenkarte
0.9326394691480344,0.8474934179028124,True,0.4270211758987163,0.1796875,False,0.5281409438775511,0.9958961845607808,0,eba26223-cd3f-4b8b-a4b8-3ebc3922da4f,Lagepriore
0.9445862198980238,0.8752072600782582,True,0.3276392402728261,0.1796875,False,0.5281409438775511,0.9958961845607808,0,eba26223-cd3f-4b8b-a4b8-3ebc3922da4f,Lungenkarte
0.9249897438991448,0.8357157401338159,True,0.4122023735497362,0.1753029336734693,False,0.5120176977040817,0.9149613460663938,0,ebad82a7-09e7-404e-9467-31303b3967a6,Lagepriore
0.8495610839410066,0.7468964799031014,False,0.299399224174558,0.1753029336734693,False,0.5120176977040817,0.9149613460663938,0,ebad82a7-09e7-404e-9467-31303b3967a6,Lungenkarte
0.933482330004188,0.7630735178455808,True,0.3665655006842341,0.1471819196428571,False,0.2484654017857142,0.8598510494245092,0,ebc03c6f-4bed-4b0b-a283-f0624a9955cd,Lagepriore
0.9332232999026444,0.7702544477183119,False,0.4583676872879879,0.1471819196428571,False,0.2484654017857142,0.8598510494245092,0,ebc03c6f-4bed-4b0b-a283-f0624a9955cd,Lungenkarte
0.8902126365720501,0.8314994600675376,True,0.1686920757960373,0.0676020408163265,False,0.6410833864795918,1.0,0,ebc9f06f-c73b-4eff-9f07-beabd1331273,Lagepriore
0.8947662187312466,0.8289560605625953,True,0.1043129374669881,0.0676020408163265,False,0.6410833864795918,1.0,0,ebc9f06f-c73b-4eff-9f07-beabd1331273,Lungenkarte
0.9455589309571182,0.8434483165085577,True,0.185473901949553,0.0659877232142857,False,0.3359175701530612,1.0,0,ebd9a666-b3ff-407c-9d50-9af3a285304f,Lagepriore
0.9590570994015822,0.8584505741034334,True,0.1897933127363204,0.0659877232142857,False,0.3359175701530612,1.0,0,ebd9a666-b3ff-407c-9d50-9af3a285304f,Lungenkarte
0.9499858576970164,0.9181892744513876,True,0.5778351656781359,0.2547233737244898,False,0.4186662946428571,0.8580705735075502,0,ebdce693-283b-462c-825e-a182c6063a85,Lagepriore
0.8862974364890708,0.7764957131445042,True,0.4929497984063981,0.2547233737244898,False,0.4186662946428571,0.8580705735075502,0,ebdce693-283b-462c-825e-a182c6063a85,Lungenkarte
0.912682285245401,0.8524115927750995,False,0.094672747936197,0.0359933035714285,False,0.5459781568877551,0.9446290143964564,0,ec4cf99b-0d23-4aa5-abac-3f8ae0257eb9,Lagepriore
0.7378149203342361,0.5475929000497748,False,0.0573241652791035,0.0359933035714285,False,0.5459781568877551,0.9446290143964564,0,ec4cf99b-0d23-4aa5-abac-3f8ae0257eb9,Lungenkarte
0.9795674862206591,0.9537819434756164,True,0.1030312386044058,0.0322265625,False,0.4200813137755102,1.0,0,ec53eccf-e4e5-4151-b50b-d103e799a1f2,Lagepriore
0.8763642066649012,0.6919736909716869,False,0.0713381837234709,0.0322265625,False,0.4200813137755102,1.0,0,ec53eccf-e4e5-4151-b50b-d103e799a1f2,Lungenkarte
0.8893968857857626,0.7248032161189918,True,0.2073501674405924,0.0854990433673469,False,0.3703364158163265,0.9972027972027973,0,ec910555-f698-4536-aff7-7fa9d3405d60,Lagepriore
0.9445999241862904,0.82490302081405,True,0.2173029543899662,0.0854990433673469,False,0.3703364158163265,0.9972027972027973,0,ec910555-f698-4536-aff7-7fa9d3405d60,Lungenkarte
0.9362846911199482,0.8726871859090835,False,0.1949753721926168,0.0732421875,False,0.5370495854591837,1.0,0,ecb5a45c-314e-478f-946f-ac620738c00b,Lagepriore
0.9073320433310847,0.8149626306349285,True,0.1335891024521471,0.0732421875,False,0.5370495854591837,1.0,0,ecb5a45c-314e-478f-946f-ac620738c00b,Lungenkarte
0.8786359403604589,0.8186094368403065,True,0.3342669153598259,0.1507493622448979,False,0.5044842155612245,0.8347435219460603,0,ecfa4360-af4d-4bd7-ae2f-b1f56a623dfe,Lagepriore
0.7427835274353118,0.5777699559833793,False,0.2340362189126178,0.1507493622448979,False,0.5044842155612245,0.8347435219460603,0,ecfa4360-af4d-4bd7-ae2f-b1f56a623dfe,Lungenkarte
0.7685162442736335,0.5950490151951269,False,0.2420509592511601,0.1407047193877551,False,0.5012755102040817,0.986827195467422,0,ed20cdc6-e8f7-4551-a8d5-6b360b3f9c71,Lagepriore
0.902231545074924,0.7824109329740555,True,0.2637185674531067,0.1407047193877551,False,0.5012755102040817,0.986827195467422,0,ed20cdc6-e8f7-4551-a8d5-6b360b3f9c71,Lungenkarte
0.9855954097834214,0.9462610065138372,True,0.0622375541929108,0.0188337053571428,False,0.2758091517857143,1.0,0,ee3d45f9-5a4c-421d-a171-be0d8129e43d,Lagepriore
0.9623860261832272,0.8563848654433422,False,0.0666701348745588,0.0188337053571428,False,0.2758091517857143,1.0,0,ee3d45f9-5a4c-421d-a171-be0d8129e43d,Lungenkarte
0.9201228900569705,0.7596222606738698,False,0.1351707238383618,0.0514987244897959,False,0.3392259247448979,0.936532507739938,0,eeb9b9e9-1502-49c0-b622-94f43a0b07c8,Lagepriore
0.9003341035866267,0.7338747176266088,False,0.1333987886390576,0.0514987244897959,False,0.3392259247448979,0.936532507739938,0,eeb9b9e9-1502-49c0-b622-94f43a0b07c8,Lungenkarte
0.8867667963728253,0.7463214283093714,False,0.2556148751930668,0.1119658801020408,False,0.471859056122449,0.9914560341758633,0,eec6148f-5a8e-48e0-967f-3f59f14c562f,Lagepriore
0.878759057498444,0.7095832868122909,True,0.2204636522330828,0.1119658801020408,False,0.471859056122449,0.9914560341758633,0,eec6148f-5a8e-48e0-967f-3f59f14c562f,Lungenkarte
0.8229291590679302,0.7534815451711789,False,0.1517153993812759,0.0727439413265306,False,0.6514070471938775,0.998082191780822,0,ef7c58ec-8b59-4406-952e-9d54c34e6276,Lagepriore
0.7762698187903774,0.6439365655612533,True,0.1062808195264285,0.0727439413265306,False,0.6514070471938775,0.998082191780822,0,ef7c58ec-8b59-4406-952e-9d54c34e6276,Lungenkarte
0.965318180227519,0.9344328629121276,True,0.1330823245356698,0.0441246811224489,False,0.5269052933673469,1.0,0,ef8c6816-f060-479b-a122-fea344b21221,Lagepriore
0.9173710126659668,0.8363997898565512,True,0.0821766861435244,0.0441246811224489,False,0.5269052933673469,1.0,0,ef8c6816-f060-479b-a122-fea344b21221,Lungenkarte
0.969710444490634,0.9525288933705108,True,0.1832448957201181,0.061344068877551,False,0.6405253507653061,1.0,0,f002b136-7acc-42e3-b989-071c6266fd60,Lagepriore
0.8866124705730887,0.8163743606774208,False,0.0942949809809853,0.061344068877551,False,0.6405253507653061,1.0,0,f002b136-7acc-42e3-b989-071c6266fd60,Lungenkarte
0.8482248195486503,0.8966808599212753,False,0.1594501690884736,0.0714285714285714,False,0.3243582589285714,0.353515625,0,f0163438-7fad-4c43-b49d-ae23beea475c,Lagepriore
0.5780075588256262,0.5651593025682278,False,0.0791818295125769,0.0714285714285714,False,0.3243582589285714,0.353515625,0,f0163438-7fad-4c43-b49d-ae23beea475c,Lungenkarte
0.9069097184622356,0.8028742968399522,False,0.1675587505857711,0.0661272321428571,False,0.4741509885204081,1.0,0,f0ba0019-718f-4677-a723-05c27dba2f3e,Lagepriore
0.8593008622025052,0.6785477274984295,False,0.1326885636997656,0.0661272321428571,False,0.4741509885204081,1.0,0,f0ba0019-718f-4677-a723-05c27dba2f3e,Lungenkarte
0.9000602757776482,0.8449644669791366,True,0.4383183360168034,0.1996372767857142,False,0.5072743941326531,0.8570430268543476,0,f0db2967-6ff4-4d56-b697-8440b9cda138,Lagepriore
0.825439552631042,0.7876291037925229,True,0.3238669169913444,0.1996372767857142,False,0.5072743941326531,0.8570430268543476,0,f0db2967-6ff4-4d56-b697-8440b9cda138,Lungenkarte
0.954682313039444,0.8723474439161463,True,0.4283349881505847,0.1695033482142857,False,0.4352877869897959,0.9835390946502056,0,f12d7b12-0398-4533-8f55-8772cc434945,Lagepriore
0.9441383612859112,0.8466489140021258,True,0.3640249025658646,0.1695033482142857,False,0.4352877869897959,0.9835390946502056,0,f12d7b12-0398-4533-8f55-8772cc434945,Lungenkarte
0.9321286616240688,0.8278263842543309,False,0.2146595389339768,0.0822704081632653,False,0.4057716836734694,0.8844476744186046,0,f146bd0b-415f-45eb-b0c5-16d34a47c486,Lagepriore
0.8254972282461577,0.6291892381354646,False,0.1667697522914057,0.0822704081632653,False,0.4057716836734694,0.8844476744186046,0,f146bd0b-415f-45eb-b0c5-16d34a47c486,Lungenkarte
0.9760258072749562,0.9549594214991572,True,0.498425032528678,0.1954320790816326,False,0.5324657206632653,0.9710381399143382,0,f1c18d3e-a250-451d-8ed6-47b85a28bfd3,Lagepriore
0.9198904195946824,0.84560979642253,True,0.3439062767546191,0.1954320790816326,False,0.5324657206632653,0.9710381399143382,0,f1c18d3e-a250-451d-8ed6-47b85a28bfd3,Lungenkarte
0.9107198546409596,0.8435323279501459,False,0.3316563108104,0.1414022640306122,False,0.5679408482142857,0.9992952783650458,0,f1c3f262-dcfd-4904-b108-38d3479e3201,Lagepriore
0.9150732974460372,0.8299772302048755,False,0.2425061620583986,0.1414022640306122,False,0.5679408482142857,0.9992952783650458,0,f1c3f262-dcfd-4904-b108-38d3479e3201,Lungenkarte
0.9600067283391308,0.911328514748362,False,0.0567712763258932,0.0186543367346938,False,0.333625637755102,0.9807692307692308,0,f1dfdb40-da03-4577-95a1-da4b170613d1,Lagepriore
0.8664929796149333,0.5985329299348499,False,0.0489140258039527,0.0186543367346938,False,0.333625637755102,0.9807692307692308,0,f1dfdb40-da03-4577-95a1-da4b170613d1,Lungenkarte
0.9683330711497086,0.9458418303936704,True,0.3078630838048196,0.1109295280612244,False,0.6307796556122449,1.0,0,f2a78be0-4397-4b01-8357-c2596406edd1,Lagepriore
0.8981496541713415,0.8259863769409018,False,0.1724021428409211,0.1109295280612244,False,0.6307796556122449,1.0,0,f2a78be0-4397-4b01-8357-c2596406edd1,Lungenkarte
0.902798923617555,0.7935083053478176,False,0.1238020633536429,0.048828125,False,0.4612962372448979,0.9510204081632652,0,f454d325-7967-4c13-ab5f-139dc0f1ecbf,Lagepriore
0.7728832014723502,0.5140957723177615,False,0.0903257192307939,0.048828125,False,0.4612962372448979,0.9510204081632652,0,f454d325-7967-4c13-ab5f-139dc0f1ecbf,Lungenkarte
0.8692830032651296,0.8470214036103639,True,0.5337352084916237,0.2751913265306122,False,0.6448700573979592,0.9664687137891078,0,f4b5f778-32f9-4197-b765-2347e3a4973d,Lagepriore
0.8556482044033337,0.7622980914737686,True,0.3945621565034527,0.2751913265306122,False,0.6448700573979592,0.9664687137891078,0,f4b5f778-32f9-4197-b765-2347e3a4973d,Lungenkarte
0.9297072966614912,0.8312468245202354,False,0.152511136721499,0.0570392219387755,False,0.3666493941326531,0.8438155136268344,0,f4c7d67e-1025-46e0-bba5-cee068b8bd6c,Lagepriore
0.8095094803094789,0.5753643656567055,False,0.1214704868820416,0.0570392219387755,False,0.3666493941326531,0.8438155136268344,0,f4c7d67e-1025-46e0-bba5-cee068b8bd6c,Lungenkarte
0.9582282133261733,0.8984562872417995,False,0.0928248664576511,0.0309111926020408,False,0.4276546556122449,1.0,0,f4ed7de6-fcbb-425f-9a20-9ef2dda05d78,Lagepriore
0.9394773220362018,0.8521668148897531,False,0.0706667154788768,0.0309111926020408,False,0.4276546556122449,1.0,0,f4ed7de6-fcbb-425f-9a20-9ef2dda05d78,Lungenkarte
0.6624190030747501,0.5099680425427217,False,0.0396481267670507,0.0312101403061224,False,0.6592594068877551,1.0,0,f5926c42-623f-4a7d-9214-bf9f0964e9fd,Lagepriore
0.7658263781661478,0.6390062156431701,False,0.0455530092600942,0.0312101403061224,False,0.6592594068877551,1.0,0,f5926c42-623f-4a7d-9214-bf9f0964e9fd,Lungenkarte
0.9537606013762798,0.8439024659410272,True,0.2754238651434662,0.101383131377551,False,0.2955994897959184,0.9846667977196776,0,f59ae80d-d98e-465f-963a-1064764211f8,Lagepriore
0.954014032827624,0.8042636254843084,False,0.3091865070704216,0.101383131377551,False,0.2955994897959184,0.9846667977196776,0,f59ae80d-d98e-465f-963a-1064764211f8,Lungenkarte
0.8635496240123806,0.7706005082788983,False,0.1389582694000819,0.060985331632653,False,0.6192602040816326,1.0,0,f5a9f284-5c9b-4eb1-8c03-aa2bf65bb9e6,Lagepriore
0.8519170007052542,0.7515365788611603,True,0.0941088615816281,0.060985331632653,False,0.6192602040816326,1.0,0,f5a9f284-5c9b-4eb1-8c03-aa2bf65bb9e6,Lungenkarte
0.9197520812976872,0.8459691697042626,True,0.4626954038022879,0.2051578443877551,False,0.469547193877551,0.9847483971245384,0,f5b0cb30-2b64-47f3-a9ad-66eba87fc724,Lagepriore
0.9490468443010436,0.8659027216282428,True,0.4092266729061897,0.2051578443877551,False,0.469547193877551,0.9847483971245384,0,f5b0cb30-2b64-47f3-a9ad-66eba87fc724,Lungenkarte
0.7680706830090329,0.6856163334703048,False,0.1093058807317612,0.060985331632653,False,0.6627471301020408,0.931045751633987,0,f5b9e64c-e373-4ccb-806c-850c5a38dad6,Lagepriore
0.6484173395990538,0.5037319170027607,False,0.0796599340311939,0.060985331632653,False,0.6627471301020408,0.931045751633987,0,f5b9e64c-e373-4ccb-806c-850c5a38dad6,Lungenkarte
0.5628144778703742,0.4671001079055195,False,0.0873282837394236,0.0837252869897959,False,0.4236088966836734,0.7555343965722447,0,f5cb4b26-5821-4b91-90a0-629f4f0cbd2f,Lagepriore
0.7206767440207859,0.7667911955536361,False,0.143816748948502,0.0837252869897959,False,0.4236088966836734,0.7555343965722447,0,f5cb4b26-5821-4b91-90a0-629f4f0cbd2f,Lungenkarte
0.9686273614218754,0.9380637150110438,True,0.3644545043018332,0.1342474489795918,False,0.3910036670918367,0.8197743467933492,0,f5ff6567-9b99-4070-9b62-51b336336859,Lagepriore
0.8240973810219026,0.6453546606007629,False,0.2634126000683957,0.1342474489795918,False,0.3910036670918367,0.8197743467933492,0,f5ff6567-9b99-4070-9b62-51b336336859,Lungenkarte
0.8462441717115913,0.7899623642799919,True,0.2162947872269029,0.0975964604591836,False,0.5924944196428571,0.9309781498876863,0,f6077569-6aa3-4132-856b-6bdcbdd70cd6,Lagepriore
0.7597312405152358,0.6281068771833872,True,0.1438734339276868,0.0975964604591836,False,0.5924944196428571,0.9309781498876863,0,f6077569-6aa3-4132-856b-6bdcbdd70cd6,Lungenkarte
0.9428593059219224,0.8823697070096013,True,0.1692229883079352,0.0605070153061224,False,0.4585658482142857,1.0,0,f630809e-2498-44af-beaa-dda23a36cf20,Lagepriore
0.9547553701501932,0.8932142466770192,True,0.1293204286306842,0.0605070153061224,False,0.4585658482142857,1.0,0,f630809e-2498-44af-beaa-dda23a36cf20,Lungenkarte
0.9412705905393628,0.8680934724641798,True,0.138857279846676,0.048828125,False,0.3346619897959184,0.9448979591836736,0,f655a822-225d-4fe0-a69f-0886f91c5f2b,Lagepriore
0.9054961185748238,0.7379153437843091,False,0.1290954144129911,0.048828125,False,0.3346619897959184,0.9448979591836736,0,f655a822-225d-4fe0-a69f-0886f91c5f2b,Lungenkarte
0.9419083022377112,0.8120095786741718,True,0.5690758206381651,0.2551817602040816,False,0.4510124362244898,0.9837550765385816,0,f73629d1-43c0-4ce9-91c4-28081f532e1f,Lagepriore
0.966649879385867,0.8955423622243913,True,0.5221507692611289,0.2551817602040816,False,0.4510124362244898,0.9837550765385816,0,f73629d1-43c0-4ce9-91c4-28081f532e1f,Lungenkarte
0.8036433509995292,0.7217827996594218,True,0.3140417344661362,0.1558514030612245,False,0.6232661033163265,0.9975703324808184,0,f7379744-be39-44b2-8816-a743857bd6a6,Lagepriore
0.8691232731621557,0.7661384961526353,False,0.2442790845638393,0.1558514030612245,False,0.6232661033163265,0.9975703324808184,0,f7379744-be39-44b2-8816-a743857bd6a6,Lungenkarte
0.8258146840036945,0.7529577762481836,False,0.107320286066651,0.0517578125,False,0.426937181122449,0.3369272237196765,0,f73ff426-6e28-476e-82c6-31d3603a1cc3,Lagepriore
0.4617240201435283,0.3300162554144157,False,0.0426417211830691,0.0517578125,False,0.426937181122449,0.3369272237196765,0,f73ff426-6e28-476e-82c6-31d3603a1cc3,Lungenkarte
0.8301156381249365,0.7668551037637555,False,0.3248709592916423,0.1677694515306122,False,0.773796237244898,1.0,0,f7793f41-fe23-4e09-8bef-6394b56bed37,Lagepriore
0.8475767333258527,0.790818900726316,False,0.2130431257463564,0.1677694515306122,False,0.773796237244898,1.0,0,f7793f41-fe23-4e09-8bef-6394b56bed37,Lungenkarte
0.8316536476371436,0.7549021837109604,True,0.7096422691957046,0.4387954400510204,False,0.472476881377551,0.7802607076350093,0,f7bd2b79-ca7e-4787-9d78-7041d7aa7498,Lagepriore
0.8558678349241132,0.8220135194845736,True,0.6814066968899216,0.4387954400510204,False,0.472476881377551,0.7802607076350093,0,f7bd2b79-ca7e-4787-9d78-7041d7aa7498,Lungenkarte
0.8979148518770164,0.826497301962941,False,0.1475217644447942,0.0595902423469387,False,0.5119180484693877,0.7795986622073579,0,f854d6cf-8297-4894-80fe-90f9a11d0cb0,Lagepriore
0.6648712481608753,0.4950746966803486,False,0.0850449964295156,0.0595902423469387,False,0.5119180484693877,0.7795986622073579,0,f854d6cf-8297-4894-80fe-90f9a11d0cb0,Lungenkarte
0.9458548356768276,0.918090806433154,True,0.4224151645519583,0.1705197704081632,False,0.546257174744898,0.994389901823282,0,f86a02d1-4ee2-4578-b001-a03952254643,Lagepriore
0.9148053590006784,0.8182278087340349,True,0.2970031012227338,0.1705197704081632,False,0.546257174744898,0.994389901823282,0,f86a02d1-4ee2-4578-b001-a03952254643,Lungenkarte
0.9107218337406838,0.8664454049791903,True,0.2342171991483491,0.0920161033163265,False,0.6410634566326531,1.0,0,f9883384-de94-4687-8c57-69d2e4a37c82,Lagepriore
0.7975700886363354,0.6658292708493743,False,0.1385842540258268,0.0920161033163265,False,0.6410634566326531,1.0,0,f9883384-de94-4687-8c57-69d2e4a37c82,Lungenkarte
0.9568669557969548,0.8867531820415214,True,0.4942204016273003,0.2026068239795918,False,0.4546595982142857,0.9104859335038364,0,f9948c5e-f97b-45a2-a5f5-236cf83fdc13,Lagepriore
0.9031821537533186,0.8346522587590575,True,0.3876217710932376,0.2026068239795918,False,0.4546595982142857,0.9104859335038364,0,f9948c5e-f97b-45a2-a5f5-236cf83fdc13,Lungenkarte
0.7189525386260905,0.5839870675181715,False,0.0984202028002713,0.0641741071428571,False,0.5945870535714286,0.9972049689440994,0,f9a49f40-36ba-4993-976c-116c12cf166f,Lagepriore
0.8073588879823532,0.662043815293167,False,0.1042358235236062,0.0641741071428571,False,0.5945870535714286,0.9972049689440994,0,f9a49f40-36ba-4993-976c-116c12cf166f,Lungenkarte
0.9325342229566582,0.8967842861382164,True,0.3061707772194355,0.119579081632653,False,0.6313775510204082,0.9688333333333332,0,f9ccffe6-0f7b-43d7-9962-84888673fb57,Lagepriore
0.823856388838585,0.7287082100446187,True,0.1766662099079052,0.119579081632653,False,0.6313775510204082,0.9688333333333332,0,f9ccffe6-0f7b-43d7-9962-84888673fb57,Lungenkarte
0.9847354935700452,0.9681484458783536,True,0.5202142505971326,0.2022082270408163,False,0.5098652742346939,0.9785136999802878,0,fb10f71b-fd9d-43cc-a310-c5b48b7d22c8,Lagepriore
0.930354766942731,0.8469725813786442,True,0.3736012870699969,0.2022082270408163,False,0.5098652742346939,0.9785136999802878,0,fb10f71b-fd9d-43cc-a310-c5b48b7d22c8,Lungenkarte
0.896925617107738,0.733834018541157,True,0.2593280793047818,0.1077407525510204,False,0.3818957270408163,0.9850166481687016,0,fb8167ad-76f8-4f75-a422-90304c82f9d7,Lagepriore
0.9438978695814536,0.8324977224770899,True,0.2640596147121575,0.1077407525510204,False,0.3818957270408163,0.9850166481687016,0,fb8167ad-76f8-4f75-a422-90304c82f9d7,Lungenkarte
0.8990218075553527,0.8340331480229758,True,0.4707205680566631,0.2206632653061224,False,0.6893534757653061,0.9972904624277455,0,fc7276ad-47d1-451e-bf68-c4e2db43b6a5,Lagepriore
0.9072385913390584,0.8493780762129719,False,0.3112599516428522,0.2206632653061224,False,0.6893534757653061,0.9972904624277455,0,fc7276ad-47d1-451e-bf68-c4e2db43b6a5,Lungenkarte
0.9686746857358354,0.9352337933277348,False,0.2246034275430999,0.0783242984693877,False,0.4554567920918367,0.95852417302799,0,fcb9ac7c-e587-48e2-932d-ce270d6d66b8,Lagepriore
0.8799939206625834,0.7486370355954679,False,0.1565653960874541,0.0783242984693877,False,0.4554567920918367,0.95852417302799,0,fcb9ac7c-e587-48e2-932d-ce270d6d66b8,Lungenkarte
0.914902555167638,0.8871915834225043,True,0.4790554357017108,0.2121930803571428,False,0.7359095982142857,0.998121536583075,0,fcd159f4-21d3-4169-a94b-95a2b5ccddcb,Lagepriore
0.8378734728221084,0.7585737445668631,False,0.2813219849235872,0.2121930803571428,False,0.7359095982142857,0.998121536583075,0,fcd159f4-21d3-4169-a94b-95a2b5ccddcb,Lungenkarte
0.8286338044997867,0.7280447694606815,False,0.0919729651924549,0.0437061543367346,False,0.6408442283163265,1.0,0,fd301529-5fda-4251-b01d-b879cdc0bbe5,Lagepriore
0.805916380420452,0.689837032668801,False,0.0655225271827579,0.0437061543367346,False,0.6408442283163265,1.0,0,fd301529-5fda-4251-b01d-b879cdc0bbe5,Lungenkarte
0.9750073002416276,0.956570137504618,True,0.3616889824126913,0.1311782525510204,False,0.5682995854591837,1.0,0,fd45f813-2237-4639-b340-2e1b97737da6,Lagepriore
0.9343502186210996,0.8695334350408304,True,0.2256910355940986,0.1311782525510204,False,0.5682995854591837,1.0,0,fd45f813-2237-4639-b340-2e1b97737da6,Lungenkarte
0.811981399418782,0.7040491722562993,False,0.2167725085430518,0.1088169642857142,False,0.6150350765306123,0.9688644688644688,0,fd67d636-d57c-4698-876b-23e94eed5067,Lagepriore
0.7768958190183255,0.6354928130126499,False,0.1614168788786871,0.1088169642857142,False,0.6150350765306123,0.9688644688644688,0,fd67d636-d57c-4698-876b-23e94eed5067,Lungenkarte
0.9143366512023796,0.829841819954698,False,0.2280907399614931,0.0918965242346938,False,0.5228595344387755,0.9685534591194968,0,fdc8b07c-8c97-4022-ac84-347f8072f07a,Lagepriore
0.817206072349807,0.6463732738516875,False,0.1593204508777229,0.0918965242346938,False,0.5228595344387755,0.9685534591194968,0,fdc8b07c-8c97-4022-ac84-347f8072f07a,Lungenkarte
0.9585496493759298,0.8758904447952142,False,0.0878367043288947,0.0291374362244897,False,0.3518415178571428,0.9986320109439124,0,fde7bf44-9cb7-4506-9738-5774d4547f6f,Lagepriore
0.8996427864763804,0.6991368568774838,False,0.0754645901702297,0.0291374362244897,False,0.3518415178571428,0.9986320109439124,0,fde7bf44-9cb7-4506-9738-5774d4547f6f,Lungenkarte
0.959452905088166,0.9420065751466106,True,0.4173282224382927,0.1614915497448979,False,0.6325932716836735,0.9956806121189684,0,fe230f92-780f-4918-a553-19c210bad853,Lagepriore
0.8499365868610583,0.737196498206088,True,0.2457358351733768,0.1614915497448979,False,0.6325932716836735,0.9956806121189684,0,fe230f92-780f-4918-a553-19c210bad853,Lungenkarte
0.7641457241145553,0.6550338411799081,False,0.1839191771359416,0.1038942920918367,False,0.5378667091836735,0.4538653366583541,0,fe518d2d-28a1-42eb-918d-16f7bc6039bb,Lagepriore
0.4955739510166722,0.6118028255867775,False,0.0947005973562498,0.1038942920918367,False,0.5378667091836735,0.4538653366583541,0,fe518d2d-28a1-42eb-918d-16f7bc6039bb,Lungenkarte
0.9330035038243912,0.8585294938500136,False,0.0943238219885543,0.0341796875,False,0.4532246492346938,0.937609329446064,0,fe539da9-f41c-404f-bf48-cc20a30a201b,Lagepriore
0.7740059197011115,0.5235066563741176,False,0.0631111601858315,0.0341796875,False,0.4532246492346938,0.937609329446064,0,fe539da9-f41c-404f-bf48-cc20a30a201b,Lungenkarte
0.7059397914377258,0.6481403295192925,False,0.0691080326209376,0.0448421556122448,False,0.6936583227040817,0.7884444444444444,0,fef7b294-017c-4491-9e57-119086855785,Lagepriore
0.4734541121265655,0.3470761315844973,False,0.0474999573247146,0.0448421556122448,False,0.6936583227040817,0.7884444444444444,0,fef7b294-017c-4491-9e57-119086855785,Lungenkarte
0.9514670808862558,0.8498260443015385,True,0.566197629109533,0.2464325573979592,False,0.3775908801020408,0.9076425394257986,0,ff40a703-b1db-48d5-a176-0b50763f9a0a,Lagepriore
0.9453174873650366,0.874433991977108,True,0.5483173189972942,0.2464325573979592,False,0.3775908801020408,0.9076425394257986,0,ff40a703-b1db-48d5-a176-0b50763f9a0a,Lungenkarte
0.8638894173771242,0.7359320038001446,False,0.061512422854662,0.0265066964285714,False,0.4512715242346938,1.0,0,ffae40ab-fcfe-4311-a74a-89f605dba48b,Lagepriore
0.929962927833033,0.839486190256291,False,0.0572454345971125,0.0265066964285714,False,0.4512715242346938,1.0,0,ffae40ab-fcfe-4311-a74a-89f605dba48b,Lungenkarte
0.8736664125277512,0.790643034820061,True,0.662735725797955,0.3684231505102041,False,0.4982860331632653,0.8037433733636266,0,ffd787b6-59ca-48cb-bd15-bcedd52cf37c,Lagepriore
0.8267302459483638,0.7777749432270075,True,0.564146251297407,0.3684231505102041,False,0.4982860331632653,0.8037433733636266,0,ffd787b6-59ca-48cb-bd15-bcedd52cf37c,Lungenkarte
0.948923295880947,0.9221197222634386,True,0.6038530059787304,0.2723413584183674,False,0.5626594387755102,0.9243322356384924,0,fffb2395-8edd-4954-8a89-ffe2fd329be3,Lagepriore
0.8494716813060553,0.7391203503734931,True,0.4229901046839777,0.2723413584183674,False,0.5626594387755102,0.9243322356384924,0,fffb2395-8edd-4954-8a89-ffe2fd329be3,Lungenkarte
