point_auc,point_auc_lung,hit,mass,area,degenerate,lung_area,box_in_lung,fold,patientId,map
0.9791700645219901,0.9139321560250554,True,0.30573850637402084,0.08233019770408163,False,0.28537547831632654,0.9673202614379085,2,010ccb9f-6d46-4380-af11-84f87397a1b8,Lagepriore
0.9502449150196417,0.812453594735877,True,0.26085822785456486,0.08233019770408163,False,0.28537547831632654,0.9673202614379085,2,010ccb9f-6d46-4380-af11-84f87397a1b8,Lungenkarte
0.9781284555225322,0.9141226203284561,True,0.30463244117275096,0.08205117984693877,False,0.28455835459183676,0.9281029876123391,2,020380f8-5c5a-4ded-bdf3-9ce3036945b4,Lagepriore
0.9343731160669335,0.7924684498877609,True,0.2500934847636749,0.08205117984693877,False,0.28455835459183676,0.9281029876123391,2,020380f8-5c5a-4ded-bdf3-9ce3036945b4,Lungenkarte
0.8134650864587617,0.6919230781498334,False,0.24274332445150423,0.11439732142857142,False,0.48451450892857145,1.0,2,020a16e3-baf9-4cf0-859c-c79b5253d717,Lagepriore
0.9094806201331563,0.7836908243848779,False,0.22321612266479227,0.11439732142857142,False,0.48451450892857145,1.0,2,020a16e3-baf9-4cf0-859c-c79b5253d717,Lungenkarte
0.9632920034584582,0.9231799304646635,True,0.37204299980714184,0.10833864795918367,False,0.34817442602040816,0.9036055923473142,2,0232c2b8-f7ac-4f42-84be-510ccb7cf351,Lagepriore
0.8836906591037152,0.6935029281722385,True,0.25651786453257125,0.10833864795918367,False,0.34817442602040816,0.9036055923473142,2,0232c2b8-f7ac-4f42-84be-510ccb7cf351,Lungenkarte
0.9727404665144969,0.9134946220497235,True,0.2732382378038493,0.07401945153061225,False,0.33163265306122447,0.8758750673128702,2,02c34d5b-16e9-412e-a385-ccd8cbceae16,Lagepriore
0.8585649039787165,0.6337717209902445,False,0.17886987867376736,0.07401945153061225,False,0.33163265306122447,0.8758750673128702,2,02c34d5b-16e9-412e-a385-ccd8cbceae16,Lungenkarte
0.9230320049109816,0.8331368628327481,True,0.3357228866617629,0.11276307397959184,False,0.4733139349489796,1.0,2,02cfa7d1-61e0-4d9e-8664-9a7469ccab76,Lagepriore
0.9739942391630293,0.9360055021314321,True,0.2345354781042111,0.11276307397959184,False,0.4733139349489796,1.0,2,02cfa7d1-61e0-4d9e-8664-9a7469ccab76,Lungenkarte
0.7922726143878065,0.5418257059081867,False,0.00842112875801611,0.00430484693877551,False,0.3471779336734694,1.0,2,03a512bc-1162-404e-8c71-dc9e0dc7258f,Lagepriore
0.8361434054651128,0.5241644115924806,False,0.010564518317517032,0.00430484693877551,False,0.3471779336734694,1.0,2,03a512bc-1162-404e-8c71-dc9e0dc7258f,Lungenkarte
0.9396622982269391,0.8106609041160453,True,0.29082342319409565,0.08769132653061225,False,0.29528061224489793,1.0,2,03edb5ed-9e76-4abe-bc35-7bc95fea7e6a,Lagepriore
0.980637672877411,0.9149068849497277,True,0.2802834216328253,0.08769132653061225,False,0.29528061224489793,1.0,2,03edb5ed-9e76-4abe-bc35-7bc95fea7e6a,Lungenkarte
0.9311430723919989,0.8541804693628058,True,0.4126474160930228,0.1423389668367347,False,0.29235092474489793,0.8608232987958555,2,04ce0574-5d18-4661-973f-7bfbb0707a1c,Lagepriore
0.9044987134292896,0.6997793522024541,True,0.3771086115557513,0.1423389668367347,False,0.29235092474489793,0.8608232987958555,2,04ce0574-5d18-4661-973f-7bfbb0707a1c,Lungenkarte
0.9765340740476576,0.9232387201927591,True,0.7290803382593628,0.27584901147959184,False,0.4099968112244898,0.9140958023264215,2,05b91b32-5635-4071-b45d-6a73f8eea918,Lagepriore
0.9306130883720811,0.7995644727786879,True,0.5694512875684166,0.27584901147959184,False,0.4099968112244898,0.9140958023264215,2,05b91b32-5635-4071-b45d-6a73f8eea918,Lungenkarte
0.981468406349873,0.9463085270381381,True,0.43489719109238895,0.12513950892857142,False,0.4174306441326531,0.9961777353081701,2,05bb6f8d-453b-4e56-ae92-2600e058ba65,Lagepriore
0.9070652487286881,0.7287572039033171,True,0.27465080394663,0.12513950892857142,False,0.4174306441326531,0.9961777353081701,2,05bb6f8d-453b-4e56-ae92-2600e058ba65,Lungenkarte
0.8752103536701006,0.8530518624680143,True,0.7383759225162217,0.3748804209183674,False,0.23423549107142858,0.5874003189792664,2,05d3817a-5535-4e77-8dda-d4412e496c81,Lagepriore
0.9321508807048798,0.7510124707912686,True,0.8521016281058025,0.3748804209183674,False,0.23423549107142858,0.5874003189792664,2,05d3817a-5535-4e77-8dda-d4412e496c81,Lungenkarte
0.9121638599621068,0.8240788828023274,True,0.2451516105057325,0.07908163265306123,False,0.2780213647959184,0.6887600806451613,2,0620afa3-b2ea-442e-9e4f-c854086ca763,Lagepriore
0.8083714251756434,0.4829850612575438,False,0.17853428141484712,0.07908163265306123,False,0.2780213647959184,0.6887600806451613,2,0620afa3-b2ea-442e-9e4f-c854086ca763,Lungenkarte
0.9188319102328872,0.9095218467185561,True,0.722175891166047,0.3329280931122449,False,0.3067602040816326,0.6726728524393895,2,0638709c-d31d-4a59-a9e4-fc408ae36145,Lagepriore
0.8710819609833298,0.7126076641899981,True,0.677705360563994,0.3329280931122449,False,0.3067602040816326,0.6726728524393895,2,0638709c-d31d-4a59-a9e4-fc408ae36145,Lungenkarte
0.62822507984917,0.2807107088283697,False,0.09637614559267156,0.08583785076530612,False,0.4109733737244898,0.834687717668911,2,066d9e27-e48f-4453-b1e1-d73c34910722,Lagepriore
0.8223203410821835,0.6029942097882859,True,0.17356153394348053,0.08583785076530612,False,0.4109733737244898,0.834687717668911,2,066d9e27-e48f-4453-b1e1-d73c34910722,Lungenkarte
0.9213796850345114,0.8104146418702435,True,0.17979425804636553,0.0538703762755102,False,0.32704878826530615,1.0,2,06c3e09b-341b-4fb9-9e28-bfd9cf298c6d,Lagepriore
0.8939781211305818,0.6358187084428373,False,0.1455376360512144,0.0538703762755102,False,0.32704878826530615,1.0,2,06c3e09b-341b-4fb9-9e28-bfd9cf298c6d,Lungenkarte
0.9308447586335965,0.8599697806286103,True,0.7142371964958972,0.30117984693877553,False,0.2559191645408163,0.7090391741662255,2,06d6e209-0bd4-45d4-81b4-4b97546d57fa,Lagepriore
0.9313154390256908,0.8183538344229544,True,0.7560833681528856,0.30117984693877553,False,0.2559191645408163,0.7090391741662255,2,06d6e209-0bd4-45d4-81b4-4b97546d57fa,Lungenkarte
0.8748389417139923,0.677461870094473,False,0.16082776167698776,0.057138871173469385,False,0.3336654974489796,0.9766306243460062,2,06ec9278-5144-4b88-87f4-c195bb24857d,Lagepriore
0.9023039814464275,0.6873548834969363,False,0.15316479329710966,0.057138871173469385,False,0.3336654974489796,0.9766306243460062,2,06ec9278-5144-4b88-87f4-c195bb24857d,Lungenkarte
0.8437133301699679,0.7717181502995688,True,0.8076828291038688,0.4402702487244898,False,0.3684231505102041,0.6369562265175863,2,06f35e64-4b8b-404e-933a-c98f0b5614cc,Lagepriore
0.8309722089461682,0.6282981800838057,True,0.7182343507630822,0.4402702487244898,False,0.3684231505102041,0.6369562265175863,2,06f35e64-4b8b-404e-933a-c98f0b5614cc,Lungenkarte
0.8038312154942387,0.5657764419983131,False,0.30259700334605993,0.1369579081632653,False,0.23963647959183673,0.6669091967403958,2,07464097-0781-4632-90ee-39b0e53cd72c,Lagepriore
0.8597002011068512,0.540877566993449,False,0.35142363197714116,0.1369579081632653,False,0.23963647959183673,0.6669091967403958,2,07464097-0781-4632-90ee-39b0e53cd72c,Lungenkarte
0.7449598180496917,0.5508997520564073,True,0.4369582070783104,0.2420280612244898,False,0.4850326849489796,0.7132740447957839,2,074f8729-c5ea-4830-8249-9a04208eab5e,Lagepriore
0.6758540912413123,0.4798517457136471,False,0.334976098929133,0.2420280612244898,False,0.4850326849489796,0.7132740447957839,2,074f8729-c5ea-4830-8249-9a04208eab5e,Lungenkarte
0.9518371281145419,0.9027581540049672,True,0.7495894248960273,0.31700414540816324,False,0.28097098214285715,0.6877279014208475,2,0798f0c3-bf7d-4f04-bd5e-b119163ea1b0,Lagepriore
0.8874515147369113,0.6814120816924242,True,0.706368459733955,0.31700414540816324,False,0.28097098214285715,0.6877279014208475,2,0798f0c3-bf7d-4f04-bd5e-b119163ea1b0,Lungenkarte
0.7713159312986274,0.6763925236230646,True,0.49222688256718267,0.28437898596938777,False,0.3267299107142857,0.5002452869857733,2,07b7b9b0-718a-4750-b1f4-5af45c5607f2,Lagepriore
0.6767746356645246,0.5012098200847449,True,0.4047948664019127,0.28437898596938777,False,0.3267299107142857,0.5002452869857733,2,07b7b9b0-718a-4750-b1f4-5af45c5607f2,Lungenkarte
0.9395629240481004,0.8125086483867394,True,0.5268274642758415,0.1867625956632653,False,0.2724011479591837,0.8705581047913776,2,080f2b35-fcd5-473e-864b-a7dea3054cc7,Lagepriore
0.9423639825818392,0.8030536980835398,True,0.5331824788460696,0.1867625956632653,False,0.2724011479591837,0.8705581047913776,2,080f2b35-fcd5-473e-864b-a7dea3054cc7,Lungenkarte
0.9621883364459795,0.9161591358189525,True,0.651319947793463,0.23842075892857142,False,0.24394132653061223,0.6765025495277105,2,082fb468-30f1-43c1-ac04-62d16fdd883b,Lagepriore
0.8869999528527364,0.7050463458747331,True,0.6000477533937976,0.23842075892857142,False,0.24394132653061223,0.6765025495277105,2,082fb468-30f1-43c1-ac04-62d16fdd883b,Lungenkarte
0.8730874377404042,0.738178419244941,True,0.6115556895657784,0.2895009566326531,False,0.36525430484693877,0.869131212997384,2,0862f2ff-7e56-4cd1-8c26-c3f25a86d257,Lagepriore
0.9191007515855402,0.7085708679601738,True,0.6188394958620917,0.2895009566326531,False,0.36525430484693877,0.869131212997384,2,0862f2ff-7e56-4cd1-8c26-c3f25a86d257,Lungenkarte
0.85725871033374,0.7385696356641889,True,0.30935260876005544,0.12555803571428573,False,0.4548389668367347,0.8871428571428571,2,087bcaa5-2477-4111-8390-fa5f2dec4852,Lagepriore
0.8110464881549301,0.6171183485744836,True,0.233594809039993,0.12555803571428573,False,0.4548389668367347,0.8871428571428571,2,087bcaa5-2477-4111-8390-fa5f2dec4852,Lungenkarte
0.9708358737836351,0.9606706089272066,True,0.8350241320456343,0.3684231505102041,False,0.26963089923469385,0.6558476685058964,2,088d4414-e057-45cb-a206-4dd3bb02dd6c,Lagepriore
0.9268232452918154,0.8750991533513128,True,0.8206242776979442,0.3684231505102041,False,0.26963089923469385,0.6558476685058964,2,088d4414-e057-45cb-a206-4dd3bb02dd6c,Lungenkarte
0.9609068732480456,0.8908428870833401,True,0.6243560798307008,0.2209422831632653,False,0.36625079719387754,0.8649648204943171,2,08f1b734-cd93-42c0-b978-9e1e1021bb55,Lagepriore
0.9138123929074335,0.8099479350034721,True,0.48792119246309956,0.2209422831632653,False,0.36625079719387754,0.8649648204943171,2,08f1b734-cd93-42c0-b978-9e1e1021bb55,Lungenkarte
0.5860790500944316,0.3899514853322373,False,0.08453731781022167,0.08525988520408163,False,0.5010762117346939,0.9883122954651706,2,09326eb7-f4cb-4d8f-83c6-8ba7fb8b5ac7,Lagepriore
0.8203516951454708,0.6168634950862879,False,0.15278682329947463,0.08525988520408163,False,0.5010762117346939,0.9883122954651706,2,09326eb7-f4cb-4d8f-83c6-8ba7fb8b5ac7,Lungenkarte
0.9438595388015083,0.896474893922433,True,0.19546607062735002,0.0556640625,False,0.49033402423469385,1.0,2,095edab1-09c6-4f83-931e-f0a33b77639c,Lagepriore
0.9177625859808122,0.821672286762626,True,0.10987318623937968,0.0556640625,False,0.49033402423469385,1.0,2,095edab1-09c6-4f83-931e-f0a33b77639c,Lungenkarte
0.9846146845537477,0.9617780959476131,True,0.7007646218825792,0.24776785714285715,False,0.31230070153061223,0.8047779922779923,2,09a22f6d-5717-4c48-bf4c-531db698aaac,Lagepriore
0.9080191664443467,0.6928205888229759,True,0.5787488846491912,0.24776785714285715,False,0.31230070153061223,0.8047779922779923,2,09a22f6d-5717-4c48-bf4c-531db698aaac,Lungenkarte
0.6710175282979048,0.4125929690117871,False,0.026920975903771387,0.021763392857142856,False,0.28886320153061223,1.0,2,09bfe52b-201a-435a-b04f-ada40a64b5b5,Lagepriore
0.8682550030850903,0.5182158723234682,False,0.06536501945808863,0.021763392857142856,False,0.28886320153061223,1.0,2,09bfe52b-201a-435a-b04f-ada40a64b5b5,Lungenkarte
0.8954033296523398,0.8990869922589941,False,0.14686514989741756,0.04858896683673469,False,0.2531688456632653,0.5471698113207547,2,09d2a8d3-3ef9-4e91-8abe-d1c127747905,Lagepriore
0.780922919231926,0.5380966061080639,False,0.1048699391118651,0.04858896683673469,False,0.2531688456632653,0.5471698113207547,2,09d2a8d3-3ef9-4e91-8abe-d1c127747905,Lungenkarte
0.8253829051177466,0.5141279065026043,False,0.4700014874804199,0.228515625,False,0.19142617984693877,0.655590441304727,2,09f0ac0a-2933-45fc-a937-c0da67f5fd0d,Lagepriore
0.9324590390972278,0.7735298393883188,True,0.695923626951853,0.228515625,False,0.19142617984693877,0.655590441304727,2,09f0ac0a-2933-45fc-a937-c0da67f5fd0d,Lungenkarte
0.846526139594973,0.6942313787638669,False,0.040611234563176585,0.016442123724489797,False,0.35598692602040816,1.0,2,0a374967-8ef8-4d34-94cc-a06929836723,Lagepriore
0.9623847479680189,0.8910400714309853,True,0.044813210413127025,0.016442123724489797,False,0.35598692602040816,1.0,2,0a374967-8ef8-4d34-94cc-a06929836723,Lungenkarte
0.9393832306727387,0.8132294775666691,True,0.24013553624536785,0.07198660714285714,False,0.24045360331632654,0.8048172757475083,2,0a46eca3-e577-4c7f-a782-9d54754bf096,Lagepriore
0.8709313045653452,0.5055268503036514,False,0.203427191246937,0.07198660714285714,False,0.24045360331632654,0.8048172757475083,2,0a46eca3-e577-4c7f-a782-9d54754bf096,Lungenkarte
0.9001765402897312,0.8074298655315413,False,0.3193351294144409,0.11802455357142858,False,0.5077925701530612,0.9403917595406958,2,0a578f72-dced-4550-8851-d8005549b724,Lagepriore
0.8171202413130538,0.6504598174276613,False,0.20445482767325937,0.11802455357142858,False,0.5077925701530612,0.9403917595406958,2,0a578f72-dced-4550-8851-d8005549b724,Lungenkarte
0.8836405858185612,0.7096330251872902,False,0.28369968010478935,0.1075015943877551,False,0.3567641900510204,0.8717093066370041,2,0a6a5956-58cf-4f17-9e39-7e0d17310f67,Lagepriore
0.8292860579295137,0.5313946050912111,False,0.23619698993157542,0.1075015943877551,False,0.3567641900510204,0.8717093066370041,2,0a6a5956-58cf-4f17-9e39-7e0d17310f67,Lungenkarte
0.9232501343461539,0.8749372349230814,True,0.7433170800281802,0.33059630102040816,False,0.3491111288265306,0.8309018567639257,2,0a9c4c04-5918-48da-9ba1-b2a3add66ae9,Lagepriore
0.938559283490817,0.8117335845400168,True,0.7186789592233234,0.33059630102040816,False,0.3491111288265306,0.8309018567639257,2,0a9c4c04-5918-48da-9ba1-b2a3add66ae9,Lungenkarte
0.8804471322146027,0.6765966337775692,False,0.23846827703700635,0.0869937818877551,False,0.24647241709183673,0.8465063001145475,2,0a9fd225-a33a-47de-849e-156933b21296,Lagepriore
0.9014764257637767,0.6215129400955715,False,0.2730704931684564,0.0869937818877551,False,0.24647241709183673,0.8465063001145475,2,0a9fd225-a33a-47de-849e-156933b21296,Lungenkarte
0.772595022166756,0.7088250648141565,False,0.206951512790542,0.10064572704081633,False,0.2285754145408163,0.9506930693069306,2,0b202292-a925-4706-963f-28fd16cef0c2,Lagepriore
0.9455045432744311,0.683910208168739,True,0.361481727016491,0.10064572704081633,False,0.2285754145408163,0.9506930693069306,2,0b202292-a925-4706-963f-28fd16cef0c2,Lungenkarte
0.9027117248771698,0.7258530554094376,False,0.22764625903657992,0.078125,False,0.3526985012755102,0.9262755102040816,2,0b5fa34f-5c96-4cc5-becc-317acdff3221,Lagepriore
0.8662495053041106,0.6223114852618903,False,0.18612465000765582,0.078125,False,0.3526985012755102,0.9262755102040816,2,0b5fa34f-5c96-4cc5-becc-317acdff3221,Lungenkarte
0.8871252720407485,0.7584215552341875,False,0.2616940768280967,0.09715800382653061,False,0.32093032525510207,0.8676923076923077,2,0b8f8765-0406-447c-b873-7ac5ce8884aa,Lagepriore
0.8685245596548217,0.6349332544050221,False,0.2395735976428743,0.09715800382653061,False,0.32093032525510207,0.8676923076923077,2,0b8f8765-0406-447c-b873-7ac5ce8884aa,Lungenkarte
0.738858517074493,0.42585736207362956,False,0.042882166247743575,0.027204241071428572,False,0.43102279974489793,0.9948717948717949,2,0beac0c9-331a-4aad-9cec-099aff98c399,Lagepriore
0.8430544352016971,0.6272236540765292,False,0.0575258875979602,0.027204241071428572,False,0.43102279974489793,0.9948717948717949,2,0beac0c9-331a-4aad-9cec-099aff98c399,Lungenkarte
0.9136385182021342,0.7139307868530999,False,0.16707035480250884,0.052256058673469385,False,0.2612802933673469,0.7814645308924485,2,0befe74c-5802-4fd4-aa1a-e5487d685558,Lagepriore
0.8424118959771358,0.5142350713283527,False,0.13937490025054106,0.052256058673469385,False,0.2612802933673469,0.7814645308924485,2,0befe74c-5802-4fd4-aa1a-e5487d685558,Lungenkarte
0.8565686968838527,0.7409029758884488,True,0.7880582805537514,0.4221141581632653,False,0.3127989477040816,0.7026912181303117,2,0c0da1cf-9514-4c21-9988-fb53c52528d1,Lagepriore
0.9302168953719774,0.8876912329966845,True,0.8484032783052933,0.4221141581632653,False,0.3127989477040816,0.7026912181303117,2,0c0da1cf-9514-4c21-9988-fb53c52528d1,Lungenkarte
0.6667563478588431,0.33037835232935003,False,0.05844021947652859,0.04767219387755102,False,0.4389748086734694,0.9573578595317725,2,0c122fd9-6dc8-4224-baae-812ed5c4bd12,Lagepriore
0.8184187705810484,0.5950413249655275,False,0.09348460550266464,0.04767219387755102,False,0.4389748086734694,0.9573578595317725,2,0c122fd9-6dc8-4224-baae-812ed5c4bd12,Lungenkarte
0.7236535983833605,0.5573286220593164,False,0.07657329281468492,0.04767219387755102,False,0.440250318877551,1.0,2,0c1d54d9-0197-40d9-9b07-d99b1e8aa8db,Lagepriore
0.8697289803838567,0.6849645364060865,False,0.09922555625579613,0.04767219387755102,False,0.440250318877551,1.0,2,0c1d54d9-0197-40d9-9b07-d99b1e8aa8db,Lungenkarte
0.9378376623781002,0.8332667015142528,False,0.1320264295190381,0.038404815051020405,False,0.2741549744897959,0.5236118318629995,2,0c24e2a2-9fca-463a-a1fa-fbcda2712260,Lagepriore
0.7223005597917643,0.30540231662585177,False,0.06631439079378698,0.038404815051020405,False,0.2741549744897959,0.5236118318629995,2,0c24e2a2-9fca-463a-a1fa-fbcda2712260,Lungenkarte
0.837819416454073,0.7455044293630099,True,0.2604378063241463,0.10752152423469388,False,0.5478714923469388,0.830398517145505,2,0c2e5286-bb2c-427f-98be-8fc3796383d5,Lagepriore
0.7371674597447253,0.657450482515366,True,0.15712597771374315,0.10752152423469388,False,0.5478714923469388,0.830398517145505,2,0c2e5286-bb2c-427f-98be-8fc3796383d5,Lungenkarte
0.9350633655820317,0.830278687606017,True,0.16197357881418953,0.046755420918367346,False,0.34707828443877553,0.9863597612958227,2,0c523b07-6025-4d80-9de3-f435fd92002a,Lagepriore
0.9056332244830593,0.7144548086674473,False,0.1219835215740559,0.046755420918367346,False,0.34707828443877553,0.9863597612958227,2,0c523b07-6025-4d80-9de3-f435fd92002a,Lungenkarte
0.9260005971310208,0.8562269121195648,True,0.15929512988494773,0.04819036989795918,False,0.24093191964285715,0.9288668320926385,2,0ca3f31a-ace5-4bd2-9900-b152cc212c8e,Lagepriore
0.8808737468830221,0.4769083425451901,False,0.15217911590940647,0.04819036989795918,False,0.24093191964285715,0.9288668320926385,2,0ca3f31a-ace5-4bd2-9900-b152cc212c8e,Lungenkarte
0.8276130800450152,0.6196064702976032,True,0.3676806390258836,0.17207429846938777,False,0.29360650510204084,0.7740328932128793,2,0cd3f245-763a-4db0-870d-3ee1a3c6bdcb,Lagepriore
0.8762609332403998,0.7495500169199698,True,0.4180068757467632,0.17207429846938777,False,0.29360650510204084,0.7740328932128793,2,0cd3f245-763a-4db0-870d-3ee1a3c6bdcb,Lungenkarte
0.9341042784320978,0.7486499514974806,True,0.4107926381349971,0.13819355867346939,False,0.33115433673469385,0.9919238534756274,2,0cde91a5-9428-4746-8240-f34c720e24cd,Lagepriore
0.9391602378052073,0.7395515336954703,True,0.3708425857416198,0.13819355867346939,False,0.33115433673469385,0.9919238534756274,2,0cde91a5-9428-4746-8240-f34c720e24cd,Lungenkarte
0.7807636879637063,0.5891638791263247,True,0.5399846282967666,0.30349170918367346,False,0.3663703762755102,0.8335303388494878,2,0d45f420-10d0-41a2-9b87-f5ea81c28599,Lagepriore
0.9175640551285937,0.8027500039114871,True,0.6309854842490412,0.30349170918367346,False,0.3663703762755102,0.8335303388494878,2,0d45f420-10d0-41a2-9b87-f5ea81c28599,Lungenkarte
0.888839554735635,0.729257763321871,False,0.10972483695368365,0.03685028698979592,False,0.2134685905612245,0.8555976203353164,2,0d9b1283-fc24-4fd3-a520-bc5d563e13e1,Lagepriore
0.8735531444602601,0.4445689186833086,False,0.12111876058108445,0.03685028698979592,False,0.2134685905612245,0.8555976203353164,2,0d9b1283-fc24-4fd3-a520-bc5d563e13e1,Lungenkarte
0.9656315678061576,0.8966875448798949,False,0.1139435211638302,0.029536033163265307,False,0.3387077487244898,0.6430499325236168,2,0db8b03b-efb4-4a92-9c82-39a5bfecb689,Lagepriore
0.7202314675241741,0.4153884222855194,False,0.05214050551147854,0.029536033163265307,False,0.3387077487244898,0.6430499325236168,2,0db8b03b-efb4-4a92-9c82-39a5bfecb689,Lungenkarte
0.9458415300380666,0.8148092910637048,False,0.12264964753122855,0.03415975765306122,False,0.2298309948979592,0.9964994165694282,2,0ecd37a6-c1bb-40cf-8e48-1020140ae173,Lagepriore
0.9573926656052184,0.7938821621188659,True,0.13618482139232707,0.03415975765306122,False,0.2298309948979592,0.9964994165694282,2,0ecd37a6-c1bb-40cf-8e48-1020140ae173,Lungenkarte
0.9410940010506349,0.8157478378902034,True,0.41876492772402385,0.1384327168367347,False,0.3579201211734694,0.9844514828678376,2,0f1a4a99-3a8a-4d4b-be2c-8a003274ed53,Lagepriore
0.9615795979812943,0.8695606603308198,True,0.36035567937355206,0.1384327168367347,False,0.3579201211734694,0.9844514828678376,2,0f1a4a99-3a8a-4d4b-be2c-8a003274ed53,Lungenkarte
0.7918699937785932,0.5839237082255443,True,0.34699812421798926,0.16729113520408162,False,0.42354910714285715,0.9529425780319276,2,0f45a78f-d20b-4370-b0c9-00da4e9a8a05,Lagepriore
0.9013869680204821,0.7371413532252536,True,0.3440524818019131,0.16729113520408162,False,0.42354910714285715,0.9529425780319276,2,0f45a78f-d20b-4370-b0c9-00da4e9a8a05,Lungenkarte
0.9524790811278807,0.9112281037187531,False,0.09005355333238657,0.024274553571428572,False,0.37675382653061223,0.6863711001642037,2,0fcd1318-e6ae-4d14-b466-769128285665,Lagepriore
0.6886329329834742,0.3543614606383328,False,0.039497293671858634,0.024274553571428572,False,0.37675382653061223,0.6863711001642037,2,0fcd1318-e6ae-4d14-b466-769128285665,Lungenkarte
0.9159562527914814,0.8517181150663821,True,0.429584053114672,0.15409757653061223,False,0.44300063775510207,0.9738748060010347,2,100fb3d8-99c5-4723-9385-11b236f9aae4,Lagepriore
0.9174159300032377,0.7901241950147431,False,0.3174064257434341,0.15409757653061223,False,0.44300063775510207,0.9738748060010347,2,100fb3d8-99c5-4723-9385-11b236f9aae4,Lungenkarte
0.8784332051789778,0.7363628088672612,False,0.25958206956716146,0.09823421556122448,False,0.4614357461734694,0.9793061472915399,2,1015e103-bda6-4664-978d-f761cd2982cb,Lagepriore
0.8494818322403694,0.645328203036681,False,0.19211999958832834,0.09823421556122448,False,0.4614357461734694,0.9793061472915399,2,1015e103-bda6-4664-978d-f761cd2982cb,Lungenkarte
0.8087865385187797,0.5803475121118864,False,0.12018115551395508,0.05899234693877551,False,0.20041454081632654,1.0,2,103451bb-1f8c-4209-abce-0be7e9a6c8fb,Lagepriore
0.9885914474708527,0.9241925409061824,True,0.2748146060976499,0.05899234693877551,False,0.20041454081632654,1.0,2,103451bb-1f8c-4209-abce-0be7e9a6c8fb,Lungenkarte
0.8828423881620779,0.6245954160615699,False,0.09958310257984469,0.035833864795918366,False,0.29091597576530615,0.6446051167964405,2,10f2cb81-ad90-4857-a2f7-18e7d8f66907,Lagepriore
0.746107308403865,0.38460893675758323,False,0.0690619377913724,0.035833864795918366,False,0.29091597576530615,0.6446051167964405,2,10f2cb81-ad90-4857-a2f7-18e7d8f66907,Lungenkarte
0.8542080110850452,0.6358924997344967,False,0.19215105662259022,0.07676977040816327,False,0.15076929209183673,0.6087746625129803,2,1101cedc-35e2-483c-9326-1f3232b88f06,Lagepriore
0.8861543682167133,0.5752943002557002,False,0.27829669634821536,0.07676977040816327,False,0.15076929209183673,0.6087746625129803,2,1101cedc-35e2-483c-9326-1f3232b88f06,Lungenkarte
0.8176874081578037,0.670667153525407,False,0.2520159750615566,0.11467633928571429,False,0.24754862882653061,0.856795272853667,2,115bf7b6-065a-46eb-bd14-f4afbc8384f3,Lagepriore
0.9054048637106056,0.6200468283373449,False,0.33450917088138354,0.11467633928571429,False,0.24754862882653061,0.856795272853667,2,115bf7b6-065a-46eb-bd14-f4afbc8384f3,Lungenkarte
0.9722701954813341,0.8290383853271737,True,0.541774200388204,0.17568160076530612,False,0.2421277104591837,0.8120249574588769,2,11a4ad3f-7899-4c3c-a88d-f1c799ec04df,Lagepriore
0.9269216634032709,0.7246954968790148,True,0.5237472056186425,0.17568160076530612,False,0.2421277104591837,0.8120249574588769,2,11a4ad3f-7899-4c3c-a88d-f1c799ec04df,Lungenkarte
0.8712330478819521,0.7580793128330943,True,0.6896064082886885,0.3146125637755102,False,0.39082429846938777,0.8832509818826808,2,11e0e617-cc49-478e-bcba-209866654fde,Lagepriore
0.937581805750488,0.8058896388268447,True,0.6554030527987218,0.3146125637755102,False,0.39082429846938777,0.8832509818826808,2,11e0e617-cc49-478e-bcba-209866654fde,Lungenkarte
0.7741385467712584,0.6033418757517669,False,0.05435281523363802,0.027622767857142856,False,0.3538345025510204,0.7236652236652237,2,11e431ff-c6b8-45f1-9635-a055fbc90111,Lagepriore
0.720088257032303,0.34516026870138794,False,0.04984310438385709,0.027622767857142856,False,0.3538345025510204,0.7236652236652237,2,11e431ff-c6b8-45f1-9635-a055fbc90111,Lungenkarte
0.7080904024524926,0.5076752206362751,False,0.09353245020772769,0.05542490433673469,False,0.4686902104591837,0.997482919813017,2,12c0fe21-2770-49eb-8aa1-c4aca13c1712,Lagepriore
0.8482366839106367,0.6562650490305344,False,0.11102943482315945,0.05542490433673469,False,0.4686902104591837,0.997482919813017,2,12c0fe21-2770-49eb-8aa1-c4aca13c1712,Lungenkarte
0.881965664466831,0.7696081396738692,True,0.6895363674687164,0.345882493622449,False,0.5838647959183674,0.9138000576202824,2,12ee00f1-d4ea-4546-a07c-d43280aca538,Lagepriore
0.8847803470543638,0.8217842144968998,True,0.5297900691151999,0.345882493622449,False,0.5838647959183674,0.9138000576202824,2,12ee00f1-d4ea-4546-a07c-d43280aca538,Lungenkarte
0.8623045845625632,0.6463972096224937,True,0.18042090573293443,0.0673828125,False,0.384944993622449,1.0,2,12fd0651-0275-4d15-8868-35ba85ea70f0,Lagepriore
0.9166189353975516,0.7554283832818659,False,0.16541785775729992,0.0673828125,False,0.384944993622449,1.0,2,12fd0651-0275-4d15-8868-35ba85ea70f0,Lungenkarte
0.7867973928308772,0.45010737097421327,False,0.03665668048981164,0.019072863520408163,False,0.2940648915816326,1.0,2,131dd766-23cb-43e2-9653-13033d70765c,Lagepriore
0.9585890544473963,0.852318828331094,False,0.0620447837522048,0.019072863520408163,False,0.2940648915816326,1.0,2,131dd766-23cb-43e2-9653-13033d70765c,Lungenkarte
0.9116399020804905,0.8178292915336642,True,0.40280716698045066,0.14433195153061223,False,0.4629703443877551,0.9694835680751174,2,1328013e-dca0-497b-9523-072bc6b23e17,Lagepriore
0.8983705643931206,0.7631315443514604,True,0.281642834661504,0.14433195153061223,False,0.4629703443877551,0.9694835680751174,2,1328013e-dca0-497b-9523-072bc6b23e17,Lungenkarte
0.8663811703249449,0.6601589865333153,False,0.2639329015022372,0.10249920280612244,False,0.40589126275510207,0.9741396072331324,2,13aa11f7-b15f-47d4-94c1-4ded9bc8ab16,Lagepriore
0.8905464529848375,0.7063946605356622,True,0.22894977066537886,0.10249920280612244,False,0.40589126275510207,0.9741396072331324,2,13aa11f7-b15f-47d4-94c1-4ded9bc8ab16,Lungenkarte
0.8859322884021311,0.78018885642671,False,0.30055276402447034,0.1096938775510204,False,0.40904017857142855,0.9705668604651163,2,1414c7d6-dff3-453c-8322-b25bb5899d78,Lagepriore
0.924873397297407,0.8101621824422022,True,0.2469473078992397,0.1096938775510204,False,0.40904017857142855,0.9705668604651163,2,1414c7d6-dff3-453c-8322-b25bb5899d78,Lungenkarte
0.918569384598068,0.8085361895930295,True,0.11550185541469943,0.03419961734693878,False,0.3669483418367347,1.0,2,14996682-7fb0-42e1-a925-ab2a639bae18,Lagepriore
0.9136128780423044,0.7499582552888734,False,0.08763205539423428,0.03419961734693878,False,0.3669483418367347,1.0,2,14996682-7fb0-42e1-a925-ab2a639bae18,Lungenkarte
0.8592896272069948,0.7469322494593252,True,0.08477215073007574,0.02849968112244898,False,0.33005819515306123,0.9272727272727272,2,14b2868e-e0fc-40f2-a54e-609bf24da493,Lagepriore
0.8078308451487789,0.4354343539945579,False,0.06552416574986873,0.02849968112244898,False,0.33005819515306123,0.9272727272727272,2,14b2868e-e0fc-40f2-a54e-609bf24da493,Lungenkarte
0.879548417511876,0.686694551671813,True,0.20025772533939673,0.06919642857142858,False,0.37242904974489793,1.0,2,1551a600-9f33-4837-b932-7514feac3789,Lagepriore
0.9408354734908584,0.8187536818656098,True,0.17662401417760987,0.06919642857142858,False,0.37242904974489793,1.0,2,1551a600-9f33-4837-b932-7514feac3789,Lungenkarte
0.9315302219111519,0.8434057932909373,True,0.14293538912220585,0.0421516262755102,False,0.45878507653061223,1.0,2,1563a4ed-d5f5-4e31-8818-c5417109d403,Lagepriore
0.9029234223273093,0.7770888681941215,False,0.08790281864275942,0.0421516262755102,False,0.45878507653061223,1.0,2,1563a4ed-d5f5-4e31-8818-c5417109d403,Lungenkarte
0.8641949190953598,0.6640543169191564,False,0.11898298363576994,0.04496173469387755,False,0.34669961734693877,1.0,2,158aa1e6-0e62-4e5c-acf3-10bb8882025a,Lagepriore
0.9445550827546502,0.8245206822610716,True,0.12318524170032755,0.04496173469387755,False,0.34669961734693877,1.0,2,158aa1e6-0e62-4e5c-acf3-10bb8882025a,Lungenkarte
0.9543733759905331,0.8728960180699755,False,0.03526908864511515,0.009247448979591837,False,0.3331273915816326,1.0,2,15965584-26e8-450b-823d-030d71049494,Lagepriore
0.938280291895109,0.8111986875078244,False,0.026960267563698733,0.009247448979591837,False,0.3331273915816326,1.0,2,15965584-26e8-450b-823d-030d71049494,Lungenkarte
0.6792265340210089,0.4707059165886,False,0.0944237236836715,0.06349649234693877,False,0.32858338647959184,0.4905838041431262,2,15de0e36-aad2-49f5-b797-dba25cc0c500,Lagepriore
0.6510520296086825,0.3640497865662886,False,0.08708496177644139,0.06349649234693877,False,0.32858338647959184,0.4905838041431262,2,15de0e36-aad2-49f5-b797-dba25cc0c500,Lungenkarte
0.9482097902771868,0.9084623309910792,True,0.6781597259964113,0.264469068877551,False,0.4475047831632653,0.9140165787490581,2,15df7a1f-a2a4-4d5e-8771-3280fa1184c3,Lagepriore
0.920565666716938,0.8403855965641349,True,0.5044559176442802,0.264469068877551,False,0.4475047831632653,0.9140165787490581,2,15df7a1f-a2a4-4d5e-8771-3280fa1184c3,Lungenkarte
0.9269410482345004,0.8966805656771345,True,0.3349182653292294,0.10903619260204081,False,0.34373007015306123,0.7157740815207457,2,15f49c72-0702-472d-aff2-4582682392f2,Lagepriore
0.7783965054039038,0.6160969417094365,True,0.21325602554273898,0.10903619260204081,False,0.34373007015306123,0.7157740815207457,2,15f49c72-0702-472d-aff2-4582682392f2,Lungenkarte
0.9220027189808673,0.7858110830260446,False,0.15616230444760282,0.04884805484693878,False,0.3286830357142857,0.580579355365157,2,160d4148-6c88-47fb-ad49-b4965eb8a931,Lagepriore
0.700466625161708,0.4314106853612758,False,0.0816620482064303,0.04884805484693878,False,0.3286830357142857,0.580579355365157,2,160d4148-6c88-47fb-ad49-b4965eb8a931,Lungenkarte
0.8800475840454408,0.7086645032211297,True,0.17924186596876931,0.06313775510204081,False,0.4150988520408163,0.9955808080808081,2,16105557-552b-498e-af02-9f0285876567,Lagepriore
0.8646684890246491,0.6447690519676844,False,0.13688938305475107,0.06313775510204081,False,0.4150988520408163,0.9955808080808081,2,16105557-552b-498e-af02-9f0285876567,Lungenkarte
0.8283543599344286,0.7422285968628596,True,0.1699957852664478,0.06967474489795919,False,0.31594786352040816,0.7542906178489702,2,161cacb1-dcdd-45f7-bfb6-3281fe82203d,Lagepriore
0.8011998625188488,0.5663949266629388,False,0.1488623581926368,0.06967474489795919,False,0.31594786352040816,0.7542906178489702,2,161cacb1-dcdd-45f7-bfb6-3281fe82203d,Lungenkarte
0.8740688679459354,0.6952819181336932,True,0.47813931304687673,0.1945750956632653,False,0.37693319515306123,0.9141657277476185,2,162c2fa0-aa64-4cc8-aacd-930750957868,Lagepriore
0.8954578152956264,0.6746707533634199,True,0.42477650008976847,0.1945750956632653,False,0.37693319515306123,0.9141657277476185,2,162c2fa0-aa64-4cc8-aacd-930750957868,Lungenkarte
0.9404820610256914,0.8402185972464125,True,0.6493678151844101,0.2526705994897959,False,0.3036511479591837,0.8047799337434927,2,1636e48a-74eb-48d3-9a84-83f99af0a1fc,Lagepriore
0.9216289295328122,0.7937756158759226,True,0.6074997026759466,0.2526705994897959,False,0.3036511479591837,0.8047799337434927,2,1636e48a-74eb-48d3-9a84-83f99af0a1fc,Lungenkarte
0.9388921944355598,0.8913447330890638,True,0.715150825218737,0.29296875,False,0.34353077168367346,0.789795918367347,2,16f07d74-df3a-4436-86bd-31041b0af6c3,Lagepriore
0.9106209831999098,0.77762487587914,True,0.6263260751693054,0.29296875,False,0.34353077168367346,0.789795918367347,2,16f07d74-df3a-4436-86bd-31041b0af6c3,Lungenkarte
0.8674882194456335,0.8471077578101842,True,0.5976470857346371,0.2814891581632653,False,0.3211296237244898,0.39478901161144153,2,16f580c9-9242-4535-8fb6-a1724f4bbf34,Lagepriore
0.5840292594528882,0.7313391568605212,True,0.3451231195686457,0.2814891581632653,False,0.3211296237244898,0.39478901161144153,2,16f580c9-9242-4535-8fb6-a1724f4bbf34,Lungenkarte
0.8933471186831499,0.80538258527799,False,0.20737766627426768,0.0723453443877551,False,0.3461216517857143,0.7267217630853995,2,1748e4e2-5c73-4794-81fe-2c5fe4af8cdd,Lagepriore
0.7903478758949203,0.5667000694014392,False,0.14632929298043484,0.0723453443877551,False,0.3461216517857143,0.7267217630853995,2,1748e4e2-5c73-4794-81fe-2c5fe4af8cdd,Lungenkarte
0.731198646640916,0.5715956990450611,False,0.11146168211769984,0.07055165816326531,False,0.42434630102040816,0.9661016949152542,2,17802f46-96cb-4658-ae3d-16be89ac69f5,Lagepriore
0.8508570220236736,0.6388757185600528,False,0.1498024720959161,0.07055165816326531,False,0.42434630102040816,0.9661016949152542,2,17802f46-96cb-4658-ae3d-16be89ac69f5,Lungenkarte
0.8645290502374087,0.6418590482384616,False,0.19896488455441602,0.07533482142857142,False,0.34438775510204084,0.44312169312169314,2,17d34b01-a492-4764-9ee7-1403ed7a3f97,Lagepriore
0.5963395460108539,0.34879630045861687,False,0.09029411680552898,0.07533482142857142,False,0.34438775510204084,0.44312169312169314,2,17d34b01-a492-4764-9ee7-1403ed7a3f97,Lungenkarte
0.9381104994216578,0.8333451479627142,True,0.2061944117371673,0.05996890943877551,False,0.38620057397959184,0.9970089730807578,2,17da6531-1b17-43c8-b052-c5e75b582730,Lagepriore
0.9193827659007838,0.7715390055765865,True,0.14492890537340422,0.05996890943877551,False,0.38620057397959184,0.9970089730807578,2,17da6531-1b17-43c8-b052-c5e75b582730,Lungenkarte
0.8434879292250077,0.531061756596902,False,0.19133230307866733,0.08145328443877552,False,0.3116031568877551,0.8698311720088084,2,17ec1772-41a6-4bd6-a2a0-b9d45599eb28,Lagepriore
0.8605932449192739,0.6032588649509598,False,0.201975451838699,0.08145328443877552,False,0.3116031568877551,0.8698311720088084,2,17ec1772-41a6-4bd6-a2a0-b9d45599eb28,Lungenkarte
0.8569302534469547,0.7548721191919493,True,0.8428327038649951,0.5047034438775511,False,0.3752590880102041,0.6309429789922603,2,18230da7-8929-47fa-97bd-0c4f570867ca,Lagepriore
0.8651419825045202,0.8095464941074054,True,0.8099837205432803,0.5047034438775511,False,0.3752590880102041,0.6309429789922603,2,18230da7-8929-47fa-97bd-0c4f570867ca,Lungenkarte
0.9638037107568804,0.8968743658677888,True,0.7554781779091813,0.3059630102040816,False,0.29213169642857145,0.7883663366336634,2,18494f9c-d897-4af4-aa20-e0517395ac49,Lagepriore
0.9447442120397701,0.8381513179520919,True,0.7434433739517075,0.3059630102040816,False,0.29213169642857145,0.7883663366336634,2,18494f9c-d897-4af4-aa20-e0517395ac49,Lungenkarte
0.8206004830667779,0.8989083391206282,False,0.5166931264867639,0.2553013392857143,False,0.2315250318877551,0.6956284153005464,2,1851dff6-31ec-4453-9ddc-95c0aedace5b,Lagepriore
0.9241250055415295,0.7194715948955023,True,0.6911086210806489,0.2553013392857143,False,0.2315250318877551,0.6956284153005464,2,1851dff6-31ec-4453-9ddc-95c0aedace5b,Lungenkarte
0.4741532854068551,0.17272279243647667,False,0.02090681068196135,0.0419921875,False,0.37045599489795916,0.9150450878025629,2,18792f05-1f16-4343-884c-c33420e6b104,Lagepriore
0.8286676782444805,0.544181111241177,False,0.09463123908137061,0.0419921875,False,0.37045599489795916,0.9150450878025629,2,18792f05-1f16-4343-884c-c33420e6b104,Lungenkarte
0.9137099485599174,0.8299074384179973,False,0.22422711375815038,0.07294323979591837,False,0.2347735969387755,0.42513661202185793,2,188218bc-84f2-4103-8e34-0dd6d3103b2f,Lagepriore
0.7239647489529427,0.38114198257238374,False,0.1226969119629712,0.07294323979591837,False,0.2347735969387755,0.42513661202185793,2,188218bc-84f2-4103-8e34-0dd6d3103b2f,Lungenkarte
0.8188240315109205,0.6360552225947197,False,0.2892220311424327,0.13303172831632654,False,0.41396285076530615,0.8049438202247191,2,18cded58-0cce-4b19-93de-48082a7b7d4c,Lagepriore
0.7947537630328702,0.5921600045853277,False,0.24334300544361037,0.13303172831632654,False,0.41396285076530615,0.8049438202247191,2,18cded58-0cce-4b19-93de-48082a7b7d4c,Lungenkarte
0.7447077915577403,0.5433919115025094,True,0.24975991949274223,0.13201530612244897,False,0.48782286352040816,0.928743961352657,2,1923df31-e23a-4ee4-86f8-35d124af2f61,Lagepriore
0.8068957028047099,0.6081934334734254,True,0.22745704534209366,0.13201530612244897,False,0.48782286352040816,0.928743961352657,2,1923df31-e23a-4ee4-86f8-35d124af2f61,Lungenkarte
0.9462964977004326,0.8837140168014184,True,0.7757156553278624,0.3369738520408163,False,0.365055006377551,0.8176602791577952,2,192f8bc4-1d12-4b3e-84a6-d94f77928faf,Lagepriore
0.9153547882522561,0.7156716380658241,True,0.6900025919055651,0.3369738520408163,False,0.365055006377551,0.8176602791577952,2,192f8bc4-1d12-4b3e-84a6-d94f77928faf,Lungenkarte
0.835521172443161,,False,0.3202303698975162,0.14433195153061223,False,0.37081473214285715,0.0,2,193ebe3c-905d-4ee0-87c0-b72999547d3b,Lagepriore
0.2430699476857712,,False,0.005740515798907933,0.14433195153061223,False,0.37081473214285715,0.0,2,193ebe3c-905d-4ee0-87c0-b72999547d3b,Lungenkarte
0.6824150021804775,0.27863845651781927,False,0.053253526839861065,0.04005899234693878,False,0.35239955357142855,1.0,2,195ddf15-9620-4827-97da-01a44d5842f7,Lagepriore
0.9005022638334301,0.6954230252514864,False,0.10402470061010075,0.04005899234693878,False,0.35239955357142855,1.0,2,195ddf15-9620-4827-97da-01a44d5842f7,Lungenkarte
0.6289431597782151,0.31660039331767303,False,0.053709018947206054,0.051060267857142856,False,0.39969308035714285,0.9836065573770492,2,19720da5-a262-4c83-9ae9-fe6f7f5cc5fb,Lagepriore
0.8853990695144833,0.7004506067230618,True,0.11406363151029265,0.051060267857142856,False,0.39969308035714285,0.9836065573770492,2,19720da5-a262-4c83-9ae9-fe6f7f5cc5fb,Lungenkarte
0.9492191874697136,0.8514787225836176,True,0.3483460881958548,0.1057876275510204,False,0.3446667729591837,0.9189902034664658,2,1a04f083-d880-4493-87be-68521bc197c1,Lagepriore
0.9154029791079706,0.7897357078435475,True,0.2654135089000634,0.1057876275510204,False,0.3446667729591837,0.9189902034664658,2,1a04f083-d880-4493-87be-68521bc197c1,Lungenkarte
0.7807179841119372,0.49988736273564494,False,0.10446492175419969,0.05488679846938776,False,0.41466039540816324,0.9353667392883079,2,1a2dc891-713d-4253-ad19-a1e7910ee2eb,Lagepriore
0.8293229868857462,0.6078997701897425,False,0.11307827139266052,0.05488679846938776,False,0.41466039540816324,0.9353667392883079,2,1a2dc891-713d-4253-ad19-a1e7910ee2eb,Lungenkarte
0.8816299993078075,0.8468568232321374,True,0.7583947240905425,0.3936742665816326,False,0.4850924744897959,0.8870551308661976,2,1a557ac7-3f9e-4750-9d36-1c311cad8a6f,Lagepriore
0.9243212311896779,0.8740407817868256,True,0.6654079396250524,0.3936742665816326,False,0.4850924744897959,0.8870551308661976,2,1a557ac7-3f9e-4750-9d36-1c311cad8a6f,Lungenkarte
0.8775735500080288,0.725890607226862,False,0.06004842927616439,0.021683673469387755,False,0.37107382015306123,1.0,2,1ae12f84-02bb-426f-84b1-81a6c552ce4e,Lagepriore
0.9750715458042939,0.9301986218949961,False,0.058102413560569346,0.021683673469387755,False,0.37107382015306123,1.0,2,1ae12f84-02bb-426f-84b1-81a6c552ce4e,Lungenkarte
0.869879741724133,0.9146541456436775,False,0.018358773903356426,0.0067362882653061226,False,0.1654376594387755,0.7366863905325444,2,1b0b9b81-dc8b-4b22-aaea-1a985009a522,Lagepriore
0.8797267347388972,0.4173871342299152,False,0.02540223163686365,0.0067362882653061226,False,0.1654376594387755,0.7366863905325444,2,1b0b9b81-dc8b-4b22-aaea-1a985009a522,Lungenkarte
0.8883107899395811,0.7475893823386583,True,0.24271216780356303,0.08729272959183673,False,0.46865035076530615,1.0,2,1b2aefc5-a9dd-4f84-a314-3acec56df761,Lagepriore
0.8813525218648834,0.7173621814719495,False,0.17721651079376954,0.08729272959183673,False,0.46865035076530615,1.0,2,1b2aefc5-a9dd-4f84-a314-3acec56df761,Lungenkarte
0.9538004173777124,0.9501929698269548,True,0.29242051730631985,0.08525988520408163,False,0.3854233099489796,0.8800841514726507,2,1b57f09b-5884-48b6-b7b5-2b3a323280b7,Lagepriore
0.8141167639014013,0.56231040906363,False,0.17661228406902468,0.08525988520408163,False,0.3854233099489796,0.8800841514726507,2,1b57f09b-5884-48b6-b7b5-2b3a323280b7,Lungenkarte
0.8829985381415828,0.7203607931470645,False,0.12299964468846851,0.04352678571428571,False,0.3923190369897959,0.9986263736263736,2,1b7f9ebf-bd1c-4195-9186-d6adb65945ee,Lagepriore
0.9185296336019373,0.778051674256731,False,0.10569446465216426,0.04352678571428571,False,0.3923190369897959,0.9986263736263736,2,1b7f9ebf-bd1c-4195-9186-d6adb65945ee,Lungenkarte
0.7606474635417679,0.47697420748836505,False,0.1872750637311616,0.09873246173469388,False,0.3526586415816326,0.8360920468308438,2,1c44e0a4-4612-438f-9a83-8d5bf919cb67,Lagepriore
0.8326413650848966,0.6202773484771751,True,0.21228742078449778,0.09873246173469388,False,0.3526586415816326,0.8360920468308438,2,1c44e0a4-4612-438f-9a83-8d5bf919cb67,Lungenkarte
0.9645685657831968,0.923579278072319,True,0.34400608286657325,0.09986846301020408,False,0.40842235331632654,0.8662941528636998,2,1c6867ff-939e-4096-9738-322c4c2a02bf,Lagepriore
0.8549257414712762,0.7456992880010324,True,0.20219604026385532,0.09986846301020408,False,0.40842235331632654,0.8662941528636998,2,1c6867ff-939e-4096-9738-322c4c2a02bf,Lungenkarte
0.8762665598163771,0.6923826004744436,False,0.0979094386983448,0.03561463647959184,False,0.34468670280612246,0.6955791829882485,2,1d193b54-7f79-4a6a-bcaf-352a03025019,Lagepriore
0.7278576796423287,0.4290390502788704,False,0.06429177189686582,0.03561463647959184,False,0.34468670280612246,0.6955791829882485,2,1d193b54-7f79-4a6a-bcaf-352a03025019,Lungenkarte
0.9195802887523127,0.8466629821623599,True,0.12325613017487824,0.03756776147959184,False,0.25566007653061223,0.803183023872679,2,1d1c51b5-1cc9-4d0c-8073-5f1cfd598f76,Lagepriore
0.8436162407754887,0.47965570414742004,False,0.10329154243437039,0.03756776147959184,False,0.25566007653061223,0.803183023872679,2,1d1c51b5-1cc9-4d0c-8073-5f1cfd598f76,Lungenkarte
0.9716528799914528,0.9275522447357966,True,0.29821253560089417,0.08223054846938775,False,0.4136439732142857,0.963402811439651,2,1dad3414-88c9-4c56-af5d-3a1488af452c,Lagepriore
0.9074038919528868,0.7820738000464764,True,0.1813507191227826,0.08223054846938775,False,0.4136439732142857,0.963402811439651,2,1dad3414-88c9-4c56-af5d-3a1488af452c,Lungenkarte
0.9495381859376907,0.6426847391101311,False,0.34169548180582415,0.10602678571428571,False,0.12358498086734694,0.7847744360902256,2,1dfd8737-ff04-49c6-bd1a-808d682ddc19,Lagepriore
0.9724216532167765,0.8189045403763057,True,0.5592806459599498,0.10602678571428571,False,0.12358498086734694,0.7847744360902256,2,1dfd8737-ff04-49c6-bd1a-808d682ddc19,Lungenkarte
0.9078921614741232,0.7698492086060169,False,0.18323852702315607,0.060068558673469385,False,0.35879703443877553,0.971134704711347,2,1e70a641-8faa-4436-a075-8193b3b541e1,Lagepriore
0.9008706792077017,0.7160230325557886,False,0.15117315810044069,0.060068558673469385,False,0.35879703443877553,0.971134704711347,2,1e70a641-8faa-4436-a075-8193b3b541e1,Lungenkarte
0.6894589463873402,0.5273258136105781,False,0.019464301943594105,0.015126753826530613,False,0.33095503826530615,0.2134387351778656,2,1eef9264-e6e3-41ba-b5fa-6a2ab638a7c9,Lagepriore
0.5731736394182252,0.17468114753852207,False,0.014182100624077815,0.015126753826530613,False,0.33095503826530615,0.2134387351778656,2,1eef9264-e6e3-41ba-b5fa-6a2ab638a7c9,Lungenkarte
0.9393299144320248,0.8936967728956904,False,0.11254973103870564,0.03180803571428571,False,0.28958067602040816,0.543233082706767,2,1ef28712-7b54-49de-838a-3a56326d26a0,Lagepriore
0.7199304740855845,0.3398476137702908,False,0.05499130330853044,0.03180803571428571,False,0.28958067602040816,0.543233082706767,2,1ef28712-7b54-49de-838a-3a56326d26a0,Lungenkarte
0.9118283638250388,0.752047899233374,False,0.15862976340713714,0.05197704081632653,False,0.3886120854591837,1.0,2,1f458170-a4e7-447f-a157-2b44e85f1e6c,Lagepriore
0.9379183307358249,0.825167198889451,False,0.12948047545779112,0.05197704081632653,False,0.3886120854591837,1.0,2,1f458170-a4e7-447f-a157-2b44e85f1e6c,Lungenkarte
0.9788976046054764,0.9281224477057604,True,0.06728535314633644,0.01594387755102041,False,0.2871890943877551,0.895,2,1f4741e6-a0ae-41b2-8b70-bf7e927f1b13,Lagepriore
0.8432463772885612,0.5047223817795666,False,0.04214648780255644,0.01594387755102041,False,0.2871890943877551,0.895,2,1f4741e6-a0ae-41b2-8b70-bf7e927f1b13,Lungenkarte
0.9307609172266599,0.7995051475114987,True,0.15896426478206793,0.047353316326530615,False,0.23351801658163265,0.9473905723905723,2,209147a3-a77b-4b6f-b2be-b74e38355bcf,Lagepriore
0.9453436518250848,0.7731931569629874,True,0.1719570450872073,0.047353316326530615,False,0.23351801658163265,0.9473905723905723,2,209147a3-a77b-4b6f-b2be-b74e38355bcf,Lungenkarte
0.8462312667940675,0.6989286153864077,True,0.6846452094736122,0.38229432397959184,False,0.4873644770408163,0.8059117923052862,2,20f39b8e-be82-4f24-8791-651533a73184,Lagepriore
0.8302698899878893,0.6991667104447163,True,0.5932889991562148,0.38229432397959184,False,0.4873644770408163,0.8059117923052862,2,20f39b8e-be82-4f24-8791-651533a73184,Lungenkarte
0.8657676799620508,0.5202635233320514,False,0.11098796713824975,0.0408561862244898,False,0.25193319515306123,1.0,2,2178c094-b206-4fe5-a9ef-d84540996b89,Lagepriore
0.9384845370333769,0.7216415225997223,True,0.14394460921577587,0.0408561862244898,False,0.25193319515306123,1.0,2,2178c094-b206-4fe5-a9ef-d84540996b89,Lungenkarte
0.905592747321169,0.8359968935170675,True,0.24395124851789995,0.08179209183673469,False,0.38649952168367346,0.8428362573099415,2,21dc80a4-e6b7-4cfc-9463-3fc2f660833f,Lagepriore
0.8006097811096252,0.56550117492825,False,0.16005139534180077,0.08179209183673469,False,0.38649952168367346,0.8428362573099415,2,21dc80a4-e6b7-4cfc-9463-3fc2f660833f,Lungenkarte
0.8988475166561826,0.8450354873465878,False,0.06689585209989336,0.022122130102040817,False,0.30333227040816324,0.9990990990990991,2,22f2d3ec-f7ea-4778-850d-bb111590202f,Lagepriore
0.9020741046349411,0.6611597575042499,False,0.06578950065540835,0.022122130102040817,False,0.30333227040816324,0.9990990990990991,2,22f2d3ec-f7ea-4778-850d-bb111590202f,Lungenkarte
0.9588375853771824,0.8854202568945949,True,0.17817084160220706,0.04823022959183673,False,0.3608298788265306,0.9995867768595041,2,231de9e8-63d9-4093-9d57-2bdcdee49225,Lagepriore
0.9373757630904758,0.8098307382843027,False,0.126315837419607,0.04823022959183673,False,0.3608298788265306,0.9995867768595041,2,231de9e8-63d9-4093-9d57-2bdcdee49225,Lungenkarte
0.9167079108871271,0.8191157681714467,False,0.1337155065082204,0.04185267857142857,False,0.43014588647959184,0.9371428571428572,2,239e9d1c-e5c1-4798-a6ba-64fd64e7c486,Lagepriore
0.802422577942068,0.5629614489491823,False,0.08329383100145775,0.04185267857142857,False,0.43014588647959184,0.9371428571428572,2,239e9d1c-e5c1-4798-a6ba-64fd64e7c486,Lungenkarte
0.9165458071498307,0.7486775019183883,False,0.08162477993542283,0.025330835459183673,False,0.3481943558673469,1.0,2,239f7e39-e679-4892-9c87-04d1e4fd240f,Lagepriore
0.8307923299970374,0.49323374712241747,False,0.061127759334413334,0.025330835459183673,False,0.3481943558673469,1.0,2,239f7e39-e679-4892-9c87-04d1e4fd240f,Lungenkarte
0.9491901724566648,0.8500761114931505,True,0.29575375413367977,0.08805006377551021,False,0.2344547193877551,0.7754640108646447,2,242a6f0b-fc6e-42e6-84c9-f74e3d33372b,Lagepriore
0.8947360967299556,0.7670451307337943,True,0.2705959038100231,0.08805006377551021,False,0.2344547193877551,0.7754640108646447,2,242a6f0b-fc6e-42e6-84c9-f74e3d33372b,Lungenkarte
0.7939450287831306,0.48875655484312447,False,0.11728857621998673,0.05835459183673469,False,0.2893215880102041,0.8449453551912568,2,245d1104-6524-4d44-ace9-e54f0645a46e,Lagepriore
0.8511174150951427,0.5594902757170798,False,0.1521049268448333,0.05835459183673469,False,0.2893215880102041,0.8449453551912568,2,245d1104-6524-4d44-ace9-e54f0645a46e,Lungenkarte
0.9351318041896944,0.8764730847359257,False,0.06761671401771792,0.01913265306122449,False,0.5342195471938775,1.0,2,24bc6cbc-3ed9-455a-8fbf-f106ce3e1e59,Lagepriore
0.9133347662176257,0.8349655196040497,False,0.03556837339049561,0.01913265306122449,False,0.5342195471938775,1.0,2,24bc6cbc-3ed9-455a-8fbf-f106ce3e1e59,Lungenkarte
0.6657642938947538,0.32603539024445594,False,0.07246626064897049,0.05839445153061224,False,0.3883729272959184,0.7378839590443687,2,24c876fa-93e4-4dd6-b1f1-a6f5f4aab729,Lagepriore
0.7414805218897127,0.5335866661861112,False,0.10214356083578587,0.05839445153061224,False,0.3883729272959184,0.7378839590443687,2,24c876fa-93e4-4dd6-b1f1-a6f5f4aab729,Lungenkarte
0.942756494525485,0.7667098834946755,False,0.3253804927331298,0.10249920280612244,False,0.23292012117346939,0.7639510013610733,2,24cb4fd3-7f4b-4bc7-a9c1-24be6c6e09de,Lagepriore
0.8702822113050296,0.5422549886680904,False,0.2950705627561345,0.10249920280612244,False,0.23292012117346939,0.7639510013610733,2,24cb4fd3-7f4b-4bc7-a9c1-24be6c6e09de,Lungenkarte
0.9463684757387631,0.8229505262370109,False,0.0626179123148914,0.016741071428571428,False,0.2989477040816326,0.6928571428571428,2,24dba8ea-22b9-4a3c-84ce-6bafeab8e6d1,Lagepriore
0.7757696374520296,0.42714784974299497,False,0.03634075188792682,0.016741071428571428,False,0.2989477040816326,0.6928571428571428,2,24dba8ea-22b9-4a3c-84ce-6bafeab8e6d1,Lungenkarte
0.8718062414380633,0.6985774362460023,False,0.17768411013246796,0.06684470663265306,False,0.3367944834183674,0.8932617769827073,2,25ba8a50-bc9a-4ca8-81c3-9f635f52243b,Lagepriore
0.8534052587595794,0.6009917488584602,False,0.15944434278264139,0.06684470663265306,False,0.3367944834183674,0.8932617769827073,2,25ba8a50-bc9a-4ca8-81c3-9f635f52243b,Lungenkarte
0.6590893321068154,0.4148404379349181,False,0.019091329831131917,0.01775749362244898,False,0.34956951530612246,1.0,2,26ae031c-b211-45f4-ac4d-b2983db93aa6,Lagepriore
0.9457806680423433,0.8394978812221089,False,0.04965389749834052,0.01775749362244898,False,0.34956951530612246,1.0,2,26ae031c-b211-45f4-ac4d-b2983db93aa6,Lungenkarte
0.9289548117788037,0.8294341330181744,False,0.1849156204856972,0.05699936224489796,False,0.44638871173469385,1.0,2,270d287b-5f32-469d-9f88-f4a87f27ef47,Lagepriore
0.8902759722313361,0.7346938045064773,False,0.12287366867177603,0.05699936224489796,False,0.44638871173469385,1.0,2,270d287b-5f32-469d-9f88-f4a87f27ef47,Lungenkarte
0.9341543407559159,0.8548151297607792,False,0.2308548689408723,0.07124920280612244,False,0.47205835459183676,0.9815384615384616,2,28775c77-80e8-4f8c-be85-7a44162b5c28,Lagepriore
0.8564328116251895,0.6839249360175838,False,0.13945722362838492,0.07124920280612244,False,0.47205835459183676,0.9815384615384616,2,28775c77-80e8-4f8c-be85-7a44162b5c28,Lungenkarte
0.9594173247401733,0.8970578131868461,True,0.14590672814087016,0.038564253826530615,False,0.31435347576530615,0.9989664082687338,2,29576186-ed47-4331-8ea0-08d899822c1f,Lagepriore
0.9079294971784377,0.6819587690522684,True,0.11009880464358293,0.038564253826530615,False,0.31435347576530615,0.9989664082687338,2,29576186-ed47-4331-8ea0-08d899822c1f,Lungenkarte
0.9811103709766786,0.9306571456328605,True,0.35708188376986794,0.09775589923469388,False,0.27646683673469385,0.8852191641182466,2,2c0efede-becf-44a0-b762-10e97cf178de,Lagepriore
0.9241577672087391,0.7827268902343831,True,0.29259840168766676,0.09775589923469388,False,0.27646683673469385,0.8852191641182466,2,2c0efede-becf-44a0-b762-10e97cf178de,Lungenkarte
0.7971512670029579,0.4899844885474088,False,0.1136672424710324,0.05530532525510204,False,0.32481664540816324,0.8554954954954955,2,2c68016e-5a63-4430-a834-efe5d43edd0e,Lagepriore
0.8362616670382329,0.574857930171902,False,0.1309760577534395,0.05530532525510204,False,0.32481664540816324,0.8554954954954955,2,2c68016e-5a63-4430-a834-efe5d43edd0e,Lungenkarte
0.8765283305545998,0.7466577153749909,False,0.08914736240960451,0.03218670280612245,False,0.363101881377551,0.5021671826625387,2,2c781913-5f24-4b0e-959c-6b7385c6fce0,Lagepriore
0.5869997729707419,0.25697969129660186,False,0.03769387103547811,0.03218670280612245,False,0.363101881377551,0.5021671826625387,2,2c781913-5f24-4b0e-959c-6b7385c6fce0,Lungenkarte
0.8207038484279442,0.6423884187921587,True,0.45365476332288374,0.22825653698979592,False,0.49037388392857145,0.9447306382607177,2,2c917d3a-95cb-4c11-802c-f83e28cb37bc,Lagepriore
0.865739816504925,0.6787986955737605,False,0.4104123945406147,0.22825653698979592,False,0.49037388392857145,0.9447306382607177,2,2c917d3a-95cb-4c11-802c-f83e28cb37bc,Lungenkarte
0.8493910789114932,0.7253216740232437,False,0.23804042941031364,0.09877232142857142,False,0.3264110331632653,0.9118240516545602,2,2cc72d62-1144-4fe9-a4ab-da083ad11392,Lagepriore
0.9173496851907579,0.7842921085310486,True,0.25920171504799916,0.09877232142857142,False,0.3264110331632653,0.9118240516545602,2,2cc72d62-1144-4fe9-a4ab-da083ad11392,Lungenkarte
0.7737790214030618,0.5200254923815835,False,0.05271795274819184,0.02570950255102041,False,0.398258131377551,0.627906976744186,2,2d370cb1-791e-407e-9408-9156664de6b6,Lagepriore
0.6462774095213448,0.3180339443391652,False,0.03746888197303549,0.02570950255102041,False,0.398258131377551,0.627906976744186,2,2d370cb1-791e-407e-9408-9156664de6b6,Lungenkarte
0.9330994289044648,0.8540836600744245,False,0.030588094348786024,0.008709343112244899,False,0.35817920918367346,1.0,2,2d5d4cc5-5633-4718-ac7a-61bd0c7dbf4f,Lagepriore
0.9726968367555988,0.9225530632099646,False,0.02415890110347294,0.008709343112244899,False,0.35817920918367346,1.0,2,2d5d4cc5-5633-4718-ac7a-61bd0c7dbf4f,Lungenkarte
0.7013750025410134,0.47171860683368083,False,0.04838145962475599,0.03591358418367347,False,0.4275749362244898,0.4450610432852386,2,2dd692a5-a60c-443e-8299-af5d03949b60,Lagepriore
0.5239280629145264,0.30587851623121165,False,0.03608648028710865,0.03591358418367347,False,0.4275749362244898,0.4450610432852386,2,2dd692a5-a60c-443e-8299-af5d03949b60,Lungenkarte
0.806780332718281,0.5812646191778309,False,0.1424872108808852,0.061025191326530615,False,0.39026626275510207,1.0,2,2ef4cfe7-bbc1-4ce2-ba1e-6df54a94252c,Lagepriore
0.9084944353186777,0.740734890946271,False,0.147242758660562,0.061025191326530615,False,0.39026626275510207,1.0,2,2ef4cfe7-bbc1-4ce2-ba1e-6df54a94252c,Lungenkarte
0.9552397636159311,0.9358059948650099,True,0.4533991042790476,0.14375398596938777,False,0.3369738520408163,0.8613614307500347,2,2f200e3f-8e4c-4675-948c-8226cd65163a,Lagepriore
0.873138229113855,0.6713285200984499,True,0.334005455307825,0.14375398596938777,False,0.3369738520408163,0.8613614307500347,2,2f200e3f-8e4c-4675-948c-8226cd65163a,Lungenkarte
0.8798746670803412,0.7453366277607198,False,0.02298621497808666,0.007952008928571428,False,0.3123405612244898,1.0,2,2f42fe81-bd2a-4b14-966b-589873d13663,Lagepriore
0.9089960018675776,0.7034683054129135,False,0.023390218171784823,0.007952008928571428,False,0.3123405612244898,1.0,2,2f42fe81-bd2a-4b14-966b-589873d13663,Lungenkarte
0.9511409522038174,0.8953310680379614,False,0.04100346275399801,0.010881696428571428,False,0.22448979591836735,0.09706959706959707,2,2f55c07d-beb7-4b5f-9e9d-18d4fed5ae27,Lagepriore
0.6731734431865402,0.17717268922200735,False,0.011791488091716444,0.010881696428571428,False,0.22448979591836735,0.09706959706959707,2,2f55c07d-beb7-4b5f-9e9d-18d4fed5ae27,Lungenkarte
0.9379324697139374,0.8267573598827237,False,0.16062358999980825,0.04711415816326531,False,0.33589764030612246,0.6484771573604061,2,2f9c1b97-74a7-4781-bad3-c46cc08c69c8,Lagepriore
0.75118004396945,0.6574644422789998,False,0.08942299549987928,0.04711415816326531,False,0.33589764030612246,0.6484771573604061,2,2f9c1b97-74a7-4781-bad3-c46cc08c69c8,Lungenkarte
0.8825619194202471,0.7338590746099672,False,0.26556544997684745,0.09933035714285714,False,0.26893335459183676,0.8892455858747994,2,3011a504-67f0-4bda-b774-46cb7c38b839,Lagepriore
0.9210012778188841,0.7414684076681537,True,0.29698234652288075,0.09933035714285714,False,0.26893335459183676,0.8892455858747994,2,3011a504-67f0-4bda-b774-46cb7c38b839,Lungenkarte
0.9376232583102654,0.8165855683424009,False,0.17896046323192605,0.053392059948979595,False,0.2982900191326531,0.7275102650242627,2,30181ed4-6337-47e1-89b7-9dfe63c95131,Lagepriore
0.7919573797093238,0.4474164359077824,False,0.1168557842352648,0.053392059948979595,False,0.2982900191326531,0.7275102650242627,2,30181ed4-6337-47e1-89b7-9dfe63c95131,Lungenkarte
0.8800896354326603,0.5811056441967066,False,0.11617862657109715,0.04145408163265306,False,0.24808673469387754,0.6432692307692308,2,3040d9d7-d895-453f-887c-616c10531960,Lagepriore
0.8001296735455371,0.47263339562655815,False,0.09772021251621274,0.04145408163265306,False,0.24808673469387754,0.6432692307692308,2,3040d9d7-d895-453f-887c-616c10531960,Lungenkarte
0.6673580966619673,0.36865877193688323,False,0.056064949888528726,0.043845663265306124,False,0.41501913265306123,0.855909090909091,2,307e9bfc-29b2-4d3a-9a39-2ac51d7b13f6,Lagepriore
0.7607322032228235,0.4971931034523365,False,0.0809061532409082,0.043845663265306124,False,0.41501913265306123,0.855909090909091,2,307e9bfc-29b2-4d3a-9a39-2ac51d7b13f6,Lungenkarte
0.7477157672385586,0.5274753063540082,False,0.10626788207261427,0.05795599489795918,False,0.34486607142857145,0.8380330123796423,2,31102758-a5ba-44c9-b480-b744bcfcb861,Lagepriore
0.8504621326326898,0.6837474878818148,False,0.13285357166310233,0.05795599489795918,False,0.34486607142857145,0.8380330123796423,2,31102758-a5ba-44c9-b480-b744bcfcb861,Lungenkarte
0.8804528828823103,0.688610902220567,False,0.19402583436377135,0.0731624681122449,False,0.39002710459183676,1.0,2,311a559e-bed5-478a-94f5-c1bcf1df939a,Lagepriore
0.9522186684144033,0.860250869571676,False,0.17949094656762654,0.0731624681122449,False,0.39002710459183676,1.0,2,311a559e-bed5-478a-94f5-c1bcf1df939a,Lungenkarte
0.7700505396631504,0.5023130973683062,False,0.11987743894377025,0.06457270408163265,False,0.28047273596938777,0.6429012345679013,2,315b5137-1117-4090-9329-d6a6fff607ef,Lagepriore
0.7891355045851772,0.5629511630951861,True,0.139627482405474,0.06457270408163265,False,0.28047273596938777,0.6429012345679013,2,315b5137-1117-4090-9329-d6a6fff607ef,Lungenkarte
0.9408224191751761,0.8798852339329283,True,0.16914715594358554,0.047532684948979595,False,0.3045280612244898,0.7828092243186583,2,3162d754-7972-47b0-ae60-1ae6e2bb4150,Lagepriore
0.8170290214112312,0.523138401771962,False,0.11180093961030063,0.047532684948979595,False,0.3045280612244898,0.7828092243186583,2,3162d754-7972-47b0-ae60-1ae6e2bb4150,Lungenkarte
0.9465574918221061,0.6565086906145905,False,0.21256522687725932,0.06134406887755102,False,0.14381377551020408,0.6283300844704354,2,3164b8ce-f84e-47db-9c14-e78890c955ed,Lagepriore
0.8864996971324167,0.6184814027621859,False,0.23356902107262215,0.06134406887755102,False,0.14381377551020408,0.6283300844704354,2,3164b8ce-f84e-47db-9c14-e78890c955ed,Lungenkarte
0.9455369230611289,0.9074860484360796,True,0.3172166345855067,0.09661989795918367,False,0.17426658163265307,0.7603135313531353,2,31692137-f770-4cfe-a02e-fd207ce813ac,Lagepriore
0.916525872674741,0.5167477767929993,False,0.35839524780691867,0.09661989795918367,False,0.17426658163265307,0.7603135313531353,2,31692137-f770-4cfe-a02e-fd207ce813ac,Lungenkarte
0.8966586796884872,0.7306443886438652,False,0.18879360495670722,0.06588807397959184,False,0.4240872130102041,1.0,2,3173b82f-569b-43e6-aecc-b4fb6a14466f,Lagepriore
0.8868808365572304,0.7062053303791137,False,0.14602546481521764,0.06588807397959184,False,0.4240872130102041,1.0,2,3173b82f-569b-43e6-aecc-b4fb6a14466f,Lungenkarte
0.8084379175808886,0.544610264971008,False,0.12682919969378054,0.058274872448979595,False,0.28041294642857145,0.8074555403556771,2,317a2577-b48c-4dac-bd52-31286c7546af,Lagepriore
0.8526669388439525,0.607193107862127,True,0.1519987118073137,0.058274872448979595,False,0.28041294642857145,0.8074555403556771,2,317a2577-b48c-4dac-bd52-31286c7546af,Lungenkarte
0.8913042605775225,0.6740646117631728,False,0.17969219272950415,0.06419403698979592,False,0.3528380102040816,0.9658491151816206,2,3198c328-990e-452c-81d3-4b149f54421a,Lagepriore
0.8771169302083339,0.6341721238015355,False,0.15829693121197835,0.06419403698979592,False,0.3528380102040816,0.9658491151816206,2,3198c328-990e-452c-81d3-4b149f54421a,Lungenkarte
0.821455573394486,0.6488658711117437,True,0.19506652835074648,0.08490114795918367,False,0.3026745854591837,0.8683098591549295,2,319e7123-a32b-4971-acd0-975c52958411,Lagepriore
0.8697740786707059,0.6136388142432533,False,0.21708358978545275,0.08490114795918367,False,0.3026745854591837,0.8683098591549295,2,319e7123-a32b-4971-acd0-975c52958411,Lungenkarte
0.8903714852912981,0.6825038755619508,False,0.15560408594515002,0.055544483418367346,False,0.3039700255102041,0.6397560100466452,2,31b33ec5-c46a-462c-a933-36a361673a2b,Lagepriore
0.7508327412182506,0.48520111844039615,False,0.10824524162068441,0.055544483418367346,False,0.3039700255102041,0.6397560100466452,2,31b33ec5-c46a-462c-a933-36a361673a2b,Lungenkarte
0.9196473272797074,0.7841327607020757,False,0.1649751655086189,0.052056760204081634,False,0.37587691326530615,0.9996171516079633,2,31d34fd3-7d8f-4b3d-86bc-6b060f20d8ee,Lagepriore
0.9125732365373943,0.7450018607632432,False,0.12953111995251004,0.052056760204081634,False,0.37587691326530615,0.9996171516079633,2,31d34fd3-7d8f-4b3d-86bc-6b060f20d8ee,Lungenkarte
0.757630433387563,0.641850010573902,False,0.185734332705635,0.1092952806122449,False,0.2756497130102041,0.6068563092633115,2,31e4e2fe-9d21-4cf9-ba57-3174ebc32a43,Lagepriore
0.7823179975066233,0.6585531995437202,True,0.22112020784203132,0.1092952806122449,False,0.2756497130102041,0.6068563092633115,2,31e4e2fe-9d21-4cf9-ba57-3174ebc32a43,Lungenkarte
0.9824357361105832,0.9527600341875375,True,0.3272627913431313,0.08801020408163265,False,0.3301578443877551,0.9017210144927537,2,31f4be2a-eb24-4816-8766-56ff59314cc9,Lagepriore
0.8773844895904593,0.6531527721855789,False,0.22041074303708016,0.08801020408163265,False,0.3301578443877551,0.9017210144927537,2,31f4be2a-eb24-4816-8766-56ff59314cc9,Lungenkarte
0.9752239769460013,0.9378800140981192,True,0.34100276046956696,0.09498565051020408,False,0.36001275510204084,0.9370541334452371,2,31fde4e6-d2f5-4467-aa7b-e6bb2e2738d1,Lagepriore
0.8872069630335925,0.6801548487775164,False,0.23183123844526943,0.09498565051020408,False,0.36001275510204084,0.9370541334452371,2,31fde4e6-d2f5-4467-aa7b-e6bb2e2738d1,Lungenkarte
0.8620155419909622,0.7170738838227008,False,0.08891752969786029,0.03342235331632653,False,0.499820631377551,1.0,2,3208e231-f146-41b6-b726-1d4267728342,Lagepriore
0.8740222259345406,0.7397482756724563,False,0.06328778638894093,0.03342235331632653,False,0.499820631377551,1.0,2,3208e231-f146-41b6-b726-1d4267728342,Lungenkarte
0.7383898886949322,0.5646180173950794,True,0.3591656268968631,0.20087292729591838,False,0.4735730229591837,0.9303502331580514,2,32408669-c137-4e8d-bd62-fe8345b40e73,Lagepriore
0.8550463904672008,0.664614269845582,False,0.3701744121538724,0.20087292729591838,False,0.4735730229591837,0.9303502331580514,2,32408669-c137-4e8d-bd62-fe8345b40e73,Lungenkarte
0.7616835029687288,0.46582182177516523,False,0.12943219475430265,0.0703125,False,0.15244339923469388,0.4770408163265306,2,32827da4-939c-46de-85db-a2d75cb0dfad,Lagepriore
0.6379478844501844,0.8636609135268203,True,0.1984020506006385,0.0703125,False,0.15244339923469388,0.4770408163265306,2,32827da4-939c-46de-85db-a2d75cb0dfad,Lungenkarte
0.9571928674362126,0.8848610122041404,True,0.31300038854125656,0.09183673469387756,False,0.3870176977040816,0.7738715277777778,2,32b9ab38-2dc3-471b-87d8-4a67f49bfb7c,Lagepriore
0.7931082412395882,0.6629019034561753,True,0.17401179618232593,0.09183673469387756,False,0.3870176977040816,0.7738715277777778,2,32b9ab38-2dc3-471b-87d8-4a67f49bfb7c,Lungenkarte
0.824584841802209,0.5935860695407242,False,0.17728617957188836,0.07766661352040816,False,0.35054607780612246,0.8126764177572492,2,32bac08d-957e-44e0-9c11-26657e24170b,Lagepriore
0.8059851400668047,0.5107239111281282,False,0.16608144461239618,0.07766661352040816,False,0.35054607780612246,0.8126764177572492,2,32bac08d-957e-44e0-9c11-26657e24170b,Lungenkarte
0.9210833943815034,0.8579738073064704,False,0.2794850455556947,0.09410873724489796,False,0.27379623724489793,1.0,2,32ceee8d-3208-4abc-b329-55f7d2264398,Lagepriore
0.9758052003443186,0.8792331797919986,True,0.32286347646700286,0.09410873724489796,False,0.27379623724489793,1.0,2,32ceee8d-3208-4abc-b329-55f7d2264398,Lungenkarte
0.982375135518885,0.9592910319654506,True,0.08028454322991717,0.018933354591836735,False,0.357242506377551,0.9442105263157895,2,32e8b837-8656-47e1-87ec-b365c7670984,Lagepriore
0.7657773598462088,0.3566799872411601,False,0.038942588498373384,0.018933354591836735,False,0.357242506377551,0.9442105263157895,2,32e8b837-8656-47e1-87ec-b365c7670984,Lungenkarte
0.8395735987426719,0.5869056275448121,False,0.1674528309758485,0.07146843112244898,False,0.35646524234693877,0.5858895705521472,2,32f3d89e-418f-4146-8036-7583ad6f1f0a,Lagepriore
0.6889178086012632,0.6486005050312407,False,0.11374166025556887,0.07146843112244898,False,0.35646524234693877,0.5858895705521472,2,32f3d89e-418f-4146-8036-7583ad6f1f0a,Lungenkarte
0.9366175997206744,0.9229198458446841,False,0.08828922902840348,0.025111607142857144,False,0.27407525510204084,0.24841269841269842,2,3352dd2e-717c-4a5a-ad4b-81315818b351,Lagepriore
0.6541782349268652,0.25123912165418133,False,0.02966974699546625,0.025111607142857144,False,0.27407525510204084,0.24841269841269842,2,3352dd2e-717c-4a5a-ad4b-81315818b351,Lungenkarte
0.9179182420641516,0.8532419504806679,True,0.1326159289555538,0.04065688775510204,False,0.30197704081632654,0.8254901960784313,2,335ee631-5d9a-464c-8fdd-fa759b5c9fe0,Lagepriore
0.8122811908334882,0.46587400009312124,False,0.09581219639119018,0.04065688775510204,False,0.30197704081632654,0.8254901960784313,2,335ee631-5d9a-464c-8fdd-fa759b5c9fe0,Lungenkarte
0.8298431557789056,0.652431466131604,True,0.5327534071411424,0.24659199617346939,False,0.35072544642857145,0.7824294835528974,2,336622cd-55bc-4404-beb1-8c75de224d0a,Lagepriore
0.8616490623003931,0.7021814109319319,True,0.5066775841632932,0.24659199617346939,False,0.35072544642857145,0.7824294835528974,2,336622cd-55bc-4404-beb1-8c75de224d0a,Lungenkarte
0.8605787332658263,0.6982249216602834,True,0.5433757986358266,0.2612802933673469,False,0.43233816964285715,0.8102212051868802,2,336c9afc-e140-4d5e-ab50-7b11809dbc1f,Lagepriore
0.809690721969836,0.582989438890021,False,0.451319228452029,0.2612802933673469,False,0.43233816964285715,0.8102212051868802,2,336c9afc-e140-4d5e-ab50-7b11809dbc1f,Lungenkarte
0.9312526892561939,0.7776366075870831,True,0.24879327449707522,0.07653061224489796,False,0.1673907844387755,0.8182291666666667,2,338907f5-8c8c-47e7-a57d-6c9eb5b4529b,Lagepriore
0.9360253434154869,0.6896083025669633,True,0.32409793952239274,0.07653061224489796,False,0.1673907844387755,0.8182291666666667,2,338907f5-8c8c-47e7-a57d-6c9eb5b4529b,Lungenkarte
0.9361965548762362,0.9215047017917416,True,0.7058796621591759,0.29749282525510207,False,0.26560507015306123,0.681583707375896,2,33c80447-e65b-41f8-ad03-523b78048641,Lagepriore
0.8996899182098204,0.7656878933265899,True,0.6928620168667657,0.29749282525510207,False,0.26560507015306123,0.681583707375896,2,33c80447-e65b-41f8-ad03-523b78048641,Lungenkarte
0.9346659235316915,0.8318761066797973,True,0.40586705913572724,0.13719706632653061,False,0.4045559630102041,0.90746658919233,2,33d21874-f7b1-413c-8013-0b4a98d12fb9,Lagepriore
0.8382747152922819,0.5962993919404115,True,0.2756798403291695,0.13719706632653061,False,0.4045559630102041,0.90746658919233,2,33d21874-f7b1-413c-8013-0b4a98d12fb9,Lungenkarte
0.8986389906516046,0.8117214096552404,True,0.653270179572982,0.2855947066326531,False,0.40268255739795916,0.894347522679693,2,33e18761-b2d9-43d1-a9f4-b16a99a2664e,Lagepriore
0.9236352820678705,0.7942298884497639,True,0.5909707229674929,0.2855947066326531,False,0.40268255739795916,0.894347522679693,2,33e18761-b2d9-43d1-a9f4-b16a99a2664e,Lungenkarte
0.7865154048667453,0.6286865865330598,True,0.4557930514167552,0.2526905293367347,False,0.318538743622449,0.7620474800851802,2,34591201-fa13-4dfc-809f-bb3cb8ca7665,Lagepriore
0.8626209501550197,0.5652538886668068,False,0.528333152541295,0.2526905293367347,False,0.318538743622449,0.7620474800851802,2,34591201-fa13-4dfc-809f-bb3cb8ca7665,Lungenkarte
0.920306961897745,0.8227321527801448,True,0.15105614844017615,0.04472257653061224,False,0.3275669642857143,0.9679144385026738,2,345d1a85-8d32-4e43-8e9f-dfb0048da3fe,Lagepriore
0.8858072973030867,0.6440931767852514,False,0.11755756364693937,0.04472257653061224,False,0.3275669642857143,0.9679144385026738,2,345d1a85-8d32-4e43-8e9f-dfb0048da3fe,Lungenkarte
0.8678058724931377,0.6651583215117602,False,0.1515184585885573,0.05825494260204082,False,0.3823142538265306,0.9302086897023606,2,34aca5a7-7786-4060-afea-cf31d8fc05d6,Lagepriore
0.8456436802123514,0.6163869385825049,False,0.12979931225022365,0.05825494260204082,False,0.3823142538265306,0.9302086897023606,2,34aca5a7-7786-4060-afea-cf31d8fc05d6,Lungenkarte
0.8429797212653615,0.6976699151290411,False,0.20937934399824143,0.08729272959183673,False,0.42771444515306123,0.8534246575342466,2,34e19eb5-78d1-42b9-bc47-b043d97feefb,Lagepriore
0.8033081890663818,0.6429379144070331,False,0.1634240850769531,0.08729272959183673,False,0.42771444515306123,0.8534246575342466,2,34e19eb5-78d1-42b9-bc47-b043d97feefb,Lungenkarte
0.8373418433620976,0.660016635072799,False,0.12037408780880526,0.04928651147959184,False,0.3496691645408163,1.0,2,34fbff70-fa6e-4709-ab07-17f739fce394,Lagepriore
0.9404700081891493,0.8115974311309488,False,0.1357236700008554,0.04928651147959184,False,0.3496691645408163,1.0,2,34fbff70-fa6e-4709-ab07-17f739fce394,Lungenkarte
0.8533773328588533,0.7628543275876051,True,0.6831237345850337,0.356624681122449,False,0.44876036352040816,0.8579412093439142,2,3502cf28-bcc2-4cf4-84bc-749ccc2dd222,Lagepriore
0.9035880975678962,0.8196113751383218,True,0.636223431421541,0.356624681122449,False,0.44876036352040816,0.8579412093439142,2,3502cf28-bcc2-4cf4-84bc-749ccc2dd222,Lungenkarte
0.9838006195458524,0.9538812871522923,True,0.3314032530169053,0.08882732780612244,False,0.33529974489795916,0.9421135292797846,2,35147425-e8f1-494b-8cce-74252c0578d6,Lagepriore
0.9154485853759636,0.7508229823696826,True,0.23492121911096966,0.08882732780612244,False,0.33529974489795916,0.9421135292797846,2,35147425-e8f1-494b-8cce-74252c0578d6,Lungenkarte
0.9846874111389191,0.9583270963163631,True,0.5878682821918494,0.18777901785714285,False,0.3876355229591837,0.9522394396094247,2,351a2161-64fb-41c0-889f-653d320a406f,Lagepriore
0.9353603539529081,0.8055521102448737,True,0.4274271937136492,0.18777901785714285,False,0.3876355229591837,0.9522394396094247,2,351a2161-64fb-41c0-889f-653d320a406f,Lungenkarte
0.966313770244393,0.9357382952572023,True,0.18863393709420992,0.04984454719387755,False,0.4596619897959184,1.0,2,356b2d20-3a74-4628-8652-cb7800eddc3e,Lagepriore
0.8931240424648179,0.7527245679076033,True,0.10268845387947535,0.04984454719387755,False,0.4596619897959184,1.0,2,356b2d20-3a74-4628-8652-cb7800eddc3e,Lungenkarte
0.71654463017783,0.425513702329519,True,0.32053255771214767,0.18662308673469388,False,0.3436702806122449,0.8153566851772747,2,3574c226-b39c-48d4-ab38-362c4e52ee82,Lagepriore
0.8555814273745738,0.6190723156220262,True,0.398637368558167,0.18662308673469388,False,0.3436702806122449,0.8153566851772747,2,3574c226-b39c-48d4-ab38-362c4e52ee82,Lungenkarte
0.8822358443815774,0.7249248319198452,True,0.35079701829090565,0.13309151785714285,False,0.43203922193877553,0.975591494459419,2,3576b088-b3b9-40f2-bd44-de169e3e82f7,Lagepriore
0.901207445710034,0.7406952254672923,False,0.2793337833930629,0.13309151785714285,False,0.43203922193877553,0.975591494459419,2,3576b088-b3b9-40f2-bd44-de169e3e82f7,Lungenkarte
0.8481933685094551,0.7771329275846501,True,0.6961519739651045,0.3567442602040816,False,0.40074936224489793,0.8794413407821229,2,3580d303-401f-4f0b-ac88-0729834349a8,Lagepriore
0.9393596613634775,0.8207613456402726,True,0.7126401555283979,0.3567442602040816,False,0.40074936224489793,0.8794413407821229,2,3580d303-401f-4f0b-ac88-0729834349a8,Lungenkarte
0.8334502846537661,0.5738770229368382,False,0.2899109097821947,0.13121811224489796,False,0.28334263392857145,0.8898845686512759,2,3592ae43-bcf5-48e8-9cca-680c9a724831,Lagepriore
0.9159326578644749,0.6786304755027015,False,0.3729780696648022,0.13121811224489796,False,0.28334263392857145,0.8898845686512759,2,3592ae43-bcf5-48e8-9cca-680c9a724831,Lungenkarte
0.9133167951412211,0.8690808264156998,True,0.3768010596114184,0.13209502551020408,False,0.2588488520408163,0.5227821363910682,2,359ce100-a41f-40e2-ba95-c91b83725a35,Lagepriore
0.7174941437687721,0.8028565306838961,True,0.25670152020231995,0.13209502551020408,False,0.2588488520408163,0.5227821363910682,2,359ce100-a41f-40e2-ba95-c91b83725a35,Lungenkarte
0.6929630782409153,0.4095196250874661,False,0.019315584176807277,0.015525350765306123,False,0.22630341198979592,0.9987163029525032,2,35a9fe12-15e7-46d5-9095-529d5298ca70,Lagepriore
0.9114289967300899,0.5915322765869485,False,0.0566229420836737,0.015525350765306123,False,0.22630341198979592,0.9987163029525032,2,35a9fe12-15e7-46d5-9095-529d5298ca70,Lungenkarte
0.7460164620011481,0.5248016279544747,True,0.652605226494466,0.42665816326530615,False,0.3868781887755102,0.7770459641255605,2,362642f9-cda6-438a-8672-935c6191220c,Lagepriore
0.9304073748952498,0.8506148827172059,True,0.7971844645605463,0.42665816326530615,False,0.3868781887755102,0.7770459641255605,2,362642f9-cda6-438a-8672-935c6191220c,Lungenkarte
0.9804582191953441,0.9320383916441716,True,0.08811852800460639,0.020926339285714284,False,0.2898796237244898,1.0,2,36283110-2808-4ac2-9dc7-c8e2a6754c83,Lagepriore
0.9161021028531104,0.6960478836959014,False,0.06631081284239564,0.020926339285714284,False,0.2898796237244898,1.0,2,36283110-2808-4ac2-9dc7-c8e2a6754c83,Lungenkarte
0.9385603113526046,0.8689488942826321,True,0.802639895589802,0.35997289540816324,False,0.3470982142857143,0.8211715203189016,2,3642d117-1150-46a2-9e21-1cc388f1db2f,Lagepriore
0.9438587937749477,0.8784745444123826,True,0.762130649203858,0.35997289540816324,False,0.3470982142857143,0.8211715203189016,2,3642d117-1150-46a2-9e21-1cc388f1db2f,Lungenkarte
0.856949961815608,0.7462818589925919,False,0.16342786440952933,0.06377551020408163,False,0.27596859056122447,0.445625,2,3647d0dd-fcf0-4606-bddc-ba872f5f7ccb,Lagepriore
0.6799920072217728,0.34416573050232874,False,0.09312386893008913,0.06377551020408163,False,0.27596859056122447,0.445625,2,3647d0dd-fcf0-4606-bddc-ba872f5f7ccb,Lungenkarte
0.6391675358098973,0.43768857786797694,False,0.27290848841955095,0.21368781887755103,False,0.4128268494897959,0.8750233165454206,2,36994bd6-13dc-405e-9f98-680a0e5b2eea,Lagepriore
0.8661797197574158,0.6536978380768786,False,0.4295926949132526,0.21368781887755103,False,0.4128268494897959,0.8750233165454206,2,36994bd6-13dc-405e-9f98-680a0e5b2eea,Lungenkarte
0.9647048632748236,0.8927712660273608,True,0.13154337579131134,0.03372130102040816,False,0.3235012755102041,1.0,2,36a9f078-981f-47fd-87eb-e8be3ac35082,Lagepriore
0.9503888148716362,0.83458617460271,True,0.10038404178428324,0.03372130102040816,False,0.3235012755102041,1.0,2,36a9f078-981f-47fd-87eb-e8be3ac35082,Lungenkarte
0.9097326607612074,0.7543715680356147,False,0.05476958870507914,0.017040019132653062,False,0.29795121173469385,1.0,2,36ab4430-59ea-442a-9968-9329b3c93954,Lagepriore
0.882842545629295,0.5915727239347037,False,0.05061220412663891,0.017040019132653062,False,0.29795121173469385,1.0,2,36ab4430-59ea-442a-9968-9329b3c93954,Lungenkarte
0.8516975259561862,0.6612187925191904,True,0.41209018927228025,0.18474968112244897,False,0.22385204081632654,0.8512405609492988,2,36b750d4-ac1c-4301-addb-bb00f6edad82,Lagepriore
0.9650426022120017,0.8232211585637914,True,0.6233012895794787,0.18474968112244897,False,0.22385204081632654,0.8512405609492988,2,36b750d4-ac1c-4301-addb-bb00f6edad82,Lungenkarte
0.9246515305224325,0.831161559953911,False,0.05592652126058838,0.016183035714285716,False,0.32607222576530615,0.9568965517241379,2,36bd8ee6-cfb2-48ae-a57d-dcea7ba8deec,Lagepriore
0.8142469377975533,0.4413625729719159,False,0.03924698866288155,0.016183035714285716,False,0.32607222576530615,0.9568965517241379,2,36bd8ee6-cfb2-48ae-a57d-dcea7ba8deec,Lungenkarte
0.5853888569204754,0.3357864271261507,False,0.06719403153247519,0.06654575892857142,False,0.42109773596938777,0.9538784067085954,2,36c50ee5-7885-4c34-8f24-829f85cea256,Lagepriore
0.8700890574969325,0.6968321818936429,False,0.14206201829016005,0.06654575892857142,False,0.42109773596938777,0.9538784067085954,2,36c50ee5-7885-4c34-8f24-829f85cea256,Lungenkarte
0.946197844096541,0.858580561184045,True,0.25266642433473846,0.07509566326530612,False,0.38169642857142855,0.8320063694267515,2,36ca4185-52e1-4cf3-b007-5c7680d2ae74,Lagepriore
0.8185156516776704,0.6416329380495743,False,0.15490231504026977,0.07509566326530612,False,0.38169642857142855,0.8320063694267515,2,36ca4185-52e1-4cf3-b007-5c7680d2ae74,Lungenkarte
0.921545272967575,0.8372468854152688,False,0.10594164513992144,0.031568877551020405,False,0.38247369260204084,0.9728535353535354,2,36da2e3e-cd74-48f5-89bb-00cd186f4de9,Lagepriore
0.8611679451433166,0.6377247951644659,False,0.07419230180162927,0.031568877551020405,False,0.38247369260204084,0.9728535353535354,2,36da2e3e-cd74-48f5-89bb-00cd186f4de9,Lungenkarte
0.8091876989984665,0.625479454246656,True,0.1480643137492656,0.06529017857142858,False,0.4586854272959184,0.9532967032967034,2,36f775ee-d044-43a3-bbe5-000ed7b498b8,Lagepriore
0.802609688345296,0.5729057065051696,False,0.12302210243140015,0.06529017857142858,False,0.4586854272959184,0.9532967032967034,2,36f775ee-d044-43a3-bbe5-000ed7b498b8,Lungenkarte
0.9627562183297571,0.8866759682373212,False,0.10437579029060533,0.027204241071428572,False,0.33125398596938777,1.0,2,37290d29-2a81-4c9d-aef6-15eea1376e0c,Lagepriore
0.9077853630393017,0.7056389511554693,False,0.07570232109406394,0.027204241071428572,False,0.33125398596938777,1.0,2,37290d29-2a81-4c9d-aef6-15eea1376e0c,Lungenkarte
0.9206511403012699,0.7953317671965533,False,0.15784803441612832,0.04876833545918367,False,0.2940051020408163,0.8304045770331018,2,37296532-0632-40c6-ba5c-377e4d12cacd,Lagepriore
0.864245202208974,0.6578787551688704,False,0.1299280491180103,0.04876833545918367,False,0.2940051020408163,0.8304045770331018,2,37296532-0632-40c6-ba5c-377e4d12cacd,Lungenkarte
0.9167265048572057,0.8774463911846226,True,0.5467408533710512,0.2122528698979592,False,0.41149154974489793,0.9364319248826292,2,3748c51e-06c7-488e-97be-dac0614f5c17,Lagepriore
0.9125544569343909,0.7546131299872219,True,0.44579255839918025,0.2122528698979592,False,0.41149154974489793,0.9364319248826292,2,3748c51e-06c7-488e-97be-dac0614f5c17,Lungenkarte
0.9570715792229187,0.8595258552868784,True,0.4553732615414494,0.14564732142857142,False,0.31483179209183676,0.7542419266557198,2,37a3ae61-b059-4972-9e28-c7bc02cd1ada,Lagepriore
0.8492847935738783,0.773028167473733,True,0.33221058894632155,0.14564732142857142,False,0.31483179209183676,0.7542419266557198,2,37a3ae61-b059-4972-9e28-c7bc02cd1ada,Lungenkarte
0.8243674661731476,0.6641633590342705,True,0.2719645293042521,0.12083466198979592,False,0.25669642857142855,0.8579910935180604,2,37c377d9-a4f9-4b58-82b5-42c1624e2d57,Lagepriore
0.8991085109235772,0.5946361674467682,True,0.3534328617889027,0.12083466198979592,False,0.25669642857142855,0.8579910935180604,2,37c377d9-a4f9-4b58-82b5-42c1624e2d57,Lungenkarte
0.9655278906066254,0.9028340852596503,True,0.22117412268173214,0.060267857142857144,False,0.3936144770408163,1.0,2,37c9c0cb-0536-4056-a7c6-98a37569e1cb,Lagepriore
0.9117660072490992,0.7517383649920568,True,0.1463671198106316,0.060267857142857144,False,0.3936144770408163,1.0,2,37c9c0cb-0536-4056-a7c6-98a37569e1cb,Lungenkarte
0.9557666036922922,0.8667479565368484,True,0.6054463187256127,0.21807238520408162,False,0.25376674107142855,0.8067994882105648,2,38016466-59bb-4364-a099-03813dd09f46,Lagepriore
0.9385978068384634,0.8283893437653561,True,0.6147561812277411,0.21807238520408162,False,0.25376674107142855,0.8067994882105648,2,38016466-59bb-4364-a099-03813dd09f46,Lungenkarte
0.9005008590705177,0.7189136539129356,False,0.18616209787095322,0.06451291454081633,False,0.33456234056122447,0.7330861909175163,2,383e9756-7d45-4289-b35a-9fb2a5108e81,Lagepriore
0.7736061427255613,0.5499061641795906,False,0.12965529312244337,0.06451291454081633,False,0.33456234056122447,0.7330861909175163,2,383e9756-7d45-4289-b35a-9fb2a5108e81,Lungenkarte
0.9534831466512749,0.8782722905135564,True,0.5940441815407054,0.20942283163265307,False,0.4209781568877551,0.952797868290826,2,3858239f-f7ce-4858-94fb-095174a6c0e8,Lagepriore
0.910320408870212,0.7350036000360004,True,0.43802674244810963,0.20942283163265307,False,0.4209781568877551,0.952797868290826,2,3858239f-f7ce-4858-94fb-095174a6c0e8,Lungenkarte
0.8896260719750795,0.8330764341151948,True,0.7694535582589699,0.3930165816326531,False,0.38614078443877553,0.8080121703853955,2,3862449a-cc8b-40da-91a0-a1437618e65c,Lagepriore
0.9324152013798644,0.827552120602688,True,0.7574985433168796,0.3930165816326531,False,0.38614078443877553,0.8080121703853955,2,3862449a-cc8b-40da-91a0-a1437618e65c,Lungenkarte
0.7130351775426711,0.3239703689364936,False,0.06294245503908655,0.045200892857142856,False,0.2903380102040816,1.0,2,3866065a-3fb7-4253-97ef-930ab899a723,Lagepriore
0.9513802008670645,0.8107884171434306,True,0.14727802738408483,0.045200892857142856,False,0.2903380102040816,1.0,2,3866065a-3fb7-4253-97ef-930ab899a723,Lungenkarte
0.8711149007303723,0.657818239531999,True,0.16921017198077704,0.06088568239795918,False,0.3671077806122449,1.0,2,387126a9-0e30-4e23-94cf-e2a6811e6d47,Lagepriore
0.9157111765506992,0.7415091582192828,False,0.15438624654260424,0.06088568239795918,False,0.3671077806122449,1.0,2,387126a9-0e30-4e23-94cf-e2a6811e6d47,Lungenkarte
0.8488809751104159,0.6840788769499819,True,0.22665370546573668,0.09119897959183673,False,0.27307876275510207,0.8275786713286714,2,387a5aa5-1494-4955-8c5a-a44ecb695a54,Lagepriore
0.8610233718447123,0.5539259571155455,False,0.23971478968069856,0.09119897959183673,False,0.27307876275510207,0.8275786713286714,2,387a5aa5-1494-4955-8c5a-a44ecb695a54,Lungenkarte
0.9160889312694881,0.7816812589922578,True,0.21303699991739466,0.06686463647959184,False,0.3530173788265306,0.9722801788375559,2,38be1bd3-9535-4c1d-ad3b-65e8caebfce9,Lagepriore
0.9010985650999012,0.7038880432367466,True,0.16622824881118384,0.06686463647959184,False,0.3530173788265306,0.9722801788375559,2,38be1bd3-9535-4c1d-ad3b-65e8caebfce9,Lungenkarte
0.5046157498341286,0.19512367149756044,False,0.02595743011361108,0.04400510204081633,False,0.4069276147959184,0.9968297101449275,2,38e001a1-f518-4dc3-bdf7-b568ba90f512,Lagepriore
0.8974307146793514,0.733268850807309,True,0.10010867427539491,0.04400510204081633,False,0.4069276147959184,0.9968297101449275,2,38e001a1-f518-4dc3-bdf7-b568ba90f512,Lungenkarte
0.8190790030481702,0.6319231757259182,False,0.29141936848683603,0.1314373405612245,False,0.2777822066326531,0.5717968157695223,2,3912ec76-6f03-4ce6-8065-8e5f442a2437,Lagepriore
0.7506714997888345,0.7141085818566874,True,0.25751141320698856,0.1314373405612245,False,0.2777822066326531,0.5717968157695223,2,3912ec76-6f03-4ce6-8065-8e5f442a2437,Lungenkarte
0.9078796473071556,0.8378970896057854,True,0.4932121636312114,0.19094786352040816,False,0.2489636479591837,0.49963469366454444,2,393288db-4195-4b6b-a380-053c20aecf81,Lagepriore
0.73880235520225,0.7885850535878387,True,0.3626868544932272,0.19094786352040816,False,0.2489636479591837,0.49963469366454444,2,393288db-4195-4b6b-a380-053c20aecf81,Lungenkarte
0.7641795365894419,0.6523012270169823,False,0.026274245678498606,0.014508928571428572,False,0.23537149234693877,1.0,2,39709c3d-8105-442a-bf70-22a4319b1f47,Lagepriore
0.9404168587136048,0.7352604138777663,False,0.058120182701136676,0.014508928571428572,False,0.23537149234693877,1.0,2,39709c3d-8105-442a-bf70-22a4319b1f47,Lungenkarte
0.9717326082374214,0.8987916977971572,True,0.1534581120236912,0.0390625,False,0.19698660714285715,0.7474489795918368,2,39895c94-84ec-46b6-8a39-f57c99abdbca,Lagepriore
0.8747523315573118,0.5512697794319448,False,0.1279005355263226,0.0390625,False,0.19698660714285715,0.7474489795918368,2,39895c94-84ec-46b6-8a39-f57c99abdbca,Lungenkarte
0.9538334697968269,0.8488107837758575,True,0.6691618665312041,0.2531887755102041,False,0.33408402423469385,0.8788570528967254,2,39a52f1d-c8ca-4d68-8b84-817f382febdc,Lagepriore
0.9426097850794924,0.8140474326525995,True,0.6052030429115366,0.2531887755102041,False,0.33408402423469385,0.8788570528967254,2,39a52f1d-c8ca-4d68-8b84-817f382febdc,Lungenkarte
0.8774398040955742,0.5035533381025898,True,0.41027846884943486,0.1681281887755102,False,0.25978555484693877,0.8540777619724989,2,39a5e461-791e-45f0-a4a9-2f4d06c8eca8,Lagepriore
0.9195814953164649,0.6303723114903768,False,0.47937668469884037,0.1681281887755102,False,0.25978555484693877,0.8540777619724989,2,39a5e461-791e-45f0-a4a9-2f4d06c8eca8,Lungenkarte
0.9447078343291619,0.8620267151453266,True,0.14858145807519857,0.04119499362244898,False,0.3247568558673469,0.9975810353168844,2,39ced0d0-246c-430d-9bea-efc60bfa487c,Lagepriore
0.8856282484552721,0.6180756214485769,False,0.11097392680705845,0.04119499362244898,False,0.3247568558673469,0.9975810353168844,2,39ced0d0-246c-430d-9bea-efc60bfa487c,Lungenkarte
0.8261097363898198,0.5314982446402285,False,0.16074247322786311,0.07314253826530612,False,0.3596938775510204,0.8166212534059946,2,3a453242-5b12-4bd3-967c-5974d429ac05,Lagepriore
0.8115372297922708,0.5983346533919032,False,0.1541617546827046,0.07314253826530612,False,0.3596938775510204,0.8166212534059946,2,3a453242-5b12-4bd3-967c-5974d429ac05,Lungenkarte
0.901291095248185,0.846699089410744,True,0.1160504872552708,0.0372688137755102,False,0.3630420918367347,1.0,2,3a5b4890-bfe1-4953-add3-a1bb443d862b,Lagepriore
0.9144842449349745,0.7473245347436551,True,0.09579458592178074,0.0372688137755102,False,0.3630420918367347,1.0,2,3a5b4890-bfe1-4953-add3-a1bb443d862b,Lungenkarte
0.9643607859945641,0.7937139467879032,True,0.0633473690732576,0.015784438775510203,False,0.14756058673469388,1.0,2,3a8937d5-ef45-4b0a-99f0-3cc01ba6901e,Lagepriore
0.9830676305825139,0.8736468587875121,True,0.0974334095752209,0.015784438775510203,False,0.14756058673469388,1.0,2,3a8937d5-ef45-4b0a-99f0-3cc01ba6901e,Lungenkarte
0.9862063143968242,0.9616878345386528,True,0.28446793845976803,0.07362085459183673,False,0.3155094068877551,0.8946940985381701,2,3ae783bc-9fd3-4e66-b9cd-101a43f122bd,Lagepriore
0.8729702571350078,0.6319799446500749,False,0.18963324031939308,0.07362085459183673,False,0.3155094068877551,0.8946940985381701,2,3ae783bc-9fd3-4e66-b9cd-101a43f122bd,Lungenkarte
0.6164826378312519,0.27852751311792323,False,0.02723766749618788,0.027901785714285716,False,0.3165656887755102,1.0,2,3ae8caf1-f752-4917-beda-1e34cbc64d00,Lagepriore
0.9414305117856557,0.8029122036138399,False,0.08328588996477129,0.027901785714285716,False,0.3165656887755102,1.0,2,3ae8caf1-f752-4917-beda-1e34cbc64d00,Lungenkarte
0.8377925429900986,0.7138665845244593,True,0.4201394203292297,0.1920440051020408,False,0.35273836096938777,0.8898920713989207,2,3b0e8d0a-230a-4483-96c9-d91bb17be632,Lagepriore
0.9133660071189216,0.7632474120731151,True,0.44629373745001283,0.1920440051020408,False,0.35273836096938777,0.8898920713989207,2,3b0e8d0a-230a-4483-96c9-d91bb17be632,Lungenkarte
0.8319188005200384,0.6736997308727413,False,0.1463243279352478,0.05978954081632653,False,0.35353555484693877,1.0,2,3b12ae6f-0386-45b2-8fab-5ae6b93fbfda,Lagepriore
0.8949213053247413,0.6656284347649094,False,0.15343359661586534,0.05978954081632653,False,0.35353555484693877,1.0,2,3b12ae6f-0386-45b2-8fab-5ae6b93fbfda,Lungenkarte
0.951506529199742,0.7423774918054152,True,0.5727758861543162,0.20442044005102042,False,0.24286511479591838,0.8177829774787949,2,3b636d43-b04f-4609-9af5-d987d3e12f98,Lagepriore
0.9482789430794883,0.8672949369984403,True,0.6176298275418275,0.20442044005102042,False,0.24286511479591838,0.8177829774787949,2,3b636d43-b04f-4609-9af5-d987d3e12f98,Lungenkarte
0.9387477137356471,0.8884411692947249,True,0.395615532156205,0.1281688456632653,False,0.36170679209183676,0.8812004353910745,2,3b8d4df3-3950-412b-9206-1cbb57c7943e,Lagepriore
0.8538158951511068,0.6153324100627614,False,0.28509910566109953,0.1281688456632653,False,0.36170679209183676,0.8812004353910745,2,3b8d4df3-3950-412b-9206-1cbb57c7943e,Lungenkarte
0.9071291690606692,0.7992419807511086,True,0.26873968001503773,0.09062101403061225,False,0.3727479272959184,0.919727292720475,2,3ba80992-3ec3-421a-97b8-354f1a5dbae1,Lagepriore
0.853909929888779,0.6190448678509802,False,0.20324847793033304,0.09062101403061225,False,0.3727479272959184,0.919727292720475,2,3ba80992-3ec3-421a-97b8-354f1a5dbae1,Lungenkarte
0.9098518315046904,0.8105803615315756,True,0.6142331468905425,0.24553571428571427,False,0.3568837691326531,0.8733766233766234,2,3c112c11-3e6a-4105-bcdf-78e146ca8862,Lagepriore
0.9215742608610483,0.7761517752788885,True,0.5496804124451821,0.24553571428571427,False,0.3568837691326531,0.8733766233766234,2,3c112c11-3e6a-4105-bcdf-78e146ca8862,Lungenkarte
0.8593613977546742,0.7091106956567765,False,0.13258890424090441,0.04904735331632653,False,0.3094507334183674,1.0,2,3c183f4c-967f-41e5-a87a-d8dd5aac0fde,Lagepriore
0.9498970484672491,0.8173699518084444,True,0.14990303173096392,0.04904735331632653,False,0.3094507334183674,1.0,2,3c183f4c-967f-41e5-a87a-d8dd5aac0fde,Lungenkarte
0.9584047474476112,0.8861318899131762,True,0.706473335056542,0.2716039540816326,False,0.35548867984693877,0.8767243909597887,2,3c37c82e-fbd2-41f1-8292-1ff77df2b3fd,Lagepriore
0.9440329298325117,0.8925226826294256,True,0.6144653773938373,0.2716039540816326,False,0.35548867984693877,0.8767243909597887,2,3c37c82e-fbd2-41f1-8292-1ff77df2b3fd,Lungenkarte
0.9342169399714337,0.8485284964014783,True,0.4233188983099566,0.14365433673469388,False,0.48196348852040816,1.0,2,3c3edd61-17dd-4ec2-b434-d5bbe0bbb13f,Lagepriore
0.9236874372451966,0.8073512085246469,True,0.28356813885441245,0.14365433673469388,False,0.48196348852040816,1.0,2,3c3edd61-17dd-4ec2-b434-d5bbe0bbb13f,Lungenkarte
0.9502201635020755,0.8767219127655795,True,0.325572846608652,0.09843351403061225,False,0.4621731505102041,1.0,2,3c8cc0d1-be7f-493d-9570-542d851f623b,Lagepriore
0.9190381983316921,0.8000054891361088,True,0.20431860355266224,0.09843351403061225,False,0.4621731505102041,1.0,2,3c8cc0d1-be7f-493d-9570-542d851f623b,Lungenkarte
0.897141861041803,0.7771735372958104,False,0.07842968235862521,0.025510204081632654,False,0.4353874362244898,0.990625,2,3cc33510-2c4f-4e01-b850-4b66183aa1e9,Lagepriore
0.8018677956146719,0.5378990203620111,False,0.050672402271068374,0.025510204081632654,False,0.4353874362244898,0.990625,2,3cc33510-2c4f-4e01-b850-4b66183aa1e9,Lungenkarte
0.8985792496854135,0.7833036249234996,False,0.37449616110067646,0.14508928571428573,False,0.5018335459183674,0.9571428571428572,2,3ccd18df-0b1a-4a0b-ad46-00b602382ba6,Lagepriore
0.8475423484630346,0.6816641575759211,False,0.25639401197764594,0.14508928571428573,False,0.5018335459183674,0.9571428571428572,2,3ccd18df-0b1a-4a0b-ad46-00b602382ba6,Lungenkarte
0.9436320118393691,0.8612502293565362,True,0.6844267403941027,0.27188297193877553,False,0.3614477040816326,0.8800029321213898,2,3cfd007a-77cd-4125-900e-e0e014592a35,Lagepriore
0.9323210259275566,0.7856252875660531,True,0.5963714160079878,0.27188297193877553,False,0.3614477040816326,0.8800029321213898,2,3cfd007a-77cd-4125-900e-e0e014592a35,Lungenkarte
0.8869006659444604,0.7119344952716853,False,0.12117499022988576,0.042091836734693876,False,0.24059311224489796,0.9289772727272727,2,3d384d50-e9c5-41d2-ba41-a5437c5dd15a,Lagepriore
0.928637118036116,0.7280680355034478,False,0.1485155407203654,0.042091836734693876,False,0.24059311224489796,0.9289772727272727,2,3d384d50-e9c5-41d2-ba41-a5437c5dd15a,Lungenkarte
0.9632747373430683,0.8794931127749357,True,0.3352054942891012,0.09689891581632654,False,0.329280931122449,0.9169066227889757,2,3d963020-db86-43c6-8133-21c69cb65df0,Lagepriore
0.9034632822242936,0.7240261635863402,False,0.24687199595406323,0.09689891581632654,False,0.329280931122449,0.9169066227889757,2,3d963020-db86-43c6-8133-21c69cb65df0,Lungenkarte
0.8805856731473155,0.774943520282044,False,0.13326261782732887,0.04623724489795918,False,0.5380460778061225,1.0,2,3daf4e31-32b6-486d-8091-4747a365cf60,Lagepriore
0.8763246636461107,0.7606209642372557,True,0.08181640553602633,0.04623724489795918,False,0.5380460778061225,1.0,2,3daf4e31-32b6-486d-8091-4747a365cf60,Lungenkarte
0.9241264622160793,0.7241140078952211,True,0.5199453312156327,0.19886001275510204,False,0.3537547831632653,0.9085989176187613,2,3db7e979-5f97-4985-bf0c-cdea7951e246,Lagepriore
0.9163466158211382,0.7293462697879708,True,0.4639455326070077,0.19886001275510204,False,0.3537547831632653,0.9085989176187613,2,3db7e979-5f97-4985-bf0c-cdea7951e246,Lungenkarte
0.9073267315258725,0.6465909650187823,False,0.3827383244440666,0.14369419642857142,False,0.26797672193877553,0.9080443828016643,2,3dcbf0ea-0175-4f6a-94c3-5cea4380e5f8,Lagepriore
0.9475461857625966,0.7920244671015625,True,0.44381552356881143,0.14369419642857142,False,0.26797672193877553,0.9080443828016643,2,3dcbf0ea-0175-4f6a-94c3-5cea4380e5f8,Lungenkarte
0.8916589513225187,0.694447649470128,True,0.15357443343250346,0.05082110969387755,False,0.3337452168367347,0.9878431372549019,2,3df8778b-822d-4cae-8f94-9fe156c601b7,Lagepriore
0.8984428755754601,0.671755932762973,False,0.1357035957605982,0.05082110969387755,False,0.3337452168367347,0.9878431372549019,2,3df8778b-822d-4cae-8f94-9fe156c601b7,Lungenkarte
0.8842207218759555,0.8301545690241663,True,0.7270288262138189,0.34103954081632654,False,0.32979910714285715,0.773492286115007,2,3e05a42a-757f-47bc-b968-acd340e29ec2,Lagepriore
0.9307898104199464,0.8255802001348977,True,0.735792008711435,0.34103954081632654,False,0.32979910714285715,0.773492286115007,2,3e05a42a-757f-47bc-b968-acd340e29ec2,Lungenkarte
0.5675589456460792,0.3276983300083212,False,0.01929450995639311,0.026307397959183673,False,0.16541772959183673,0.996969696969697,2,3e28d63e-ac00-4b0f-ac60-c475bcb1bc19,Lagepriore
0.9583588179361984,0.7136441588589811,False,0.13853953999985824,0.026307397959183673,False,0.16541772959183673,0.996969696969697,2,3e28d63e-ac00-4b0f-ac60-c475bcb1bc19,Lungenkarte
0.9445510511844366,0.8891379256763637,True,0.1320578343285851,0.03595344387755102,False,0.35447225765306123,1.0,2,3e310709-b9b9-49c3-b2fc-cc82c5b8018a,Lagepriore
0.9047721242686255,0.7122549488185295,False,0.09275254186918121,0.03595344387755102,False,0.35447225765306123,1.0,2,3e310709-b9b9-49c3-b2fc-cc82c5b8018a,Lungenkarte
0.9035347548950761,0.750929279392444,True,0.23659077217619937,0.07904177295918367,False,0.36935985331632654,1.0,2,3e4ee273-d5ca-4cf8-a75a-05772e0e12fe,Lagepriore
0.9669713174403988,0.8952790211269602,True,0.20826468116734162,0.07904177295918367,False,0.36935985331632654,1.0,2,3e4ee273-d5ca-4cf8-a75a-05772e0e12fe,Lungenkarte
0.8655257873611099,0.8621133604411196,True,0.8952923530229716,0.6024992028061225,False,0.5384646045918368,0.7714597598491615,2,3e62e51c-befb-4a66-b28e-fc469b19e4a8,Lagepriore
0.8618197678493964,0.8884127763726426,True,0.8071503030134901,0.6024992028061225,False,0.5384646045918368,0.7714597598491615,2,3e62e51c-befb-4a66-b28e-fc469b19e4a8,Lungenkarte
0.9073073750846752,0.7803128463267046,False,0.4685029048745789,0.18327487244897958,False,0.4035794005102041,0.9343192692474989,2,3ef72bd8-0acb-4001-a5fe-b16b53318a63,Lagepriore
0.9188122273333346,0.7744994945167567,True,0.3986792919820181,0.18327487244897958,False,0.4035794005102041,0.9343192692474989,2,3ef72bd8-0acb-4001-a5fe-b16b53318a63,Lungenkarte
0.9513296716203302,0.9011114701845467,True,0.45651453297808947,0.1476203762755102,False,0.32971938775510207,0.797893884163629,2,3f151141-a3bb-47aa-a213-4a90e8c55502,Lagepriore
0.8429935425073084,0.6351105399881044,True,0.3256534381500051,0.1476203762755102,False,0.32971938775510207,0.797893884163629,2,3f151141-a3bb-47aa-a213-4a90e8c55502,Lungenkarte
0.9160565118981241,0.7668843014068322,True,0.624864133491104,0.2447185905612245,False,0.2976921237244898,0.7637429758123626,2,3f24788a-dea2-4936-8290-68b53dd532e2,Lagepriore
0.9065085230451446,0.7743524542614673,True,0.5828632601553901,0.2447185905612245,False,0.2976921237244898,0.7637429758123626,2,3f24788a-dea2-4936-8290-68b53dd532e2,Lungenkarte
0.5951883921917945,0.33851500582600336,False,0.08107536293945153,0.08099489795918367,False,0.42103794642857145,0.5322342519685039,2,3f4eae54-fb2b-4616-a32f-c42f7df570b7,Lagepriore
0.5738336869243731,0.443585885149144,False,0.09527024172794497,0.08099489795918367,False,0.42103794642857145,0.5322342519685039,2,3f4eae54-fb2b-4616-a32f-c42f7df570b7,Lungenkarte
0.9648322742141704,0.9074981770334019,True,0.8719217196751953,0.41458067602040816,False,0.3573421556122449,0.7483415056244592,2,3f8d726c-6c25-44dd-b9ea-e7138d6ca20f,Lagepriore
0.9170713919391468,0.8405393083195919,True,0.792037423482797,0.41458067602040816,False,0.3573421556122449,0.7483415056244592,2,3f8d726c-6c25-44dd-b9ea-e7138d6ca20f,Lungenkarte
0.9047182817076386,0.8164836167768527,True,0.10364827574938486,0.03125,False,0.38512436224489793,1.0,2,3fa9f026-6175-4e8d-b6eb-e42bf92ba727,Lagepriore
0.9183673666193354,0.7765262985262814,False,0.07817304331208802,0.03125,False,0.38512436224489793,1.0,2,3fa9f026-6175-4e8d-b6eb-e42bf92ba727,Lungenkarte
0.8564346256019928,0.7492317022087089,True,0.5344980621343329,0.23742426658163265,False,0.4221141581632653,0.8983463443297238,2,3fc199bf-56c1-48fe-a00a-7592e3c00e3c,Lagepriore
0.8978257774522626,0.7581368526856905,True,0.46464421980755855,0.23742426658163265,False,0.4221141581632653,0.8983463443297238,2,3fc199bf-56c1-48fe-a00a-7592e3c00e3c,Lungenkarte
0.8938895460902423,0.8650661666313001,True,0.7589029016764108,0.37563775510204084,False,0.3897281568877551,0.8516553480475382,2,3fcd4b0a-c575-40a8-95ce-34eab7025d62,Lagepriore
0.9405196260016154,0.8588954385970403,True,0.7493226689207211,0.37563775510204084,False,0.3897281568877551,0.8516553480475382,2,3fcd4b0a-c575-40a8-95ce-34eab7025d62,Lungenkarte
0.9820253678939646,0.9522148717225825,True,0.6696752920110561,0.23098692602040816,False,0.34068080357142855,0.8628127696289906,2,400c2833-e303-4822-903a-621dd055712e,Lagepriore
0.925581415863546,0.8404848111079786,True,0.5389396733147254,0.23098692602040816,False,0.34068080357142855,0.8628127696289906,2,400c2833-e303-4822-903a-621dd055712e,Lungenkarte
0.9741777596620251,0.9241688679538923,True,0.7212186263463721,0.26907286352040816,False,0.35728236607142855,0.8741574698170506,2,408d434d-3508-4059-a1d5-2805859bbe46,Lagepriore
0.9407221995270415,0.8497888285970209,True,0.6073814134369296,0.26907286352040816,False,0.35728236607142855,0.8741574698170506,2,408d434d-3508-4059-a1d5-2805859bbe46,Lungenkarte
0.9362688955610562,0.9628799309357889,False,0.07991570327224994,0.02236128826530612,False,0.30636160714285715,0.39928698752228164,2,40c31d96-78f1-4d21-984b-db5c143a43e4,Lagepriore
0.6609893771257359,0.3439037552169085,False,0.03127206082368853,0.02236128826530612,False,0.30636160714285715,0.39928698752228164,2,40c31d96-78f1-4d21-984b-db5c143a43e4,Lungenkarte
0.8315817576964768,0.6919412319439859,False,0.09945814495890473,0.03946109693877551,False,0.4266382334183674,0.9494949494949495,2,411a54f5-4dbb-4684-a34a-df300a20f851,Lagepriore
0.8029048158571356,0.5520607990681751,False,0.07955505205346015,0.03946109693877551,False,0.4266382334183674,0.9494949494949495,2,411a54f5-4dbb-4684-a34a-df300a20f851,Lungenkarte
0.9267778411903609,0.8309712232371436,True,0.6125460533703756,0.2377032844387755,False,0.36704799107142855,0.9403873564182108,2,417553fa-ac96-4f78-bb07-e9e0d0c00ff2,Lagepriore
0.9420048197153265,0.7718055918192532,True,0.551215321273919,0.2377032844387755,False,0.36704799107142855,0.9403873564182108,2,417553fa-ac96-4f78-bb07-e9e0d0c00ff2,Lungenkarte
0.9483108290606078,0.8088321350860833,True,0.11525561788182855,0.03138950892857143,False,0.28378109056122447,1.0,2,41abed8d-8781-4564-b0cc-9d4abbfcad5f,Lagepriore
0.952662121068121,0.8186418443983194,True,0.10393429311847256,0.03138950892857143,False,0.28378109056122447,1.0,2,41abed8d-8781-4564-b0cc-9d4abbfcad5f,Lungenkarte
0.9070699321701315,0.7392723495769393,True,0.4782353038791418,0.18913424744897958,False,0.32425860969387754,0.8778714436248682,2,41b00808-a610-492c-b2f5-82de09d84366,Lagepriore
0.9333253679895587,0.8711137720400735,True,0.47311536304613355,0.18913424744897958,False,0.32425860969387754,0.8778714436248682,2,41b00808-a610-492c-b2f5-82de09d84366,Lungenkarte
0.9173770690886042,0.8675963624476211,True,0.35150387201340644,0.12232940051020408,False,0.4311423788265306,0.989247311827957,2,4240c194-667f-498b-989f-ae7bd19e68a0,Lagepriore
0.8840963089121571,0.6826691985444846,False,0.25886599154122963,0.12232940051020408,False,0.4311423788265306,0.989247311827957,2,4240c194-667f-498b-989f-ae7bd19e68a0,Lungenkarte
0.9384584503236991,0.8853972962702623,True,0.28565821778555944,0.08615672831632654,False,0.25306919642857145,0.7173259310663891,2,42705f2c-8bdc-4a9d-8e13-864b0a89be21,Lagepriore
0.8430916216941022,0.5737221473293764,True,0.2199742245722562,0.08615672831632654,False,0.25306919642857145,0.7173259310663891,2,42705f2c-8bdc-4a9d-8e13-864b0a89be21,Lungenkarte
0.9859611562015502,0.9564639448975479,True,0.6081599326938103,0.19557158801020408,False,0.3192761479591837,0.9077753999796189,2,42765f9e-beea-4f46-8af4-f1282095662d,Lagepriore
0.9497879138038039,0.8473892351915822,True,0.5111475977900132,0.19557158801020408,False,0.3192761479591837,0.9077753999796189,2,42765f9e-beea-4f46-8af4-f1282095662d,Lungenkarte
0.9529069998265662,0.8692263183397593,False,0.08179072908046961,0.021763392857142856,False,0.22801737882653061,1.0,2,44b60029-338a-487f-b4a3-7afcaa4f1e41,Lagepriore
0.9466382926420821,0.7480864708133044,True,0.0849983333477867,0.021763392857142856,False,0.22801737882653061,1.0,2,44b60029-338a-487f-b4a3-7afcaa4f1e41,Lungenkarte
0.9564621948209316,0.9124485213001443,False,0.15882893529212025,0.04352678571428571,False,0.4129663584183674,0.8191391941391941,2,44db1d69-388e-4268-849e-852c1f092a01,Lagepriore
0.7509000422155219,0.5112073459459568,False,0.078073806462518,0.04352678571428571,False,0.4129663584183674,0.8191391941391941,2,44db1d69-388e-4268-849e-852c1f092a01,Lungenkarte
0.9223930808937802,0.7923529883725033,True,0.35392790156536996,0.11525430484693877,False,0.3229830994897959,0.9925644129344631,2,453a9434-2ca7-4a28-b6f3-833b994e6e73,Lagepriore
0.9510469500212015,0.8003626643033922,True,0.3258912494410187,0.11525430484693877,False,0.3229830994897959,0.9925644129344631,2,453a9434-2ca7-4a28-b6f3-833b994e6e73,Lungenkarte
0.9519258889031779,0.9116291011166304,True,0.3898131008260384,0.12087452168367346,False,0.31552933673469385,0.8466611706512778,2,45c7270e-c7ba-45c1-b226-061a83987ae7,Lagepriore
0.8842322158016903,0.7102723793282959,True,0.3028671718773688,0.12087452168367346,False,0.31552933673469385,0.8466611706512778,2,45c7270e-c7ba-45c1-b226-061a83987ae7,Lungenkarte
0.8679385680146946,0.6648128584859244,False,0.43481669565623055,0.19025031887755103,False,0.39773995535714285,0.978629792583281,2,45e18056-b7eb-4477-8eeb-7b740b61e093,Lagepriore
0.9487740295974274,0.8261463910824479,True,0.4383107344078292,0.19025031887755103,False,0.39773995535714285,0.978629792583281,2,45e18056-b7eb-4477-8eeb-7b740b61e093,Lungenkarte
0.6048824492696996,0.35391220137015544,False,0.05945690531134921,0.051658163265306124,False,0.33591757015306123,0.6558641975308642,2,4637f5df-19c7-406d-829a-aafa747821ec,Lagepriore
0.745074195788656,0.49260616764026627,False,0.09431553032698436,0.051658163265306124,False,0.33591757015306123,0.6558641975308642,2,4637f5df-19c7-406d-829a-aafa747821ec,Lungenkarte
0.9588540834192296,0.8635994238892588,True,0.6662950306928728,0.24986049107142858,False,0.3722297512755102,0.914572864321608,2,463c04a5-94b8-4969-a725-a58c2b6211c1,Lagepriore
0.9457945542328108,0.8578802243689222,True,0.5622143847941444,0.24986049107142858,False,0.3722297512755102,0.914572864321608,2,463c04a5-94b8-4969-a725-a58c2b6211c1,Lungenkarte
0.9202254566830645,0.787698403485855,True,0.410541565797416,0.14481026785714285,False,0.35999282525510207,0.9665565648224608,2,4672156e-25e5-4bf4-8891-9e0e4a742c49,Lagepriore
0.9562213571790681,0.8649846093167997,True,0.37164139637171517,0.14481026785714285,False,0.35999282525510207,0.9665565648224608,2,4672156e-25e5-4bf4-8891-9e0e4a742c49,Lungenkarte
0.9661924675738633,0.9159482034763013,True,0.7192998818347599,0.27730389030612246,False,0.40443638392857145,0.8973695558430358,2,46b861c5-844c-40be-b390-63008b567261,Lagepriore
0.9214420091312038,0.786495205358835,True,0.5769112431238207,0.27730389030612246,False,0.40443638392857145,0.8973695558430358,2,46b861c5-844c-40be-b390-63008b567261,Lungenkarte
0.9491936498217534,0.8076258983022647,True,0.5269537028844684,0.18359375,False,0.3151905293367347,0.8744029526704299,2,4703da4b-5d0c-416a-9ebe-39d1776bf593,Lagepriore
0.9301019576067405,0.8119062885958008,True,0.47296327990432707,0.18359375,False,0.3151905293367347,0.8744029526704299,2,4703da4b-5d0c-416a-9ebe-39d1776bf593,Lungenkarte
0.9212068587714527,0.8855462115534414,True,0.24129908037954687,0.07659040178571429,False,0.2908960459183674,0.8462138953942233,2,472dac2e-aba2-4119-b9f7-37939e23e0b1,Lagepriore
0.8729464460903265,0.6378109023068369,False,0.20267927241970582,0.07659040178571429,False,0.2908960459183674,0.8462138953942233,2,472dac2e-aba2-4119-b9f7-37939e23e0b1,Lungenkarte
0.9431266005546163,0.7949884679090125,True,0.6209395377285024,0.23457429846938777,False,0.3869579081632653,0.9889549702633815,2,47761814-5258-4ba7-879c-a60bb9f68029,Lagepriore
0.9718241485650053,0.8785858638086349,True,0.5560190725331743,0.23457429846938777,False,0.3869579081632653,0.9889549702633815,2,47761814-5258-4ba7-879c-a60bb9f68029,Lungenkarte
0.9610341238720524,0.8253968734356362,True,0.6727559689341592,0.25257095025510207,False,0.28125,0.8017833188668824,2,47cb6d42-b61b-4cdc-b865-b26f2196f979,Lagepriore
0.9405283317359335,0.8485204830923723,True,0.6611390682163067,0.25257095025510207,False,0.28125,0.8017833188668824,2,47cb6d42-b61b-4cdc-b865-b26f2196f979,Lungenkarte
0.9131275174533718,0.7525722586999193,True,0.17068594488881916,0.05173788265306122,False,0.3212093431122449,0.9942218798151001,2,47f08678-452a-458c-9933-ccd0f1126f20,Lagepriore
0.9180348554150305,0.7180587012703307,False,0.14705952807735412,0.05173788265306122,False,0.3212093431122449,0.9942218798151001,2,47f08678-452a-458c-9933-ccd0f1126f20,Lungenkarte
0.8593749569711798,0.7295385516393892,True,0.6298072330671514,0.29432397959183676,False,0.4716198979591837,0.932421451787649,2,48eb6bcf-ddda-49f3-9f80-5a7a11b5bccc,Lagepriore
0.927137735467473,0.8346673761479526,True,0.5464195130187434,0.29432397959183676,False,0.4716198979591837,0.932421451787649,2,48eb6bcf-ddda-49f3-9f80-5a7a11b5bccc,Lungenkarte
0.8967471086198214,0.6574143534055366,False,0.4771835355750718,0.19447544642857142,False,0.22082270408163265,0.7117237138757943,2,491ff1d8-9dc1-4855-96b0-874870c611e0,Lagepriore
0.9193493668049392,0.7678647831510843,True,0.5711624827595705,0.19447544642857142,False,0.22082270408163265,0.7117237138757943,2,491ff1d8-9dc1-4855-96b0-874870c611e0,Lungenkarte
0.9402742928993527,0.8297975727255883,False,0.15892046349036504,0.046197385204081634,False,0.3530173788265306,0.9978429680759275,2,4956c94e-ac73-49a1-ac87-f0092e7394d6,Lagepriore
0.9169921490131631,0.7438847620170578,False,0.12146636202004078,0.046197385204081634,False,0.3530173788265306,0.9978429680759275,2,4956c94e-ac73-49a1-ac87-f0092e7394d6,Lungenkarte
0.9046248585081507,0.7353475112994421,True,0.48201419825771824,0.18827726403061223,False,0.31008848852040816,0.8821848205779612,2,49b95513-daab-49bb-bc6e-c5254ab1bc07,Lagepriore
0.9331141517766305,0.8004318408852551,True,0.49951829349825666,0.18827726403061223,False,0.31008848852040816,0.8821848205779612,2,49b95513-daab-49bb-bc6e-c5254ab1bc07,Lungenkarte
0.9498750158609686,0.8753389964412144,True,0.8607630515659022,0.4225526147959184,False,0.47207828443877553,0.8883124233562871,2,4b6f8c4f-f093-4b85-a22f-4e5da0be7eeb,Lagepriore
0.9525984630727189,0.8648361487934287,True,0.7563772714013278,0.4225526147959184,False,0.47207828443877553,0.8883124233562871,2,4b6f8c4f-f093-4b85-a22f-4e5da0be7eeb,Lungenkarte
0.9396679192516117,0.8653520386033116,False,0.3887674481366552,0.12663424744897958,False,0.2824856505102041,0.8811772112055398,2,4b97fa74-037a-4042-91aa-4c679535b187,Lagepriore
0.90647821788051,0.6635343045952083,True,0.35486590827822484,0.12663424744897958,False,0.2824856505102041,0.8811772112055398,2,4b97fa74-037a-4042-91aa-4c679535b187,Lungenkarte
0.9367634643655917,0.8331764620043048,True,0.5183029065900594,0.1858856823979592,False,0.3381497130102041,0.8394982309424253,2,4bc8ce99-2420-48c2-a768-d067da67ced2,Lagepriore
0.8972008266287094,0.800060572209244,True,0.4325837748855253,0.1858856823979592,False,0.3381497130102041,0.8394982309424253,2,4bc8ce99-2420-48c2-a768-d067da67ced2,Lungenkarte
0.9281219733192249,0.7851008862925488,True,0.5531953454727285,0.21061862244897958,False,0.2354113520408163,0.7928652535957608,2,4ca78474-f750-4feb-adb7-47da99bf4255,Lagepriore
0.9421121464232904,0.8183815725072742,True,0.6341489060088833,0.21061862244897958,False,0.2354113520408163,0.7928652535957608,2,4ca78474-f750-4feb-adb7-47da99bf4255,Lungenkarte
0.8507769399458119,0.7825436148306103,True,0.590502516550425,0.2714046556122449,False,0.21498325892857142,0.6386400352474666,2,4cbb68e5-1ca0-4a2a-b3d2-022110364d7c,Lagepriore
0.9377027716981972,0.7346783222284756,True,0.749411668643411,0.2714046556122449,False,0.21498325892857142,0.6386400352474666,2,4cbb68e5-1ca0-4a2a-b3d2-022110364d7c,Lungenkarte
0.8936480805892996,0.7886420649110101,True,0.5279636531669581,0.2170360331632653,False,0.3751195790816326,0.8256198347107438,2,4e0296ae-1440-4c05-957e-3177134ee108,Lagepriore
0.8663051341094179,0.7417004760046612,True,0.44558939358047306,0.2170360331632653,False,0.3751195790816326,0.8256198347107438,2,4e0296ae-1440-4c05-957e-3177134ee108,Lungenkarte
0.927069447278917,0.828777802456313,True,0.6881147264080305,0.28126992984693877,False,0.4016262755102041,0.9448026642103026,2,4e99be88-ebed-4cb1-ab69-09764a51c417,Lagepriore
0.9564849558573519,0.8447897218662094,True,0.608219579034191,0.28126992984693877,False,0.4016262755102041,0.9448026642103026,2,4e99be88-ebed-4cb1-ab69-09764a51c417,Lungenkarte
0.9165533222492686,0.8301896996750648,True,0.6235178635018593,0.2622169961734694,False,0.34297273596938777,0.8340807174887892,2,4ebf1975-7346-4f23-82b2-17f8e18dce6a,Lagepriore
0.9358372967324986,0.847157508254913,True,0.6110620427425361,0.2622169961734694,False,0.34297273596938777,0.8340807174887892,2,4ebf1975-7346-4f23-82b2-17f8e18dce6a,Lungenkarte
0.9448165347516526,0.8634493692434948,True,0.7046607467254457,0.2791772959183674,False,0.44632892219387754,0.9607367218732153,2,4f34c638-80de-4e77-92c7-87ccd0453b32,Lagepriore
0.9536981125251397,0.86034679057293,True,0.5597420827851984,0.2791772959183674,False,0.44632892219387754,0.9607367218732153,2,4f34c638-80de-4e77-92c7-87ccd0453b32,Lungenkarte
0.8742270864089171,0.6377761819483213,False,0.2908332162670931,0.11170679209183673,False,0.2872289540816326,0.9709188224799287,2,4f91160b-f1f5-4b70-86c0-f820f7d6aec2,Lagepriore
0.9558585825167919,0.8042875574058164,True,0.3469074596342787,0.11170679209183673,False,0.2872289540816326,0.9709188224799287,2,4f91160b-f1f5-4b70-86c0-f820f7d6aec2,Lungenkarte
0.9320011077638629,0.7460578211012239,True,0.38717394918003706,0.13123804209183673,False,0.35012755102040816,0.9840546697038725,2,504cbf6f-b20a-4a8b-8d78-e4016bada396,Lagepriore
0.90012878564879,0.6290710093661482,True,0.3272321836546824,0.13123804209183673,False,0.35012755102040816,0.9840546697038725,2,504cbf6f-b20a-4a8b-8d78-e4016bada396,Lungenkarte
0.8868348124297785,0.7026913333993866,True,0.6311382964776023,0.28904257015306123,False,0.2497608418367347,0.689857270909467,2,50cbc243-6654-4b10-b063-95b939f9eeca,Lagepriore
0.9176416499840222,0.7807515118578423,True,0.724106626562124,0.28904257015306123,False,0.2497608418367347,0.689857270909467,2,50cbc243-6654-4b10-b063-95b939f9eeca,Lungenkarte
0.8437110764901761,0.7083537100333835,True,0.4255625572396509,0.19557158801020408,False,0.2100207270408163,0.7031488841332926,2,50d01d67-020b-4806-8ceb-b2838fb8709c,Lagepriore
0.923818718259281,0.765731031543052,True,0.5967947996049197,0.19557158801020408,False,0.2100207270408163,0.7031488841332926,2,50d01d67-020b-4806-8ceb-b2838fb8709c,Lungenkarte
0.880075736726666,0.7494037726082025,True,0.5780891480210835,0.24944196428571427,False,0.3786471619897959,0.7735698306168105,2,50d934dd-f974-48c2-b021-f40b9539051e,Lagepriore
0.8534687029174086,0.8312724758958803,True,0.48487005879548073,0.24944196428571427,False,0.3786471619897959,0.7735698306168105,2,50d934dd-f974-48c2-b021-f40b9539051e,Lungenkarte
0.8269765514153148,0.8780863931871118,True,0.5202126841654909,0.26468829719387754,False,0.20366310586734693,0.6397108651456969,2,52ec4779-e0e9-4b01-8b61-a2222cb76a10,Lagepriore
0.9221218536856634,0.8490378661686958,True,0.7474322934969453,0.26468829719387754,False,0.20366310586734693,0.6397108651456969,2,52ec4779-e0e9-4b01-8b61-a2222cb76a10,Lungenkarte
0.8847612263108405,0.822440921895754,False,0.2691096767294872,0.09885204081632654,False,0.3914819834183674,0.7860887096774194,2,537cd661-6eba-499a-a4bb-2f442897db12,Lagepriore
0.7929239025437755,0.6090112435672478,False,0.189081070480829,0.09885204081632654,False,0.3914819834183674,0.7860887096774194,2,537cd661-6eba-499a-a4bb-2f442897db12,Lungenkarte
0.9909090462788963,0.9722317921070236,True,0.7253673110803258,0.2578125,False,0.35764110331632654,0.8647959183673469,2,53872ba6-efa0-456f-80bd-bdb4ed66fc59,Lagepriore
0.9051712850822391,0.719809539848458,True,0.5618870381230893,0.2578125,False,0.35764110331632654,0.8647959183673469,2,53872ba6-efa0-456f-80bd-bdb4ed66fc59,Lungenkarte
0.9337274096587554,0.7659632214467708,True,0.6733984842779666,0.27283960459183676,False,0.3269092793367347,0.8878743608473338,2,543f4f16-4b7f-43bc-8d44-da66513c58b0,Lagepriore
0.961451141670878,0.858985678938321,True,0.663341280358795,0.27283960459183676,False,0.3269092793367347,0.8878743608473338,2,543f4f16-4b7f-43bc-8d44-da66513c58b0,Lungenkarte
0.8515848925852487,0.6389487149308157,False,0.15529677442848602,0.05915178571428571,False,0.32912149234693877,1.0,2,545eea70-f537-42bc-95e6-79e0c59f4c68,Lagepriore
0.9074026989178133,0.678804723189388,True,0.16087405711886174,0.05915178571428571,False,0.32912149234693877,1.0,2,545eea70-f537-42bc-95e6-79e0c59f4c68,Lungenkarte
0.880604159623544,0.7779864310131727,True,0.523649019450277,0.2181122448979592,False,0.3022361288265306,0.5901864035087719,2,55211b4b-62e6-4d9f-8b0b-72525ed68e6f,Lagepriore
0.7775233775775593,0.5541645517697077,True,0.3980119766012032,0.2181122448979592,False,0.3022361288265306,0.5901864035087719,2,55211b4b-62e6-4d9f-8b0b-72525ed68e6f,Lungenkarte
0.966810745306426,0.9307532554442606,True,0.14545594674584955,0.03746811224489796,False,0.23889907525510204,0.9180851063829787,2,55bc511a-5207-4316-b23b-d7a78a47737f,Lagepriore
0.9180156653650009,0.6771351729139449,False,0.12543701398484325,0.03746811224489796,False,0.23889907525510204,0.9180851063829787,2,55bc511a-5207-4316-b23b-d7a78a47737f,Lungenkarte
0.9384577416847976,0.852248035640762,False,0.07966797799340643,0.02236128826530612,False,0.38259327168367346,1.0,2,55d5a0b4-ff06-4c41-8aee-d3d49febd027,Lagepriore
0.9017902039928786,0.7337150119698326,False,0.05555845250757196,0.02236128826530612,False,0.38259327168367346,1.0,2,55d5a0b4-ff06-4c41-8aee-d3d49febd027,Lungenkarte
0.9802624389375586,0.9455832964934978,True,0.07324608893373186,0.01721938775510204,False,0.3578404017857143,1.0,2,5623a68b-8f2d-4295-bf4e-2f3a471cb84b,Lagepriore
0.916951453387501,0.7603997704553187,False,0.04611500313624063,0.01721938775510204,False,0.3578404017857143,1.0,2,5623a68b-8f2d-4295-bf4e-2f3a471cb84b,Lungenkarte
0.7924644199934264,0.4782618977215641,False,0.005591276100695393,0.0028698979591836736,False,0.35110411352040816,1.0,2,567f81ac-7be3-4663-9a3b-826319bcd6ba,Lagepriore
0.7904974149877412,0.40253216073052395,False,0.0065556708002536355,0.0028698979591836736,False,0.35110411352040816,1.0,2,567f81ac-7be3-4663-9a3b-826319bcd6ba,Lungenkarte
0.9400611283221018,0.8724709170645901,True,0.14669949023351894,0.04119499362244898,False,0.3102877869897959,1.0,2,56b5e2ac-86d7-439e-b061-2ce718710d76,Lagepriore
0.948231556257866,0.8157591840575215,True,0.1258484101313894,0.04119499362244898,False,0.3102877869897959,1.0,2,56b5e2ac-86d7-439e-b061-2ce718710d76,Lungenkarte
0.9286299210653477,0.8601394102491173,False,0.08912575110781043,0.026426977040816327,False,0.5169204400510204,1.0,2,56dd1ee4-9568-4763-9a1f-36b6df629329,Lagepriore
0.9344352305129594,0.8698614851309605,False,0.05024235421318828,0.026426977040816327,False,0.5169204400510204,1.0,2,56dd1ee4-9568-4763-9a1f-36b6df629329,Lungenkarte
0.8995324892537971,0.8536600216804723,False,0.08186808373445438,0.026965082908163265,False,0.18070392219387754,1.0,2,56eaec61-0b13-41db-ba1d-85075dbc0b7b,Lagepriore
0.9558716548225191,0.7232001174279072,True,0.12726050862340307,0.026965082908163265,False,0.18070392219387754,1.0,2,56eaec61-0b13-41db-ba1d-85075dbc0b7b,Lungenkarte
0.7732170676241493,0.5369589791626642,False,0.06293270299685227,0.03244579081632653,False,0.24986049107142858,1.0,2,56f44a88-2d8e-4910-9c41-46684fd1fdd4,Lagepriore
0.9807255715815286,0.9142253831844995,True,0.12499938046699968,0.03244579081632653,False,0.24986049107142858,1.0,2,56f44a88-2d8e-4910-9c41-46684fd1fdd4,Lungenkarte
0.9542976449281473,0.8827198382941523,True,0.2550115703074664,0.07318239795918367,False,0.32017299107142855,0.9989106753812637,2,573957bf-09b6-40d0-aca6-389696465e7b,Lagepriore
0.9587271957208825,0.8464403390590592,True,0.21278467636582304,0.07318239795918367,False,0.32017299107142855,0.9989106753812637,2,573957bf-09b6-40d0-aca6-389696465e7b,Lungenkarte
0.8799898152528896,0.7130044144786051,False,0.2418451087519346,0.09036192602040816,False,0.423648756377551,0.9894133215703573,2,5776eae9-886b-4027-bcec-4ade9a431014,Lagepriore
0.9046668137425254,0.7505664938731866,False,0.19808235062190305,0.09036192602040816,False,0.423648756377551,0.9894133215703573,2,5776eae9-886b-4027-bcec-4ade9a431014,Lungenkarte
0.9140298484468042,0.7835286741772816,False,0.10584854679145074,0.03256536989795918,False,0.40041055484693877,1.0,2,57906d1b-d8dc-473e-8be1-c0e11e217054,Lagepriore
0.9035293516341664,0.7466043837775971,False,0.0781995147840258,0.03256536989795918,False,0.40041055484693877,1.0,2,57906d1b-d8dc-473e-8be1-c0e11e217054,Lungenkarte
0.8673033974410339,0.7109620077673616,False,0.19953314432891814,0.076171875,False,0.4019052933673469,0.9440083725798012,2,5803ec5d-f374-4c19-b7f5-93e12e5a2eb2,Lagepriore
0.8509380194240185,0.6302104521926419,False,0.16439160411372256,0.076171875,False,0.4019052933673469,0.9440083725798012,2,5803ec5d-f374-4c19-b7f5-93e12e5a2eb2,Lungenkarte
0.9675323169696494,0.9278839717475189,True,0.09316389952462042,0.023417570153061226,False,0.31507095025510207,1.0,2,580ac649-504a-472d-abb8-0d53d82fc801,Lagepriore
0.9319585575109843,0.7725524645317375,False,0.07019620322591276,0.023417570153061226,False,0.31507095025510207,1.0,2,580ac649-504a-472d-abb8-0d53d82fc801,Lungenkarte
0.9006468583442099,0.7803480319740148,True,0.23287076159592443,0.0778061224489796,False,0.40977758290816324,0.9421106557377049,2,584dfe20-9b9c-476f-80a5-90204394360e,Lagepriore
0.8643801706684848,0.681559725078433,False,0.16989916955573348,0.0778061224489796,False,0.40977758290816324,0.9421106557377049,2,584dfe20-9b9c-476f-80a5-90204394360e,Lungenkarte
0.9386839127614567,0.8213620394484303,True,0.4613057330691787,0.15545280612244897,False,0.34584263392857145,0.9420512820512821,2,584f7e37-6bbf-4194-b671-61bcf49c56e5,Lagepriore
0.9317067958157254,0.7737820937109018,True,0.39949601367288684,0.15545280612244897,False,0.34584263392857145,0.9420512820512821,2,584f7e37-6bbf-4194-b671-61bcf49c56e5,Lungenkarte
0.913851019007944,0.7976982822851706,True,0.14861195373168576,0.0447624362244898,False,0.367008131377551,1.0,2,5893d5cd-50f1-402a-a8ad-55a49f0f5ebf,Lagepriore
0.9527082757784012,0.8598512032330812,False,0.11881423826539987,0.0447624362244898,False,0.367008131377551,1.0,2,5893d5cd-50f1-402a-a8ad-55a49f0f5ebf,Lungenkarte
0.9648055151196561,0.916610571640292,True,0.07836765825193838,0.019770408163265307,False,0.37374441964285715,1.0,2,58aaec2f-31f1-42f3-964f-815347480fb6,Lagepriore
0.9483106639059122,0.8568611955153644,False,0.05156692147079196,0.019770408163265307,False,0.37374441964285715,1.0,2,58aaec2f-31f1-42f3-964f-815347480fb6,Lungenkarte
0.94073637249839,0.8419270648463215,False,0.07724613849714253,0.02138472576530612,False,0.31546954719387754,1.0,2,58c76b9b-8d86-49b2-8fb1-101e7c6af075,Lagepriore
0.9156113424129916,0.7198537022360879,False,0.0631899735494495,0.02138472576530612,False,0.31546954719387754,1.0,2,58c76b9b-8d86-49b2-8fb1-101e7c6af075,Lungenkarte
0.8999062302160262,0.7359182275517601,True,0.3259288766780261,0.11314174107142858,False,0.3426139987244898,0.9499735775937995,2,58e3c190-8ab1-465c-bf3e-22a2deb0b9f2,Lagepriore
0.9171805465141724,0.7414757997337403,False,0.2912224703813894,0.11314174107142858,False,0.3426139987244898,0.9499735775937995,2,58e3c190-8ab1-465c-bf3e-22a2deb0b9f2,Lungenkarte
0.9233002548263066,0.8648084396928242,False,0.03576602672409824,0.010463169642857142,False,0.34574298469387754,1.0,2,59491c73-0991-4643-9ddc-3475e02b14d0,Lagepriore
0.921474846811698,0.7682427402394114,False,0.029161919498108597,0.010463169642857142,False,0.34574298469387754,1.0,2,59491c73-0991-4643-9ddc-3475e02b14d0,Lungenkarte
0.9686199458619291,0.8943217774760133,False,0.15478111759592322,0.040318080357142856,False,0.32505580357142855,1.0,2,59cdf0f8-72cf-414c-8c16-1140498012c0,Lagepriore
0.9268406626394433,0.7540674107496416,False,0.11653968306281579,0.040318080357142856,False,0.32505580357142855,1.0,2,59cdf0f8-72cf-414c-8c16-1140498012c0,Lungenkarte
0.9220727727682019,0.7441400829607143,False,0.08132850150643584,0.024394132653061226,False,0.3055444834183674,1.0,2,5a1edc6c-b8a9-4b7f-870a-4e5f867cca33,Lagepriore
0.9181502544976698,0.7164181632814748,False,0.07387209220071188,0.024394132653061226,False,0.3055444834183674,1.0,2,5a1edc6c-b8a9-4b7f-870a-4e5f867cca33,Lungenkarte
0.933534341145343,0.8179327101656612,True,0.1860267685561771,0.0548469387755102,False,0.3068997130102041,1.0,2,5a86544f-f65f-4a0d-b9be-8fe05da50413,Lagepriore
0.955126971514276,0.831963464310867,True,0.1675962876186983,0.0548469387755102,False,0.3068997130102041,1.0,2,5a86544f-f65f-4a0d-b9be-8fe05da50413,Lungenkarte
0.7899544653957544,0.6146619285046527,False,0.1591943867442543,0.07748724489795919,False,0.43247767857142855,0.9899691358024691,2,5acc56a4-1b6e-4394-9364-9772047d583f,Lagepriore
0.8868076575989083,0.715110957379523,False,0.16624786267392153,0.07748724489795919,False,0.43247767857142855,0.9899691358024691,2,5acc56a4-1b6e-4394-9364-9772047d583f,Lungenkarte
0.8823969584888147,0.6579081426259376,False,0.07241630243033724,0.02499202806122449,False,0.3389867665816326,0.9752791068580542,2,5b684669-0ee0-44ff-851b-e2f6146c7e30,Lagepriore
0.865825523648718,0.6035230094583741,False,0.06309400800346412,0.02499202806122449,False,0.3389867665816326,0.9752791068580542,2,5b684669-0ee0-44ff-851b-e2f6146c7e30,Lungenkarte
0.9409788000995053,0.8565392304012209,True,0.10903087588390996,0.030133928571428572,False,0.3190967793367347,1.0,2,5ba8be0b-f11b-47c6-a91c-fe62c0ef516c,Lagepriore
0.9060218264840778,0.685054406233453,False,0.08642457044482746,0.030133928571428572,False,0.3190967793367347,1.0,2,5ba8be0b-f11b-47c6-a91c-fe62c0ef516c,Lungenkarte
0.8379654323740037,0.7261031176802728,True,0.31885335664710984,0.1368781887755102,False,0.2815688775510204,0.9494758299359348,2,5bb67504-f09e-49f7-9c4c-03b43f034fa1,Lagepriore
0.9570589138335378,0.8197096266852577,True,0.4200887187694858,0.1368781887755102,False,0.2815688775510204,0.9494758299359348,2,5bb67504-f09e-49f7-9c4c-03b43f034fa1,Lungenkarte
0.958168171592339,0.8695370678125717,True,0.3142820308556687,0.09199617346938775,False,0.380062181122449,1.0,2,5c0e0efc-38f9-4335-8283-77502ffd5738,Lagepriore
0.9309854413324345,0.7845559893706898,True,0.2290487703293358,0.09199617346938775,False,0.380062181122449,1.0,2,5c0e0efc-38f9-4335-8283-77502ffd5738,Lungenkarte
0.7482745839446739,0.5936232931165558,False,0.13774923358627594,0.07288345025510204,False,0.2879264987244898,0.7013945857260049,2,5c26b94b-78f6-49ff-95a7-a2e4fce83778,Lagepriore
0.8160919960825531,0.6460319194627613,True,0.16689833931234566,0.07288345025510204,False,0.2879264987244898,0.7013945857260049,2,5c26b94b-78f6-49ff-95a7-a2e4fce83778,Lungenkarte
0.8751145362628641,0.537057874158938,False,0.05141052554213662,0.01793686224489796,False,0.21277104591836735,1.0,2,5cb11c59-6ba7-4f94-b9f8-12927ffb8981,Lagepriore
0.9298553048137024,0.6468535188216039,False,0.0703754055738172,0.01793686224489796,False,0.21277104591836735,1.0,2,5cb11c59-6ba7-4f94-b9f8-12927ffb8981,Lungenkarte
0.9519194108267023,0.8471168928174068,False,0.05033193942387117,0.01327327806122449,False,0.2918327487244898,0.9624624624624625,2,5d76b90a-e59d-4031-a49a-fca0f14aef78,Lagepriore
0.8396750163615443,0.45621769878651164,False,0.036300734687832764,0.01327327806122449,False,0.2918327487244898,0.9624624624624625,2,5d76b90a-e59d-4031-a49a-fca0f14aef78,Lungenkarte
0.8189546890184646,0.6297058820518491,False,0.05169626701625434,0.0234375,False,0.48696588010204084,1.0,2,5d911996-656d-43cb-af29-6ff04cbf752f,Lagepriore
0.9213971088435374,0.834399274801502,True,0.047267760083131535,0.0234375,False,0.48696588010204084,1.0,2,5d911996-656d-43cb-af29-6ff04cbf752f,Lungenkarte
0.9837858680403198,0.9565034865973627,True,0.17273154788851008,0.04233099489795918,False,0.39750079719387754,1.0,2,5dbb180e-0145-49a7-a6af-dffb8718fb96,Lagepriore
0.9331372788550006,0.8197458171346338,False,0.1047900593668164,0.04233099489795918,False,0.39750079719387754,1.0,2,5dbb180e-0145-49a7-a6af-dffb8718fb96,Lungenkarte
0.7414422514085984,0.4361114452208204,False,0.04656411930495111,0.028360172193877552,False,0.2953603316326531,1.0,2,5e32bc94-2e3e-4774-8823-a199e26b024a,Lagepriore
0.9136062751472893,0.6860131050621197,False,0.08586457369031668,0.028360172193877552,False,0.2953603316326531,1.0,2,5e32bc94-2e3e-4774-8823-a199e26b024a,Lungenkarte
0.92447989925724,0.760757492638491,True,0.318645341891358,0.10582748724489796,False,0.37723214285714285,0.9996233521657251,2,5e528963-b34e-4605-be13-8faaa2b0c65b,Lagepriore
0.9560917074430384,0.8558254130025108,True,0.2681551122792205,0.10582748724489796,False,0.37723214285714285,0.9996233521657251,2,5e528963-b34e-4605-be13-8faaa2b0c65b,Lungenkarte
0.945393389612587,0.9048308285891854,True,0.5969024637028583,0.21875,False,0.5260682397959183,0.982780612244898,2,5ead2889-223f-4fa3-a540-04495121c121,Lagepriore
0.9151638163692956,0.8056201819134101,True,0.3869338194440997,0.21875,False,0.5260682397959183,0.982780612244898,2,5ead2889-223f-4fa3-a540-04495121c121,Lungenkarte
0.9755532965845413,0.8972074820182094,False,0.05653651626907099,0.013751594387755101,False,0.21928810586734693,0.7057971014492753,2,5f1863c0-7804-419a-878d-b9719f354b22,Lagepriore
0.8349093316979711,0.4063369165437159,False,0.0382936881027828,0.013751594387755101,False,0.21928810586734693,0.7057971014492753,2,5f1863c0-7804-419a-878d-b9719f354b22,Lungenkarte
0.8804798056075127,0.7451892261414201,True,0.3734106742310473,0.14923469387755103,False,0.3756576849489796,0.9869123931623932,2,5f60e810-6c24-4c0f-b768-ed371e544a10,Lagepriore
0.9131061112697858,0.6888382904468139,False,0.36018275291887075,0.14923469387755103,False,0.3756576849489796,0.9869123931623932,2,5f60e810-6c24-4c0f-b768-ed371e544a10,Lungenkarte
0.9069850898212557,0.6581178332537028,False,0.05107127220721654,0.016043526785714284,False,0.2316047512755102,1.0,2,60370334-2b17-4c9d-a05b-b5746bdaa3b1,Lagepriore
0.9703508144885014,0.8647267448270792,False,0.06533253414581913,0.016043526785714284,False,0.2316047512755102,1.0,2,60370334-2b17-4c9d-a05b-b5746bdaa3b1,Lungenkarte
0.9883463013599212,0.9570789818319035,True,0.085153221985662,0.019650829081632654,False,0.2673389668367347,1.0,2,6146d693-14d6-4039-951d-3284cb2a034c,Lagepriore
0.9658466961943731,0.8648833916217453,True,0.0706159197873913,0.019650829081632654,False,0.2673389668367347,1.0,2,6146d693-14d6-4039-951d-3284cb2a034c,Lungenkarte
0.9690486687995514,0.9066281363502984,True,0.41195250460840277,0.12262834821428571,False,0.3684231505102041,0.9967495530635463,2,619f82fc-2d14-469f-8d00-4d7f2db77c1a,Lagepriore
0.9297415651029365,0.7542620605240835,True,0.30808788047085334,0.12262834821428571,False,0.3684231505102041,0.9967495530635463,2,619f82fc-2d14-469f-8d00-4d7f2db77c1a,Lungenkarte
0.9665726136145574,0.8632178917983331,False,0.04612342048375118,0.011559311224489796,False,0.25257095025510207,1.0,2,631d3a80-b2a4-4230-8d82-d141d3a8f064,Lagepriore
0.8777009269379343,0.49863143967584556,False,0.036540447897215944,0.011559311224489796,False,0.25257095025510207,1.0,2,631d3a80-b2a4-4230-8d82-d141d3a8f064,Lungenkarte
0.8954065066433841,0.7371721968086982,True,0.4600578095221538,0.17930883290816327,False,0.32382015306122447,0.9253084361453818,2,639a7b70-1b46-42c1-bc8d-05b1861292ef,Lagepriore
0.9502542316796291,0.8423034772750789,True,0.47276230310917094,0.17930883290816327,False,0.32382015306122447,0.9253084361453818,2,639a7b70-1b46-42c1-bc8d-05b1861292ef,Lungenkarte
0.9339184664347654,0.7738574921840493,True,0.388187163814269,0.13038105867346939,False,0.36953922193877553,0.9980128401100581,2,64422f2f-ef37-4a5b-8f2d-0b3b3d7ccde0,Lagepriore
0.9602906045391022,0.8577030395047219,False,0.3347442723173624,0.13038105867346939,False,0.36953922193877553,0.9980128401100581,2,64422f2f-ef37-4a5b-8f2d-0b3b3d7ccde0,Lungenkarte
0.9067582714345583,0.7760848187568071,True,0.4188312080202943,0.1513073979591837,False,0.3319515306122449,0.9770811380400422,2,648d7073-547d-4ce2-b91d-87436e5e7abf,Lagepriore
0.954725094758476,0.8209986521612263,True,0.40511157131049963,0.1513073979591837,False,0.3319515306122449,0.9770811380400422,2,648d7073-547d-4ce2-b91d-87436e5e7abf,Lungenkarte
0.9491469771512044,0.8414618393620908,True,0.13059991257226325,0.03587372448979592,False,0.3449657206632653,1.0,2,649bf5e9-8164-4a1a-b96f-b9e7475e758b,Lagepriore
0.9262650614170479,0.7703126679132547,True,0.09711748193755132,0.03587372448979592,False,0.3449657206632653,1.0,2,649bf5e9-8164-4a1a-b96f-b9e7475e758b,Lungenkarte
0.8852314527374071,0.7032207220982029,False,0.19891129017194464,0.0686782525510204,False,0.32583306760204084,0.9843296575739988,2,659311dc-e5f9-4150-90c6-65e762f170e6,Lagepriore
0.9192046088102719,0.7222455175573487,True,0.18939517844296377,0.0686782525510204,False,0.32583306760204084,0.9843296575739988,2,659311dc-e5f9-4150-90c6-65e762f170e6,Lungenkarte
0.9727212252705539,0.9317623768549694,True,0.10657523498244345,0.026307397959183673,False,0.24424027423469388,1.0,2,660f30ba-71a2-4066-a469-0aeacd155d2c,Lagepriore
0.9462512746178008,0.760832883013953,False,0.09910034743813335,0.026307397959183673,False,0.24424027423469388,1.0,2,660f30ba-71a2-4066-a469-0aeacd155d2c,Lungenkarte
0.9629739014166981,0.8983708197282858,True,0.08089945546132622,0.02032844387755102,False,0.37398357780612246,1.0,2,66412414-434a-4a66-97e3-68bf804d8a4a,Lagepriore
0.957429518108814,0.8820741274813673,False,0.05301577545000532,0.02032844387755102,False,0.37398357780612246,1.0,2,66412414-434a-4a66-97e3-68bf804d8a4a,Lungenkarte
0.8131145223476907,0.7552654029755934,False,0.3266480441850489,0.15939891581632654,False,0.29707429846938777,0.9326081520380095,2,6672d139-1fd5-42d4-9c2c-55b25002e6ed,Lagepriore
0.9488600678667937,0.8038174958066723,True,0.4576500499281365,0.15939891581632654,False,0.29707429846938777,0.9326081520380095,2,6672d139-1fd5-42d4-9c2c-55b25002e6ed,Lungenkarte
0.9161628811570031,0.8336708095028597,False,0.0559573062040118,0.016741071428571428,False,0.46974649234693877,1.0,2,66d6805f-88d7-4f0c-b7c5-7a702c3bd70b,Lagepriore
0.8762899278610422,0.7315327184547378,False,0.034370972587982856,0.016741071428571428,False,0.46974649234693877,1.0,2,66d6805f-88d7-4f0c-b7c5-7a702c3bd70b,Lungenkarte
0.9691922233667217,0.9056358265296328,True,0.10348575644940602,0.02574936224489796,False,0.29123485331632654,1.0,2,67125768-f10b-4605-8e7d-f0202b32df4a,Lagepriore
0.9743799008735661,0.9059820639819387,True,0.08602025497969704,0.02574936224489796,False,0.29123485331632654,1.0,2,67125768-f10b-4605-8e7d-f0202b32df4a,Lungenkarte
0.9361067494930821,0.850683828212373,False,0.0680136114367807,0.019371811224489797,False,0.26528619260204084,0.9897119341563786,2,671508a1-7593-4563-904d-d7055e85d809,Lagepriore
0.8796558390649093,0.5301752025170926,False,0.06172409772224231,0.019371811224489797,False,0.26528619260204084,0.9897119341563786,2,671508a1-7593-4563-904d-d7055e85d809,Lungenkarte
0.8922615178098869,0.7269001509090542,True,0.16772295278582616,0.05626195790816327,False,0.3112045599489796,1.0,2,6797dfe0-ba4e-464c-9644-8c1022b68a25,Lagepriore
0.9531359644698373,0.8266069477093038,False,0.17452267852090805,0.05626195790816327,False,0.3112045599489796,1.0,2,6797dfe0-ba4e-464c-9644-8c1022b68a25,Lungenkarte
0.7824966837792734,0.5609024887082626,False,0.05319732898841269,0.027782206632653062,False,0.46456473214285715,0.9820659971305595,2,67d3851d-3518-4f78-8386-9ef96574e1fc,Lagepriore
0.8139524586502525,0.6014731252340221,False,0.052439907115211654,0.027782206632653062,False,0.46456473214285715,0.9820659971305595,2,67d3851d-3518-4f78-8386-9ef96574e1fc,Lungenkarte
0.8587058130982496,0.7627428715132749,True,0.1386694739790206,0.0517578125,False,0.3700374681122449,1.0,2,6804008c-94eb-4870-ba6e-b06514073e71,Lagepriore
0.9384079477147559,0.8166122029440549,True,0.1317025733652411,0.0517578125,False,0.3700374681122449,1.0,2,6804008c-94eb-4870-ba6e-b06514073e71,Lungenkarte
0.9099905332556257,0.7731658865535729,False,0.0719779587906833,0.022600446428571428,False,0.3024952168367347,1.0,2,686caa6d-9f3c-4a1c-87fb-84063fe336ed,Lagepriore
0.9366107530334111,0.7787090911556875,True,0.06952951385907469,0.022600446428571428,False,0.3024952168367347,1.0,2,686caa6d-9f3c-4a1c-87fb-84063fe336ed,Lungenkarte
0.9001947435405345,0.7760435159847827,False,0.04214791610575828,0.013452646683673469,False,0.3120615433673469,1.0,2,68abf087-9790-4441-b12d-75ebc081ca4b,Lagepriore
0.8838039036996633,0.6161317147087687,False,0.03866889190761486,0.013452646683673469,False,0.3120615433673469,1.0,2,68abf087-9790-4441-b12d-75ebc081ca4b,Lungenkarte
0.5521383169329349,0.12848285072438115,False,0.02071251478802745,0.030911192602040817,False,0.29825015943877553,0.5054803352675693,2,695e33f8-31d1-467e-add2-f05041880b28,Lagepriore
0.6910547337400699,0.3062552977611607,False,0.04779680212664436,0.030911192602040817,False,0.29825015943877553,0.5054803352675693,2,695e33f8-31d1-467e-add2-f05041880b28,Lungenkarte
0.8035854782568894,0.5310090931598708,False,0.040790324099542315,0.019650829081632654,False,0.4136439732142857,1.0,2,695fc74e-72d0-4bcf-a9a9-a75e99fb7306,Lagepriore
0.8491511162372009,0.6258257006354428,False,0.04249605070026311,0.019650829081632654,False,0.4136439732142857,1.0,2,695fc74e-72d0-4bcf-a9a9-a75e99fb7306,Lungenkarte
0.8130338886773645,0.5720540938505057,False,0.04185957137543987,0.019730548469387755,False,0.18933354591836735,0.9949494949494949,2,6966f0a9-201d-4ec6-a077-fe9d77c199eb,Lagepriore
0.9468971420380358,0.6989121019639871,False,0.0910181886426573,0.019730548469387755,False,0.18933354591836735,0.9949494949494949,2,6966f0a9-201d-4ec6-a077-fe9d77c199eb,Lungenkarte
0.9773661182329394,0.9475733392925741,True,0.1126386972844251,0.0274234693877551,False,0.41954320790816324,1.0,2,699aa162-5dfe-487a-a8e5-5ca7fa3efa20,Lagepriore
0.9170022249094548,0.7943167311840666,True,0.06279274103024897,0.0274234693877551,False,0.41954320790816324,1.0,2,699aa162-5dfe-487a-a8e5-5ca7fa3efa20,Lungenkarte
0.9018863029847316,0.7462963702116008,False,0.3336661680876334,0.11774553571428571,False,0.3190768494897959,0.989844278943805,2,69e484ae-9462-4fc5-bae6-3a71ce35fb94,Lagepriore
0.9648735392337642,0.8579159880792987,True,0.3406374302911316,0.11774553571428571,False,0.3190768494897959,0.989844278943805,2,69e484ae-9462-4fc5-bae6-3a71ce35fb94,Lungenkarte
0.9451689828389224,0.8465857605327205,False,0.08569929186989998,0.023676658163265307,False,0.24198820153061223,1.0,2,69ffd6ea-f6f2-408e-a314-eecbd3a3756b,Lagepriore
0.948714867710336,0.7724826777912409,False,0.08839066007759627,0.023676658163265307,False,0.24198820153061223,1.0,2,69ffd6ea-f6f2-408e-a314-eecbd3a3756b,Lungenkarte
0.88872853472368,0.7406434047400577,False,0.16999859514892088,0.060048628826530615,False,0.4475645727040816,1.0,2,6a3f2b9b-ae83-4561-8ad4-069e40152866,Lagepriore
0.9320611890382859,0.8352089003606603,True,0.13047377031642624,0.060048628826530615,False,0.4475645727040816,1.0,2,6a3f2b9b-ae83-4561-8ad4-069e40152866,Lungenkarte
0.9313349524696721,0.8762294176689591,False,0.10421777509175215,0.030133928571428572,False,0.49081234056122447,1.0,2,6aa4fb59-0bea-40b9-9c66-83199d91714e,Lagepriore
0.8891011749284805,0.7665288979532977,False,0.05923221583621988,0.030133928571428572,False,0.49081234056122447,1.0,2,6aa4fb59-0bea-40b9-9c66-83199d91714e,Lungenkarte
0.8941416331600955,0.8320251724653934,True,0.29790179440925635,0.10618622448979592,False,0.4361049107142857,0.9262387387387387,2,6ad63e9f-6f28-4c3c-8032-26d5bf2fdf95,Lagepriore
0.8586577353140243,0.7022508160461404,True,0.21138935641595558,0.10618622448979592,False,0.4361049107142857,0.9262387387387387,2,6ad63e9f-6f28-4c3c-8032-26d5bf2fdf95,Lungenkarte
0.7676347856828978,0.5973682644950313,False,0.12470446524647019,0.06762197066326531,False,0.24758848852040816,0.9923371647509579,2,6bf02e28-807b-4020-a18a-3d34fed0d3aa,Lagepriore
0.9732183952774692,0.8692880080357995,True,0.24946538731736995,0.06762197066326531,False,0.24758848852040816,0.9923371647509579,2,6bf02e28-807b-4020-a18a-3d34fed0d3aa,Lungenkarte
0.9179112408248651,0.8284623142978671,False,0.24256886306438105,0.07981903698979592,False,0.5123963647959183,1.0,2,6c499ba1-df4c-4b47-b81e-34ded09a9dc4,Lagepriore
0.9196056666188338,0.8289848297782575,True,0.15214184580865664,0.07981903698979592,False,0.5123963647959183,1.0,2,6c499ba1-df4c-4b47-b81e-34ded09a9dc4,Lungenkarte
0.9669613520717307,0.9003446578392847,True,0.4357777623566351,0.1333904655612245,False,0.3903858418367347,0.9142387569102047,2,6ca7f663-f2ea-467c-baeb-7662614b3484,Lagepriore
0.8997478003419964,0.7760807379455631,True,0.2967559668985055,0.1333904655612245,False,0.3903858418367347,0.9142387569102047,2,6ca7f663-f2ea-467c-baeb-7662614b3484,Lungenkarte
0.8897793148851206,0.7209636904799196,False,0.29425798122796043,0.10985331632653061,False,0.3812779017857143,0.8381712626995645,2,6ce63faf-9387-4c60-991b-11771dc50c98,Lagepriore
0.833898367039611,0.6777081112671355,False,0.2264172693339774,0.10985331632653061,False,0.3812779017857143,0.8381712626995645,2,6ce63faf-9387-4c60-991b-11771dc50c98,Lungenkarte
0.9138521639852777,0.8153114010998375,True,0.5178929513670361,0.19543207908163265,False,0.32485650510204084,0.9165816846828473,2,6d1efe52-1513-43c8-947f-158a33c0ad81,Lagepriore
0.9495211512558396,0.8562421454962075,True,0.5077061036814493,0.19543207908163265,False,0.32485650510204084,0.9165816846828473,2,6d1efe52-1513-43c8-947f-158a33c0ad81,Lungenkarte
0.9625461387361568,0.8703177171056694,False,0.03183444763895885,0.007952008928571428,False,0.26925223214285715,1.0,2,6d9912ad-e56b-4ff3-931e-75b39df49c0f,Lagepriore
0.9190550255140433,0.6930204008992812,False,0.027123597780321924,0.007952008928571428,False,0.26925223214285715,1.0,2,6d9912ad-e56b-4ff3-931e-75b39df49c0f,Lungenkarte
0.8627830191309553,0.7092032246976959,False,0.07748208696066435,0.02716438137755102,False,0.3974011479591837,1.0,2,6df264b0-ab7f-471c-b371-7c4018fb43a4,Lagepriore
0.9249103354125847,0.8026991106911958,False,0.06623400117577426,0.02716438137755102,False,0.3974011479591837,1.0,2,6df264b0-ab7f-471c-b371-7c4018fb43a4,Lungenkarte
0.8223098512451028,0.6486717984359882,True,0.32243295508021,0.15053013392857142,False,0.34388950892857145,0.7735998940818218,2,6e2aacb3-74b4-4909-afd1-5e9765df303a,Lagepriore
0.8240066717418868,0.6636175884349438,True,0.3179425921196718,0.15053013392857142,False,0.34388950892857145,0.7735998940818218,2,6e2aacb3-74b4-4909-afd1-5e9765df303a,Lungenkarte
0.9355500643314936,0.8402417933229565,False,0.040917471797126334,0.01136001275510204,False,0.23172433035714285,1.0,2,6e32b376-5740-4565-abd0-b41035f7db64,Lagepriore
0.9494393363564537,0.7733021393131921,False,0.04643257829563445,0.01136001275510204,False,0.23172433035714285,1.0,2,6e32b376-5740-4565-abd0-b41035f7db64,Lungenkarte
0.870594862531579,0.7921663339523087,True,0.6096102511735677,0.3076171875,False,0.33334661989795916,0.4182701652089407,2,6ed32587-0518-4b4b-95e6-a4b0651b1a6d,Lagepriore
0.5644729692864314,0.5107307469090444,False,0.3611367841879423,0.3076171875,False,0.33334661989795916,0.4182701652089407,2,6ed32587-0518-4b4b-95e6-a4b0651b1a6d,Lungenkarte
0.756461251047302,0.5128107341009256,False,0.05012528819461157,0.02903778698979592,False,0.27110570790816324,1.0,2,6ed71d2f-d2e1-40c5-b750-5b25b302915b,Lagepriore
0.9393145313614276,0.7575866027617996,False,0.09929961477665508,0.02903778698979592,False,0.27110570790816324,1.0,2,6ed71d2f-d2e1-40c5-b750-5b25b302915b,Lungenkarte
0.9227060797828729,0.7721605224808222,True,0.26171643219264623,0.08502072704081633,False,0.34022241709183676,0.9538209095171121,2,6f2b836b-d150-45cd-ad9d-2ba6a6d4a508,Lagepriore
0.9113983661953824,0.7332838920106399,True,0.21770901991301975,0.08502072704081633,False,0.34022241709183676,0.9538209095171121,2,6f2b836b-d150-45cd-ad9d-2ba6a6d4a508,Lungenkarte
0.912711763355125,0.7488749383434556,True,0.5628731995060715,0.22122130102040816,False,0.22255660076530612,0.7586486486486487,2,705c3feb-6faa-442a-a321-f8b14d1d2a2a,Lagepriore
0.9469967257153765,0.8331216491079034,True,0.6651927768114811,0.22122130102040816,False,0.22255660076530612,0.7586486486486487,2,705c3feb-6faa-442a-a321-f8b14d1d2a2a,Lungenkarte
0.865858582938176,0.757659950096772,True,0.3784100131691635,0.15969786352040816,False,0.3085339604591837,0.51715961562461,2,70a9e4e6-99a6-4f66-92e2-f1c30c714301,Lagepriore
0.6961326517534733,0.6203633769292674,False,0.2585053095274541,0.15969786352040816,False,0.3085339604591837,0.51715961562461,2,70a9e4e6-99a6-4f66-92e2-f1c30c714301,Lungenkarte
0.9045287461099121,0.8095722144602339,True,0.16516115586997115,0.05313297193877551,False,0.2471500318877551,0.7768192048012003,2,70c6d6ca-f753-4860-9479-6f7f235e861f,Lagepriore
0.84866359717692,0.4825730609818061,False,0.14763360656413932,0.05313297193877551,False,0.2471500318877551,0.7768192048012003,2,70c6d6ca-f753-4860-9479-6f7f235e861f,Lungenkarte
0.8300933574197938,0.6156813784550909,False,0.025003305781182237,0.010762117346938776,False,0.31784119897959184,0.4648148148148148,2,70d2139e-967a-4fa9-b44d-b1515b82af4b,Lagepriore
0.6706312510632964,0.19849340612957483,False,0.01563518436570802,0.010762117346938776,False,0.31784119897959184,0.4648148148148148,2,70d2139e-967a-4fa9-b44d-b1515b82af4b,Lungenkarte
0.879113967524615,0.6610874061627953,True,0.11986971199481923,0.04125478316326531,False,0.31166294642857145,0.8502415458937198,2,71231f52-c755-4f52-956f-eab77b9434f5,Lagepriore
0.8118129428751443,0.45232034187530296,False,0.0998487154792042,0.04125478316326531,False,0.31166294642857145,0.8502415458937198,2,71231f52-c755-4f52-956f-eab77b9434f5,Lungenkarte
0.9603610218536021,0.8298329811277073,True,0.34235026978771993,0.10082509566326531,False,0.24912308673469388,0.9405020755089939,2,71576c22-51ce-4510-98d8-6933e0b9b810,Lagepriore
0.9660645187374131,0.875932649944745,True,0.3500453600067866,0.10082509566326531,False,0.24912308673469388,0.9405020755089939,2,71576c22-51ce-4510-98d8-6933e0b9b810,Lungenkarte
0.9457653924380564,0.8097965297460832,True,0.5329379510429421,0.18391262755102042,False,0.30482700892857145,0.9241439098396186,2,71813eab-6524-4c28-a978-b518a631585c,Lagepriore
0.9532516810943449,0.8230248878441371,True,0.5059943541181127,0.18391262755102042,False,0.30482700892857145,0.9241439098396186,2,71813eab-6524-4c28-a978-b518a631585c,Lungenkarte
0.8588891380610815,0.7132899228829793,False,0.04468190350666717,0.0166812818877551,False,0.4053332270408163,1.0,2,7181705d-bd1b-4896-94e6-0cc4d7562d56,Lagepriore
0.9126677132867355,0.7791032619899957,False,0.039758195213134215,0.0166812818877551,False,0.4053332270408163,1.0,2,7181705d-bd1b-4896-94e6-0cc4d7562d56,Lungenkarte
0.9166575798452272,0.8540887823590614,True,0.4274569220091901,0.15108816964285715,False,0.32694913903061223,0.7430418150639757,2,718cee3f-4cff-4edc-92d3-80f0169e3b5c,Lagepriore
0.8276374501163543,0.8269762593369704,True,0.32921009213425,0.15108816964285715,False,0.32694913903061223,0.7430418150639757,2,718cee3f-4cff-4edc-92d3-80f0169e3b5c,Lungenkarte
0.9707342978916002,0.9098654302263448,True,0.22983140656127643,0.0615234375,False,0.32816485969387754,0.982831227729187,2,7202cb18-cb1d-45eb-9060-207d4cd52b9e,Lagepriore
0.890744750566859,0.6333293156024457,False,0.16647248957962604,0.0615234375,False,0.32816485969387754,0.982831227729187,2,7202cb18-cb1d-45eb-9060-207d4cd52b9e,Lungenkarte
0.949069046082063,0.9097089487451647,False,0.08580015871249264,0.023138552295918366,False,0.3251155931122449,1.0,2,722503cf-a801-415b-a10e-848bfea55911,Lagepriore
0.9315641918402345,0.7787070064403934,False,0.06736952544187913,0.023138552295918366,False,0.3251155931122449,1.0,2,722503cf-a801-415b-a10e-848bfea55911,Lungenkarte
0.8832482511365242,0.6823439613886952,False,0.35887145563754114,0.1397082270408163,False,0.17317044005102042,0.751925820256776,2,7227e6d8-8eb3-40a6-80a5-27950bc9ce97,Lagepriore
0.9370202832405675,0.7553801623176551,True,0.536209987835695,0.1397082270408163,False,0.17317044005102042,0.751925820256776,2,7227e6d8-8eb3-40a6-80a5-27950bc9ce97,Lungenkarte
0.9282260613486314,0.8198356079404466,False,0.02094833926404426,0.006058673469387755,False,0.327327806122449,1.0,2,726fccb9-cfc1-4a53-b948-460b93073dc2,Lagepriore
0.9431757799967918,0.8241974255583127,False,0.018071528040196582,0.006058673469387755,False,0.327327806122449,1.0,2,726fccb9-cfc1-4a53-b948-460b93073dc2,Lungenkarte
0.9482873844727612,0.8606905945711293,True,0.4107975141316791,0.13285235969387754,False,0.4467873086734694,0.9945994599459946,2,729ad38e-12b9-4bc5-8773-cd1615b5bd04,Lagepriore
0.8997314624590476,0.7294288844535495,False,0.27685106195065257,0.13285235969387754,False,0.4467873086734694,0.9945994599459946,2,729ad38e-12b9-4bc5-8773-cd1615b5bd04,Lungenkarte
0.7760992501920528,0.6050896748569269,False,0.15602445426802702,0.08350605867346939,False,0.2200653698979592,0.9656324582338902,2,72cdac79-3367-4312-8b8f-2da4938b2153,Lagepriore
0.9591025083176191,0.7689190977571535,True,0.3249143409272995,0.08350605867346939,False,0.2200653698979592,0.9656324582338902,2,72cdac79-3367-4312-8b8f-2da4938b2153,Lungenkarte
0.9706671564237076,0.8631130165096972,True,0.2930732805360727,0.08059630102040816,False,0.22801737882653061,0.8093471810089021,2,72f5ea03-e82b-4062-8e3e-32bdd8d3229c,Lagepriore
0.8978615518467069,0.668086607308244,True,0.25647404181179917,0.08059630102040816,False,0.22801737882653061,0.8093471810089021,2,72f5ea03-e82b-4062-8e3e-32bdd8d3229c,Lungenkarte
0.7930801135406517,0.5446862453940494,False,0.024908141197913528,0.012715242346938776,False,0.4387157206632653,1.0,2,72fcb14d-5126-4976-b31f-ad2d21d2462e,Lagepriore
0.7938004054010783,0.5233804836018993,False,0.026305429833030147,0.012715242346938776,False,0.4387157206632653,1.0,2,72fcb14d-5126-4976-b31f-ad2d21d2462e,Lungenkarte
0.958549396654907,0.9133891815690203,True,0.5128646458845966,0.16844706632653061,False,0.2762077487244898,0.7694036914339801,2,73286fe9-2e42-4a75-b071-a4c2173672a4,Lagepriore
0.8895410317674531,0.7305132708649883,True,0.4363904358931559,0.16844706632653061,False,0.2762077487244898,0.7694036914339801,2,73286fe9-2e42-4a75-b071-a4c2173672a4,Lungenkarte
0.939281608694097,0.7947319154827214,False,0.32917165973202367,0.10596699617346939,False,0.2737364477040816,0.8683468121120933,2,739bd043-d62e-41ef-bf20-20ed762dca13,Lagepriore
0.9200107340701741,0.7781247792343382,True,0.3119745150104825,0.10596699617346939,False,0.2737364477040816,0.8683468121120933,2,739bd043-d62e-41ef-bf20-20ed762dca13,Lungenkarte
0.9072947331504161,0.7733990499181965,True,0.3544028975453592,0.12149234693877552,False,0.32798549107142855,0.9027230971128609,2,73bc84c5-99b9-4e31-b8db-e3707aaf3576,Lagepriore
0.9308211723435319,0.847010233699606,True,0.320560627903505,0.12149234693877552,False,0.32798549107142855,0.9027230971128609,2,73bc84c5-99b9-4e31-b8db-e3707aaf3576,Lungenkarte
0.8580169337033153,0.7567041392496645,False,0.23309216446159473,0.095703125,False,0.2139269770408163,0.9231570179092045,2,73e02b82-d818-45fe-80bd-3f8fd75bf95d,Lagepriore
0.9695458859972007,0.8864863167713202,True,0.3811385703969762,0.095703125,False,0.2139269770408163,0.9231570179092045,2,73e02b82-d818-45fe-80bd-3f8fd75bf95d,Lungenkarte
0.809785696931834,0.8127021141405627,False,0.05433690629906342,0.0234375,False,0.2760483099489796,0.3562925170068027,2,74321b39-3aab-444a-893e-fa743ddc9224,Lagepriore
0.6467311276551437,0.3207819711699059,False,0.03005059779895332,0.0234375,False,0.2760483099489796,0.3562925170068027,2,74321b39-3aab-444a-893e-fa743ddc9224,Lungenkarte
0.7977987022409108,0.5975794783655713,False,0.1397885967110215,0.06905691964285714,False,0.3158681441326531,0.8588744588744589,2,7471b0e8-8f55-4ced-b8e4-18a7554a0ebe,Lagepriore
0.8928672275871008,0.7674921341784797,True,0.1823743742239277,0.06905691964285714,False,0.3158681441326531,0.8588744588744589,2,7471b0e8-8f55-4ced-b8e4-18a7554a0ebe,Lungenkarte
0.8105089696275127,0.8049421177567322,False,0.08864038315504337,0.038404815051020405,False,0.31435347576530615,0.737934613388687,2,747f9c4b-8bba-439f-8e31-d8529cb41850,Lagepriore
0.7874926635497489,0.48450464989624703,False,0.08432108844151395,0.038404815051020405,False,0.31435347576530615,0.737934613388687,2,747f9c4b-8bba-439f-8e31-d8529cb41850,Lungenkarte
0.9371559965162786,0.8763724334209824,False,0.09721427924696559,0.02770248724489796,False,0.3809390943877551,0.7266187050359713,2,74bf0245-0e19-45d6-9f31-65eaff09fb8a,Lagepriore
0.770334152060961,0.6284978867970756,True,0.05129803524396456,0.02770248724489796,False,0.3809390943877551,0.7266187050359713,2,74bf0245-0e19-45d6-9f31-65eaff09fb8a,Lungenkarte
0.9754741918029414,0.9152923830189729,True,0.1506113587412001,0.03766741071428571,False,0.31626674107142855,1.0,2,755233cd-2ad2-4cbc-b927-97243e46135f,Lagepriore
0.9655619723486186,0.8810448098451532,True,0.11593993323130666,0.03766741071428571,False,0.31626674107142855,1.0,2,755233cd-2ad2-4cbc-b927-97243e46135f,Lungenkarte
0.8670987225225355,0.5858192248505437,False,0.05331641891636277,0.019770408163265307,False,0.31367586096938777,1.0,2,75ca14eb-205b-4ffa-8ac5-fd48aba8dc11,Lagepriore
0.9601819127679865,0.8672348544920017,False,0.06109034989524898,0.019770408163265307,False,0.31367586096938777,1.0,2,75ca14eb-205b-4ffa-8ac5-fd48aba8dc11,Lungenkarte
0.8648547993581785,0.6073134546488017,True,0.21625693179899086,0.08514030612244898,False,0.24069276147959184,0.986189138576779,2,75db7623-17d0-4f7b-9c6b-c7a060f5ac9f,Lagepriore
0.9713052915635366,0.846444913035006,True,0.3112007580554003,0.08514030612244898,False,0.24069276147959184,0.986189138576779,2,75db7623-17d0-4f7b-9c6b-c7a060f5ac9f,Lungenkarte
0.920474931529697,0.8274069475997914,True,0.23306770197428686,0.07358099489795919,False,0.29934630102040816,0.9924160346695557,2,75dbc949-4634-4f9c-b3bb-a8c03747e9e1,Lagepriore
0.9300540817968517,0.7210855028640382,False,0.21788190249342737,0.07358099489795919,False,0.29934630102040816,0.9924160346695557,2,75dbc949-4634-4f9c-b3bb-a8c03747e9e1,Lungenkarte
0.9025073658121263,0.7963306612035865,True,0.08335464171517872,0.025809151785714284,False,0.48690609056122447,1.0,2,75e94dfc-7a8b-4c92-b719-8037440fbeab,Lagepriore
0.9275342473435803,0.8468966780948108,True,0.05254087825623922,0.025809151785714284,False,0.48690609056122447,1.0,2,75e94dfc-7a8b-4c92-b719-8037440fbeab,Lungenkarte
0.8904474823974108,0.7344535289330293,False,0.1417669275099592,0.048329878826530615,False,0.21580038265306123,0.8692783505154639,2,761418cc-7757-4cfe-8b26-9e76c955487a,Lagepriore
0.9102009673462875,0.6344862243876539,False,0.17420791291552754,0.048329878826530615,False,0.21580038265306123,0.8692783505154639,2,761418cc-7757-4cfe-8b26-9e76c955487a,Lungenkarte
0.9345896709095031,0.8026456292172761,True,0.31824703937302345,0.10224011479591837,False,0.30897241709183676,0.9608187134502923,2,766d8a8b-a2bc-4ca5-b28a-623f62886e9c,Lagepriore
0.9287282681536976,0.741907010703877,True,0.2881214197325451,0.10224011479591837,False,0.30897241709183676,0.9608187134502923,2,766d8a8b-a2bc-4ca5-b28a-623f62886e9c,Lungenkarte
0.9096808807152678,0.8082871780473833,False,0.24032441877412672,0.08131377551020408,False,0.4946986607142857,1.0,2,77326677-302c-48aa-b578-953e266790d5,Lagepriore
0.8976955355532529,0.772755459936361,False,0.15654201093321746,0.08131377551020408,False,0.4946986607142857,1.0,2,77326677-302c-48aa-b578-953e266790d5,Lungenkarte
0.9480524191529629,0.8277098525202046,True,0.22046474833672064,0.06367586096938775,False,0.30064174107142855,0.9978090766823161,2,77823cf2-2603-4db9-9c50-ec8ae13674e3,Lagepriore
0.9565757395549541,0.8304060395433029,False,0.19552021195293998,0.06367586096938775,False,0.30064174107142855,0.9978090766823161,2,77823cf2-2603-4db9-9c50-ec8ae13674e3,Lungenkarte
0.9159513270434706,0.8421972357942523,True,0.1786593500274241,0.054807079081632654,False,0.4315609056122449,1.0,2,77a50626-2a5d-44a8-8013-af001549b769,Lagepriore
0.9271674340503675,0.8174305293732929,True,0.12231324559424699,0.054807079081632654,False,0.4315609056122449,1.0,2,77a50626-2a5d-44a8-8013-af001549b769,Lungenkarte
0.9333597044646367,0.9099806358013818,False,0.030489541461494886,0.00860969387755102,False,0.23489317602040816,1.0,2,77d82c92-f380-4e26-b39d-b43d5c814833,Lagepriore
0.9760701876943283,0.8951590115084258,False,0.035331072638616304,0.00860969387755102,False,0.23489317602040816,1.0,2,77d82c92-f380-4e26-b39d-b43d5c814833,Lungenkarte
0.9443409636488823,0.8010866638103382,False,0.04255514422660951,0.011399872448979591,False,0.2530891262755102,1.0,2,77dc3ec3-a29e-4733-99fc-80b51a76e833,Lagepriore
0.9861659236256043,0.9434134143254288,False,0.044145999697172054,0.011399872448979591,False,0.2530891262755102,1.0,2,77dc3ec3-a29e-4733-99fc-80b51a76e833,Lungenkarte
0.7910892121271585,0.5520674248007363,False,0.02614379217126994,0.013392857142857142,False,0.3340441645408163,1.0,2,77e3cf70-b78a-42fe-bd17-0ed96618d6b4,Lagepriore
0.9558470924427463,0.8641465886186658,False,0.039177279608809165,0.013392857142857142,False,0.3340441645408163,1.0,2,77e3cf70-b78a-42fe-bd17-0ed96618d6b4,Lungenkarte
0.9373685899241487,0.8710303110148286,False,0.3602897496304452,0.11806441326530612,False,0.33557876275510207,0.9974679270762998,2,77f96630-7a12-423e-a4e5-a5c5db11fd8f,Lagepriore
0.9568433979919683,0.828741672216806,True,0.32900211083167774,0.11806441326530612,False,0.33557876275510207,0.9974679270762998,2,77f96630-7a12-423e-a4e5-a5c5db11fd8f,Lungenkarte
0.7295355168653009,0.5467323585353325,False,0.04588978596728005,0.024752869897959183,False,0.32455755739795916,0.9830917874396136,2,7860706e-b07d-4c69-b17c-03ca4f8e8a95,Lagepriore
0.831483467461875,0.4717611083782087,False,0.06303862972504194,0.024752869897959183,False,0.32455755739795916,0.9830917874396136,2,7860706e-b07d-4c69-b17c-03ca4f8e8a95,Lungenkarte
0.92183348037381,0.7678921990669223,True,0.1995090537689006,0.061423788265306124,False,0.3428531568877551,1.0,2,787fe62b-0e2b-481a-b1f3-2a3f754ba7dd,Lagepriore
0.946744308750883,0.8231394661170092,True,0.1724671814181602,0.061423788265306124,False,0.3428531568877551,1.0,2,787fe62b-0e2b-481a-b1f3-2a3f754ba7dd,Lungenkarte
0.7504818071310112,0.40674510025036625,False,0.01813642036579461,0.010881696428571428,False,0.3798828125,1.0,2,789e8a7a-2ded-466f-8d50-17e8bc955978,Lagepriore
0.8966800292863158,0.723056496118878,False,0.026755120053934787,0.010881696428571428,False,0.3798828125,1.0,2,789e8a7a-2ded-466f-8d50-17e8bc955978,Lungenkarte
0.978916322993246,0.9333995253433426,True,0.05730861734910547,0.013472576530612245,False,0.32577327806122447,1.0,2,78a396fd-20af-4384-acdd-c9a6ddb8c1ad,Lagepriore
0.92636099157253,0.7673828840395283,False,0.03951258641834429,0.013472576530612245,False,0.32577327806122447,1.0,2,78a396fd-20af-4384-acdd-c9a6ddb8c1ad,Lungenkarte
0.8300320695660502,0.581595180868943,False,0.126067635913881,0.054009885204081634,False,0.2751514668367347,0.4306273062730627,2,78cc9897-ddd1-4e87-8ce4-c05192891e76,Lagepriore
0.6630121766708755,0.3675351513619282,False,0.078885095371534,0.054009885204081634,False,0.2751514668367347,0.4306273062730627,2,78cc9897-ddd1-4e87-8ce4-c05192891e76,Lungenkarte
0.7334661187968262,0.662719769116124,False,0.02570982881310939,0.016661352040816327,False,0.20978156887755103,0.3708133971291866,2,791e72c5-ecb4-43bc-aeda-7756af052534,Lagepriore
0.7577533005044579,0.3151100740141966,False,0.03183121841451105,0.016661352040816327,False,0.20978156887755103,0.3708133971291866,2,791e72c5-ecb4-43bc-aeda-7756af052534,Lungenkarte
0.9658046957540269,0.9252486285841585,True,0.19937194754434345,0.05313297193877551,False,0.4572704081632653,0.9969992498124531,2,793b04cc-60bb-4413-a2a7-36c7c56ac05c,Lagepriore
0.8979183361405495,0.763723876482033,False,0.10871319036926361,0.05313297193877551,False,0.4572704081632653,0.9969992498124531,2,793b04cc-60bb-4413-a2a7-36c7c56ac05c,Lungenkarte
0.8975930597657654,0.730908889742045,False,0.21404909882560746,0.0719467474489796,False,0.33242984693877553,0.9110803324099723,2,793c8547-aa10-4a67-88eb-0318ff9a6541,Lagepriore
0.8605492273023141,0.5903997591081388,False,0.17636233070119264,0.0719467474489796,False,0.33242984693877553,0.9110803324099723,2,793c8547-aa10-4a67-88eb-0318ff9a6541,Lungenkarte
0.8350357699800811,0.5020020225668822,False,0.05415451120946359,0.022321428571428572,False,0.28256536989795916,0.8017857142857143,2,79858395-3452-426d-bb99-e01af7961b44,Lagepriore
0.782722797488002,0.30108788438833284,False,0.05094012841140754,0.022321428571428572,False,0.28256536989795916,0.8017857142857143,2,79858395-3452-426d-bb99-e01af7961b44,Lungenkarte
0.7407163514024356,0.5854407572761301,False,0.1887067460904739,0.12290736607142858,False,0.5167211415816326,0.3714934327874169,2,7999e55b-1fac-4460-b340-2a3003772cf5,Lagepriore
0.39006359103625865,0.5692124975041586,False,0.08695958521082524,0.12290736607142858,False,0.5167211415816326,0.3714934327874169,2,7999e55b-1fac-4460-b340-2a3003772cf5,Lungenkarte
0.9470217177703408,0.8582038808082147,False,0.26682647256328024,0.07973931760204081,False,0.35365513392857145,0.9955011247188202,2,79f1d59a-1bac-436d-91bc-a4c40c141d5f,Lagepriore
0.942509104721654,0.8115216855183432,True,0.2131215759825015,0.07973931760204081,False,0.35365513392857145,0.9955011247188202,2,79f1d59a-1bac-436d-91bc-a4c40c141d5f,Lungenkarte
0.9717755559933898,0.9432602321195586,True,0.1867133744072221,0.04827008928571429,False,0.30349170918367346,0.8228736581337738,2,79f29a4d-fa0a-4977-abae-346d8ee33aa9,Lagepriore
0.8562979077986628,0.65437406442003,False,0.12263249328904417,0.04827008928571429,False,0.30349170918367346,0.8228736581337738,2,79f29a4d-fa0a-4977-abae-346d8ee33aa9,Lungenkarte
0.8932229021135323,0.778516981189478,False,0.1327347294645543,0.044642857142857144,False,0.4273158482142857,0.9995535714285714,2,7a477b7b-f2d2-40ac-a20d-661887491d6b,Lagepriore
0.9062193834711163,0.7662398875470718,False,0.09873645300679898,0.044642857142857144,False,0.4273158482142857,0.9995535714285714,2,7a477b7b-f2d2-40ac-a20d-661887491d6b,Lungenkarte
0.8304417932169422,0.7196045265373149,True,0.304943595705154,0.13243383290816327,False,0.43837691326530615,0.9536493604213695,2,7aaba35a-c23c-4cac-918e-5b94bec6b827,Lagepriore
0.9007219922444759,0.7776007695088847,True,0.2702161626935973,0.13243383290816327,False,0.43837691326530615,0.9536493604213695,2,7aaba35a-c23c-4cac-918e-5b94bec6b827,Lungenkarte
0.8687279469599904,0.7326620699644871,True,0.1464468063201781,0.05229591836734694,False,0.35096460459183676,1.0,2,7b3e032d-e3ec-4c61-8a49-785fd6d0d87e,Lagepriore
0.9287082286554591,0.7744375187166559,True,0.13780205376786664,0.05229591836734694,False,0.35096460459183676,1.0,2,7b3e032d-e3ec-4c61-8a49-785fd6d0d87e,Lungenkarte
0.9399368659952919,0.7825088746528869,True,0.340838670912736,0.10672433035714286,False,0.3170838647959184,0.9951447245564893,2,7bf09d53-83de-418a-ac0f-1c29a9dcf6fe,Lagepriore
0.9331524624009633,0.7238451414725982,True,0.3008752554681454,0.10672433035714286,False,0.3170838647959184,0.9951447245564893,2,7bf09d53-83de-418a-ac0f-1c29a9dcf6fe,Lungenkarte
0.9271043240971916,0.8113720757198005,False,0.3998583481691152,0.14178093112244897,False,0.44762436224489793,0.989879111610908,2,7c735cd9-19d9-4918-a3fc-154c0a5c5d9c,Lagepriore
0.9297880228189136,0.814494926370469,True,0.2965613022763899,0.14178093112244897,False,0.44762436224489793,0.989879111610908,2,7c735cd9-19d9-4918-a3fc-154c0a5c5d9c,Lungenkarte
0.9179710859824743,0.7779853675886969,False,0.041324203953994595,0.012376434948979591,False,0.3338647959183674,1.0,2,7c909599-24ad-4164-93d2-0adfa96ec86f,Lagepriore
0.8968402518322897,0.6838348281896082,False,0.03464350116971678,0.012376434948979591,False,0.3338647959183674,1.0,2,7c909599-24ad-4164-93d2-0adfa96ec86f,Lungenkarte
0.8963029768860493,0.747450000738186,False,0.09803171057314904,0.03228635204081633,False,0.4155970982142857,1.0,2,7d93788d-2fb5-41f1-ba86-477681241879,Lagepriore
0.9617837085650881,0.9035184190238871,True,0.07632776420151519,0.03228635204081633,False,0.4155970982142857,1.0,2,7d93788d-2fb5-41f1-ba86-477681241879,Lungenkarte
0.844527833679703,0.6398046261186758,False,0.25311559406514417,0.10764110331632654,False,0.3858019770408163,0.9848176263654879,2,7e2246e4-8412-4216-af50-7ae8c232f9b9,Lagepriore
0.9033702280870914,0.7073134007578411,True,0.251173802032813,0.10764110331632654,False,0.3858019770408163,0.9848176263654879,2,7e2246e4-8412-4216-af50-7ae8c232f9b9,Lungenkarte
0.866497310479048,0.6539618074683694,True,0.24175382869974596,0.09066087372448979,False,0.20780851403061223,0.9380083534842822,2,7e4e7293-a984-462e-8d9f-c7a30863dae2,Lagepriore
0.9655708777718615,0.8199364117251392,True,0.36380668593203236,0.09066087372448979,False,0.20780851403061223,0.9380083534842822,2,7e4e7293-a984-462e-8d9f-c7a30863dae2,Lungenkarte
0.7638897475992307,0.6066262270638528,False,0.20572615091398455,0.11678890306122448,False,0.33125398596938777,0.8440273037542663,2,7ed87a3f-31d6-4a1e-82d9-01bdb6de0c49,Lagepriore
0.8597864271858299,0.6439289681883399,False,0.2830044746040114,0.11678890306122448,False,0.33125398596938777,0.8440273037542663,2,7ed87a3f-31d6-4a1e-82d9-01bdb6de0c49,Lungenkarte
0.7334333254162424,0.4793229883881383,False,0.019648060741839213,0.012436224489795918,False,0.37203045280612246,1.0,2,7efe1069-9223-445f-a8d5-64b5a35438d2,Lagepriore
0.8861863353338219,0.6882625568975539,False,0.03136995364526876,0.012436224489795918,False,0.37203045280612246,1.0,2,7efe1069-9223-445f-a8d5-64b5a35438d2,Lungenkarte
0.8812984524715087,0.7413093496751457,True,0.35295551284069526,0.13243383290816327,False,0.41246811224489793,0.928066215199398,2,7faa429d-99b9-485f-8642-c54325982eba,Lagepriore
0.8532669910525695,0.612826203131834,True,0.281701622565923,0.13243383290816327,False,0.41246811224489793,0.928066215199398,2,7faa429d-99b9-485f-8642-c54325982eba,Lungenkarte
0.7348750446172871,0.7530853409848055,False,0.1403954513591544,0.07306281887755102,False,0.3552295918367347,0.4511729405346427,2,7fadaf95-e9fd-46eb-a96f-5d06326690b9,Lagepriore
0.6105745169984387,0.5364821810883307,False,0.09241012643611364,0.07306281887755102,False,0.3552295918367347,0.4511729405346427,2,7fadaf95-e9fd-46eb-a96f-5d06326690b9,Lungenkarte
0.6233659680088252,0.26631322012197217,False,0.020019917211901325,0.020647321428571428,False,0.4264389349489796,1.0,2,7fc478ab-7eca-454d-885c-6aec22dc6903,Lagepriore
0.8367320911963769,0.6064649154195345,False,0.043941366947512536,0.020647321428571428,False,0.4264389349489796,1.0,2,7fc478ab-7eca-454d-885c-6aec22dc6903,Lungenkarte
0.9139621123565006,0.8031853796029219,True,0.35127374990048366,0.11973852040816327,False,0.30496651785714285,0.8240679094540613,2,805a1fbb-fea5-4d9f-8d1d-3bc372e1b24c,Lagepriore
0.8749268450343695,0.6699620048087527,True,0.30066024027961374,0.11973852040816327,False,0.30496651785714285,0.8240679094540613,2,805a1fbb-fea5-4d9f-8d1d-3bc372e1b24c,Lungenkarte
0.8886931875376491,0.7994953164890056,True,0.43604523938237755,0.16828762755102042,False,0.36427774234693877,0.903008053055424,2,8062dc3e-fc3c-4e7e-b418-96c59942426d,Lagepriore
0.8750032875972975,0.6134996345214847,True,0.37677879049648433,0.16828762755102042,False,0.36427774234693877,0.903008053055424,2,8062dc3e-fc3c-4e7e-b418-96c59942426d,Lungenkarte
0.9170735686776647,0.7654300717215828,False,0.31088218266478246,0.10762117346938775,False,0.336734693877551,0.8537037037037037,2,80a57687-c167-429b-84b5-3ed038c18e38,Lagepriore
0.8352440254038208,0.5148656054560805,False,0.2423030833130019,0.10762117346938775,False,0.336734693877551,0.8537037037037037,2,80a57687-c167-429b-84b5-3ed038c18e38,Lungenkarte
0.6713524147023768,0.4246811345645565,False,0.14619573385494708,0.10333625637755102,False,0.4774194834183674,0.9490838958534233,2,80b493e1-a3a6-47a2-ae68-6a502c081507,Lagepriore
0.8017318560679885,0.5747752441715599,False,0.18378953317826419,0.10333625637755102,False,0.4774194834183674,0.9490838958534233,2,80b493e1-a3a6-47a2-ae68-6a502c081507,Lungenkarte
0.7643317122779506,0.5852716022874244,True,0.5052835101444137,0.30211654974489793,False,0.35160235969387754,0.5009565274754272,2,80ef86fd-e36a-4c00-b25a-1101e5d9b2de,Lagepriore
0.6359327720766307,0.4975391429015364,True,0.3970316806835952,0.30211654974489793,False,0.35160235969387754,0.5009565274754272,2,80ef86fd-e36a-4c00-b25a-1101e5d9b2de,Lungenkarte
0.9107075908731042,0.8018704077665161,True,0.2506575153849358,0.08179209183673469,False,0.29733338647959184,0.9480994152046783,2,80ff754b-9ce9-4c0c-8155-f64a5752b0a4,Lagepriore
0.9013339326368389,0.6409711449661976,True,0.2279365063559532,0.08179209183673469,False,0.29733338647959184,0.9480994152046783,2,80ff754b-9ce9-4c0c-8155-f64a5752b0a4,Lungenkarte
0.7712709414302641,0.4580174133140417,False,0.0691705026257813,0.037607621173469385,False,0.22435028698979592,0.918918918918919,2,817c90f1-a049-474e-bfd5-4e937e6fc234,Lagepriore
0.9196951914986591,0.6693983521471297,False,0.13604634794852127,0.037607621173469385,False,0.22435028698979592,0.918918918918919,2,817c90f1-a049-474e-bfd5-4e937e6fc234,Lungenkarte
0.8819194863191967,0.6876761484065389,True,0.2507458617781773,0.087890625,False,0.3663305165816326,1.0,2,81a51c71-28ab-4a62-bb1b-458117d8234c,Lagepriore
0.9219617356476597,0.7462384829865427,False,0.2211600855852204,0.087890625,False,0.3663305165816326,1.0,2,81a51c71-28ab-4a62-bb1b-458117d8234c,Lungenkarte
0.7102159729219014,0.4362928975586282,False,0.10846224418291088,0.07274394132653061,False,0.43748007015306123,0.8736986301369863,2,81bbeca6-83e5-41b0-9949-24169a2c8c51,Lagepriore
0.747808269231109,0.4687200254552671,False,0.12479925845459154,0.07274394132653061,False,0.43748007015306123,0.8736986301369863,2,81bbeca6-83e5-41b0-9949-24169a2c8c51,Lungenkarte
0.8435071696746304,0.6612704907889859,False,0.11795385982451584,0.0480110012755102,False,0.35722257653061223,1.0,2,81ebe1ca-04bf-413e-9f69-ed7ee39271fb,Lagepriore
0.8801138331448275,0.6326079677308493,False,0.11927674766501441,0.0480110012755102,False,0.35722257653061223,1.0,2,81ebe1ca-04bf-413e-9f69-ed7ee39271fb,Lungenkarte
0.8121454690931248,0.6258585438240961,False,0.1578458855384375,0.07270408163265306,False,0.33516023596938777,0.40789473684210525,2,81fb1d2e-b163-4c60-8c75-9ec4d724285c,Lagepriore
0.5804046562369914,0.35241189743665285,False,0.08432876872567398,0.07270408163265306,False,0.33516023596938777,0.40789473684210525,2,81fb1d2e-b163-4c60-8c75-9ec4d724285c,Lungenkarte
0.8963884218476614,0.6798483314874345,True,0.6513555261063839,0.303531568877551,False,0.28878348214285715,0.8196979645436638,2,826a4142-b079-4825-85f7-5fd69292e4cf,Lagepriore
0.9615826372620524,0.8362518580113553,True,0.7760990577921683,0.303531568877551,False,0.28878348214285715,0.8196979645436638,2,826a4142-b079-4825-85f7-5fd69292e4cf,Lungenkarte
0.5539995832784332,0.4182691245017652,False,0.13096470271145827,0.1536591198979592,False,0.39979272959183676,0.9437094682230869,2,82766337-019a-4846-b06f-4ad97d538f67,Lagepriore
0.8997925997775408,0.7216547409540237,True,0.337767078932909,0.1536591198979592,False,0.39979272959183676,0.9437094682230869,2,82766337-019a-4846-b06f-4ad97d538f67,Lungenkarte
0.9758965843510916,0.9107410705105605,True,0.44125420474752464,0.1306202168367347,False,0.31680484693877553,0.907995117485505,2,829c0125-36d6-4bce-ae3a-6e1aef128f51,Lagepriore
0.9077775543263613,0.6956113353743015,True,0.3407699196270623,0.1306202168367347,False,0.31680484693877553,0.907995117485505,2,829c0125-36d6-4bce-ae3a-6e1aef128f51,Lungenkarte
0.9446940487959908,0.8147608738652737,False,0.2504547482967457,0.07563376913265306,False,0.28495695153061223,0.7312252964426877,2,835ea6ca-9564-41da-80de-568f18c82ab2,Lagepriore
0.813965838142061,0.5172769697580945,False,0.17529189895546365,0.07563376913265306,False,0.28495695153061223,0.7312252964426877,2,835ea6ca-9564-41da-80de-568f18c82ab2,Lungenkarte
0.8901615926179283,0.7858008919909939,True,0.4483584846393706,0.17536272321428573,False,0.26869419642857145,0.9231730878508921,2,83bb8d1a-8486-4ee9-885d-17ddffde40fa,Lagepriore
0.9624881518285802,0.823267998596959,True,0.5351400783350279,0.17536272321428573,False,0.26869419642857145,0.9231730878508921,2,83bb8d1a-8486-4ee9-885d-17ddffde40fa,Lungenkarte
0.9609432552290643,0.901040915901898,True,0.4189053396452527,0.1295440051020408,False,0.375797193877551,0.986,2,83f84af0-3376-4352-8a13-2649e66f35eb,Lagepriore
0.9539491359451062,0.853612526662119,True,0.32188774160448436,0.1295440051020408,False,0.375797193877551,0.986,2,83f84af0-3376-4352-8a13-2649e66f35eb,Lungenkarte
0.9477531000654754,0.830987627060119,False,0.16586524083247323,0.04713408801020408,False,0.33296795280612246,0.9936575052854123,2,84309ddd-319f-4e6d-b312-2bc70537b074,Lagepriore
0.8924850460563026,0.6488147378623224,True,0.12457222567238344,0.04713408801020408,False,0.33296795280612246,0.9936575052854123,2,84309ddd-319f-4e6d-b312-2bc70537b074,Lungenkarte
0.9220748375824169,0.790519314748076,True,0.3942855845536864,0.1317761479591837,False,0.29422433035714285,0.867059891107078,2,84321b1c-3284-4ce4-89a7-fa42d6d9f997,Lagepriore
0.8944446032158401,0.6544408341750535,True,0.3544109636616547,0.1317761479591837,False,0.29422433035714285,0.867059891107078,2,84321b1c-3284-4ce4-89a7-fa42d6d9f997,Lungenkarte
0.9544709997722046,0.8781375628227995,True,0.19430347695625297,0.053810586734693876,False,0.34317203443877553,0.9892592592592593,2,84c7222e-0f68-4de6-9f85-9e3fd1089f79,Lagepriore
0.9117203702143462,0.722454075263523,True,0.14180214025423657,0.053810586734693876,False,0.34317203443877553,0.9892592592592593,2,84c7222e-0f68-4de6-9f85-9e3fd1089f79,Lungenkarte
0.893133797650047,0.6533903278403312,False,0.2021012223026461,0.07047193877551021,False,0.27696508290816324,0.6479072398190046,2,852156be-0aab-4dc7-95d6-eda950096d0f,Lagepriore
0.7546246631074253,0.33914139896483353,False,0.1391462022712102,0.07047193877551021,False,0.27696508290816324,0.6479072398190046,2,852156be-0aab-4dc7-95d6-eda950096d0f,Lungenkarte
0.9355265868095123,0.7994306220785516,True,0.5481477013201287,0.2033641581632653,False,0.2995655293367347,0.8470207761662093,2,8522f781-3c10-41c5-860b-dcdfb6746bbd,Lagepriore
0.9308740344034631,0.8022325753823244,True,0.5255610124008018,0.2033641581632653,False,0.2995655293367347,0.8470207761662093,2,8522f781-3c10-41c5-860b-dcdfb6746bbd,Lungenkarte
0.8791733914624976,0.7245275411763876,True,0.6390834786537904,0.2981505102040816,False,0.33713329081632654,0.8730614973262032,2,85444c90-e9d1-42cf-8ac4-f9968d27473d,Lagepriore
0.9575256966479748,0.8593544945392919,True,0.6975301200055491,0.2981505102040816,False,0.33713329081632654,0.8730614973262032,2,85444c90-e9d1-42cf-8ac4-f9968d27473d,Lungenkarte
0.9348843921805813,0.8410000060188149,True,0.20465442441032813,0.06128427933673469,False,0.30357142857142855,1.0,2,854fee36-d54c-4cde-904d-ab77f5e2e091,Lagepriore
0.958190206377128,0.8389820846633242,True,0.18855538404265182,0.06128427933673469,False,0.30357142857142855,1.0,2,854fee36-d54c-4cde-904d-ab77f5e2e091,Lungenkarte
0.943365604275163,0.7858726378191618,True,0.5331120404789744,0.18977200255102042,False,0.2881656568877551,0.9135685780298257,2,85708ae1-d69e-4153-bdad-ced31dfaf486,Lagepriore
0.9574515844683388,0.8056070261907499,True,0.5386285028732177,0.18977200255102042,False,0.2881656568877551,0.9135685780298257,2,85708ae1-d69e-4153-bdad-ced31dfaf486,Lungenkarte
0.9480800028668044,0.900079459473466,True,0.4192000478884717,0.13669882015306123,False,0.3673469387755102,0.9377460271176556,2,857c6181-8392-4a98-bb1f-f128c97ada7d,Lagepriore
0.9158968213336536,0.7679651093490879,True,0.3301342212362901,0.13669882015306123,False,0.3673469387755102,0.9377460271176556,2,857c6181-8392-4a98-bb1f-f128c97ada7d,Lungenkarte
0.9019062185715391,0.8193843228384228,False,0.22928070841355358,0.0784438775510204,False,0.4287906568877551,0.8109756097560976,2,85f49d66-c50b-4f89-be34-2aee655583b3,Lagepriore
0.7662662422505767,0.5883918663246557,False,0.13874810575378432,0.0784438775510204,False,0.4287906568877551,0.8109756097560976,2,85f49d66-c50b-4f89-be34-2aee655583b3,Lungenkarte
0.9342018993404353,0.696837906047524,False,0.16524896477627252,0.04858896683673469,False,0.19397720025510204,0.8913043478260869,2,86469e34-c9ba-4ec9-bbe0-6d04535122a0,Lagepriore
0.9504800969442484,0.7893884055641994,True,0.20854903705460826,0.04858896683673469,False,0.19397720025510204,0.8913043478260869,2,86469e34-c9ba-4ec9-bbe0-6d04535122a0,Lungenkarte
0.9492527555727879,0.8353082217894806,True,0.12716167645429377,0.034658003826530615,False,0.30233577806122447,1.0,2,86784b68-1b60-419a-ad02-6db2723902f3,Lagepriore
0.9222849994093096,0.7214819860279633,False,0.1027348117538695,0.034658003826530615,False,0.30233577806122447,1.0,2,86784b68-1b60-419a-ad02-6db2723902f3,Lungenkarte
0.769298504013165,0.4801337213932369,True,0.2056956966887433,0.10967394770408163,False,0.26126036352040816,0.9542067962929311,2,86936d5f-73fb-462e-bcbc-5815879cb3d6,Lagepriore
0.962807270335903,0.8478579193171656,True,0.3682411424430087,0.10967394770408163,False,0.26126036352040816,0.9542067962929311,2,86936d5f-73fb-462e-bcbc-5815879cb3d6,Lungenkarte
0.9660898554351957,0.8953860246934424,True,0.8919100669101317,0.44272161989795916,False,0.36403858418367346,0.7641577383631943,2,86f92091-0f8b-400e-9a13-f3d61ad724a5,Lagepriore
0.938154490292801,0.8500654696784924,True,0.8360387391978885,0.44272161989795916,False,0.36403858418367346,0.7641577383631943,2,86f92091-0f8b-400e-9a13-f3d61ad724a5,Lungenkarte
0.9560708848046124,0.9057874893532654,True,0.4256518542211649,0.13267299107142858,False,0.26460857780612246,0.7399729607931501,2,8736a34d-c090-422e-bc99-6281271d6554,Lagepriore
0.8413238862933666,0.4554706628524872,False,0.32588076659981574,0.13267299107142858,False,0.26460857780612246,0.7399729607931501,2,8736a34d-c090-422e-bc99-6281271d6554,Lungenkarte
0.8870784533879849,0.7579366848632257,True,0.5437586467948471,0.23509247448979592,False,0.21277104591836735,0.7738216344523567,2,873f4d9b-de57-4129-a83c-0bfc6cdfa313,Lagepriore
0.9685844787830499,0.9018177380216366,True,0.762352909843633,0.23509247448979592,False,0.21277104591836735,0.7738216344523567,2,873f4d9b-de57-4129-a83c-0bfc6cdfa313,Lungenkarte
0.8930931482157759,0.7380647479044039,False,0.17468553977351653,0.05915178571428571,False,0.19463488520408162,0.41610512129380056,2,8741ed59-b23a-4b7b-9113-cf359cc2bc41,Lagepriore
0.7590517574114853,0.3787791797194039,False,0.1147183541666665,0.05915178571428571,False,0.19463488520408162,0.41610512129380056,2,8741ed59-b23a-4b7b-9113-cf359cc2bc41,Lungenkarte
0.8652240763130661,0.7839971258556904,True,0.3276670028771715,0.126953125,False,0.5339006696428571,0.9995290423861852,2,87d4b0be-2d47-4bd5-be11-32cc82345b82,Lagepriore
0.8589917468994699,0.6988223372962116,True,0.22157827540163277,0.126953125,False,0.5339006696428571,0.9995290423861852,2,87d4b0be-2d47-4bd5-be11-32cc82345b82,Lungenkarte
0.7819864810380939,0.5407042496591893,False,0.18284675337958994,0.08394451530612244,False,0.3727877869897959,0.9658119658119658,2,8804e7cf-a2d8-496b-92c6-140438823b07,Lagepriore
0.9010558621458818,0.7237691716732739,False,0.19968582035780913,0.08394451530612244,False,0.3727877869897959,0.9658119658119658,2,8804e7cf-a2d8-496b-92c6-140438823b07,Lungenkarte
0.9496892322524062,0.8560044351585853,False,0.20054834258361584,0.05775669642857143,False,0.27798150510204084,0.7398205659075224,2,880a1959-2f94-4572-8ed9-041d0d85e2dc,Lagepriore
0.7952472492046004,0.38741270667165695,False,0.13125409870377722,0.05775669642857143,False,0.27798150510204084,0.7398205659075224,2,880a1959-2f94-4572-8ed9-041d0d85e2dc,Lungenkarte
0.9707806511039345,0.9286469837480879,True,0.809857604525589,0.34139827806122447,False,0.2770248724489796,0.7325160537069468,2,89306dc8-a4ee-4679-b183-984ddd00f2fc,Lagepriore
0.9289768151730615,0.8815785843897893,True,0.8022213107697999,0.34139827806122447,False,0.2770248724489796,0.7325160537069468,2,89306dc8-a4ee-4679-b183-984ddd00f2fc,Lungenkarte
0.4752154818116372,0.05524127766940549,False,0.08089106693116507,0.1353435905612245,False,0.3225645727040816,0.7596819319687822,2,8930e23b-f647-4611-ad5a-fb9fd386e967,Lagepriore
0.8064390349666402,0.45288222867607825,False,0.2773918342703359,0.1353435905612245,False,0.3225645727040816,0.7596819319687822,2,8930e23b-f647-4611-ad5a-fb9fd386e967,Lungenkarte
0.831022557660357,0.7879878175086267,True,0.6116805235016977,0.31473214285714285,False,0.35568797831632654,0.788563829787234,2,893b6861-0bfc-4e9f-94d4-3a967dda4223,Lagepriore
0.8845684057504422,0.7248119521912588,True,0.6256012494738544,0.31473214285714285,False,0.35568797831632654,0.788563829787234,2,893b6861-0bfc-4e9f-94d4-3a967dda4223,Lungenkarte
0.9421502935848208,0.8301490370671257,True,0.6116004000984839,0.23142538265306123,False,0.38438695790816324,0.9278332759214606,2,89692e2b-c54d-4104-acba-8ff010111524,Lagepriore
0.9402387100186391,0.8210678223028491,True,0.513764507086922,0.23142538265306123,False,0.38438695790816324,0.9278332759214606,2,89692e2b-c54d-4104-acba-8ff010111524,Lungenkarte
0.6477343416392228,0.6192874074482828,False,0.14798034717880282,0.1275908801020408,False,0.21119658801020408,0.9331458919087785,2,8a108521-47c7-486f-b172-f1c3c3252fc8,Lagepriore
0.9703265292789908,0.804700985979985,True,0.504198745811242,0.1275908801020408,False,0.21119658801020408,0.9331458919087785,2,8a108521-47c7-486f-b172-f1c3c3252fc8,Lungenkarte
0.9074996857073042,0.7813646485280044,False,0.1896616970095883,0.06321747448979592,False,0.3706752232142857,0.5838587641866331,2,8a746dc0-cc72-4f17-b0b1-388cecd3022c,Lagepriore
0.6513442806992467,0.39650912300336566,False,0.09148751006136949,0.06321747448979592,False,0.3706752232142857,0.5838587641866331,2,8a746dc0-cc72-4f17-b0b1-388cecd3022c,Lungenkarte
0.8516079940246329,0.6745017283372858,True,0.46870571337005584,0.21572066326530612,False,0.3056042729591837,0.7951773835920177,2,8ae596ed-a849-4e0d-acf0-5173e0df0d33,Lagepriore
0.888019624260019,0.6322527034831119,True,0.5068717077359699,0.21572066326530612,False,0.3056042729591837,0.7951773835920177,2,8ae596ed-a849-4e0d-acf0-5173e0df0d33,Lungenkarte
0.755934885137537,0.4927648811281767,False,0.09640833543837807,0.05590322066326531,False,0.3587173150510204,0.9340463458110517,2,8b0cf414-03a7-499c-a080-cdc52003c84a,Lagepriore
0.8747722598244201,0.6747442606627755,False,0.1345554920460184,0.05590322066326531,False,0.3587173150510204,0.9340463458110517,2,8b0cf414-03a7-499c-a080-cdc52003c84a,Lungenkarte
0.9456185431846538,0.8781524517449402,True,0.7593793026480142,0.321468431122449,False,0.2733577806122449,0.6982641041537507,2,8b252ccb-1a24-47cf-bd2d-b42c6c9a2557,Lagepriore
0.9129617694946762,0.7541085195785355,True,0.7458508801272383,0.321468431122449,False,0.2733577806122449,0.6982641041537507,2,8b252ccb-1a24-47cf-bd2d-b42c6c9a2557,Lungenkarte
0.7960053120369567,0.6702715236507465,False,0.08262311883498748,0.03822544642857143,False,0.382633131377551,1.0,2,8b60f253-6ae0-4b16-89bc-f3e3163dbbae,Lagepriore
0.9197834352814519,0.7761447608411511,False,0.09691541802618357,0.03822544642857143,False,0.382633131377551,1.0,2,8b60f253-6ae0-4b16-89bc-f3e3163dbbae,Lungenkarte
0.9690279974918161,0.9624575008162521,True,0.31763307751837994,0.08910634566326531,False,0.28836495535714285,0.7962424513531648,2,8bc63e87-a51f-445e-a7a3-91014a85b985,Lagepriore
0.8303851895492206,0.47196869196756414,False,0.2149321369250229,0.08910634566326531,False,0.28836495535714285,0.7962424513531648,2,8bc63e87-a51f-445e-a7a3-91014a85b985,Lungenkarte
0.6932841552500107,0.385942400578099,False,0.03797352920810143,0.027782206632653062,False,0.4243064413265306,0.966284074605452,2,8c0fc3ed-b1c2-4979-bc1e-2568ee6f7887,Lagepriore
0.8294172954167832,0.6058228274263909,False,0.05607954315762666,0.027782206632653062,False,0.4243064413265306,0.966284074605452,2,8c0fc3ed-b1c2-4979-bc1e-2568ee6f7887,Lungenkarte
0.897544619105608,0.7580686105364797,True,0.5208299517804328,0.21595982142857142,False,0.2022281568877551,0.654485049833887,2,8c2f692c-da4d-41d8-9e6d-c558cb5ac6e0,Lagepriore
0.9073285108686086,0.7240777972552462,True,0.6201365807755816,0.21595982142857142,False,0.2022281568877551,0.654485049833887,2,8c2f692c-da4d-41d8-9e6d-c558cb5ac6e0,Lungenkarte
0.9290976920544558,0.832542003428876,True,0.7479681987198687,0.3266103316326531,False,0.355648118622449,0.81632902123505,2,8c6af598-175a-497b-8938-02c432afd70d,Lagepriore
0.9301672387800526,0.8099905277026461,True,0.6906033915500582,0.3266103316326531,False,0.355648118622449,0.81632902123505,2,8c6af598-175a-497b-8938-02c432afd70d,Lungenkarte
0.9512376799756986,0.8837400223596175,True,0.7583813357209609,0.3257334183673469,False,0.2916733099489796,0.7890357317670093,2,8ca19865-fd6c-4bcd-a2a0-7f9e9ea4bc5c,Lagepriore
0.9607505708723777,0.8934028961911598,True,0.7907593407265008,0.3257334183673469,False,0.2916733099489796,0.7890357317670093,2,8ca19865-fd6c-4bcd-a2a0-7f9e9ea4bc5c,Lungenkarte
0.9192907557394788,0.8452428662750593,True,0.75674081214579,0.35160235969387754,False,0.32491629464285715,0.747137512753656,2,8d48694a-f998-4043-bc98-63a3c18527f2,Lagepriore
0.9075905902025063,0.8133514326549178,True,0.7314731958593371,0.35160235969387754,False,0.32491629464285715,0.747137512753656,2,8d48694a-f998-4043-bc98-63a3c18527f2,Lungenkarte
0.8804512150603426,0.6421782742192989,True,0.7408051173008109,0.3849250637755102,False,0.34530452806122447,0.7601739670705188,2,8d4ddcd5-75ce-46b9-acba-f8c7552603df,Lagepriore
0.9219670324963297,0.8416152385180038,True,0.7723679855451111,0.3849250637755102,False,0.34530452806122447,0.7601739670705188,2,8d4ddcd5-75ce-46b9-acba-f8c7552603df,Lungenkarte
0.9029730387210783,0.711654912447674,False,0.1999622317621155,0.06726323341836735,False,0.3192562181122449,0.904,2,8d5c67de-61a3-49ee-9f57-49e13ed92ed2,Lagepriore
0.8701409165837704,0.6179907387693196,False,0.1718645082211574,0.06726323341836735,False,0.3192562181122449,0.904,2,8d5c67de-61a3-49ee-9f57-49e13ed92ed2,Lungenkarte
0.9557041498884066,0.8762914543199966,True,0.6725621690203133,0.25619818239795916,False,0.3035913584183674,0.6808245818747569,2,8d742ab6-06d6-40c8-b843-d9975264f0f1,Lagepriore
0.8299783420491752,0.6209202042420723,True,0.5236184714355513,0.25619818239795916,False,0.3035913584183674,0.6808245818747569,2,8d742ab6-06d6-40c8-b843-d9975264f0f1,Lungenkarte
0.838057193342877,0.7087086140784856,True,0.31939781517645655,0.14289700255102042,False,0.46057876275510207,0.996234309623431,2,8d76ff2c-da0c-49dd-95cd-21d753f0495d,Lagepriore
0.8993802930809629,0.7329375946457397,True,0.28416984613897006,0.14289700255102042,False,0.46057876275510207,0.996234309623431,2,8d76ff2c-da0c-49dd-95cd-21d753f0495d,Lungenkarte
0.8849002241404864,0.7050709772327584,True,0.6177770019247809,0.2780213647959184,False,0.32651068239795916,0.8284587813620071,2,8dc8e54b-5b05-4dac-80b9-fa48878621e2,Lagepriore
0.9114055490353569,0.783660616771783,True,0.6305409040089374,0.2780213647959184,False,0.32651068239795916,0.8284587813620071,2,8dc8e54b-5b05-4dac-80b9-fa48878621e2,Lungenkarte
0.89323123068752,0.7375426855768447,True,0.5511755687676834,0.23327885841836735,False,0.40322066326530615,0.8133276377616403,2,8dd9cf58-1874-4592-b5aa-f5fd962337fd,Lagepriore
0.82598888541851,0.6285099742847101,True,0.4305302957981537,0.23327885841836735,False,0.40322066326530615,0.8133276377616403,2,8dd9cf58-1874-4592-b5aa-f5fd962337fd,Lungenkarte
0.9131262153373332,0.8067168563480295,True,0.19970781247750047,0.062420280612244895,False,0.304508131377551,0.8077905491698595,2,8e8955c9-dc5b-4109-80e8-06a714111cb0,Lagepriore
0.819859499755833,0.5007906378458885,False,0.14475965252192216,0.062420280612244895,False,0.304508131377551,0.8077905491698595,2,8e8955c9-dc5b-4109-80e8-06a714111cb0,Lungenkarte
0.8674655324100552,0.7005365422969446,True,0.8319859339925245,0.4772999043367347,False,0.4756656568877551,0.8997870474758862,2,8f0500c9-dcdd-4c0f-8ba5-452c0af5fc02,Lagepriore
0.9641138999217022,0.7847924074238014,True,0.8293573927787129,0.4772999043367347,False,0.4756656568877551,0.8997870474758862,2,8f0500c9-dcdd-4c0f-8ba5-452c0af5fc02,Lungenkarte
0.7378825391924594,0.6011102907410156,False,0.21090561226579793,0.1379344706632653,False,0.3028140943877551,0.9921976592977894,2,8f0e79ea-5db6-4a83-9886-c7d58f5f4825,Lagepriore
0.9720438572137279,0.8665065222395583,True,0.41273695205924227,0.1379344706632653,False,0.3028140943877551,0.9921976592977894,2,8f0e79ea-5db6-4a83-9886-c7d58f5f4825,Lungenkarte
0.9488363995420883,0.8433987727929707,True,0.6426172511937017,0.24109135841836735,False,0.34663982780612246,0.8961726047780442,2,8f664785-3fed-4146-a80b-e844738feff0,Lagepriore
0.9277485621182294,0.7224366872404415,True,0.5727646697205471,0.24109135841836735,False,0.34663982780612246,0.8961726047780442,2,8f664785-3fed-4146-a80b-e844738feff0,Lungenkarte
0.8349906744621483,0.6568397003834899,False,0.4529854297669369,0.21580038265306123,False,0.25117586096938777,0.8161248614702623,2,8f8d4853-d810-45ce-9673-1fdeeb0d8fd7,Lagepriore
0.9442122964686412,0.7380483382552875,True,0.6277757571978001,0.21580038265306123,False,0.25117586096938777,0.8161248614702623,2,8f8d4853-d810-45ce-9673-1fdeeb0d8fd7,Lungenkarte
0.8994766370986411,0.7799200637873205,True,0.35329741081926913,0.1271125637755102,False,0.38374920280612246,0.8432110379429288,2,8fb744d3-d002-4b00-ab8c-fe96d252e1e5,Lagepriore
0.8079745605380589,0.5624726569588044,False,0.24960699934560887,0.1271125637755102,False,0.38374920280612246,0.8432110379429288,2,8fb744d3-d002-4b00-ab8c-fe96d252e1e5,Lungenkarte
0.8438503992003279,0.6643883630262994,False,0.0878587780274597,0.03455835459183673,False,0.2757095025510204,1.0,2,8fefb690-a1b7-4948-98a6-088e5dd8b3da,Lagepriore
0.9361255427303949,0.7456311780910712,True,0.11462202773115107,0.03455835459183673,False,0.2757095025510204,1.0,2,8fefb690-a1b7-4948-98a6-088e5dd8b3da,Lungenkarte
0.9173332147514195,0.7284930681737302,True,0.707511549491437,0.3263313137755102,False,0.34616151147959184,0.8881153047514352,2,9038b827-4244-4154-bcf3-2d14c486bf54,Lagepriore
0.9614820081829759,0.7528050557921904,True,0.7636295812253006,0.3263313137755102,False,0.34616151147959184,0.8881153047514352,2,9038b827-4244-4154-bcf3-2d14c486bf54,Lungenkarte
0.9367168742482922,0.7386107804593056,True,0.6388832736386354,0.25344786352040816,False,0.2733179209183674,0.650231972949595,2,90ea89b5-c9a8-4147-8882-70e8e656b888,Lagepriore
0.8448511690177922,0.6653928104581696,True,0.5503771744993502,0.25344786352040816,False,0.2733179209183674,0.650231972949595,2,90ea89b5-c9a8-4147-8882-70e8e656b888,Lungenkarte
0.9857846475438841,0.9668372145194545,True,0.6256114000359513,0.20489875637755103,False,0.2872289540816326,0.7292092208929093,2,91088f01-2556-41de-ad37-fb287b9e793e,Lagepriore
0.8636938828055588,0.6123767897132341,True,0.471845551366254,0.20489875637755103,False,0.2872289540816326,0.7292092208929093,2,91088f01-2556-41de-ad37-fb287b9e793e,Lungenkarte
0.7968702496927761,0.646316891968991,False,0.5141271559613848,0.31503109056122447,False,0.27632732780612246,0.7382172455241349,2,910ea9c6-196b-47fb-97b1-763ab080fc3b,Lagepriore
0.9313240640441361,0.851063413390702,True,0.7514790444357802,0.31503109056122447,False,0.27632732780612246,0.7382172455241349,2,910ea9c6-196b-47fb-97b1-763ab080fc3b,Lungenkarte
0.9621461875291787,0.8150702191809077,True,0.5778032001197447,0.19583067602040816,False,0.18512834821428573,0.7022186037044575,2,91c00a0a-b2fc-446c-930a-0567100f54e7,Lagepriore
0.9462532047717017,0.6723529643717279,True,0.6561585231890604,0.19583067602040816,False,0.18512834821428573,0.7022186037044575,2,91c00a0a-b2fc-446c-930a-0567100f54e7,Lungenkarte
0.9420359809101315,0.853888019959813,False,0.15006322258916077,0.043088329081632654,False,0.3627830038265306,0.9759481961147086,2,91fc2006-9134-46f4-819d-24893059183d,Lagepriore
0.8713060804767588,0.6362588102389458,False,0.10605287122846214,0.043088329081632654,False,0.3627830038265306,0.9759481961147086,2,91fc2006-9134-46f4-819d-24893059183d,Lungenkarte
0.9879216229836421,0.9805910023243806,True,0.7903886745190687,0.30757732780612246,False,0.3352598852040816,0.7797576621525303,2,92dec024-edba-43be-973d-b2d58886e7c3,Lagepriore
0.8880203119305089,0.750603084493684,True,0.6460639005551584,0.30757732780612246,False,0.3352598852040816,0.7797576621525303,2,92dec024-edba-43be-973d-b2d58886e7c3,Lungenkarte
0.9141138446184678,0.7962625658388042,False,0.11760551561525641,0.03667091836734694,False,0.4145607461734694,1.0,2,931b6fb9-e53d-4748-8d66-0d0cf92c96ce,Lagepriore
0.8891590220359656,0.7180214450485322,False,0.08324027860900733,0.03667091836734694,False,0.4145607461734694,1.0,2,931b6fb9-e53d-4748-8d66-0d0cf92c96ce,Lungenkarte
0.8923466530116823,0.8079907825356802,True,0.6453428484174529,0.2866310586734694,False,0.33203125,0.8112223612849395,2,9353a231-323a-469f-a7ad-706f900b1202,Lagepriore
0.9159585672669022,0.7990569586484247,True,0.6412423651970094,0.2866310586734694,False,0.33203125,0.8112223612849395,2,9353a231-323a-469f-a7ad-706f900b1202,Lungenkarte
0.853429024127412,0.6831643815050654,True,0.6879680745615977,0.37595663265306123,False,0.3340441645408163,0.7761874469889737,2,93870d09-4d81-4d16-b703-791700c8eb57,Lagepriore
0.9377245104660614,0.7597494559310429,True,0.7902704805264344,0.37595663265306123,False,0.3340441645408163,0.7761874469889737,2,93870d09-4d81-4d16-b703-791700c8eb57,Lungenkarte
0.9445411501533226,0.8734294729791843,True,0.23555367321852907,0.06891741071428571,False,0.4135642538265306,1.0,2,939d305e-8292-4575-8bdb-d5533fe5312e,Lagepriore
0.9339979121371845,0.822025209905003,True,0.15957533578269095,0.06891741071428571,False,0.4135642538265306,1.0,2,939d305e-8292-4575-8bdb-d5533fe5312e,Lungenkarte
0.7177505999884091,0.5041639896997808,False,0.26699176043749506,0.17183514030612246,False,0.3022560586734694,0.9327302250057992,2,93d411f7-22d6-439f-b0f6-ff1ca5a15699,Lagepriore
0.921619295875979,0.6276769203400284,True,0.4663336574062503,0.17183514030612246,False,0.3022560586734694,0.9327302250057992,2,93d411f7-22d6-439f-b0f6-ff1ca5a15699,Lungenkarte
0.8670105643807008,0.758748374329444,True,0.7270160164856238,0.3652941645408163,False,0.40732621173469385,0.7483768890828741,2,93e19d77-ce48-41e4-b78f-b873525673dd,Lagepriore
0.811720679721699,0.6727698762268383,True,0.6106165180384115,0.3652941645408163,False,0.40732621173469385,0.7483768890828741,2,93e19d77-ce48-41e4-b78f-b873525673dd,Lungenkarte
0.8184943622533264,0.6697155779882392,True,0.5209326368196628,0.27088647959183676,False,0.34745695153061223,0.7905385520894644,2,945a109f-4015-4844-a49a-500b72237ce2,Lagepriore
0.8810486307596331,0.705998917122289,True,0.5703010831741679,0.27088647959183676,False,0.34745695153061223,0.7905385520894644,2,945a109f-4015-4844-a49a-500b72237ce2,Lungenkarte
0.9300360895272518,0.7164038434661076,True,0.4419861406301969,0.15377869897959184,False,0.23863998724489796,0.8100051840331778,2,949ccbce-b365-46ab-ac0e-c6b633c10e04,Lagepriore
0.9177640050697549,0.6190295178197065,True,0.4612728228579854,0.15377869897959184,False,0.23863998724489796,0.8100051840331778,2,949ccbce-b365-46ab-ac0e-c6b633c10e04,Lungenkarte
0.8439734353801995,0.5600074954529953,False,0.12317063494335004,0.04998405612244898,False,0.14885602678571427,0.5538277511961722,2,949d29ea-c8d1-4627-aa46-65aca7112946,Lagepriore
0.7315087398766508,0.8774472121177674,True,0.16138368790428992,0.04998405612244898,False,0.14885602678571427,0.5538277511961722,2,949d29ea-c8d1-4627-aa46-65aca7112946,Lungenkarte
0.8176850158645579,0.701145039253189,True,0.6159082571030923,0.3168845663265306,False,0.5352359693877551,0.9161635220125787,2,94a7ba94-9251-42c8-84b6-c3cac85a78ec,Lagepriore
0.851471320307001,0.6890688348533096,True,0.4968964700327347,0.3168845663265306,False,0.5352359693877551,0.9161635220125787,2,94a7ba94-9251-42c8-84b6-c3cac85a78ec,Lungenkarte
0.879053874052602,0.618645095472744,False,0.10885595991391007,0.038584183673469385,False,0.2928491709183674,0.9865702479338843,2,94c389e6-2850-4ce8-994f-11bf91f656e1,Lagepriore
0.9277815789338432,0.742185953973881,False,0.11658790522629464,0.038584183673469385,False,0.2928491709183674,0.9865702479338843,2,94c389e6-2850-4ce8-994f-11bf91f656e1,Lungenkarte
0.839223567539951,0.5962224475874576,False,0.2186405483886611,0.0936702806122449,False,0.2508171237244898,0.9976595744680851,2,94c4e247-1228-4f50-b8b4-316754d5828f,Lagepriore
0.9722918799347985,0.8458582547742102,True,0.34500643729399616,0.0936702806122449,False,0.2508171237244898,0.9976595744680851,2,94c4e247-1228-4f50-b8b4-316754d5828f,Lungenkarte
0.8953650863947287,0.6910331242500399,True,0.6778483236026058,0.3092514349489796,False,0.28549505739795916,0.8126570857768899,2,958f6fd1-f377-4a55-bb38-7a9db2fd79dc,Lagepriore
0.9628667766908254,0.8556734323955026,True,0.7802624225960215,0.3092514349489796,False,0.28549505739795916,0.8126570857768899,2,958f6fd1-f377-4a55-bb38-7a9db2fd79dc,Lungenkarte
0.8775022454326874,0.7722389583032755,True,0.40469690347650883,0.15985730229591838,False,0.2963767538265306,0.8624859743174168,2,961041ed-849e-4253-8d6a-97a8aa29b2d4,Lagepriore
0.888431387652484,0.5535075939604267,False,0.4107344756518013,0.15985730229591838,False,0.2963767538265306,0.8624859743174168,2,961041ed-849e-4253-8d6a-97a8aa29b2d4,Lungenkarte
0.8832560022818803,0.7831420615960337,False,0.24253956575205327,0.09056122448979592,False,0.3643176020408163,0.6087147887323944,2,9673d5f3-fc1c-49bc-902a-81ff14db1da0,Lagepriore
0.7057908147104268,0.511630201573817,False,0.14610193473428806,0.09056122448979592,False,0.3643176020408163,0.6087147887323944,2,9673d5f3-fc1c-49bc-902a-81ff14db1da0,Lungenkarte
0.940592128384453,0.7836560178149274,False,0.20284704259559994,0.06020806760204082,False,0.282047193877551,0.8712346904998345,2,97354b7f-c36c-4e81-a6ef-cbce71682715,Lagepriore
0.8777159045484142,0.619498945272923,False,0.17076782618873312,0.06020806760204082,False,0.282047193877551,0.8712346904998345,2,97354b7f-c36c-4e81-a6ef-cbce71682715,Lungenkarte
0.8530107214786946,0.6147954002407746,False,0.3931597672586653,0.17574139030612246,False,0.35861766581632654,0.8762757995010206,2,97b7fb68-359d-46f4-b20f-5cb82bb8dd81,Lagepriore
0.8788153884621412,0.6617697158446166,False,0.39083156055001445,0.17574139030612246,False,0.35861766581632654,0.8762757995010206,2,97b7fb68-359d-46f4-b20f-5cb82bb8dd81,Lungenkarte
0.7411486437270393,0.4816572175165214,False,0.1440536440882827,0.08233019770408163,False,0.41858657525510207,0.924715565238441,2,980bedbf-2f34-4596-a7cb-ec66fd1ec4de,Lagepriore
0.8517756237063934,0.6356599485123644,False,0.17396737768157988,0.08233019770408163,False,0.41858657525510207,0.924715565238441,2,980bedbf-2f34-4596-a7cb-ec66fd1ec4de,Lungenkarte
0.7707294120569322,0.7313050093263992,False,0.1877555557822106,0.10224011479591837,False,0.2583506058673469,0.5670565302144249,2,981a2806-2512-4ff1-9c99-2eed4ad32b9c,Lagepriore
0.739195201283955,0.5670294469678108,True,0.19733474777150117,0.10224011479591837,False,0.2583506058673469,0.5670565302144249,2,981a2806-2512-4ff1-9c99-2eed4ad32b9c,Lungenkarte
0.9672009315491723,0.9274254561962625,True,0.3644430626650124,0.10600685586734694,False,0.4720982142857143,0.9789434104154916,2,987d7028-3873-4b8c-aa45-d3f52f3501ed,Lagepriore
0.8351498052659522,0.6184197532578188,True,0.2004282434773282,0.10600685586734694,False,0.4720982142857143,0.9789434104154916,2,987d7028-3873-4b8c-aa45-d3f52f3501ed,Lungenkarte
0.7853300700132916,0.7389184118397533,False,0.4234176162800549,0.20842633928571427,False,0.22439014668367346,0.6507936507936508,2,98b74eb1-7a17-4c4f-ab85-a93ac598c1c1,Lagepriore
0.8913747795451912,0.5005928805239745,False,0.5614114203770396,0.20842633928571427,False,0.22439014668367346,0.6507936507936508,2,98b74eb1-7a17-4c4f-ab85-a93ac598c1c1,Lungenkarte
0.8307245530642129,0.7859907073714432,False,0.10467314315018689,0.044921875,False,0.25376674107142855,0.1898846495119787,2,99147d86-515a-47f7-a537-1692f2276564,Lagepriore
0.5697131665116714,0.1568612409665549,False,0.0331674662020311,0.044921875,False,0.25376674107142855,0.1898846495119787,2,99147d86-515a-47f7-a537-1692f2276564,Lungenkarte
0.938992230830759,0.8636143221272276,True,0.6819715953465022,0.27315848214285715,False,0.3649354272959184,0.9181380417335474,2,995add3b-6d5f-42a4-ac2f-7e46ffe27897,Lagepriore
0.9601292063411152,0.8786614922055895,True,0.6314860054709848,0.27315848214285715,False,0.3649354272959184,0.9181380417335474,2,995add3b-6d5f-42a4-ac2f-7e46ffe27897,Lungenkarte
0.9436953617399182,0.781460999230823,False,0.1926604325991082,0.05644132653061224,False,0.24629304846938777,0.3559322033898305,2,99a21978-b49a-403a-9424-5745a90c8018,Lagepriore
0.6720179613379081,0.4085154010209076,False,0.0817214160259982,0.05644132653061224,False,0.24629304846938777,0.3559322033898305,2,99a21978-b49a-403a-9424-5745a90c8018,Lungenkarte
0.9273438964049325,0.8638923777139438,True,0.38636548468515347,0.13018176020408162,False,0.1981624681122449,0.3020514390691978,2,99dfce1b-ea95-4bc5-b162-dd891968dae1,Lagepriore
0.6985507705892743,0.303683732903609,False,0.18865072893114287,0.13018176020408162,False,0.1981624681122449,0.3020514390691978,2,99dfce1b-ea95-4bc5-b162-dd891968dae1,Lungenkarte
0.8288748622344175,0.6098383695363121,False,0.3270052726009624,0.14576690051020408,False,0.40927933673469385,0.5105277549904293,2,9a1a620f-7089-42f3-aff9-4220286b60eb,Lagepriore
0.5807087934828511,0.4827044782015455,False,0.17368186519393666,0.14576690051020408,False,0.40927933673469385,0.5105277549904293,2,9a1a620f-7089-42f3-aff9-4220286b60eb,Lungenkarte
0.9328935538606432,0.843091280543669,False,0.24150192973616885,0.07537468112244898,False,0.38205516581632654,0.9148598625066102,2,9a1fe07c-88c3-4ec2-9713-09d3beaf9830,Lagepriore
0.8125351999076632,0.5190303845347207,False,0.15641372231290035,0.07537468112244898,False,0.38205516581632654,0.9148598625066102,2,9a1fe07c-88c3-4ec2-9713-09d3beaf9830,Lungenkarte
0.8624241244914531,0.6811682521720739,False,0.22236200517957525,0.08370535714285714,False,0.37886639030612246,0.7030952380952381,2,9a36a93c-00e7-4d9f-aa34-893a92043d52,Lagepriore
0.7130000745730691,0.43028148472337197,False,0.13914530452160975,0.08370535714285714,False,0.37886639030612246,0.7030952380952381,2,9a36a93c-00e7-4d9f-aa34-893a92043d52,Lungenkarte
0.7464723884127169,0.333828974936137,True,0.490537640200216,0.2991270727040816,False,0.22682158801020408,0.6942501165967087,2,9a5ebaf8-f562-456f-a1fa-e485ee712790,Lagepriore
0.9555344546089855,0.855552038124075,True,0.8182332722769888,0.2991270727040816,False,0.22682158801020408,0.6942501165967087,2,9a5ebaf8-f562-456f-a1fa-e485ee712790,Lungenkarte
0.9135337388662423,0.8986073094165193,False,0.09217527120684882,0.0283203125,False,0.31869818239795916,0.5327234342012667,2,9b16af6c-5f7d-4550-a641-e41460c820c8,Lagepriore
0.7064459077475299,0.48879839107024214,False,0.047526429816478165,0.0283203125,False,0.31869818239795916,0.5327234342012667,2,9b16af6c-5f7d-4550-a641-e41460c820c8,Lungenkarte
0.7886833953521282,0.5270204447203215,False,0.07340790567074654,0.03647161989795918,False,0.4175502232142857,1.0,2,9b176562-4004-4e23-965f-ae050251378b,Lagepriore
0.8820830674335431,0.7018576834384876,False,0.08208530660165807,0.03647161989795918,False,0.4175502232142857,1.0,2,9b176562-4004-4e23-965f-ae050251378b,Lungenkarte
0.9677384457003838,0.9193245472536271,True,0.5546587632930493,0.18160076530612246,False,0.3871970663265306,0.9318481123792801,2,9b215f1b-5061-457f-acad-471ca01f774c,Lagepriore
0.8811361982204015,0.6242839055518524,True,0.3904935293329791,0.18160076530612246,False,0.3871970663265306,0.9318481123792801,2,9b215f1b-5061-457f-acad-471ca01f774c,Lungenkarte
0.9024134452042952,0.8047887761297,True,0.4795625656757061,0.18403220663265307,False,0.2784797512755102,0.7701970976824778,2,9b2d7e34-af22-45b1-a619-4995b7118919,Lagepriore
0.89449715296388,0.6585306796750975,True,0.46772882630942547,0.18403220663265307,False,0.2784797512755102,0.7701970976824778,2,9b2d7e34-af22-45b1-a619-4995b7118919,Lungenkarte
0.8134189616815749,0.6487212874804069,False,0.39972165509071467,0.1974250637755102,False,0.42978714923469385,0.6346658590753079,2,9b4ecc3e-5499-4d0f-a218-0dc17aa963e2,Lagepriore
0.653596972705588,0.488144425087264,False,0.2693580131165585,0.1974250637755102,False,0.42978714923469385,0.6346658590753079,2,9b4ecc3e-5499-4d0f-a218-0dc17aa963e2,Lungenkarte
0.9223542221969185,0.7555640927749874,True,0.6586836059782477,0.2797353316326531,False,0.36607142857142855,0.7951695639783414,2,9b838133-a269-416a-a0b5-9dc3ea7d585e,Lagepriore
0.8708431294072969,0.6226493640197666,True,0.5540743050451654,0.2797353316326531,False,0.36607142857142855,0.7951695639783414,2,9b838133-a269-416a-a0b5-9dc3ea7d585e,Lungenkarte
0.8998218939973835,0.6711556784407574,True,0.38202787596993326,0.14421237244897958,False,0.319156568877551,0.9318684355997788,2,9bc684ec-12a8-4c76-85a3-29a75d550968,Lagepriore
0.9257306320825619,0.740664907785257,True,0.3787624207861623,0.14421237244897958,False,0.319156568877551,0.9318684355997788,2,9bc684ec-12a8-4c76-85a3-29a75d550968,Lungenkarte
0.926116682699727,0.8168178540774547,True,0.13015549467237222,0.03850446428571429,False,0.39016661352040816,1.0,2,9ce51c73-3da3-475e-ba21-29837e865ff8,Lagepriore
0.9189347052757867,0.7783571437371627,False,0.09329094946831507,0.03850446428571429,False,0.39016661352040816,1.0,2,9ce51c73-3da3-475e-ba21-29837e865ff8,Lungenkarte
0.8829166582794876,0.8128519002011435,True,0.3891193874774029,0.15736607142857142,False,0.43247767857142855,0.9509878419452887,2,9d1ea51d-29fc-4aa1-a4b0-fa1f1c979d0f,Lagepriore
0.8883467126811271,0.7156579182706072,True,0.3177849965752337,0.15736607142857142,False,0.43247767857142855,0.9509878419452887,2,9d1ea51d-29fc-4aa1-a4b0-fa1f1c979d0f,Lungenkarte
0.8996238748377139,0.7224901590896964,False,0.2246078544764381,0.07744738520408163,False,0.3291015625,0.6394750386001029,2,9d315378-b59f-4999-a993-cc4443925be6,Lagepriore
0.7311024186062336,0.42041514843265465,False,0.13704836554768862,0.07744738520408163,False,0.3291015625,0.6394750386001029,2,9d315378-b59f-4999-a993-cc4443925be6,Lungenkarte
0.9130037083330604,0.8145204505869728,True,0.25901533884928885,0.08482142857142858,False,0.4102160395408163,0.9856672932330827,2,9d49e8a3-a382-4765-a6e7-1c865d8b7712,Lagepriore
0.8840429390726926,0.6881071515743227,False,0.18638214582955895,0.08482142857142858,False,0.4102160395408163,0.9856672932330827,2,9d49e8a3-a382-4765-a6e7-1c865d8b7712,Lungenkarte
0.8514389256858435,0.7514175704366319,True,0.15652754949972772,0.05919164540816327,False,0.5536312181122449,0.9996632996632997,2,9d541ed8-0776-4d41-8ffd-4f6bb9c3cf19,Lagepriore
0.8291197575038612,0.6764323781588846,False,0.09890547871763046,0.05919164540816327,False,0.5536312181122449,0.9996632996632997,2,9d541ed8-0776-4d41-8ffd-4f6bb9c3cf19,Lungenkarte
0.9049030996887202,0.7537162079669921,False,0.17783212528615097,0.05919164540816327,False,0.3300183354591837,0.9774410774410774,2,9d5a35ff-4644-4f75-91cf-4ed3142af182,Lagepriore
0.9172536775913466,0.7312269356125343,True,0.16347583859565443,0.05919164540816327,False,0.3300183354591837,0.9774410774410774,2,9d5a35ff-4644-4f75-91cf-4ed3142af182,Lungenkarte
0.9122696232076167,0.8890378438765536,False,0.2483467491589902,0.08231026785714286,False,0.2351921237244898,0.42033898305084744,2,9d7688a1-8de2-414f-ab31-acb03992c952,Lagepriore
0.7150276058292692,0.4328995458093819,False,0.13932425427950446,0.08231026785714286,False,0.2351921237244898,0.42033898305084744,2,9d7688a1-8de2-414f-ab31-acb03992c952,Lungenkarte
0.8658153739211081,0.7065639514344347,False,0.3552907412896047,0.1482780612244898,False,0.3637794961734694,0.594489247311828,2,9d78bc61-be12-4f04-a542-ece6d960a05d,Lagepriore
0.6599666670692383,0.45989514646782437,False,0.21579156625564225,0.1482780612244898,False,0.3637794961734694,0.594489247311828,2,9d78bc61-be12-4f04-a542-ece6d960a05d,Lungenkarte
0.7817816265903842,0.5161234950011173,False,0.39501351216466396,0.21667729591836735,False,0.41914461096938777,0.8601913171449596,2,9e90750a-8dfc-487b-a151-4ccf46ddc765,Lagepriore
0.8333571332128259,0.5824232511821243,False,0.4037038407923799,0.21667729591836735,False,0.41914461096938777,0.8601913171449596,2,9e90750a-8dfc-487b-a151-4ccf46ddc765,Lungenkarte
0.9138601235838557,0.7120740790628387,True,0.23133779889847175,0.07623166454081633,False,0.2751315369897959,0.9576470588235294,2,9e98ccb4-e0b8-44de-acd0-4927030264d3,Lagepriore
0.9387365235120535,0.7617797921978557,True,0.23986833668044782,0.07623166454081633,False,0.2751315369897959,0.9576470588235294,2,9e98ccb4-e0b8-44de-acd0-4927030264d3,Lungenkarte
0.8075587702709393,0.591052509010492,False,0.16961153209891475,0.07995854591836735,False,0.25918765943877553,0.7582253240279162,2,9eb988cd-aecc-4335-ad09-b580be434377,Lagepriore
0.8616176020288497,0.6176945427866142,False,0.21674701082162603,0.07995854591836735,False,0.25918765943877553,0.7582253240279162,2,9eb988cd-aecc-4335-ad09-b580be434377,Lungenkarte
0.9227596434147193,0.9685007510065828,True,0.30982008429106483,0.09731744260204081,False,0.2841796875,0.6246160147450338,2,9ec108de-18b4-4446-a6e8-4c398f5a6614,Lagepriore
0.7876311495634638,0.6066551468448217,True,0.2022418633563694,0.09731744260204081,False,0.2841796875,0.6246160147450338,2,9ec108de-18b4-4446-a6e8-4c398f5a6614,Lungenkarte
0.8548072587598696,0.6377658011034202,False,0.20088920750318118,0.0790218431122449,False,0.31802056760204084,0.49079445145018913,2,9ed27b99-3235-476c-a752-abdc005fb46b,Lagepriore
0.6706520747545328,0.44563717481412163,False,0.11721469707075007,0.0790218431122449,False,0.31802056760204084,0.49079445145018913,2,9ed27b99-3235-476c-a752-abdc005fb46b,Lungenkarte
0.9204954816392579,0.842750441212055,False,0.21800034707790353,0.07013313137755102,False,0.2856345663265306,0.5870986075589656,2,9f377ef1-a9b4-409c-8e6f-94199ac19a75,Lagepriore
0.7668056687884252,0.6009250773709397,True,0.14031745950190627,0.07013313137755102,False,0.2856345663265306,0.5870986075589656,2,9f377ef1-a9b4-409c-8e6f-94199ac19a75,Lungenkarte
0.8475329280635556,0.6908507639137303,True,0.2756616476302708,0.10475127551020408,False,0.32264429209183676,0.8968797564687976,2,9f3f5192-ef06-4085-bfbe-17ec62087fd4,Lagepriore
0.8623214778242666,0.5403559507996853,False,0.2576235528910889,0.10475127551020408,False,0.32264429209183676,0.8968797564687976,2,9f3f5192-ef06-4085-bfbe-17ec62087fd4,Lungenkarte
0.7427477868613236,0.6196596353434543,False,0.23218547777475373,0.1288265306122449,False,0.2622169961734694,0.5502784653465347,2,9f586862-a0d0-4980-ac2e-7a82c9d4c30b,Lagepriore
0.7773230814113622,0.5016693901696186,False,0.25798868907550054,0.1288265306122449,False,0.2622169961734694,0.5502784653465347,2,9f586862-a0d0-4980-ac2e-7a82c9d4c30b,Lungenkarte
0.8195065806417473,0.716914023983156,True,0.23659825143574617,0.09339126275510204,False,0.4442163584183674,0.9716175842936406,2,9f756055-99fc-4a80-97b4-f89f98cf92d2,Lagepriore
0.8681481519532136,0.6875953784331902,True,0.1887713249940778,0.09339126275510204,False,0.4442163584183674,0.9716175842936406,2,9f756055-99fc-4a80-97b4-f89f98cf92d2,Lungenkarte
0.947184890374039,0.8875783796130499,True,0.3050026861179863,0.09295280612244898,False,0.28944116709183676,0.9470411663807891,2,9f9e7267-220a-43f8-b222-9a330b08957a,Lagepriore
0.9166603531061267,0.681130077775086,True,0.2681704844379351,0.09295280612244898,False,0.28944116709183676,0.9470411663807891,2,9f9e7267-220a-43f8-b222-9a330b08957a,Lungenkarte
0.9183712675246788,0.7329779306492601,True,0.34508024737364806,0.11730707908163265,False,0.256038743622449,0.8431872239211688,2,9fd4b2e7-d443-417a-8436-b5921152ddd7,Lagepriore
0.9102274881512952,0.6836426696059209,True,0.3463708494226148,0.11730707908163265,False,0.256038743622449,0.8431872239211688,2,9fd4b2e7-d443-417a-8436-b5921152ddd7,Lungenkarte
0.9601290319091066,0.9186701781320145,False,0.17765431690629688,0.04862882653061224,False,0.28224649234693877,0.5061475409836066,2,a024d155-a276-4395-826b-193fcf6a5b9c,Lagepriore
0.7235097166931787,0.40262426600446166,False,0.08311809591061765,0.04862882653061224,False,0.28224649234693877,0.5061475409836066,2,a024d155-a276-4395-826b-193fcf6a5b9c,Lungenkarte
0.5406528327316616,0.39927768918921186,False,0.07059987096771249,0.08388472576530612,False,0.4188257334183674,0.33190781658351154,2,a03a2aab-7039-4743-9dab-3870899b1f35,Lagepriore
0.4697058463382754,0.32419858159858306,False,0.06613242081742311,0.08388472576530612,False,0.4188257334183674,0.33190781658351154,2,a03a2aab-7039-4743-9dab-3870899b1f35,Lungenkarte
0.9061518716096316,0.7642678668646147,True,0.7280009670921649,0.34267378826530615,False,0.3528579400510204,0.7513085960218681,2,a058e58a-be32-4941-86ce-b01a36285658,Lagepriore
0.8899722327137498,0.7342361629733829,True,0.6660672878037881,0.34267378826530615,False,0.3528579400510204,0.7513085960218681,2,a058e58a-be32-4941-86ce-b01a36285658,Lungenkarte
0.9547343318441949,0.8564750326815814,True,0.540726481655696,0.1837531887755102,False,0.30733816964285715,0.9283080260303688,2,a069b05e-0957-454f-af9b-8daa65d406d1,Lagepriore
0.9386617700303315,0.7238452255333042,True,0.49055901360080856,0.1837531887755102,False,0.30733816964285715,0.9283080260303688,2,a069b05e-0957-454f-af9b-8daa65d406d1,Lungenkarte
0.8880096775167752,0.6785335628987198,False,0.10860811078243096,0.03687021683673469,False,0.3475366709183674,0.9881081081081081,2,a082d750-3663-46ca-bf52-cc32b2f403c9,Lagepriore
0.8561650211234286,0.5660101180722115,False,0.09109291556473878,0.03687021683673469,False,0.3475366709183674,0.9881081081081081,2,a082d750-3663-46ca-bf52-cc32b2f403c9,Lungenkarte
0.9332706984526206,0.8206875807019604,False,0.2875550201407393,0.09249441964285714,False,0.28160873724489793,0.42232277526395173,2,a0b69080-fb84-49f6-a2ab-e3de1cfd2ad1,Lagepriore
0.6693710488393312,0.5348567278184898,False,0.13968324630010398,0.09249441964285714,False,0.28160873724489793,0.42232277526395173,2,a0b69080-fb84-49f6-a2ab-e3de1cfd2ad1,Lungenkarte
0.9001393891978552,0.641790192101252,False,0.24261357339363207,0.08394451530612244,False,0.2553810586734694,0.8784425451092118,2,a0d6fa61-86b5-452b-87e9-a99995c6c4f7,Lagepriore
0.8990543886776083,0.5997491385394611,False,0.2553383435348889,0.08394451530612244,False,0.2553810586734694,0.8784425451092118,2,a0d6fa61-86b5-452b-87e9-a99995c6c4f7,Lungenkarte
0.9314364582221866,0.8465555682186245,True,0.8079046454933202,0.38034119897959184,False,0.46767378826530615,0.879322993083211,2,a14c9773-4ff1-44e2-882d-6e37a1a5af3b,Lagepriore
0.9070838508271664,0.7632627133733939,True,0.657252520211716,0.38034119897959184,False,0.46767378826530615,0.879322993083211,2,a14c9773-4ff1-44e2-882d-6e37a1a5af3b,Lungenkarte
0.9171208259923257,0.8201842893806426,True,0.7478797283069917,0.3414779974489796,False,0.41346460459183676,0.8217579082525972,2,a16503fc-2eb7-4a00-b101-2b5d976dc8a9,Lagepriore
0.8842217604955911,0.7121636595477729,True,0.6263217665194191,0.3414779974489796,False,0.41346460459183676,0.8217579082525972,2,a16503fc-2eb7-4a00-b101-2b5d976dc8a9,Lungenkarte
0.9329136730929561,0.782693073445643,True,0.6931472054477917,0.29555963010204084,False,0.32864317602040816,0.8987862440997977,2,a17c5d46-08a6-4fff-ba32-9a658a981e0a,Lagepriore
0.978411071530649,0.9021866937504451,True,0.7296082602528081,0.29555963010204084,False,0.32864317602040816,0.8987862440997977,2,a17c5d46-08a6-4fff-ba32-9a658a981e0a,Lungenkarte
0.9410190501606998,0.8698378634975308,True,0.5146355816599886,0.17883051658163265,False,0.2876474808673469,0.9033767970578402,2,a1a1b826-0de6-4d0f-b082-2eec1c456944,Lagepriore
0.9322091337722119,0.6980463263528439,True,0.4934977700391402,0.17883051658163265,False,0.2876474808673469,0.9033767970578402,2,a1a1b826-0de6-4d0f-b082-2eec1c456944,Lungenkarte
0.9611790624718188,0.8794692935882139,False,0.1727396054702789,0.046954719387755105,False,0.3489516900510204,0.6969439728353141,2,a1c8a30b-9978-4be6-9be1-d55456ef2480,Lagepriore
0.7468467988687062,0.4917991799525394,False,0.08814223866441638,0.046954719387755105,False,0.3489516900510204,0.6969439728353141,2,a1c8a30b-9978-4be6-9be1-d55456ef2480,Lungenkarte
0.9759359998030758,0.9230309145923588,True,0.1771284123093297,0.04494180484693878,False,0.33541932397959184,0.9960088691796009,2,a22f0f36-ac98-442a-a980-069a248630a9,Lagepriore
0.8964680460093897,0.6662141851253572,False,0.12094932487580497,0.04494180484693878,False,0.33541932397959184,0.9960088691796009,2,a22f0f36-ac98-442a-a980-069a248630a9,Lungenkarte
0.746257073281505,0.5558639389216649,False,0.29223134508347787,0.15276227678571427,False,0.4344108737244898,0.9008480104370515,2,a232cfa5-b1de-4178-9de1-d506c8db2f62,Lagepriore
0.8443143598012459,0.6497434582335806,False,0.29544017736458866,0.15276227678571427,False,0.4344108737244898,0.9008480104370515,2,a232cfa5-b1de-4178-9de1-d506c8db2f62,Lungenkarte
0.8184890145579435,0.5769434018396387,False,0.15212700714712654,0.07166772959183673,False,0.25777264030612246,0.7502780867630701,2,a2990f44-8592-4427-b704-b19565a0bedd,Lagepriore
0.848955267194932,0.5940421508297434,False,0.19075417471698217,0.07166772959183673,False,0.25777264030612246,0.7502780867630701,2,a2990f44-8592-4427-b704-b19565a0bedd,Lungenkarte
0.9379177107018316,0.8483727124062515,True,0.15904281799282977,0.045200892857142856,False,0.3126195790816326,0.9369488536155203,2,a2a093bc-6179-4a31-bcbb-645d2f136a80,Lagepriore
0.8742982627711344,0.610122609385912,False,0.11903057377635794,0.045200892857142856,False,0.3126195790816326,0.9369488536155203,2,a2a093bc-6179-4a31-bcbb-645d2f136a80,Lungenkarte
0.9483303513443871,0.8721049561982307,True,0.4869782069513801,0.16565688775510204,False,0.3360969387755102,0.7250962463907603,2,a2a84bc3-c75b-4df6-840d-e118b61594d4,Lagepriore
0.8049389170846448,0.5714732628152551,True,0.32552521224234454,0.16565688775510204,False,0.3360969387755102,0.7250962463907603,2,a2a84bc3-c75b-4df6-840d-e118b61594d4,Lungenkarte
0.9612184591474235,0.882736574250523,True,0.4981167925105451,0.1610730229591837,False,0.35811941964285715,0.9991338777530314,2,a2b6217a-2c7b-4cc3-b313-ec48bf272a2f,Lagepriore
0.9280277127373344,0.6974611501106778,True,0.39856082731027054,0.1610730229591837,False,0.35811941964285715,0.9991338777530314,2,a2b6217a-2c7b-4cc3-b313-ec48bf272a2f,Lungenkarte
0.5533542008770229,0.24650262558982838,False,0.03209312322581312,0.04538026147959184,False,0.26705994897959184,1.0,2,a2b8c42b-db97-4b42-aae0-c8ba85053132,Lagepriore
0.9347009746564244,0.7188611742747513,False,0.15180956992758096,0.04538026147959184,False,0.26705994897959184,1.0,2,a2b8c42b-db97-4b42-aae0-c8ba85053132,Lungenkarte
0.7628784541430157,0.39316304171185207,False,0.1848397120115697,0.10738201530612244,False,0.32425860969387754,0.9097995545657016,2,a2cd771c-cc13-4676-806e-73bd45e25373,Lagepriore
0.8816696048675144,0.6284840150553954,True,0.26907000564428385,0.10738201530612244,False,0.32425860969387754,0.9097995545657016,2,a2cd771c-cc13-4676-806e-73bd45e25373,Lungenkarte
0.6622909898282563,0.23605203395992833,False,0.17792001716125308,0.13536352040816327,False,0.28611288265306123,0.6712308598351001,2,a37dc7a9-8b22-461b-99d2-c77109da8220,Lagepriore
0.7968659829539889,0.46996481972952,False,0.279368944400842,0.13536352040816327,False,0.28611288265306123,0.6712308598351001,2,a37dc7a9-8b22-461b-99d2-c77109da8220,Lungenkarte
0.9504155074727246,0.8501033539914313,True,0.3392705847992469,0.10301737882653061,False,0.3041892538265306,0.9166183014122654,2,a3a15e9c-71d6-440e-9457-89e2aff93fe0,Lagepriore
0.8994324233641814,0.6417503401517423,True,0.27647892847868444,0.10301737882653061,False,0.3041892538265306,0.9166183014122654,2,a3a15e9c-71d6-440e-9457-89e2aff93fe0,Lungenkarte
0.8667891147920909,0.7043644759733744,True,0.41368476294018003,0.1706592793367347,False,0.19802295918367346,0.8541399042391685,2,a3dda87f-1087-42ee-b602-453eaac55e5f,Lagepriore
0.9696982395796883,0.7696493428587579,True,0.6135308451045544,0.1706592793367347,False,0.19802295918367346,0.8541399042391685,2,a3dda87f-1087-42ee-b602-453eaac55e5f,Lungenkarte
0.7958589383708874,0.7021170995107929,True,0.4586945564457693,0.24944196428571427,False,0.44686702806122447,0.6458932566315116,2,a4ac5fc1-dbc7-4380-8265-04e05f959c0e,Lagepriore
0.6719746064389679,0.5582414472629385,True,0.34567208702030516,0.24944196428571427,False,0.44686702806122447,0.6458932566315116,2,a4ac5fc1-dbc7-4380-8265-04e05f959c0e,Lungenkarte
0.8531044218467022,0.7126313230681763,False,0.12442120311118025,0.04647640306122449,False,0.299984056122449,0.9361063464837049,2,a4b449be-8c92-4191-aa74-cce130365f0e,Lagepriore
0.8767737257651117,0.5919513230097988,False,0.1316527180062516,0.04647640306122449,False,0.299984056122449,0.9361063464837049,2,a4b449be-8c92-4191-aa74-cce130365f0e,Lungenkarte
0.8837832081241734,0.7769018914068536,False,0.2015232931725954,0.07344148596938775,False,0.39164142219387754,0.7343283582089553,2,a4c510ea-e84b-489e-820e-2777b240f33c,Lagepriore
0.720873043897818,0.4694587637016154,False,0.12452711714072122,0.07344148596938775,False,0.39164142219387754,0.7343283582089553,2,a4c510ea-e84b-489e-820e-2777b240f33c,Lungenkarte
0.9081205104718388,0.8392855719407929,False,0.19896930606215388,0.06505102040816327,False,0.3800023915816326,0.8547794117647058,2,a541be19-c9f6-487e-b615-d15042a246b1,Lagepriore
0.7824493343711547,0.48262635250875136,False,0.13159323968700093,0.06505102040816327,False,0.3800023915816326,0.8547794117647058,2,a541be19-c9f6-487e-b615-d15042a246b1,Lungenkarte
0.9317816887782119,0.8242301019937388,True,0.14650081418431354,0.04274952168367347,False,0.25990513392857145,0.8088578088578089,2,a550099a-36c5-4807-88ff-e77475bae0d9,Lagepriore
0.8403301354666098,0.4769266631015334,False,0.1143675173904411,0.04274952168367347,False,0.25990513392857145,0.8088578088578089,2,a550099a-36c5-4807-88ff-e77475bae0d9,Lungenkarte
0.939698998624777,0.9197994594253279,True,0.3167137875676142,0.09646045918367346,False,0.3807796556122449,0.8105371900826446,2,a58b8dca-87bc-4461-be69-11acd06067d3,Lagepriore
0.7979313777604721,0.5652913795731501,False,0.1933554122137221,0.09646045918367346,False,0.3807796556122449,0.8105371900826446,2,a58b8dca-87bc-4461-be69-11acd06067d3,Lungenkarte
0.6590104554164049,0.3486858028893427,False,0.0594832274843359,0.04663584183673469,False,0.4069674744897959,1.0,2,a5ba75bd-c961-4096-b9fd-6253788cfffd,Lagepriore
0.8570005522786901,0.6221856445238636,False,0.10308437059849182,0.04663584183673469,False,0.4069674744897959,1.0,2,a5ba75bd-c961-4096-b9fd-6253788cfffd,Lungenkarte
0.9568474694423855,0.8655198673812281,True,0.16696911608720832,0.04494180484693878,False,0.34030213647959184,1.0,2,a5df1553-7c85-46e6-9e0b-870d67d23eb7,Lagepriore
0.9220747644948349,0.7494845313009626,True,0.12203215282849203,0.04494180484693878,False,0.34030213647959184,1.0,2,a5df1553-7c85-46e6-9e0b-870d67d23eb7,Lungenkarte
0.8909762247110871,0.7667780538454164,True,0.3933134438516227,0.1539580676020408,False,0.31172273596938777,0.8476375404530744,2,a5e1f9e8-784c-415c-bded-f83e6130a111,Lagepriore
0.889869276277336,0.6415710031164427,True,0.3772377423574317,0.1539580676020408,False,0.31172273596938777,0.8476375404530744,2,a5e1f9e8-784c-415c-bded-f83e6130a111,Lungenkarte
0.8249081989507866,0.5900262038833922,True,0.2436673665788437,0.10287786989795919,False,0.30165816326530615,0.8496706702828362,2,a60ea99b-fcba-4bf6-9ffe-c5f700e50792,Lagepriore
0.8751258444421794,0.6396527216619476,True,0.26037307940696675,0.10287786989795919,False,0.30165816326530615,0.8496706702828362,2,a60ea99b-fcba-4bf6-9ffe-c5f700e50792,Lungenkarte
0.8841027508451372,0.8120303255030408,False,0.23636395565395682,0.08402423469387756,False,0.3365951849489796,0.756404174573055,2,a653c489-c9e9-41ef-80ce-6a38f443ef01,Lagepriore
0.7974828990806295,0.5357488904605934,False,0.17567580307827496,0.08402423469387756,False,0.3365951849489796,0.756404174573055,2,a653c489-c9e9-41ef-80ce-6a38f443ef01,Lungenkarte
0.8294567129182783,0.8284084155050176,True,0.461264287097858,0.22187898596938777,False,0.2985092474489796,0.8678702955178299,2,a66d881d-c072-4ea0-a00c-74a62981a3e8,Lagepriore
0.9297225519181097,0.686435112911207,True,0.5744361229521262,0.22187898596938777,False,0.2985092474489796,0.8678702955178299,2,a66d881d-c072-4ea0-a00c-74a62981a3e8,Lungenkarte
0.9090879621443667,0.824610061955635,False,0.15918599842304154,0.05173788265306122,False,0.2678172831632653,0.6864406779661016,2,a679589b-9b88-4010-825a-cb3653587e78,Lagepriore
0.806974875985365,0.5040070546462104,False,0.12239810497378967,0.05173788265306122,False,0.2678172831632653,0.6864406779661016,2,a679589b-9b88-4010-825a-cb3653587e78,Lungenkarte
0.9171201950197974,0.7795412803527882,True,0.20173783703167963,0.06377551020408163,False,0.3448461415816326,0.994375,2,a681ac25-1798-4c81-8e28-a1c5014e00bf,Lagepriore
0.9221093982831658,0.7473257307287278,True,0.16916342031699386,0.06377551020408163,False,0.3448461415816326,0.994375,2,a681ac25-1798-4c81-8e28-a1c5014e00bf,Lungenkarte
0.6944589212862138,0.45063832261642894,False,0.1672724604201809,0.10706313775510204,False,0.48549107142857145,0.9810126582278481,2,a6b9565f-bc91-4841-8969-ff94c3b687b3,Lagepriore
0.8246686108064094,0.6060537322957369,False,0.1951608640733223,0.10706313775510204,False,0.48549107142857145,0.9810126582278481,2,a6b9565f-bc91-4841-8969-ff94c3b687b3,Lungenkarte
0.8435067299106779,0.549339024044671,False,0.09980186109952592,0.04065688775510204,False,0.3169443558673469,0.9892156862745098,2,a6d7b6da-d474-4195-8270-08fdfd6e8a20,Lagepriore
0.9204846175215973,0.735028031833056,False,0.11754649523910148,0.04065688775510204,False,0.3169443558673469,0.9892156862745098,2,a6d7b6da-d474-4195-8270-08fdfd6e8a20,Lungenkarte
0.9000189288661297,0.7581613620890844,True,0.5673564683025937,0.2372448979591837,False,0.44186463647959184,0.9537130376344086,2,a70544fd-cd5f-4650-9008-224672ccd7b6,Lagepriore
0.9201809204773219,0.7744543875504152,True,0.4695115150940015,0.2372448979591837,False,0.44186463647959184,0.9537130376344086,2,a70544fd-cd5f-4650-9008-224672ccd7b6,Lungenkarte
0.8921691791373904,0.7427186304860515,False,0.5494544258981652,0.24354272959183673,False,0.41940369897959184,0.7884615384615384,2,a7a30231-a1b4-4305-ad66-6a707a27a1a4,Lagepriore
0.8311458232540426,0.6772477622729132,True,0.4425258524970243,0.24354272959183673,False,0.41940369897959184,0.7884615384615384,2,a7a30231-a1b4-4305-ad66-6a707a27a1a4,Lungenkarte
0.7881628989078929,0.6072892476333548,False,0.3264758967729023,0.17267219387755103,False,0.5094268176020408,0.9705678670360111,2,a8031125-1a13-40fd-9aeb-164e1a421f22,Lagepriore
0.8662620342000364,0.7073422126069172,False,0.3055226389601966,0.17267219387755103,False,0.5094268176020408,0.9705678670360111,2,a8031125-1a13-40fd-9aeb-164e1a421f22,Lungenkarte
0.9316861910127253,0.8603192885043608,False,0.19350158262719894,0.058673469387755105,False,0.27780213647959184,0.5879755434782609,2,a8098820-9876-4866-91b5-6ee9f91d106d,Lagepriore
0.7574078966763046,0.49361536089639774,False,0.11545204179058352,0.058673469387755105,False,0.27780213647959184,0.5879755434782609,2,a8098820-9876-4866-91b5-6ee9f91d106d,Lungenkarte
0.6596154976628418,0.36594663971874813,False,0.14050743370980218,0.09693877551020408,False,0.37478077168367346,0.6759868421052632,2,a81ed846-615a-4432-8e34-67b1169ebea5,Lagepriore
0.7020883097947795,0.41151777338001627,False,0.15678069930983102,0.09693877551020408,False,0.37478077168367346,0.6759868421052632,2,a81ed846-615a-4432-8e34-67b1169ebea5,Lungenkarte
0.8938777081283148,0.8019231433747716,True,0.17908075150022745,0.05879304846938776,False,0.14807876275510204,0.4159322033898305,2,a85fcd51-0b79-452d-8afa-05d90cdeedcf,Lagepriore
0.8187229958791732,0.524282950082912,False,0.15508032257226295,0.05879304846938776,False,0.14807876275510204,0.4159322033898305,2,a85fcd51-0b79-452d-8afa-05d90cdeedcf,Lungenkarte
0.9340053411362199,0.9058622627509286,False,0.16601251229278421,0.049505739795918366,False,0.2392578125,0.4834943639291465,2,a89d0ed5-5c57-4769-855e-6cfb7b9958c1,Lagepriore
0.7449364813443968,0.3412270056946867,False,0.09167579740998792,0.049505739795918366,False,0.2392578125,0.4834943639291465,2,a89d0ed5-5c57-4769-855e-6cfb7b9958c1,Lungenkarte
0.9325007908308357,0.6764003017639798,False,0.13576887793348785,0.04041772959183673,False,0.14869658801020408,0.4921104536489152,2,a9006409-11f0-4d8d-acff-4f5e973547b1,Lagepriore
0.8509103218724514,0.38913491535135875,False,0.12111280804917057,0.04041772959183673,False,0.14869658801020408,0.4921104536489152,2,a9006409-11f0-4d8d-acff-4f5e973547b1,Lungenkarte
0.8935265470898227,0.6485668874973258,True,0.2836519946783638,0.10287786989795919,False,0.2623963647959184,0.9221232080588919,2,a92643fd-0f58-43e5-a400-7c35c2544610,Lagepriore
0.9384257236635338,0.7615224694445945,True,0.3318003663184099,0.10287786989795919,False,0.2623963647959184,0.9221232080588919,2,a92643fd-0f58-43e5-a400-7c35c2544610,Lungenkarte
0.8709487835465705,0.623680552774222,False,0.3588854636449998,0.14789939413265307,False,0.3221460459183674,0.9665813232717962,2,a94ec882-bcc3-4c59-8c6b-2d690595a04d,Lagepriore
0.9480830435477293,0.7888746283033502,True,0.4024490560069727,0.14789939413265307,False,0.3221460459183674,0.9665813232717962,2,a94ec882-bcc3-4c59-8c6b-2d690595a04d,Lungenkarte
0.9075676176245295,0.7554955651872977,False,0.2690690985880345,0.09351084183673469,False,0.4008888711734694,0.9667519181585678,2,a95c830d-b00d-40cd-abd4-1e256ce80721,Lagepriore
0.8716148382991896,0.6537864333267333,False,0.20887006249876283,0.09351084183673469,False,0.4008888711734694,0.9667519181585678,2,a95c830d-b00d-40cd-abd4-1e256ce80721,Lungenkarte
0.7839341819488709,0.7310050026679656,False,0.3247433078052925,0.17657844387755103,False,0.2659239477040816,0.6156884875846501,2,a96bb268-a6b1-4dcb-a7f7-eeb51527e72f,Lagepriore
0.7994305752153692,0.5262205245573687,False,0.36298412226403215,0.17657844387755103,False,0.2659239477040816,0.6156884875846501,2,a96bb268-a6b1-4dcb-a7f7-eeb51527e72f,Lungenkarte
0.7695269358843018,0.5748959152405726,True,0.49167630852037414,0.27566964285714285,False,0.40341996173469385,0.9509832272990167,2,a9bf1010-e610-4b41-814d-99a4250d00c3,Lagepriore
0.9551294669552444,0.844214232785365,True,0.5922846187873057,0.27566964285714285,False,0.40341996173469385,0.9509832272990167,2,a9bf1010-e610-4b41-814d-99a4250d00c3,Lungenkarte
0.962398764345492,0.9396429004416185,True,0.7117019694009806,0.2726203762755102,False,0.31871811224489793,0.7567073616492433,2,aa1970b8-5039-4ba9-a933-4bd96ad81a91,Lagepriore
0.8628099769630373,0.7037124907246518,True,0.5839170617987959,0.2726203762755102,False,0.31871811224489793,0.7567073616492433,2,aa1970b8-5039-4ba9-a933-4bd96ad81a91,Lungenkarte
0.8694618873751048,0.6651809494767906,False,0.17910885032178486,0.06473214285714286,False,0.2771843112244898,0.8713054187192119,2,aa61804a-c589-4027-b85f-4eaf8282e3a8,Lagepriore
0.888846400166107,0.6421655118826541,False,0.18960339630065492,0.06473214285714286,False,0.2771843112244898,0.8713054187192119,2,aa61804a-c589-4027-b85f-4eaf8282e3a8,Lungenkarte
0.9232846131061823,0.8248017694192423,True,0.20865935005419847,0.06433354591836735,False,0.34630102040816324,0.9996902106567535,2,aaa75c43-b169-4831-a539-f6fb2b173a05,Lagepriore
0.92601763239014,0.7552906149157633,False,0.1709738320607068,0.06433354591836735,False,0.34630102040816324,0.9996902106567535,2,aaa75c43-b169-4831-a539-f6fb2b173a05,Lungenkarte
0.79645556975803,0.6013680224723044,False,0.288838315323321,0.14237882653061223,False,0.22580516581632654,0.9267917133258678,2,aac8b420-f849-4c60-8486-0155f282633b,Lagepriore
0.9712680712673628,0.8402575587133726,True,0.5170064722934059,0.14237882653061223,False,0.22580516581632654,0.9267917133258678,2,aac8b420-f849-4c60-8486-0155f282633b,Lungenkarte
0.9272378690890843,0.8374589315220733,True,0.6616039950464288,0.26761798469387754,False,0.24384167729591838,0.6796246648793566,2,aacdbc1a-465e-4f29-8c4b-995cd8337384,Lagepriore
0.8808392683769554,0.7866276475153928,True,0.6645044306124298,0.26761798469387754,False,0.24384167729591838,0.6796246648793566,2,aacdbc1a-465e-4f29-8c4b-995cd8337384,Lungenkarte
0.8748232478582902,0.7107100977594514,False,0.2463508565270024,0.09315210459183673,False,0.28087133290816324,0.43859649122807015,2,aadc5c44-f71c-4975-8946-d5e8b484441a,Lagepriore
0.6271541535027675,0.7994943525537556,True,0.13934351801706216,0.09315210459183673,False,0.28087133290816324,0.43859649122807015,2,aadc5c44-f71c-4975-8946-d5e8b484441a,Lungenkarte
0.8610667304139298,0.7425021376710691,True,0.20552416926775216,0.07479671556122448,False,0.3373525191326531,0.8936850519584333,2,aaf0cb77-efe2-4129-ba1e-a7b153132427,Lagepriore
0.8667816509704299,0.6511692268855516,True,0.18198484982374064,0.07479671556122448,False,0.3373525191326531,0.8936850519584333,2,aaf0cb77-efe2-4129-ba1e-a7b153132427,Lungenkarte
0.9358693881252863,0.8425048758683074,True,0.7529251825151987,0.32386001275510207,False,0.34689891581632654,0.8053538461538462,2,aaf271c4-df7a-477f-a609-4dca15b54649,Lagepriore
0.9191193928867807,0.8572515301935134,True,0.6843878097163031,0.32386001275510207,False,0.34689891581632654,0.8053538461538462,2,aaf271c4-df7a-477f-a609-4dca15b54649,Lungenkarte
0.8950822364419357,0.8129287564721017,True,0.641907091692021,0.2849170918367347,False,0.29599808673469385,0.8077084499160604,2,aafca7fa-b482-4e37-bbc4-96da4b744847,Lagepriore
0.9439164276915716,0.8704502954248551,True,0.7016985806513275,0.2849170918367347,False,0.29599808673469385,0.8077084499160604,2,aafca7fa-b482-4e37-bbc4-96da4b744847,Lungenkarte
0.7923717813236825,0.6257802060579737,True,0.5757718943816139,0.31626674107142855,False,0.32230548469387754,0.7825319805910895,2,ab150245-a188-4c66-9b84-e7dbf1f1c6cd,Lagepriore
0.92203642069495,0.8040667074356205,True,0.6933929654913161,0.31626674107142855,False,0.32230548469387754,0.7825319805910895,2,ab150245-a188-4c66-9b84-e7dbf1f1c6cd,Lungenkarte
0.9770062481639815,0.9284990648311504,True,0.09297543008846709,0.0225406568877551,False,0.32748724489795916,1.0,2,ab27263e-592a-43ef-a1dd-6bea8a934e6a,Lagepriore
0.9160660841344661,0.7313833732312128,False,0.0645612951500751,0.0225406568877551,False,0.32748724489795916,1.0,2,ab27263e-592a-43ef-a1dd-6bea8a934e6a,Lungenkarte
0.8840306517001114,0.6782922964641861,True,0.6542053784979899,0.3134765625,False,0.29617745535714285,0.8171530294360735,2,ab59e6e8-22f2-43f0-8fbc-3e8bcaba1d47,Lagepriore
0.9605341629981716,0.8914209148003024,True,0.7698917369817515,0.3134765625,False,0.29617745535714285,0.8171530294360735,2,ab59e6e8-22f2-43f0-8fbc-3e8bcaba1d47,Lungenkarte
0.4343316270809017,0.1773972034015638,False,0.03246196317486259,0.06443319515306123,False,0.36794483418367346,0.822146613052892,2,ab9069f0-1511-414d-b37a-2920517004d4,Lagepriore
0.8156318118730629,0.6208609787047082,False,0.13396644034324884,0.06443319515306123,False,0.36794483418367346,0.822146613052892,2,ab9069f0-1511-414d-b37a-2920517004d4,Lungenkarte
0.918568635406189,0.9308318720572932,False,0.1414865579723886,0.0439453125,False,0.20647321428571427,0.8249433106575964,2,ab9faaf2-1f9c-49fd-9148-1ae56b695fae,Lagepriore
0.8889328827776759,0.5260121939390241,False,0.1547615269783442,0.0439453125,False,0.20647321428571427,0.8249433106575964,2,ab9faaf2-1f9c-49fd-9148-1ae56b695fae,Lungenkarte
0.9162204113072745,0.8555002171418652,True,0.2642449649773038,0.08520009566326531,False,0.2323421556122449,0.7794152046783626,2,ababe608-9aa0-4055-8a0b-6ecd96b84b54,Lagepriore
0.8709674202208134,0.5469980749926682,False,0.24776924264918726,0.08520009566326531,False,0.2323421556122449,0.7794152046783626,2,ababe608-9aa0-4055-8a0b-6ecd96b84b54,Lungenkarte
0.6499196098506426,0.34569640959821524,False,0.10352964019490689,0.08083545918367346,False,0.4397520727040816,0.9583333333333334,2,abdd57b2-8bbc-409a-853f-885215db8c6c,Lagepriore
0.8357718042376375,0.6169191645501537,False,0.16180175043342726,0.08083545918367346,False,0.4397520727040816,0.9583333333333334,2,abdd57b2-8bbc-409a-853f-885215db8c6c,Lungenkarte
0.8356738459588403,0.4720509433748878,False,0.1382500144891662,0.05955038265306122,False,0.2975924744897959,0.8989290495314591,2,ac1426c4-11ff-485c-a0bb-790bd57d0527,Lagepriore
0.843198867068398,0.4756459750590677,False,0.15369135663866867,0.05955038265306122,False,0.2975924744897959,0.8989290495314591,2,ac1426c4-11ff-485c-a0bb-790bd57d0527,Lungenkarte
0.8207673450980463,0.5315281312898277,True,0.3925972099634036,0.1925422512755102,False,0.26680086096938777,0.8004347376048028,2,ac2f43b0-3e63-47e0-9e50-4ba59b9b747e,Lagepriore
0.923156607156108,0.7603028124131023,True,0.5218955526390393,0.1925422512755102,False,0.26680086096938777,0.8004347376048028,2,ac2f43b0-3e63-47e0-9e50-4ba59b9b747e,Lungenkarte
0.8702127612831977,0.7629427635924568,False,0.3477863818103386,0.1410235969387755,False,0.4806281887755102,0.820520067834935,2,ac338f2a-61c9-4664-b97e-23e05c260b02,Lagepriore
0.737797866452267,0.5435165471301934,False,0.22509937614703482,0.1410235969387755,False,0.4806281887755102,0.820520067834935,2,ac338f2a-61c9-4664-b97e-23e05c260b02,Lungenkarte
0.8740835599507198,0.6794887953483055,True,0.4585056734493706,0.1934191645408163,False,0.2614596619897959,0.8557444616177228,2,ac34a830-57ce-4390-9076-6faacdedd54b,Lagepriore
0.9522165081640245,0.8786122004678808,True,0.5744866787433994,0.1934191645408163,False,0.2614596619897959,0.8557444616177228,2,ac34a830-57ce-4390-9076-6faacdedd54b,Lungenkarte
0.9469120393460189,0.8182586409369347,True,0.6619048189617731,0.25851004464285715,False,0.30879304846938777,0.8922982036851438,2,ac648f87-a79f-4ce0-9439-23a8dd886b71,Lagepriore
0.9696915620572584,0.9126234403818552,True,0.677164364371602,0.25851004464285715,False,0.30879304846938777,0.8922982036851438,2,ac648f87-a79f-4ce0-9439-23a8dd886b71,Lungenkarte
0.9736746514022233,0.9083462998625568,True,0.3446716143712202,0.09723772321428571,False,0.30674027423469385,0.9819635171141627,2,ac6e81b1-37eb-4bd6-8a58-8c8f246fc16b,Lagepriore
0.9351949945825204,0.7436079933680683,False,0.2818629464144315,0.09723772321428571,False,0.30674027423469385,0.9819635171141627,2,ac6e81b1-37eb-4bd6-8a58-8c8f246fc16b,Lungenkarte
0.8648180942323508,0.7175852254602251,True,0.4574826655277782,0.19513313137755103,False,0.25552056760204084,0.6720457563068124,2,ac7bdc8e-b181-41c1-8186-f12472ad3899,Lagepriore
0.8395158136487528,0.6423185070391942,True,0.4580642731686327,0.19513313137755103,False,0.25552056760204084,0.6720457563068124,2,ac7bdc8e-b181-41c1-8186-f12472ad3899,Lungenkarte
0.8901036211472344,0.7557598439105022,True,0.6578826621604319,0.2918327487244898,False,0.3376514668367347,0.8261285255753602,2,acacd8c0-68d9-4ff7-ae58-80021e4e08de,Lagepriore
0.9236930196570093,0.8050824804280297,True,0.6506020379547909,0.2918327487244898,False,0.3376514668367347,0.8261285255753602,2,acacd8c0-68d9-4ff7-ae58-80021e4e08de,Lungenkarte
0.9233186088893621,0.7654981476540303,True,0.3424283685171538,0.1162109375,False,0.3618263711734694,0.9382610186931916,2,acc17db4-7fc3-4657-a8c1-0555bcbeba48,Lagepriore
0.9113296205198249,0.7594510397156741,True,0.2801738860601677,0.1162109375,False,0.3618263711734694,0.9382610186931916,2,acc17db4-7fc3-4657-a8c1-0555bcbeba48,Lungenkarte
0.7412813597008251,0.5456554548216735,False,0.21727212999164863,0.12025669642857142,False,0.23407605229591838,0.939840901557839,2,ace3688f-2479-4468-9759-1e9a1fe02d6f,Lagepriore
0.9525497585480864,0.7267140580347233,True,0.4241905833864588,0.12025669642857142,False,0.23407605229591838,0.939840901557839,2,ace3688f-2479-4468-9759-1e9a1fe02d6f,Lungenkarte
0.947070248551466,0.7811104339863671,True,0.5776297303889446,0.2099609375,False,0.26572464923469385,0.864641670621737,2,ad310f52-5ed7-46a5-a083-3ffd1bc4bb71,Lagepriore
0.9579546637526475,0.8695896987910724,True,0.609637297782384,0.2099609375,False,0.26572464923469385,0.864641670621737,2,ad310f52-5ed7-46a5-a083-3ffd1bc4bb71,Lungenkarte
0.9564484333343637,0.8907288462012211,True,0.3074646491982134,0.08972417091836735,False,0.25061782525510207,0.8984895601954687,2,ad587880-a108-4b52-bf4a-28d248bb1539,Lagepriore
0.9220896593432603,0.6911298739126214,False,0.28409169059814016,0.08972417091836735,False,0.25061782525510207,0.8984895601954687,2,ad587880-a108-4b52-bf4a-28d248bb1539,Lungenkarte
0.9241369589939532,0.7945523204266413,False,0.19570995283523734,0.06138392857142857,False,0.3567044005102041,0.9970779220779221,2,ad69b71d-7005-4f1e-a6d8-27d84106c9af,Lagepriore
0.9133531275714264,0.7276012849994214,False,0.158771991280697,0.06138392857142857,False,0.3567044005102041,0.9970779220779221,2,ad69b71d-7005-4f1e-a6d8-27d84106c9af,Lungenkarte
0.9089818780687857,0.8293239083750077,True,0.18845943423649064,0.060626594387755105,False,0.28989955357142855,1.0,2,ad7bfead-6c0b-436f-9d0b-92827be703c3,Lagepriore
0.9725393828001451,0.8875126131699096,True,0.19952431923099984,0.060626594387755105,False,0.28989955357142855,1.0,2,ad7bfead-6c0b-436f-9d0b-92827be703c3,Lungenkarte
0.9194871032603352,0.8000719924900336,False,0.10865732511379762,0.03316326530612245,False,0.3636997767857143,0.8677884615384616,2,ad99c503-84bd-4309-9d4e-2a35a77b7b4d,Lagepriore
0.7841643203168606,0.4713278884977677,False,0.06954591452258327,0.03316326530612245,False,0.3636997767857143,0.8677884615384616,2,ad99c503-84bd-4309-9d4e-2a35a77b7b4d,Lungenkarte
0.9379693094672167,0.8229635409985183,True,0.5751830564215961,0.2139269770408163,False,0.3957469706632653,0.8681758896962921,2,ada5d3a7-098d-4691-ba53-e633cfd3b86f,Lagepriore
0.8889619293390988,0.7865508463628765,True,0.43989645178802217,0.2139269770408163,False,0.3957469706632653,0.8681758896962921,2,ada5d3a7-098d-4691-ba53-e633cfd3b86f,Lungenkarte
0.939623829593893,0.8474658377296718,False,0.24311170986818362,0.07266422193877552,False,0.396484375,1.0,2,adce8349-6836-4328-ab63-f356d0bbe298,Lagepriore
0.9145445155444455,0.7563656849415519,False,0.17342481490042733,0.07266422193877552,False,0.396484375,1.0,2,adce8349-6836-4328-ab63-f356d0bbe298,Lungenkarte
0.8943479480261313,0.8643689924229021,True,0.7101323542995264,0.3268893494897959,False,0.43861607142857145,0.8851969272039996,2,ade2b6b7-5ee9-4480-844c-5eb07e2c08fc,Lagepriore
0.9128517836055896,0.7987150536768618,True,0.6082717560419945,0.3268893494897959,False,0.43861607142857145,0.8851969272039996,2,ade2b6b7-5ee9-4480-844c-5eb07e2c08fc,Lungenkarte
0.8773410592616137,0.7720331758481349,True,0.6066553582425767,0.2797951211734694,False,0.32589285714285715,0.8765581594130636,2,ae01a62f-cbca-4f9d-bf40-2962929e5e0e,Lagepriore
0.9595493436670532,0.9236619261235913,True,0.6863808792856453,0.2797951211734694,False,0.32589285714285715,0.8765581594130636,2,ae01a62f-cbca-4f9d-bf40-2962929e5e0e,Lungenkarte
0.9312649256328691,0.8252803982844141,False,0.09011214782375944,0.0263671875,False,0.33970424107142855,0.8828420256991686,2,ae50eb15-92f5-4a90-912c-20a8cc745be0,Lagepriore
0.8101569196150316,0.49875196394198207,False,0.061142041792184194,0.0263671875,False,0.33970424107142855,0.8828420256991686,2,ae50eb15-92f5-4a90-912c-20a8cc745be0,Lungenkarte
0.9766762858285953,0.9366633429381237,True,0.10468925883225767,0.025510204081632654,False,0.32846380739795916,0.99453125,2,ae5ace0c-758d-4f0d-9acd-3f4817b0634c,Lagepriore
0.8682070507429033,0.5822865585690419,False,0.06741966962243665,0.025510204081632654,False,0.32846380739795916,0.99453125,2,ae5ace0c-758d-4f0d-9acd-3f4817b0634c,Lungenkarte
0.8564885410586107,0.7427627467042724,False,0.10056549131033944,0.03834502551020408,False,0.287288743622449,0.5472972972972973,2,ae6974e6-b709-42bb-8076-ab8499929f09,Lagepriore
0.7101982501603242,0.27091319190805296,False,0.06301610950472158,0.03834502551020408,False,0.287288743622449,0.5472972972972973,2,ae6974e6-b709-42bb-8076-ab8499929f09,Lungenkarte
0.9474178745290247,0.8665770939269275,True,0.4609715622835902,0.14979272959183673,False,0.33944515306122447,0.908861096327834,2,ae710da6-ac50-4de7-891e-d9a7a180ee05,Lagepriore
0.9043771958156713,0.7055602030284819,True,0.36874669312728336,0.14979272959183673,False,0.33944515306122447,0.908861096327834,2,ae710da6-ac50-4de7-891e-d9a7a180ee05,Lungenkarte
0.7330203107511323,0.4603264146131921,True,0.29911273471664207,0.17755500637755103,False,0.39901546556122447,0.8999887753956674,2,ae716bca-9b2f-4cca-8ee1-3cf6063593ef,Lagepriore
0.8626315598114862,0.6359067815984393,False,0.3620232914316571,0.17755500637755103,False,0.39901546556122447,0.8999887753956674,2,ae716bca-9b2f-4cca-8ee1-3cf6063593ef,Lungenkarte
0.9386437259586805,0.7965043083544613,False,0.0801935935192284,0.022600446428571428,False,0.3050063775510204,1.0,2,ae76e24d-14d2-4937-aaae-3a2b0aa0e2c6,Lagepriore
0.9324201165225185,0.7661077878967787,False,0.06973205360957245,0.022600446428571428,False,0.3050063775510204,1.0,2,ae76e24d-14d2-4937-aaae-3a2b0aa0e2c6,Lungenkarte
0.9144293076507919,0.7973714460526382,False,0.0517171345815182,0.015126753826530613,False,0.3411192602040816,1.0,2,ae7c7ec3-778f-415c-a933-524fb2027eab,Lagepriore
0.8877041481540373,0.6619665318374287,False,0.04069138408006929,0.015126753826530613,False,0.3411192602040816,1.0,2,ae7c7ec3-778f-415c-a933-524fb2027eab,Lungenkarte
0.40333265021857484,0.2178405081899198,False,0.07075491114789302,0.1410235969387755,False,0.4070671237244898,0.8294234030525721,2,aec75bea-7a4a-4ca6-8e82-bf3f05963c9d,Lagepriore
0.7764981526390964,0.46559313163827754,False,0.25979949534882124,0.1410235969387755,False,0.4070671237244898,0.8294234030525721,2,aec75bea-7a4a-4ca6-8e82-bf3f05963c9d,Lungenkarte
0.9341646160860241,0.8698011176441458,False,0.060269667273033525,0.01709980867346939,False,0.44674744897959184,1.0,2,aecf37ea-fe82-4618-bf8e-650d83f2ba42,Lagepriore
0.9152839722155185,0.8061960729995798,False,0.03752431512955135,0.01709980867346939,False,0.44674744897959184,1.0,2,aecf37ea-fe82-4618-bf8e-650d83f2ba42,Lungenkarte
0.928073187845683,0.7912593535226439,True,0.2379082405394269,0.0745376275510204,False,0.3540537308673469,1.0,2,aedf3a44-37ec-4ec8-aa62-10faf378d97b,Lagepriore
0.931859181839832,0.7754109544644304,True,0.19761305149079186,0.0745376275510204,False,0.3540537308673469,1.0,2,aedf3a44-37ec-4ec8-aa62-10faf378d97b,Lungenkarte
0.8583568524439763,0.7300014937153931,False,0.436161767128207,0.1888751594387755,False,0.40487484056122447,0.897119341563786,2,af467edc-df3a-4c0e-ade8-0249d40607e9,Lagepriore
0.8793514716837976,0.7109522613857365,False,0.3901069163163306,0.1888751594387755,False,0.40487484056122447,0.897119341563786,2,af467edc-df3a-4c0e-ade8-0249d40607e9,Lungenkarte
0.9409456294746875,0.8596397178456371,True,0.59901533881889,0.22004544005102042,False,0.40896045918367346,0.9459288107961236,2,af652954-95f0-4406-a5bc-aa1e6d19bfe4,Lagepriore
0.9362058028089016,0.82705086972863,True,0.4791017032158194,0.22004544005102042,False,0.40896045918367346,0.9459288107961236,2,af652954-95f0-4406-a5bc-aa1e6d19bfe4,Lungenkarte
0.9117416753400017,0.7292619655669899,False,0.28945942592639334,0.09974888392857142,False,0.3303770727040816,0.9398601398601398,2,af6610f4-df97-4703-a786-cdbfbed483fe,Lagepriore
0.900950314877392,0.6824574303527525,False,0.2580165819390957,0.09974888392857142,False,0.3303770727040816,0.9398601398601398,2,af6610f4-df97-4703-a786-cdbfbed483fe,Lungenkarte
0.9269844199391433,0.8330693351090717,False,0.09015425497804876,0.026426977040816327,False,0.38205516581632654,1.0,2,af9788f6-93e8-4460-aadd-5074c5b3b7fa,Lagepriore
0.9250037900366036,0.7946936547108626,True,0.06574087480062077,0.026426977040816327,False,0.38205516581632654,1.0,2,af9788f6-93e8-4460-aadd-5074c5b3b7fa,Lungenkarte
0.9238865293254026,0.826778978715492,True,0.22776629949361865,0.07154815051020408,False,0.2656847895408163,0.9428969359331476,2,afc7efe2-5df9-4274-8df4-31eefde7b574,Lagepriore
0.903934344567994,0.6023212051132244,False,0.21968013529703082,0.07154815051020408,False,0.2656847895408163,0.9428969359331476,2,afc7efe2-5df9-4274-8df4-31eefde7b574,Lungenkarte
0.9077116869814985,0.6588508742849695,False,0.11037743491415251,0.03559470663265306,False,0.24172911352040816,0.893057110862262,2,afe0a0c8-878e-48b9-bcd8-48526125fcdb,Lagepriore
0.8983610326418862,0.6287342434380269,False,0.11765157997297322,0.03559470663265306,False,0.24172911352040816,0.893057110862262,2,afe0a0c8-878e-48b9-bcd8-48526125fcdb,Lungenkarte
0.9500685118984804,0.9325252155105478,False,0.055021115633153074,0.014668367346938776,False,0.26576450892857145,1.0,2,afe73151-621d-439f-a42f-b970900e2bfa,Lagepriore
0.8896745726044745,0.568729251286334,False,0.04710396466883935,0.014668367346938776,False,0.26576450892857145,1.0,2,afe73151-621d-439f-a42f-b970900e2bfa,Lungenkarte
0.9077004070358233,0.8082080238586549,True,0.2517495723239232,0.08207110969387756,False,0.26737882653061223,0.8433705682370083,2,aff2efe8-0cf0-4789-8ec9-b15d10f32c69,Lagepriore
0.8697435936667982,0.5511766768246729,False,0.22710961357440607,0.08207110969387756,False,0.26737882653061223,0.8433705682370083,2,aff2efe8-0cf0-4789-8ec9-b15d10f32c69,Lungenkarte
0.967855089429869,0.8093689971710304,True,0.07886149704853922,0.01953125,False,0.15927933673469388,1.0,2,b0048d9d-6e9d-4a32-b852-12a696cb677a,Lagepriore
0.9887651704717988,0.9211767436581021,True,0.11505012030162637,0.01953125,False,0.15927933673469388,1.0,2,b0048d9d-6e9d-4a32-b852-12a696cb677a,Lungenkarte
0.7784922250870777,0.5828184556127474,True,0.2989155876595669,0.13514429209183673,False,0.3778101084183674,0.8747972275475594,2,b00b6900-8b72-41db-a443-e1fbce442336,Lagepriore
0.8496838092934993,0.6279277945959518,True,0.29226450562253237,0.13514429209183673,False,0.3778101084183674,0.8747972275475594,2,b00b6900-8b72-41db-a443-e1fbce442336,Lungenkarte
0.8282023998821642,0.6099554160607817,True,0.5263489558843307,0.2524314413265306,False,0.31014827806122447,0.8505447655139744,2,b085cc58-d5b4-4fb7-9879-565c0e8c1198,Lagepriore
0.9446916603069752,0.8461041857018748,True,0.6243441072759107,0.2524314413265306,False,0.31014827806122447,0.8505447655139744,2,b085cc58-d5b4-4fb7-9879-565c0e8c1198,Lungenkarte
0.8820665920610758,0.6994663097163608,True,0.15061111078713452,0.05112005739795918,False,0.33322704081632654,1.0,2,b0b71bfa-9d78-4325-87e9-7b5f03d6cc99,Lagepriore
0.9234680725370072,0.7430757218018554,True,0.14048025590041965,0.05112005739795918,False,0.33322704081632654,1.0,2,b0b71bfa-9d78-4325-87e9-7b5f03d6cc99,Lungenkarte
0.8038743214817407,0.5233844817620121,True,0.4026771266596808,0.19993622448979592,False,0.36477598852040816,0.9647129186602871,2,b12bfc4b-6127-4291-bf50-e1c8750d7a19,Lagepriore
0.9550313299951116,0.8358554498324303,True,0.4837184599217783,0.19993622448979592,False,0.36477598852040816,0.9647129186602871,2,b12bfc4b-6127-4291-bf50-e1c8750d7a19,Lungenkarte
0.9019662583753142,0.7331427491874725,True,0.2839189759778107,0.10172193877551021,False,0.33671476403061223,0.9606191222570533,2,b134c7f3-2f65-4734-93b0-12c482e2b016,Lagepriore
0.9210055925496565,0.7422177195565961,True,0.26496699086106856,0.10172193877551021,False,0.33671476403061223,0.9606191222570533,2,b134c7f3-2f65-4734-93b0-12c482e2b016,Lungenkarte
0.9066921854073864,0.684341870234386,True,0.454220047787911,0.17119738520408162,False,0.2102997448979592,0.8457508731082655,2,b1564fdf-53a6-4629-9253-431690f09c3a,Lagepriore
0.9690413240732545,0.8084531631103865,True,0.6251555684963197,0.17119738520408162,False,0.2102997448979592,0.8457508731082655,2,b1564fdf-53a6-4629-9253-431690f09c3a,Lungenkarte
0.919166235487608,0.7951437062444908,True,0.1991627756446548,0.06248007015306122,False,0.38295200892857145,0.9920255183413078,2,b1831e52-f668-47a9-a900-f42924698045,Lagepriore
0.8982642648391116,0.7115083091169186,False,0.14910403489684915,0.06248007015306122,False,0.38295200892857145,0.9920255183413078,2,b1831e52-f668-47a9-a900-f42924698045,Lungenkarte
0.8501829534841067,0.724563537870182,True,0.14117705648253334,0.05317283163265306,False,0.42428651147959184,1.0,2,b18b104d-6a96-4402-9e0f-64ca63b4f1ec,Lagepriore
0.9390136723126187,0.8444202862319444,True,0.12075218362289526,0.05317283163265306,False,0.42428651147959184,1.0,2,b18b104d-6a96-4402-9e0f-64ca63b4f1ec,Lungenkarte
0.9136434521381156,0.838027071296357,True,0.09987677796461396,0.029336734693877552,False,0.3069395727040816,1.0,2,b1a24561-8456-4032-9ad4-23a6d5a2b999,Lagepriore
0.8779980212097569,0.5761635288590897,False,0.08377141356608053,0.029336734693877552,False,0.3069395727040816,1.0,2,b1a24561-8456-4032-9ad4-23a6d5a2b999,Lungenkarte
0.8167751242186921,0.7018687106585393,False,0.3729142320522619,0.1857063137755102,False,0.6400271045918368,0.9967804249839022,2,b1e65c1c-79cc-4b8b-920e-c972bc296790,Lagepriore
0.8481370206305904,0.7307353323570678,True,0.2839686122841001,0.1857063137755102,False,0.6400271045918368,0.9967804249839022,2,b1e65c1c-79cc-4b8b-920e-c972bc296790,Lungenkarte
0.9237020464006214,0.8030299482104729,False,0.2742636839073637,0.0901626275510204,False,0.42476482780612246,0.9615384615384616,2,b20c86c3-84f9-466a-a405-a0cd7207a84e,Lagepriore
0.8619879674612141,0.6636581240712545,True,0.18815801472543825,0.0901626275510204,False,0.42476482780612246,0.9615384615384616,2,b20c86c3-84f9-466a-a405-a0cd7207a84e,Lungenkarte
0.8615606291094766,0.7073887955754097,True,0.3766294906849238,0.15507413903061223,False,0.3669284119897959,0.9408816347513174,2,b2314db2-44f7-4fea-9a4a-a0d22f518ac6,Lagepriore
0.8886128825664968,0.6388395710352607,False,0.3564789516330731,0.15507413903061223,False,0.3669284119897959,0.9408816347513174,2,b2314db2-44f7-4fea-9a4a-a0d22f518ac6,Lungenkarte
0.9273661151504043,0.8370376736806575,False,0.27571396102600726,0.08936543367346939,False,0.4553372130102041,0.8652988403211418,2,b2368b39-bba3-4458-87ed-70c19cc5917f,Lagepriore
0.7978222934221245,0.6459879652614225,False,0.16152829713150524,0.08936543367346939,False,0.4553372130102041,0.8652988403211418,2,b2368b39-bba3-4458-87ed-70c19cc5917f,Lungenkarte
0.8398762728444136,0.5843509134935486,False,0.1688677366241106,0.0694156568877551,False,0.21010044642857142,0.9804766006316394,2,b24f4b3e-6e1b-4824-af10-270ec5093de3,Lagepriore
0.9708610532487822,0.8317651247262334,True,0.28930595352518257,0.0694156568877551,False,0.21010044642857142,0.9804766006316394,2,b24f4b3e-6e1b-4824-af10-270ec5093de3,Lungenkarte
0.7613765221786625,0.6205037395005654,False,0.10999979336654343,0.06255978954081633,False,0.6275111607142857,0.9964956992672825,2,b2592a14-6876-4e33-a1c3-ab09cd7c774f,Lagepriore
0.8015434332727552,0.673203953416935,False,0.09689305750733467,0.06255978954081633,False,0.6275111607142857,0.9964956992672825,2,b2592a14-6876-4e33-a1c3-ab09cd7c774f,Lungenkarte
0.9547028089684664,0.8849783763943809,True,0.4820265949877165,0.1572265625,False,0.3992944834183674,0.8933958676638357,2,b261b9bd-4ff0-4fb9-a1f4-c7d44a2e45c9,Lagepriore
0.8675500519791325,0.69184021291002,True,0.3258949192475457,0.1572265625,False,0.3992944834183674,0.8933958676638357,2,b261b9bd-4ff0-4fb9-a1f4-c7d44a2e45c9,Lungenkarte
0.9128199363080253,0.7157365067862186,False,0.18799402481016997,0.06010841836734694,False,0.310546875,0.6919761273209549,2,b267ae3f-b52c-403c-be9d-c8ac9070020e,Lagepriore
0.7793213196567698,0.5197821763300149,False,0.12564802719514864,0.06010841836734694,False,0.310546875,0.6919761273209549,2,b267ae3f-b52c-403c-be9d-c8ac9070020e,Lungenkarte
0.8881717065206998,0.6715314020673729,False,0.3869059346153108,0.15043048469387754,False,0.13327088647959184,0.5812135665076842,2,b2d2dacc-918c-4962-9631-3fcc7e94fe16,Lagepriore
0.9340628410812879,0.7402573314436923,True,0.5843583647611043,0.15043048469387754,False,0.13327088647959184,0.5812135665076842,2,b2d2dacc-918c-4962-9631-3fcc7e94fe16,Lungenkarte
0.9671016360321565,0.9207792199395896,True,0.2551238421104439,0.06913663903061225,False,0.38807397959183676,0.9685788411646008,2,b2f5b10a-917c-4080-8046-ec1c9fb9cb39,Lagepriore
0.866329116500593,0.6374420813974796,False,0.1572624826087832,0.06913663903061225,False,0.38807397959183676,0.9685788411646008,2,b2f5b10a-917c-4080-8046-ec1c9fb9cb39,Lungenkarte
0.8388227747585938,0.6640114815561379,False,0.1447017380393371,0.062400350765306124,False,0.4577686543367347,0.9980836793356755,2,b2fca33f-a7d4-4a8e-a6fe-2fcc48b7d1d9,Lagepriore
0.8782087686996477,0.7131873090102802,False,0.12698336311079284,0.062400350765306124,False,0.4577686543367347,0.9980836793356755,2,b2fca33f-a7d4-4a8e-a6fe-2fcc48b7d1d9,Lungenkarte
0.9459450539184819,0.8718432277808406,False,0.15784357154759393,0.04472257653061224,False,0.2710060586734694,0.8114973262032086,2,b31ed450-b8e6-4339-8283-dbb754a9094e,Lagepriore
0.8395192310839048,0.49983675214261064,False,0.11915243155389132,0.04472257653061224,False,0.2710060586734694,0.8114973262032086,2,b31ed450-b8e6-4339-8283-dbb754a9094e,Lungenkarte
0.903496627830624,0.7299297580045465,True,0.5442903365501242,0.21861049107142858,False,0.34941007653061223,0.9362749566961437,2,b329ead1-3d20-43af-b0d9-bc4e98ec2239,Lagepriore
0.949705762255914,0.8161627720508002,True,0.5324825095080865,0.21861049107142858,False,0.34941007653061223,0.9362749566961437,2,b329ead1-3d20-43af-b0d9-bc4e98ec2239,Lungenkarte
0.9404558950982285,0.8728605993687073,False,0.15541714535681658,0.0450813137755102,False,0.3804209183673469,0.8395225464190982,2,b3406349-2336-4782-8f9a-dd2e2f731d7b,Lagepriore
0.8402609152701271,0.6601528476687533,True,0.10008161947838365,0.0450813137755102,False,0.3804209183673469,0.8395225464190982,2,b3406349-2336-4782-8f9a-dd2e2f731d7b,Lungenkarte
0.8321413884276551,0.5849214857873695,False,0.21753097082541437,0.09500558035714286,False,0.3119618941326531,0.8032305433186491,2,b344e7ac-52f9-418c-a5a1-bba1f5b543bf,Lagepriore
0.8461167615858369,0.6365206828204808,False,0.22325282873818836,0.09500558035714286,False,0.3119618941326531,0.8032305433186491,2,b344e7ac-52f9-418c-a5a1-bba1f5b543bf,Lungenkarte
0.8829610609018448,0.6191093612980783,False,0.31340769909650834,0.12049585459183673,False,0.26582429846938777,0.9793251736685412,2,b359c695-5814-4c1e-a7c0-200509182a4f,Lagepriore
0.9747003410442143,0.8726278067268197,True,0.4092276477099444,0.12049585459183673,False,0.26582429846938777,0.9793251736685412,2,b359c695-5814-4c1e-a7c0-200509182a4f,Lungenkarte
0.9268122222449385,0.814301980260194,False,0.2374023769302806,0.07463727678571429,False,0.34408880739795916,0.9743658210947931,2,b37c8b1c-335f-446e-a93a-34bc910dbb7d,Lagepriore
0.9084800337834233,0.7095446062520872,False,0.19503263194209536,0.07463727678571429,False,0.34408880739795916,0.9743658210947931,2,b37c8b1c-335f-446e-a93a-34bc910dbb7d,Lungenkarte
0.6912048679527866,0.42768750388751925,False,0.04966830847822606,0.03766741071428571,False,0.4133450255102041,0.9481481481481482,2,b39fd1cb-b769-453b-84c9-3412d8d1138a,Lagepriore
0.8096158810806949,0.5570461197610377,False,0.0766428880674615,0.03766741071428571,False,0.4133450255102041,0.9481481481481482,2,b39fd1cb-b769-453b-84c9-3412d8d1138a,Lungenkarte
0.8636777363689885,0.708546633593591,True,0.35258634237619413,0.14528858418367346,False,0.30295360331632654,0.8119341563786008,2,b3cbe758-859f-4ace-8968-4953ca48dfc7,Lagepriore
0.8766157392294127,0.6717443186093495,True,0.3585563343730285,0.14528858418367346,False,0.30295360331632654,0.8119341563786008,2,b3cbe758-859f-4ace-8968-4953ca48dfc7,Lungenkarte
0.9245699511311364,0.8159394056943473,False,0.17116949444089938,0.052614795918367346,False,0.3583187181122449,0.9837121212121213,2,b3e5becd-9009-4981-82ab-bbf28f4a834b,Lagepriore
0.9110443329074998,0.7396998787445002,False,0.13499199265165193,0.052614795918367346,False,0.3583187181122449,0.9837121212121213,2,b3e5becd-9009-4981-82ab-bbf28f4a834b,Lungenkarte
0.9472948141422103,0.8471238088883926,True,0.6657928035306316,0.25370695153061223,False,0.2961575255102041,0.8714061272584446,2,b3ff1c40-552b-44f9-9cc9-4362905f5eef,Lagepriore
0.9623919192524378,0.8889544776142798,True,0.6740630423749209,0.25370695153061223,False,0.2961575255102041,0.8714061272584446,2,b3ff1c40-552b-44f9-9cc9-4362905f5eef,Lungenkarte
0.9109904357051706,0.7501225522515989,False,0.1533626581839509,0.049525669642857144,False,0.2624561543367347,0.6313883299798793,2,b3ffee84-ce9e-43e5-879a-86fef0e875a2,Lagepriore
0.783239252250413,0.5337071987428847,False,0.10922038068915944,0.049525669642857144,False,0.2624561543367347,0.6313883299798793,2,b3ffee84-ce9e-43e5-879a-86fef0e875a2,Lungenkarte
0.9458913360725558,0.8671182555894003,True,0.7760508178115042,0.33779097576530615,False,0.3833705357142857,0.8685468169213523,2,b402b80c-0be4-4c25-80be-d9ace219c83b,Lagepriore
0.9501072131823923,0.8543605939428708,True,0.700339916447714,0.33779097576530615,False,0.3833705357142857,0.8685468169213523,2,b402b80c-0be4-4c25-80be-d9ace219c83b,Lungenkarte
0.9039290282362995,0.8347362064258627,True,0.6243933108137714,0.2733577806122449,False,0.42550223214285715,0.9231554389034704,2,b457ca36-8d41-4382-8488-b74f944e8a6e,Lagepriore
0.9327089999195337,0.8437643626628363,True,0.5475847551859817,0.2733577806122449,False,0.42550223214285715,0.9231554389034704,2,b457ca36-8d41-4382-8488-b74f944e8a6e,Lungenkarte
0.9672784620740463,0.9420650072292486,True,0.697834687301013,0.26171875,False,0.32997847576530615,0.8272921108742004,2,b468a5c0-3e86-46d9-84f1-8a0dea47c854,Lagepriore
0.9244983945378914,0.8264055433163793,True,0.6055622204363057,0.26171875,False,0.32997847576530615,0.8272921108742004,2,b468a5c0-3e86-46d9-84f1-8a0dea47c854,Lungenkarte
0.9483631373559283,0.9112349058681586,True,0.5127322914930929,0.17695711096938777,False,0.34883211096938777,0.8699177835341818,2,b479635e-4c58-4d27-879b-fb0e87b2a1aa,Lagepriore
0.8974072422611344,0.7267460898810368,True,0.408985156604627,0.17695711096938777,False,0.34883211096938777,0.8699177835341818,2,b479635e-4c58-4d27-879b-fb0e87b2a1aa,Lungenkarte
0.9519717547061073,0.8679454482207024,True,0.25836869125834067,0.07427853954081633,False,0.3699976084183674,0.9892675073785887,2,b47a751f-a3d5-4c63-a738-ca2b7761c58a,Lagepriore
0.8945100027280642,0.6798860640086062,False,0.18147216368756813,0.07427853954081633,False,0.3699976084183674,0.9892675073785887,2,b47a751f-a3d5-4c63-a738-ca2b7761c58a,Lungenkarte
0.9686787182370155,0.9251343039757683,False,0.0691370320060369,0.01721938775510204,False,0.33085538903061223,1.0,2,b4857f8b-e6af-44da-84d3-ba3608ca7cb2,Lagepriore
0.9282405177651898,0.7752779557612515,False,0.049542697954293335,0.01721938775510204,False,0.33085538903061223,1.0,2,b4857f8b-e6af-44da-84d3-ba3608ca7cb2,Lungenkarte
0.9291620507199254,0.8766861722646095,False,0.08559259836952336,0.025111607142857144,False,0.2977917729591837,0.6706349206349206,2,b489923b-d8be-4e8d-8620-bea0343a2f67,Lagepriore
0.7746711239351685,0.449058992366079,False,0.05370491233278658,0.025111607142857144,False,0.2977917729591837,0.6706349206349206,2,b489923b-d8be-4e8d-8620-bea0343a2f67,Lungenkarte
0.9272147695199477,0.7692236530923939,True,0.6331255113692692,0.25647720025510207,False,0.2755500637755102,0.7386743336700599,2,b4989ff4-3c1f-4de9-8df1-cd50c211273a,Lagepriore
0.8815059586814379,0.8687544440743078,True,0.6259786190410227,0.25647720025510207,False,0.2755500637755102,0.7386743336700599,2,b4989ff4-3c1f-4de9-8df1-cd50c211273a,Lungenkarte
0.6652371187500857,0.3949764907540184,False,0.11777386132057541,0.09620137117346939,False,0.48690609056122447,0.8877149368137559,2,b4ad7f93-d7fc-4c48-a164-8da23cb88cc1,Lagepriore
0.7422536013230137,0.5143772977682984,False,0.15712459570143902,0.09620137117346939,False,0.48690609056122447,0.8877149368137559,2,b4ad7f93-d7fc-4c48-a164-8da23cb88cc1,Lungenkarte
0.9335005691081127,0.8882210568627575,True,0.29557458218925264,0.09159757653061225,False,0.2919124681122449,0.6523063533507397,2,b4ae5b1d-2d5e-422a-9388-36f4645d21c7,Lagepriore
0.7906402456721624,0.6711400899022675,False,0.1957403708264539,0.09159757653061225,False,0.2919124681122449,0.6523063533507397,2,b4ae5b1d-2d5e-422a-9388-36f4645d21c7,Lungenkarte
0.9604650220898969,0.877994217824028,True,0.662174403632615,0.24334343112244897,False,0.3622249681122449,0.8977067977067977,2,b4bc431b-d3f5-488a-9eab-3347264e2141,Lagepriore
0.9298851718398154,0.7880760015972146,True,0.548630930059077,0.24334343112244897,False,0.3622249681122449,0.8977067977067977,2,b4bc431b-d3f5-488a-9eab-3347264e2141,Lungenkarte
0.9832110793813139,0.9501444737264318,True,0.3803846663993563,0.10524952168367346,False,0.3294204400510204,0.8668812724862716,2,b5017804-ddc0-44fa-8d64-15628c25e031,Lagepriore
0.8802027786900525,0.6965467683151666,True,0.2599107704915875,0.10524952168367346,False,0.3294204400510204,0.8668812724862716,2,b5017804-ddc0-44fa-8d64-15628c25e031,Lungenkarte
0.9338321545701064,0.7804643664353791,False,0.18055598715393953,0.053810586734693876,False,0.28551498724489793,0.7759259259259259,2,b50cbd3a-14cb-46bf-aaff-ae2cdaeef739,Lagepriore
0.8183535306728078,0.5052532699395038,False,0.12847853997106135,0.053810586734693876,False,0.28551498724489793,0.7759259259259259,2,b50cbd3a-14cb-46bf-aaff-ae2cdaeef739,Lungenkarte
0.9000337400095568,0.8658450308637428,True,0.8562865596811191,0.4709422831632653,False,0.5257892219387755,0.870207363520948,2,b524542b-1779-4871-9574-7ff72b296503,Lagepriore
0.90625623583193,0.8111746616639184,True,0.7262396785464517,0.4709422831632653,False,0.5257892219387755,0.870207363520948,2,b524542b-1779-4871-9574-7ff72b296503,Lungenkarte
0.9204132599779661,0.8010816600863973,True,0.6460375947756712,0.2603236607142857,False,0.3265904017857143,0.8371612310519063,2,b52a0018-ca5a-4e53-ab33-b9259b4e6271,Lagepriore
0.9207968913633757,0.844673034582729,True,0.60616450924403,0.2603236607142857,False,0.3265904017857143,0.8371612310519063,2,b52a0018-ca5a-4e53-ab33-b9259b4e6271,Lungenkarte
0.9338777680527334,0.7740511988755819,False,0.13212394937905472,0.03892299107142857,False,0.3171436543367347,1.0,2,b53bf210-ecc9-4f18-a42f-dfcb87fe1c24,Lagepriore
0.9637039237798614,0.8747060946571068,False,0.11998640378711839,0.03892299107142857,False,0.3171436543367347,1.0,2,b53bf210-ecc9-4f18-a42f-dfcb87fe1c24,Lungenkarte
0.8615646722471584,0.6764977470938868,False,0.06413426339612026,0.02285953443877551,False,0.3328882334183674,1.0,2,b54c5581-bb40-4c19-9d5a-3be944ef8132,Lagepriore
0.9000389659604515,0.6850917225007919,False,0.06303703612969805,0.02285953443877551,False,0.3328882334183674,1.0,2,b54c5581-bb40-4c19-9d5a-3be944ef8132,Lungenkarte
0.7777591597426103,0.5064133180932849,True,0.12830749347344517,0.0623405612244898,False,0.30514588647959184,0.9267902813299232,2,b565e2e7-cc3d-4fd3-8354-0ad7655f6200,Lagepriore
0.8927049077266032,0.667073361000943,False,0.16961897793459363,0.0623405612244898,False,0.30514588647959184,0.9267902813299232,2,b565e2e7-cc3d-4fd3-8354-0ad7655f6200,Lungenkarte
0.9487902414814576,0.8542502850701915,True,0.40971169673363694,0.1312579719387755,False,0.2347735969387755,0.8883996355906468,2,b58e15a4-085f-4d55-91e6-7d219ff570b5,Lagepriore
0.9388535919867841,0.7083573179911469,True,0.4340837881315222,0.1312579719387755,False,0.2347735969387755,0.8883996355906468,2,b58e15a4-085f-4d55-91e6-7d219ff570b5,Lungenkarte
0.9125851876400571,0.7527378759572692,True,0.14243345103269658,0.0439453125,False,0.3198939732142857,0.9981859410430839,2,b59e042d-0ec6-455a-82c8-658ccb24e614,Lagepriore
0.9035080765679907,0.6686122323787842,False,0.1230603877005602,0.0439453125,False,0.3198939732142857,0.9981859410430839,2,b59e042d-0ec6-455a-82c8-658ccb24e614,Lungenkarte
0.8509534552569908,0.6383071694229382,True,0.47470830827389726,0.20519770408163265,False,0.31409438775510207,0.8062354312354313,2,b5c3e1a0-d4ba-413f-b571-809ee8aedf19,Lagepriore
0.8806761107428736,0.6844068297771867,True,0.4680581314518214,0.20519770408163265,False,0.31409438775510207,0.8062354312354313,2,b5c3e1a0-d4ba-413f-b571-809ee8aedf19,Lungenkarte
0.9323325466754536,0.7284781722832088,True,0.31978277053376214,0.103515625,False,0.23977598852040816,0.8617635733538699,2,b606ef06-60ed-48b2-b450-b689fee2097a,Lagepriore
0.927316115339303,0.7484943302289022,True,0.33310629377062884,0.103515625,False,0.23977598852040816,0.8617635733538699,2,b606ef06-60ed-48b2-b450-b689fee2097a,Lungenkarte
0.970072494797798,0.9250670301362475,True,0.49788365395361417,0.15615035076530612,False,0.3028938137755102,0.8656030631780472,2,b60b8b4f-2130-42a6-b476-d9e1d80e3ad8,Lagepriore
0.9028700820534383,0.6752089341558342,True,0.4065319447231246,0.15615035076530612,False,0.3028938137755102,0.8656030631780472,2,b60b8b4f-2130-42a6-b476-d9e1d80e3ad8,Lungenkarte
0.9752373351369569,0.9154338332109977,True,0.5270902721752087,0.16545758928571427,False,0.38919005102040816,0.9884365213201638,2,b61d9cc8-6726-44a7-8897-c6c5c7c3ad5e,Lagepriore
0.9528910261546015,0.8354882746145954,True,0.39427041280232905,0.16545758928571427,False,0.38919005102040816,0.9884365213201638,2,b61d9cc8-6726-44a7-8897-c6c5c7c3ad5e,Lungenkarte
0.9825704866533828,0.9371336052396971,True,0.11810530497305116,0.028280452806122448,False,0.26859454719387754,1.0,2,b6271674-f13d-4087-ae03-d6ae35381dfc,Lagepriore
0.939113117426929,0.754911865377946,False,0.09624350018263689,0.028280452806122448,False,0.26859454719387754,1.0,2,b6271674-f13d-4087-ae03-d6ae35381dfc,Lungenkarte
0.8961663152337355,0.6878479514396572,True,0.23010041241928908,0.08083545918367346,False,0.3139150191326531,0.998767258382643,2,b75a77fe-d336-4c9f-994f-3d158521fa28,Lagepriore
0.964219324406274,0.8609584950007068,True,0.24193226465157797,0.08083545918367346,False,0.3139150191326531,0.998767258382643,2,b75a77fe-d336-4c9f-994f-3d158521fa28,Lungenkarte
0.8938328962469534,0.6895206973134408,True,0.4509960248885918,0.1759406887755102,False,0.27754304846938777,0.8785681921159946,2,b75aac14-6da7-4b40-9e68-674f50c98a3a,Lagepriore
0.9438593312263884,0.8550247291164973,True,0.5099245725838079,0.1759406887755102,False,0.27754304846938777,0.8785681921159946,2,b75aac14-6da7-4b40-9e68-674f50c98a3a,Lungenkarte
0.9048378118159812,0.7502861731130108,True,0.20951781393969468,0.07003348214285714,False,0.34452726403061223,0.9786568013659647,2,b7d63692-4cef-440d-a07d-49ceca4724ae,Lagepriore
0.9109639193856779,0.7198786761228838,True,0.1803203785643418,0.07003348214285714,False,0.34452726403061223,0.9786568013659647,2,b7d63692-4cef-440d-a07d-49ceca4724ae,Lungenkarte
0.8384675866716598,0.6996890178546759,True,0.5221838663564227,0.26405054209183676,False,0.4353874362244898,0.9534304475809495,2,b7f73ec9-32a6-4b6d-8cf7-0ea7af92db07,Lagepriore
0.9528917551944025,0.880539359797912,True,0.536067162846637,0.26405054209183676,False,0.4353874362244898,0.9534304475809495,2,b7f73ec9-32a6-4b6d-8cf7-0ea7af92db07,Lungenkarte
0.9277116708245556,0.7819499032005203,True,0.6270116362752978,0.25231186224489793,False,0.3295798788265306,0.8191153238546603,2,b7fd3d35-e5a4-484c-9f2a-83a72cb88d2b,Lagepriore
0.909830138614265,0.8244068070651346,True,0.5751308753508146,0.25231186224489793,False,0.3295798788265306,0.8191153238546603,2,b7fd3d35-e5a4-484c-9f2a-83a72cb88d2b,Lungenkarte
0.9544132053546394,0.9018578107971219,True,0.775290369539294,0.32637117346938777,False,0.307796556122449,0.7645945285784074,2,b7fe2048-abe7-4f69-b82a-ed93c354a8aa,Lagepriore
0.9365176064048124,0.887226175727822,True,0.7363289625013625,0.32637117346938777,False,0.307796556122449,0.7645945285784074,2,b7fe2048-abe7-4f69-b82a-ed93c354a8aa,Lungenkarte
0.8621760845472536,0.5687951425040052,True,0.3972027918432034,0.16721141581632654,False,0.2993662308673469,0.8746126340882002,2,b7fecc2a-df32-457b-bfa7-141769dd48e7,Lagepriore
0.9310354843371017,0.819165970737375,True,0.4440840792754678,0.16721141581632654,False,0.2993662308673469,0.8746126340882002,2,b7fecc2a-df32-457b-bfa7-141769dd48e7,Lungenkarte
0.9884188416730708,0.972705705727752,True,0.0704414840292358,0.016063456632653062,False,0.35287786989795916,1.0,2,b8131ece-c783-4814-9ce7-c0edfc2c9c64,Lagepriore
0.9377873740143173,0.8182581452714112,False,0.04366413232605704,0.016063456632653062,False,0.35287786989795916,1.0,2,b8131ece-c783-4814-9ce7-c0edfc2c9c64,Lungenkarte
0.7592032493987926,0.5160773685803914,True,0.18818885804911378,0.09054129464285714,False,0.3384486607142857,0.8542813119084306,2,b829458e-0a00-4d7f-9b19-0efd59f2cd7a,Lagepriore
0.8327717463562508,0.5381042034414371,False,0.204938096168853,0.09054129464285714,False,0.3384486607142857,0.8542813119084306,2,b829458e-0a00-4d7f-9b19-0efd59f2cd7a,Lungenkarte
0.8456605503534492,0.7599788932372319,True,0.45793919070158917,0.20196906887755103,False,0.4170519770408163,0.8900730215117426,2,b87a09c7-b7fa-4869-b7aa-0b2a395a4215,Lagepriore
0.8769694512196967,0.7322054867712826,True,0.39954486073721157,0.20196906887755103,False,0.4170519770408163,0.8900730215117426,2,b87a09c7-b7fa-4869-b7aa-0b2a395a4215,Lungenkarte
0.9473007502871704,0.8548843456861727,True,0.127585020086487,0.03515625,False,0.3044483418367347,1.0,2,b8834f0f-8ea8-4ceb-8ce5-d5dcb9569fb4,Lagepriore
0.9561184711704506,0.8430565079297951,True,0.11008534006531558,0.03515625,False,0.3044483418367347,1.0,2,b8834f0f-8ea8-4ceb-8ce5-d5dcb9569fb4,Lungenkarte
0.8902046991301561,0.7883657204113674,True,0.7222755597048617,0.3329280931122449,False,0.368343431122449,0.8293325351691111,2,b8a2e49e-c1fc-4a78-96dd-0ee4f835eaaa,Lagepriore
0.9349375597191263,0.8845107778501047,True,0.6878169705508396,0.3329280931122449,False,0.368343431122449,0.8293325351691111,2,b8a2e49e-c1fc-4a78-96dd-0ee4f835eaaa,Lungenkarte
0.9007420556484209,0.7390123580950985,True,0.23325063442166954,0.07684948979591837,False,0.21611926020408162,0.9260892116182573,2,b8c6fd19-ac22-441f-8d13-d7433934baf2,Lagepriore
0.952441468536574,0.7841956434194625,True,0.2952129380743545,0.07684948979591837,False,0.21611926020408162,0.9260892116182573,2,b8c6fd19-ac22-441f-8d13-d7433934baf2,Lungenkarte
0.9411743596214592,0.8404126130413586,False,0.26298749606826477,0.07991868622448979,False,0.3773915816326531,0.9341645885286783,2,b8eef91b-bbe7-443c-9e05-b756108d7344,Lagepriore
0.8757276543943179,0.6812415578152795,False,0.18452001941716176,0.07991868622448979,False,0.3773915816326531,0.9341645885286783,2,b8eef91b-bbe7-443c-9e05-b756108d7344,Lungenkarte
0.908821073591062,0.7934566730588792,False,0.26221803956016526,0.08522002551020408,False,0.24428013392857142,0.9438727782974743,2,b950ffe8-3423-46ea-b4dc-14064fa60587,Lagepriore
0.9376832516085116,0.7081901645680302,False,0.28970365370461615,0.08522002551020408,False,0.24428013392857142,0.9438727782974743,2,b950ffe8-3423-46ea-b4dc-14064fa60587,Lungenkarte
0.8181896324491769,0.5773008213999241,False,0.5287943900708395,0.2995655293367347,False,0.4807676977040816,0.8230323997072716,2,b9597e03-5069-42d8-b9f4-24d30086c5ab,Lagepriore
0.8099661893801892,0.6423280975803718,True,0.4797840441401137,0.2995655293367347,False,0.4807676977040816,0.8230323997072716,2,b9597e03-5069-42d8-b9f4-24d30086c5ab,Lungenkarte
0.9142953905254181,0.852275477661986,True,0.4484109222647424,0.16157126913265307,False,0.3743223852040816,0.8796102133958308,2,b97b78b8-bcb0-4694-aa55-d3ca9c4396df,Lagepriore
0.8823304063223439,0.7336802454876571,True,0.3573683971102745,0.16157126913265307,False,0.3743223852040816,0.8796102133958308,2,b97b78b8-bcb0-4694-aa55-d3ca9c4396df,Lungenkarte
0.9296021482644193,0.8636872601567926,True,0.5039124470993841,0.18160076530612246,False,0.5502630739795918,0.9410667251975418,2,b997fc0a-eb76-40c3-8924-4b2ecf0d49a6,Lagepriore
0.8365305177066159,0.7114798288560048,True,0.2908221261249402,0.18160076530612246,False,0.5502630739795918,0.9410667251975418,2,b997fc0a-eb76-40c3-8924-4b2ecf0d49a6,Lungenkarte
0.9019163866738759,0.7510899329890179,True,0.20196440528695958,0.0673828125,False,0.3425342793367347,0.9571132800946466,2,b9adb158-7467-4c25-90a8-a356b2dc1b06,Lagepriore
0.8976504086445758,0.6953091227206223,False,0.1719297504835807,0.0673828125,False,0.3425342793367347,0.9571132800946466,2,b9adb158-7467-4c25-90a8-a356b2dc1b06,Lungenkarte
0.9563987819184891,0.874291740620838,True,0.6236812919095184,0.22568558673469388,False,0.24424027423469388,0.7737548569410102,2,b9b618f9-89f8-4a4d-8eff-ccbf4bef0b16,Lagepriore
0.9312716469655444,0.887137777037755,True,0.6313987554523854,0.22568558673469388,False,0.24424027423469388,0.7737548569410102,2,b9b618f9-89f8-4a4d-8eff-ccbf4bef0b16,Lungenkarte
0.861044296767059,0.6346090053274562,True,0.4806188378627307,0.20647321428571427,False,0.30098054846938777,0.9163127413127413,2,b9c412cd-9953-427b-97fc-e97cfbd1b465,Lagepriore
0.9589731066477224,0.8310868709839533,True,0.5658340388888883,0.20647321428571427,False,0.30098054846938777,0.9163127413127413,2,b9c412cd-9953-427b-97fc-e97cfbd1b465,Lungenkarte
0.9538766504328139,0.8978892239629188,True,0.6644782276089923,0.2476482780612245,False,0.24123086734693877,0.7711250603573153,2,b9cd73cb-2dfc-4c9b-9ea0-61c0d0b10a87,Lagepriore
0.9520553251407271,0.8240481880925625,True,0.6993132162684655,0.2476482780612245,False,0.24123086734693877,0.7711250603573153,2,b9cd73cb-2dfc-4c9b-9ea0-61c0d0b10a87,Lungenkarte
0.9089068794027073,0.7319865524093225,True,0.37267063924587046,0.1311981823979592,False,0.20693160076530612,0.8635880297736594,2,b9e89b84-5cb2-4005-b654-a3e13c544923,Lagepriore
0.9484788047047775,0.7439837420291124,True,0.47628221465121917,0.1311981823979592,False,0.20693160076530612,0.8635880297736594,2,b9e89b84-5cb2-4005-b654-a3e13c544923,Lungenkarte
0.9069299076153068,0.6307880405282089,True,0.44258130102426524,0.1677295918367347,False,0.2751514668367347,0.9388070342205324,2,ba07114f-788c-4779-98cd-1190bfb6bdc2,Lagepriore
0.9635767013069432,0.8333781905869213,True,0.5175582875077566,0.1677295918367347,False,0.2751514668367347,0.9388070342205324,2,ba07114f-788c-4779-98cd-1190bfb6bdc2,Lungenkarte
0.745437300635435,0.5219434800593039,False,0.050708010614983486,0.031090561224489797,False,0.36094945790816324,1.0,2,ba14333d-9629-4a0f-9517-b5899fecbe89,Lagepriore
0.9518743367699987,0.858638315292747,True,0.08410183193501705,0.031090561224489797,False,0.36094945790816324,1.0,2,ba14333d-9629-4a0f-9517-b5899fecbe89,Lungenkarte
0.9491994050206526,0.9378795706595282,False,0.23104209888087926,0.0673828125,False,0.27893813775510207,0.8742975451049986,2,ba1e3912-82c7-4e15-9c46-46fbf780b2d9,Lagepriore
0.8766601346866532,0.5950183151193348,False,0.18911682562186122,0.0673828125,False,0.27893813775510207,0.8742975451049986,2,ba1e3912-82c7-4e15-9c46-46fbf780b2d9,Lungenkarte
0.8673936160944212,0.6853505236474136,True,0.5323951867635058,0.24469866071428573,False,0.2692323022959184,0.8231796709561818,2,ba3766e2-8065-45ab-a8a3-a5e5d81d5c15,Lagepriore
0.951996640771792,0.8781010413734708,True,0.6648952810774837,0.24469866071428573,False,0.2692323022959184,0.8231796709561818,2,ba3766e2-8065-45ab-a8a3-a5e5d81d5c15,Lungenkarte
0.8257811676758076,0.4685726547683796,False,0.29629147690263974,0.14030612244897958,False,0.2937858737244898,0.9123579545454545,2,ba452891-fb43-48bf-9019-855556b48f91,Lagepriore
0.9252230112977771,0.7174618111898523,True,0.3994386973294727,0.14030612244897958,False,0.2937858737244898,0.9123579545454545,2,ba452891-fb43-48bf-9019-855556b48f91,Lungenkarte
0.9084504164722542,0.817818099931396,True,0.7424024182152328,0.3401626275510204,False,0.42420679209183676,0.8706351066322944,2,ba5c9439-e386-4cea-90bf-643272f3b822,Lagepriore
0.9229538779052889,0.8376554037423213,True,0.6474436938741858,0.3401626275510204,False,0.42420679209183676,0.8706351066322944,2,ba5c9439-e386-4cea-90bf-643272f3b822,Lungenkarte
0.9051309198789357,0.789447381280437,True,0.6462179239677259,0.270687181122449,False,0.33510044642857145,0.8115888676189074,2,bac6c0e9-9e87-4d76-92a6-e9b0b11983e9,Lagepriore
0.9012257789584472,0.6852115448533985,True,0.6006075874742539,0.270687181122449,False,0.33510044642857145,0.8115888676189074,2,bac6c0e9-9e87-4d76-92a6-e9b0b11983e9,Lungenkarte
0.9085750244412681,0.7773270605245145,False,0.17209932145062184,0.0556640625,False,0.4102160395408163,1.0,2,baf8fe18-a7ca-4e9c-b3dc-5c80d474545b,Lagepriore
0.900449422524295,0.7351442727915106,False,0.12823252188469766,0.0556640625,False,0.4102160395408163,1.0,2,baf8fe18-a7ca-4e9c-b3dc-5c80d474545b,Lungenkarte
0.8973792509272607,0.7541994673389997,True,0.48740964951566645,0.19567123724489796,False,0.3227638711734694,0.7860052963943777,2,bb3857ed-9f85-4afc-96ee-c8b6b637490c,Lagepriore
0.8696685822007113,0.7548958325022256,True,0.4459748276812979,0.19567123724489796,False,0.3227638711734694,0.7860052963943777,2,bb3857ed-9f85-4afc-96ee-c8b6b637490c,Lungenkarte
0.8581056055715434,0.6681298319814366,True,0.3420428344133429,0.14301658163265307,False,0.36146763392857145,0.8124303232998885,2,bb4074e6-6327-44cd-b356-9ad42342e076,Lagepriore
0.825739836924114,0.6129171352509505,True,0.2970993584712502,0.14301658163265307,False,0.36146763392857145,0.8124303232998885,2,bb4074e6-6327-44cd-b356-9ad42342e076,Lungenkarte
0.9813849224608242,0.939725199364271,True,0.7812101966937938,0.30725845025510207,False,0.37978316326530615,0.8805863657002011,2,bb50d849-8c22-4e5a-8607-a14c01772941,Lagepriore
0.9424579456251381,0.8748161942608037,True,0.6530034467854086,0.30725845025510207,False,0.37978316326530615,0.8805863657002011,2,bb50d849-8c22-4e5a-8607-a14c01772941,Lungenkarte
0.9237122194978793,0.8916915697233413,False,0.1397125230802657,0.04197225765306122,False,0.27796157525510207,0.6244064577397911,2,bb65756f-f78d-412a-b5e6-c7fe81c9eb4b,Lagepriore
0.7633923531902174,0.4327286666490078,False,0.08637860459251173,0.04197225765306122,False,0.27796157525510207,0.6244064577397911,2,bb65756f-f78d-412a-b5e6-c7fe81c9eb4b,Lungenkarte
0.8325382247195738,0.5648667355528709,False,0.12278315887563056,0.048728475765306124,False,0.19483418367346939,0.9995910020449897,2,bbadc8c2-77eb-420e-af31-a238a11856e8,Lagepriore
0.9803249627610151,0.8733904602205609,True,0.22717535055979565,0.048728475765306124,False,0.19483418367346939,0.9995910020449897,2,bbadc8c2-77eb-420e-af31-a238a11856e8,Lungenkarte
0.8748784176427167,0.7561906100197343,True,0.24323220467834503,0.0918765943877551,False,0.373226243622449,1.0,2,bbcf427f-7155-4a51-b4f9-0797380e8e58,Lagepriore
0.9327989254080016,0.7836615351377864,True,0.23364609230224673,0.0918765943877551,False,0.373226243622449,1.0,2,bbcf427f-7155-4a51-b4f9-0797380e8e58,Lungenkarte
0.836677919948575,0.5865423358574043,True,0.4687915390501861,0.22409119897959184,False,0.38871173469387754,0.9284062611170402,2,bbd92872-acee-4b27-98b7-07faa4e90919,Lagepriore
0.9116403310346406,0.7119177062425595,True,0.4887585990029966,0.22409119897959184,False,0.38871173469387754,0.9284062611170402,2,bbd92872-acee-4b27-98b7-07faa4e90919,Lungenkarte
0.8581283610001768,0.7236748563983707,True,0.571115362764018,0.26486766581632654,False,0.3101283482142857,0.8563581640331076,2,bbe162a9-d342-4bd1-a1b5-287916470250,Lagepriore
0.9481652333974154,0.8857192525610341,True,0.6537856777484802,0.26486766581632654,False,0.3101283482142857,0.8563581640331076,2,bbe162a9-d342-4bd1-a1b5-287916470250,Lungenkarte
0.9413105011961688,0.8073127366520586,True,0.29077346474221766,0.08872767857142858,False,0.341617506377551,0.5918688230008985,2,bc03768e-ae96-4627-b65a-4458abc9ca62,Lagepriore
0.7265264872370282,0.6248808122582791,True,0.1524544635313715,0.08872767857142858,False,0.341617506377551,0.5918688230008985,2,bc03768e-ae96-4627-b65a-4458abc9ca62,Lungenkarte
0.9300122319731527,0.8060058444475187,True,0.32151122737926296,0.10522959183673469,False,0.39042570153061223,0.9517045454545454,2,bc376e0b-3c4f-414c-b2e7-1a085e87976a,Lagepriore
0.8886162877775438,0.703731121256061,False,0.23428227087565331,0.10522959183673469,False,0.39042570153061223,0.9517045454545454,2,bc376e0b-3c4f-414c-b2e7-1a085e87976a,Lungenkarte
0.794189561636879,0.5006909099903878,False,0.08787505882522197,0.043845663265306124,False,0.36439732142857145,0.9186363636363636,2,bc43dbd7-03e5-450d-aa3c-d0efed12a8f9,Lagepriore
0.830673897554838,0.5646767175001293,False,0.09987199042924418,0.043845663265306124,False,0.36439732142857145,0.9186363636363636,2,bc43dbd7-03e5-450d-aa3c-d0efed12a8f9,Lungenkarte
0.9689515704025596,0.9170494572526191,True,0.12202688420469358,0.030970982142857144,False,0.3095703125,1.0,2,bc6dbf80-6754-4d9e-8bd8-2c225594cf7c,Lagepriore
0.9361018300130225,0.7780866234081771,False,0.09410106993549675,0.030970982142857144,False,0.3095703125,1.0,2,bc6dbf80-6754-4d9e-8bd8-2c225594cf7c,Lungenkarte
0.9687284801567334,0.9354786858827411,True,0.12016813917329176,0.0302734375,False,0.3213687818877551,0.9986833443054641,2,bc84827e-f1af-43c8-a787-961139eb9940,Lagepriore
0.8983806558310262,0.6637217053026633,False,0.08492934942712564,0.0302734375,False,0.3213687818877551,0.9986833443054641,2,bc84827e-f1af-43c8-a787-961139eb9940,Lungenkarte
0.7906432685223833,0.5436668982766585,True,0.42174482027955446,0.22313456632653061,False,0.27558992346938777,0.8321722043586995,2,bc98df56-4ee4-48a7-b8ad-d54f814cc806,Lagepriore
0.9394232341463299,0.7984484018137292,True,0.6067299710756485,0.22313456632653061,False,0.27558992346938777,0.8321722043586995,2,bc98df56-4ee4-48a7-b8ad-d54f814cc806,Lungenkarte
0.9679555535510317,0.8797253828075302,True,0.3513063116496007,0.10044642857142858,False,0.2963767538265306,0.7876984126984127,2,bca2cc4f-0482-4a86-9bee-2ed85b8dbd75,Lagepriore
0.8625951841137613,0.7037743746847341,True,0.25112713017079014,0.10044642857142858,False,0.2963767538265306,0.7876984126984127,2,bca2cc4f-0482-4a86-9bee-2ed85b8dbd75,Lungenkarte
0.7772262150326458,0.42849549714669144,True,0.20470991983637915,0.10056600765306123,False,0.2190888073979592,0.8686087990487514,2,bca35324-a10c-435e-8af3-c14753706834,Lagepriore
0.9351587882067738,0.7075018733844108,True,0.34662948130335514,0.10056600765306123,False,0.2190888073979592,0.8686087990487514,2,bca35324-a10c-435e-8af3-c14753706834,Lungenkarte
0.9661738637381774,0.875301309314726,True,0.5373653111345291,0.17506377551020408,False,0.30855389030612246,0.9151867030965392,2,bcaa09e2-c80d-40b6-b3e7-73edd34cf994,Lagepriore
0.9454619634048412,0.8097974594060859,True,0.4716466158094004,0.17506377551020408,False,0.30855389030612246,0.9151867030965392,2,bcaa09e2-c80d-40b6-b3e7-73edd34cf994,Lungenkarte
0.9466015910349039,0.8525370175087663,True,0.7636036892150667,0.33482142857142855,False,0.39317602040816324,0.830654761904762,2,bcbf06b4-ed44-48aa-a498-a7147c063d4d,Lagepriore
0.9150283012743688,0.9022818948063928,True,0.6534227416884112,0.33482142857142855,False,0.39317602040816324,0.830654761904762,2,bcbf06b4-ed44-48aa-a498-a7147c063d4d,Lungenkarte
0.9749436342486244,0.9261853449605335,True,0.05435008802706108,0.01287468112244898,False,0.2629344706632653,1.0,2,bcc62394-8f62-47a6-a67a-316558298c49,Lagepriore
0.928266056972695,0.7168261577952965,False,0.04522938312671301,0.01287468112244898,False,0.2629344706632653,1.0,2,bcc62394-8f62-47a6-a67a-316558298c49,Lungenkarte
0.897641213160856,0.6729888818850538,True,0.37556896226975883,0.13675860969387754,False,0.25912786989795916,0.9443310988050131,2,bcfbbdcc-f648-4e72-931b-1747f502eb35,Lagepriore
0.9542996081281938,0.768109622322926,True,0.447246156154286,0.13675860969387754,False,0.25912786989795916,0.9443310988050131,2,bcfbbdcc-f648-4e72-931b-1747f502eb35,Lungenkarte
0.9555659080287272,0.8548380817328636,True,0.3623236173012775,0.1096938775510204,False,0.2735172193877551,0.8039607558139535,2,bd25f8f0-311f-4373-af5f-25ad7e140344,Lagepriore
0.8719946133698805,0.6499210837931058,True,0.2896107667548509,0.1096938775510204,False,0.2735172193877551,0.8039607558139535,2,bd25f8f0-311f-4373-af5f-25ad7e140344,Lungenkarte
0.9304932633664044,0.8129431638725872,True,0.5190859579911156,0.1904894770408163,False,0.2778220663265306,0.9069889098137686,2,bd8facb9-dce0-4048-8249-e6078b28e1b7,Lagepriore
0.9635136332818861,0.8611803630032709,True,0.5611644393290792,0.1904894770408163,False,0.2778220663265306,0.9069889098137686,2,bd8facb9-dce0-4048-8249-e6078b28e1b7,Lungenkarte
0.8994513657156358,0.7636725567108809,False,0.22557416884123105,0.07952008928571429,False,0.39710220025510207,0.8032581453634086,2,bd912d93-28c5-47df-8971-8ca9bbc1feb9,Lagepriore
0.7685154025235436,0.5489028805171345,False,0.14657185765630695,0.07952008928571429,False,0.39710220025510207,0.8032581453634086,2,bd912d93-28c5-47df-8971-8ca9bbc1feb9,Lungenkarte
0.7981461192890718,0.6650976697905379,True,0.47338889768925974,0.24637276785714285,False,0.3915218431122449,0.9661867011810387,2,bda0d7f6-9d6d-43ba-8840-e467933dea68,Lagepriore
0.9610417868721043,0.8601501255523656,True,0.5680449609307859,0.24637276785714285,False,0.3915218431122449,0.9661867011810387,2,bda0d7f6-9d6d-43ba-8840-e467933dea68,Lungenkarte
0.8868653968152649,0.7066954686220361,False,0.4940719911250735,0.20316485969387754,False,0.24035395408163265,0.7879144594859722,2,bdef94bc-4e2e-4df3-b06e-126aed15846a,Lagepriore
0.9403042434428042,0.8391454508431022,True,0.599531582304322,0.20316485969387754,False,0.24035395408163265,0.7879144594859722,2,bdef94bc-4e2e-4df3-b06e-126aed15846a,Lungenkarte
0.933550145722333,0.774291518193854,True,0.389612895843966,0.12653459821428573,False,0.2753109056122449,0.8127264136084422,2,bdf0efcb-841f-442b-b1eb-3d4f9b2d959e,Lagepriore
0.872059010940376,0.5965176519170237,True,0.32906613716727634,0.12653459821428573,False,0.2753109056122449,0.8127264136084422,2,bdf0efcb-841f-442b-b1eb-3d4f9b2d959e,Lungenkarte
0.7999204447478425,0.6295966009960466,True,0.6207716052635502,0.32950015943877553,False,0.4934032206632653,0.8801185507772334,2,be52ff75-00b4-41a1-80ba-52bdeb8a5902,Lagepriore
0.8480092504595292,0.6665417672558585,True,0.5349057624928595,0.32950015943877553,False,0.4934032206632653,0.8801185507772334,2,be52ff75-00b4-41a1-80ba-52bdeb8a5902,Lungenkarte
0.8274143213936775,0.5189540181399602,True,0.39643763279885025,0.1956513073979592,False,0.3109654017857143,0.8489355200162982,2,be5d92d6-f2b3-483c-842c-aff4571ee8a7,Lagepriore
0.9097680597376047,0.6901791645360076,True,0.4934755088490867,0.1956513073979592,False,0.3109654017857143,0.8489355200162982,2,be5d92d6-f2b3-483c-842c-aff4571ee8a7,Lungenkarte
0.8783531004983075,0.737407453666474,True,0.39820980821699964,0.15806361607142858,False,0.39608577806122447,0.8968604211322658,2,be910d75-76cd-40ad-8b4e-07ab616b43c1,Lagepriore
0.8641934767019944,0.6664522432236304,True,0.32620557179876825,0.15806361607142858,False,0.39608577806122447,0.8968604211322658,2,be910d75-76cd-40ad-8b4e-07ab616b43c1,Lungenkarte
0.9706327804393906,0.9173736500655442,True,0.3282341883270705,0.09231505102040816,False,0.3901466836734694,0.9743091537132987,2,bea7dfb0-2138-4434-977f-1ee4a6428941,Lagepriore
0.9150890652118909,0.7678014323738666,False,0.21546904560327393,0.09231505102040816,False,0.3901466836734694,0.9743091537132987,2,bea7dfb0-2138-4434-977f-1ee4a6428941,Lungenkarte
0.8610215840600703,0.7795219381765341,True,0.4511292056691181,0.1880779655612245,False,0.4229711415816326,0.8387199321818375,2,bebdcf14-c068-400b-b006-9d4169e18fb1,Lagepriore
0.8012729199658644,0.5625619773590036,False,0.3402131967857889,0.1880779655612245,False,0.4229711415816326,0.8387199321818375,2,bebdcf14-c068-400b-b006-9d4169e18fb1,Lungenkarte
0.938890202124581,0.8485364587540725,True,0.689881653967421,0.2768455038265306,False,0.4557358099489796,0.9205960693974515,2,beda2f7c-82fe-4297-916b-e22979da3461,Lagepriore
0.9026645623284029,0.7639788267308222,True,0.5158543051124739,0.2768455038265306,False,0.4557358099489796,0.9205960693974515,2,beda2f7c-82fe-4297-916b-e22979da3461,Lungenkarte
0.6643203174118116,0.3979076205932798,False,0.049930248524559316,0.0392219387755102,False,0.48220264668367346,1.0,2,bee9c557-4bce-435f-8de8-bfb37663ccc6,Lagepriore
0.8582893842131253,0.6938294166144523,True,0.07528866342365102,0.0392219387755102,False,0.48220264668367346,1.0,2,bee9c557-4bce-435f-8de8-bfb37663ccc6,Lungenkarte
0.9340241883120948,0.7439815989140025,False,0.2471225857622549,0.07700892857142858,False,0.25173389668367346,0.9961180124223602,2,bf02deef-f65f-41ac-a126-48a4740e161e,Lagepriore
0.9707365876401557,0.8498416717063215,True,0.2781724863035011,0.07700892857142858,False,0.25173389668367346,0.9961180124223602,2,bf02deef-f65f-41ac-a126-48a4740e161e,Lungenkarte
0.9165510409098403,0.7492093293941279,True,0.41552656586677117,0.15174585459183673,False,0.30825494260204084,0.9787234042553191,2,bf11da89-d0f0-4c1b-b486-d82bbcb91ed4,Lagepriore
0.9739529534670274,0.8871368063571089,True,0.4430361503461581,0.15174585459183673,False,0.30825494260204084,0.9787234042553191,2,bf11da89-d0f0-4c1b-b486-d82bbcb91ed4,Lungenkarte
0.9316293676254932,0.7513575857249634,True,0.5769704382564181,0.21781329719387754,False,0.3285634566326531,0.9738310915911794,2,bf1e2342-1f62-4f96-a616-e0a279d9ba42,Lagepriore
0.9814989265521111,0.9155725334385942,True,0.5897127933979345,0.21781329719387754,False,0.3285634566326531,0.9738310915911794,2,bf1e2342-1f62-4f96-a616-e0a279d9ba42,Lungenkarte
0.8528821809630197,0.608860351490482,False,0.1175311360305203,0.04663584183673469,False,0.3469188456632653,0.7760683760683761,2,bf4ba376-dfef-4d19-bbd6-923325b58eb1,Lagepriore
0.7659923631524518,0.46382554871117615,False,0.09237419266349181,0.04663584183673469,False,0.3469188456632653,0.7760683760683761,2,bf4ba376-dfef-4d19-bbd6-923325b58eb1,Lungenkarte
0.9547896629992737,0.8627863197708451,True,0.3520253140464854,0.10367506377551021,False,0.278140943877551,0.7083813917723952,2,bf5255f6-1130-444c-957b-b2ef01d01167,Lagepriore
0.8158068841586408,0.47561551427151866,False,0.2360840197120565,0.10367506377551021,False,0.278140943877551,0.7083813917723952,2,bf5255f6-1130-444c-957b-b2ef01d01167,Lungenkarte
0.9347270347931584,0.9253889944140019,False,0.17617379198749106,0.052734375,False,0.3193957270408163,0.6594860166288737,2,bf6071e6-0a92-4896-83bf-f0f24cd1b4d6,Lagepriore
0.7644841647531678,0.5563728752551379,False,0.10384471879091609,0.052734375,False,0.3193957270408163,0.6594860166288737,2,bf6071e6-0a92-4896-83bf-f0f24cd1b4d6,Lungenkarte
0.9218339869192358,0.8660020344534777,True,0.18555797072745867,0.05580357142857143,False,0.35281808035714285,0.9432142857142857,2,bf8609b1-a24f-4129-855e-fe3a0862da91,Lagepriore
0.8819121496116177,0.6817608259205382,False,0.13701035061960423,0.05580357142857143,False,0.35281808035714285,0.9432142857142857,2,bf8609b1-a24f-4129-855e-fe3a0862da91,Lungenkarte
0.9249288630346333,0.8416062333437583,True,0.13251696279413877,0.038564253826530615,False,0.3068000637755102,1.0,2,bf9254b2-2d3a-444a-8dae-a27f02b0e9ef,Lagepriore
0.9202731419503508,0.7142445244270426,False,0.115372426869884,0.038564253826530615,False,0.3068000637755102,1.0,2,bf9254b2-2d3a-444a-8dae-a27f02b0e9ef,Lungenkarte
0.810606004995998,0.6563384331059814,False,0.30385769536591967,0.14255819515306123,False,0.30855389030612246,0.9937089333146931,2,bfb26523-d1cf-4876-8ca7-23f7050a6f76,Lagepriore
0.9743582431056818,0.8775810370658491,True,0.425388315357668,0.14255819515306123,False,0.30855389030612246,0.9937089333146931,2,bfb26523-d1cf-4876-8ca7-23f7050a6f76,Lungenkarte
0.7620873799046518,0.48242439781574886,False,0.17157626794079314,0.10198102678571429,False,0.4514708227040816,0.8757084229040454,2,bfb32559-717d-4a13-81b9-1b9fa902f4f2,Lagepriore
0.7700108740238403,0.5422558157973035,False,0.17821608435427477,0.10198102678571429,False,0.4514708227040816,0.8757084229040454,2,bfb32559-717d-4a13-81b9-1b9fa902f4f2,Lungenkarte
0.5967895761344388,0.3360670151038058,False,0.10078829928583302,0.10566804846938775,False,0.34215561224489793,0.7927197284043757,2,bfbbedfe-0ab1-42bd-ac7f-e67b2a8e842a,Lagepriore
0.7977113191759846,0.5231157404234152,False,0.21744076616843508,0.10566804846938775,False,0.34215561224489793,0.7927197284043757,2,bfbbedfe-0ab1-42bd-ac7f-e67b2a8e842a,Lungenkarte
0.9855409542900733,0.9519668912134785,True,0.45712105700919226,0.13161670918367346,False,0.3559072066326531,0.9600242277407631,2,bfe41d70-219e-478e-85ba-9c8226b572f4,Lagepriore
0.9356368324797854,0.8008188869650192,True,0.33300059532726983,0.13161670918367346,False,0.3559072066326531,0.9600242277407631,2,bfe41d70-219e-478e-85ba-9c8226b572f4,Lungenkarte
0.9750265334083156,0.9560192516958516,True,0.30336604671323897,0.08254942602040816,False,0.4920679209183674,0.932882665379044,2,c00bf44e-5b65-470d-8ddb-b704e630bd5e,Lagepriore
0.8145967027876673,0.6474996403703047,False,0.1490371068722157,0.08254942602040816,False,0.4920679209183674,0.932882665379044,2,c00bf44e-5b65-470d-8ddb-b704e630bd5e,Lungenkarte
0.9700659565258638,0.9295077719868915,False,0.03924380796513144,0.009626116071428572,False,0.4203603316326531,1.0,2,c059ced8-e99a-4fff-a734-b01cae2491bb,Lagepriore
0.9677292488925481,0.9221878579852196,False,0.022767504797397312,0.009626116071428572,False,0.4203603316326531,1.0,2,c059ced8-e99a-4fff-a734-b01cae2491bb,Lungenkarte
0.9379943772276577,0.8430444878809072,True,0.23664337486045878,0.07102997448979592,False,0.2844786352040816,0.6725589225589226,2,c060c23e-dff3-4cbd-b823-b8e70b80b2b4,Lagepriore
0.7723630955184346,0.3972798257651988,False,0.1457622934093709,0.07102997448979592,False,0.2844786352040816,0.6725589225589226,2,c060c23e-dff3-4cbd-b823-b8e70b80b2b4,Lungenkarte
0.9486778073003945,0.930684390586798,False,0.07003917326332436,0.018973214285714284,False,0.2948421556122449,0.24684873949579833,2,c09b4889-d8d1-4690-806e-dfada1f79e0b,Lagepriore
0.6149516333837289,0.224116397987353,False,0.019742179390011844,0.018973214285714284,False,0.2948421556122449,0.24684873949579833,2,c09b4889-d8d1-4690-806e-dfada1f79e0b,Lungenkarte
0.7148560290462757,0.5303053540568259,False,0.2697678943910773,0.16448102678571427,False,0.5090880102040817,0.9239064582576033,2,c106ddba-42f7-440c-9ba9-f3fa6692f06f,Lagepriore
0.7696974046274372,0.5240723620591387,False,0.2661774737351381,0.16448102678571427,False,0.5090880102040817,0.9239064582576033,2,c106ddba-42f7-440c-9ba9-f3fa6692f06f,Lungenkarte
0.9183951362097095,0.8044283064314368,True,0.25845476485175833,0.08551897321428571,False,0.32944036989795916,1.0,2,c1ffc793-0e31-4396-a0fc-6f7f6cccb28b,Lagepriore
0.9780389058427228,0.9176759657995464,True,0.2508800434777502,0.08551897321428571,False,0.32944036989795916,1.0,2,c1ffc793-0e31-4396-a0fc-6f7f6cccb28b,Lungenkarte
0.9778946334267036,0.9042638407452,True,0.26151730160626113,0.06903698979591837,False,0.2838807397959184,1.0,2,c2016b1b-e24d-4eaf-af0f-14cf6f0bd9ad,Lagepriore
0.9860831847314011,0.9396955218156967,True,0.23383142738138343,0.06903698979591837,False,0.2838807397959184,1.0,2,c2016b1b-e24d-4eaf-af0f-14cf6f0bd9ad,Lungenkarte
0.9523608120358376,0.7629336304095405,True,0.13590990986681656,0.03677056760204082,False,0.1934191645408163,0.9528455284552846,2,c208db34-d893-4a2b-9cf2-45490f5b78a3,Lagepriore
0.9399369265878212,0.6769510263745322,False,0.1546792878893176,0.03677056760204082,False,0.1934191645408163,0.9528455284552846,2,c208db34-d893-4a2b-9cf2-45490f5b78a3,Lungenkarte
0.9636580803196473,0.8527109362003373,True,0.6321448583559489,0.2255062181122449,False,0.26624282525510207,0.7542200618647813,2,c2096643-ac3f-4867-880d-63b8370c6ade,Lagepriore
0.8892750443605484,0.821656221805858,True,0.5749790340516823,0.2255062181122449,False,0.26624282525510207,0.7542200618647813,2,c2096643-ac3f-4867-880d-63b8370c6ade,Lungenkarte
0.9871155173303444,0.9674712896380522,True,0.6479349345152905,0.21552136479591838,False,0.34530452806122447,0.920288514888108,2,c21157da-1f74-4966-ba4e-c144d8f5da2d,Lagepriore
0.9481489149474341,0.8323266569689105,True,0.5312753732176985,0.21552136479591838,False,0.34530452806122447,0.920288514888108,2,c21157da-1f74-4966-ba4e-c144d8f5da2d,Lungenkarte
0.8834534857607161,0.7239969355826005,False,0.08844670702179691,0.030253507653061226,False,0.38522401147959184,0.8656126482213439,2,c2974ad2-07ba-4353-9172-1375acd88d9a,Lagepriore
0.7761456897056387,0.4959303742737639,False,0.060125002256794735,0.030253507653061226,False,0.38522401147959184,0.8656126482213439,2,c2974ad2-07ba-4353-9172-1375acd88d9a,Lungenkarte
0.9346228331061294,0.8312100359336038,False,0.22799501651234708,0.07025271045918367,False,0.3676857461734694,0.7679432624113475,2,c33d14fe-bae6-458c-b6d8-b36fce161298,Lagepriore
0.7794878888672504,0.5784635414698887,False,0.13767122014904534,0.07025271045918367,False,0.3676857461734694,0.7679432624113475,2,c33d14fe-bae6-458c-b6d8-b36fce161298,Lungenkarte
0.9144396649300005,0.8315490626800163,False,0.10697820677979371,0.0333625637755102,False,0.4183872767857143,0.8554360812425329,2,c3670fac-87af-4e1b-a1d4-3181427a60fc,Lagepriore
0.7431265936538749,0.45280438445098975,False,0.06121834702276359,0.0333625637755102,False,0.4183872767857143,0.8554360812425329,2,c3670fac-87af-4e1b-a1d4-3181427a60fc,Lungenkarte
0.9597782216571943,0.824643122052353,True,0.5969125876527078,0.2101203762755102,False,0.3306162308673469,0.9350279806506687,2,c3678e72-ceb4-42d0-8e44-5a4de7ebfccb,Lagepriore
0.9481894740978057,0.7820023082789728,True,0.5309251113099289,0.2101203762755102,False,0.3306162308673469,0.9350279806506687,2,c3678e72-ceb4-42d0-8e44-5a4de7ebfccb,Lungenkarte
0.9523642432935937,0.866038421641976,True,0.40184465432708677,0.12432238520408163,False,0.31253985969387754,0.895639628085925,2,c37d38fe-a11e-453a-88a5-5d919bf9f760,Lagepriore
0.9120026012783089,0.7535240435125303,False,0.32661526030056715,0.12432238520408163,False,0.31253985969387754,0.895639628085925,2,c37d38fe-a11e-453a-88a5-5d919bf9f760,Lungenkarte
0.9352153290956148,0.8576707501917616,True,0.21816286647816174,0.06626674107142858,False,0.2954001913265306,0.9876691729323308,2,c391591b-0083-4063-a485-69b0c7e02ebe,Lagepriore
0.9306477437751387,0.729641439007134,False,0.2040540701117125,0.06626674107142858,False,0.2954001913265306,0.9876691729323308,2,c391591b-0083-4063-a485-69b0c7e02ebe,Lungenkarte
0.8225358151863658,0.6733895836299143,True,0.16962417665477333,0.07270408163265306,False,0.22443000637755103,0.9473684210526315,2,c3a9863a-cbd5-44b9-975a-5978943490aa,Lagepriore
0.9420471404975537,0.7001948537262439,False,0.26903773317728047,0.07270408163265306,False,0.22443000637755103,0.9473684210526315,2,c3a9863a-cbd5-44b9-975a-5978943490aa,Lungenkarte
0.8832441025715047,0.8091239836247566,True,0.5453271047245577,0.23881935586734693,False,0.22975127551020408,0.7380455645497789,2,c422054e-4ce3-46ff-a45c-1a6c243236c7,Lagepriore
0.9317407838431878,0.7296962130817259,True,0.6822989919649459,0.23881935586734693,False,0.22975127551020408,0.7380455645497789,2,c422054e-4ce3-46ff-a45c-1a6c243236c7,Lungenkarte
0.8827611470172562,0.6739961666568144,False,0.17507681749300516,0.06409438775510204,False,0.3352598852040816,0.9710820895522388,2,c4528f64-a6a4-4a65-bf14-1f234871cf30,Lagepriore
0.9106050845379152,0.719638470657866,False,0.16804174981876838,0.06409438775510204,False,0.3352598852040816,0.9710820895522388,2,c4528f64-a6a4-4a65-bf14-1f234871cf30,Lungenkarte
0.9274767927243683,0.7992590149007471,True,0.6403187990291571,0.2580516581632653,False,0.2862922512755102,0.8532591906085882,2,c47fa422-bd5e-43c5-b62d-771edcb4c617,Lagepriore
0.9560308754502932,0.8737408249735799,True,0.689886302641485,0.2580516581632653,False,0.2862922512755102,0.8532591906085882,2,c47fa422-bd5e-43c5-b62d-771edcb4c617,Lungenkarte
0.9708727498480327,0.9112656605591937,True,0.15036020376834236,0.03826530612244898,False,0.3243383290816326,1.0,2,c533a5ed-72a3-45bf-bae3-1ed9595a9bcd,Lagepriore
0.9347846964626161,0.7813067495703869,True,0.11030608113666773,0.03826530612244898,False,0.3243383290816326,1.0,2,c533a5ed-72a3-45bf-bae3-1ed9595a9bcd,Lungenkarte
0.9470368119224897,0.9331469765869304,True,0.7152936339712461,0.2902782206632653,False,0.32067123724489793,0.8363886028149674,2,c5a8e91a-2d40-4355-91af-73abf5f0fdf1,Lagepriore
0.9466923789531354,0.8558785450688441,True,0.6891090731408848,0.2902782206632653,False,0.32067123724489793,0.8363886028149674,2,c5a8e91a-2d40-4355-91af-73abf5f0fdf1,Lungenkarte
0.9517709354849273,0.8248272269150851,True,0.7356948703824857,0.3015186543367347,False,0.28061224489795916,0.7330292815123273,2,c696ab08-acf1-409e-86ef-1e1ac9bc73d3,Lagepriore
0.9208200191773673,0.9100650500164359,True,0.7240422190052812,0.3015186543367347,False,0.28061224489795916,0.7330292815123273,2,c696ab08-acf1-409e-86ef-1e1ac9bc73d3,Lungenkarte
0.9121336367421755,0.6361578726991567,True,0.3161801143457811,0.10869738520408163,False,0.2305285395408163,0.8573524019068574,2,c6c0ca1c-99d5-49a5-8291-9cf7331ea95d,Lagepriore
0.9212417114361735,0.6477283321285782,True,0.3533995636353663,0.10869738520408163,False,0.2305285395408163,0.8573524019068574,2,c6c0ca1c-99d5-49a5-8291-9cf7331ea95d,Lungenkarte
0.9670395877391247,0.8984142608210409,True,0.7441597177981975,0.29245057397959184,False,0.3090322066326531,0.8488483031211667,2,c762013e-3fd2-4301-9af3-9a3b10ad1fcd,Lagepriore
0.9597496093856984,0.893800578034682,True,0.7202586214130589,0.29245057397959184,False,0.3090322066326531,0.8488483031211667,2,c762013e-3fd2-4301-9af3-9a3b10ad1fcd,Lungenkarte
0.9699646477347379,0.8959752554429312,True,0.398393443089621,0.11742665816326531,False,0.3192562181122449,0.8845892735913102,2,c7b46935-439f-47fb-8c7b-10d8079c2cda,Lagepriore
0.8879910556794345,0.6766100142875191,False,0.2969368392693423,0.11742665816326531,False,0.3192562181122449,0.8845892735913102,2,c7b46935-439f-47fb-8c7b-10d8079c2cda,Lungenkarte
0.8938976154566262,0.7369517661198047,True,0.5747344236911727,0.24463887117346939,False,0.3180604272959184,0.8386965376782077,2,c7d389ff-e2e1-40ed-b940-aef09bae009a,Lagepriore
0.9430768626442424,0.8580937639768085,True,0.6092963055483115,0.24463887117346939,False,0.3180604272959184,0.8386965376782077,2,c7d389ff-e2e1-40ed-b940-aef09bae009a,Lungenkarte
0.9088026123418942,0.8085906217962038,True,0.7150213634853264,0.32539461096938777,False,0.3838687818877551,0.8430820113921724,2,c85b9a9a-3ea9-44e8-bac3-8d9e07a73085,Lagepriore
0.9250416938670714,0.8362313165312315,True,0.654723689612376,0.32539461096938777,False,0.3838687818877551,0.8430820113921724,2,c85b9a9a-3ea9-44e8-bac3-8d9e07a73085,Lungenkarte
0.9322724327826368,0.9125420339565308,True,0.18078714237537577,0.052734375,False,0.27112563775510207,0.563869992441421,2,c87c655c-7aa0-475d-b764-8cf5831e1244,Lagepriore
0.7550281089128734,0.4040866567975039,False,0.10225152627926865,0.052734375,False,0.27112563775510207,0.563869992441421,2,c87c655c-7aa0-475d-b764-8cf5831e1244,Lungenkarte
0.8632741430990246,0.7841631264019636,True,0.1546312428099141,0.05313297193877551,False,0.3835499043367347,1.0,2,c89e8310-dc56-4606-ba30-126e1f5f13f5,Lagepriore
0.8970272140756721,0.7049703194240565,False,0.12774610999145122,0.05313297193877551,False,0.3835499043367347,1.0,2,c89e8310-dc56-4606-ba30-126e1f5f13f5,Lungenkarte
0.9841092777547259,0.934344162990502,False,0.03461781311436869,0.007952008928571428,False,0.22399154974489796,1.0,2,c95d0325-9439-461e-8ea3-24d3dd63a5f0,Lagepriore
0.9729145623566319,0.8756243699655042,False,0.03402315281486806,0.007952008928571428,False,0.22399154974489796,1.0,2,c95d0325-9439-461e-8ea3-24d3dd63a5f0,Lungenkarte
0.978441269380612,0.9288280562803266,True,0.6050792969046057,0.19917889030612246,False,0.32987882653061223,0.9003402041224735,2,c96584fc-6d79-4c0d-ae59-ddee6436f1e9,Lagepriore
0.9389602404118296,0.8304043442595986,True,0.4988223210639607,0.19917889030612246,False,0.32987882653061223,0.9003402041224735,2,c96584fc-6d79-4c0d-ae59-ddee6436f1e9,Lungenkarte
0.9623638563013138,0.8781754462322993,False,0.12570796936364637,0.03318319515306122,False,0.331851881377551,1.0,2,c98eb387-08eb-4a10-ad95-007e8c52c7bc,Lagepriore
0.9381684708765164,0.7998699486888463,False,0.09565677676870013,0.03318319515306122,False,0.331851881377551,1.0,2,c98eb387-08eb-4a10-ad95-007e8c52c7bc,Lungenkarte
0.8674099877987771,0.7241263593242337,True,0.3110985446544974,0.12013711734693877,False,0.42167570153061223,0.8642999336429993,2,c9e42d59-92ab-4e5f-a0fa-c728193684d4,Lagepriore
0.8180858178730299,0.6377092272534489,False,0.23142947496266936,0.12013711734693877,False,0.42167570153061223,0.8642999336429993,2,c9e42d59-92ab-4e5f-a0fa-c728193684d4,Lungenkarte
0.9647287264130971,0.9340117987376098,True,0.8231762547570595,0.36601163903061223,False,0.46779336734693877,0.8118704056629458,2,c9ef5f00-e918-46d6-897f-ee78fc1310d5,Lagepriore
0.8593678428601449,0.8091702202626332,True,0.5974030161480682,0.36601163903061223,False,0.46779336734693877,0.8118704056629458,2,c9ef5f00-e918-46d6-897f-ee78fc1310d5,Lungenkarte
0.9337798406664342,0.8866583076103693,False,0.1720457682582182,0.051658163265306124,False,0.32027264030612246,0.44560185185185186,2,cb8eb60c-ebe6-4d95-b740-61a7b2606af0,Lagepriore
0.6515502174646837,0.39694569370734306,False,0.0717445901324716,0.051658163265306124,False,0.32027264030612246,0.44560185185185186,2,cb8eb60c-ebe6-4d95-b740-61a7b2606af0,Lungenkarte
0.9590986365999957,0.8855229929706553,True,0.5841799242031889,0.20420121173469388,False,0.3815768494897959,0.9109896544993168,2,cbbcb63f-5fae-45cd-bf01-0785378682b0,Lagepriore
0.9386845459937478,0.8589326127861172,True,0.4685155296752298,0.20420121173469388,False,0.3815768494897959,0.9109896544993168,2,cbbcb63f-5fae-45cd-bf01-0785378682b0,Lungenkarte
0.9705755282210605,0.9356540097385839,True,0.8556129701951726,0.38699776785714285,False,0.4330556441326531,0.8433927283963333,2,cbce283e-91f9-4418-90e7-9aafcd017e33,Lagepriore
0.9178669340893009,0.84870963169482,True,0.6968291763309644,0.38699776785714285,False,0.4330556441326531,0.8433927283963333,2,cbce283e-91f9-4418-90e7-9aafcd017e33,Lungenkarte
0.7711387482461431,0.5612792462039183,True,0.24590850497519967,0.12167171556122448,False,0.3022560586734694,0.9097461097461097,2,cc382e8b-240e-4011-ad02-51e1308eb487,Lagepriore
0.9154237844669194,0.7141311177616624,True,0.329747580686367,0.12167171556122448,False,0.3022560586734694,0.9097461097461097,2,cc382e8b-240e-4011-ad02-51e1308eb487,Lungenkarte
0.9055210013292389,0.7900070110066947,True,0.18699572744276532,0.058673469387755105,False,0.26016422193877553,0.8165760869565217,2,cc843bab-5068-4e18-a3fd-a597faea82df,Lagepriore
0.8635262320428486,0.5474231132775578,False,0.16326072077400602,0.058673469387755105,False,0.26016422193877553,0.8165760869565217,2,cc843bab-5068-4e18-a3fd-a597faea82df,Lungenkarte
0.918349715704893,0.7331722885634895,True,0.6630696027737755,0.27572943239795916,False,0.292789381377551,0.8644741597397904,2,ccb06817-dd39-47fc-a036-8e0104fd0cb8,Lagepriore
0.975719902354069,0.912232126127737,True,0.7398938263983958,0.27572943239795916,False,0.292789381377551,0.8644741597397904,2,ccb06817-dd39-47fc-a036-8e0104fd0cb8,Lungenkarte
0.9646690830021437,0.9185649856547988,True,0.24614722209717146,0.06784119897959184,False,0.4661192602040816,1.0,2,ccb10edf-bdb8-4022-b6ce-c131dee4541b,Lagepriore
0.9114015342874396,0.7927874320608073,False,0.14130777264025543,0.06784119897959184,False,0.4661192602040816,1.0,2,ccb10edf-bdb8-4022-b6ce-c131dee4541b,Lungenkarte
0.8259665756411645,0.7125386287258175,False,0.12740353387766945,0.05357142857142857,False,0.4270766900510204,0.8132440476190477,2,ccee103f-fd2f-44b1-a14d-5f78c7073868,Lagepriore
0.7805247502063178,0.6196637182119052,False,0.09805947118555774,0.05357142857142857,False,0.4270766900510204,0.8132440476190477,2,ccee103f-fd2f-44b1-a14d-5f78c7073868,Lungenkarte
0.973315664874731,0.9352005378683029,True,0.7380547682096368,0.28194754464285715,False,0.36324139030612246,0.7993920972644377,2,cd0ca2b5-ec57-41a9-864d-0aab3bf61848,Lagepriore
0.8811937087671906,0.7916036007354385,True,0.571880019477592,0.28194754464285715,False,0.36324139030612246,0.7993920972644377,2,cd0ca2b5-ec57-41a9-864d-0aab3bf61848,Lungenkarte
0.9552037650417347,0.8848025307066287,False,0.13137775724322295,0.03559470663265306,False,0.2631935586734694,0.7228443449048152,2,cd7ed4b2-eae7-4fef-ba8d-5c1825efc0f7,Lagepriore
0.8041463281146767,0.4195812840306678,False,0.08550937485204911,0.03559470663265306,False,0.2631935586734694,0.7228443449048152,2,cd7ed4b2-eae7-4fef-ba8d-5c1825efc0f7,Lungenkarte
0.9069390001966409,0.8101196479135939,True,0.5013612698663382,0.19192442602040816,False,0.43494897959183676,0.9312564901349948,2,cd928ddc-4bd4-4307-a659-4900fd70507e,Lagepriore
0.9016112194710427,0.7659494874120637,False,0.38567268713082803,0.19192442602040816,False,0.43494897959183676,0.9312564901349948,2,cd928ddc-4bd4-4307-a659-4900fd70507e,Lungenkarte
0.9105705551042194,0.7539332008203262,True,0.367172378820923,0.12986288265306123,False,0.3934749681122449,0.9515039901780233,2,cdcecbe8-45cd-42a5-a47d-d58bc638f937,Lagepriore
0.8697565870487024,0.6272638763508347,False,0.2839879976931129,0.12986288265306123,False,0.3934749681122449,0.9515039901780233,2,cdcecbe8-45cd-42a5-a47d-d58bc638f937,Lungenkarte
0.941456738389294,0.7781790250437791,True,0.6120223386387041,0.2313655931122449,False,0.3581592793367347,0.9647687139288483,2,ce8e0d85-44a8-4b05-b421-cc5c510aa7a5,Lagepriore
0.9756157004950433,0.8990153451167795,True,0.5873079577026076,0.2313655931122449,False,0.3581592793367347,0.9647687139288483,2,ce8e0d85-44a8-4b05-b421-cc5c510aa7a5,Lungenkarte
0.9040338793599177,0.7462451398456394,True,0.30562797023871285,0.10642538265306123,False,0.34964923469387754,0.9728464419475655,2,ce97b66d-f5d4-490e-8a6f-2b926011eae7,Lagepriore
0.9149483861784421,0.7186844024809107,True,0.2666682273479452,0.10642538265306123,False,0.34964923469387754,0.9728464419475655,2,ce97b66d-f5d4-490e-8a6f-2b926011eae7,Lungenkarte
0.9403131004060267,0.8087267430927224,True,0.4967890761366575,0.17482461734693877,False,0.2024872448979592,0.7538759689922481,2,cf8aa442-74cf-4610-8b1d-980d662bdcc4,Lagepriore
0.9466662532809292,0.7778872176447524,True,0.5816733398509399,0.17482461734693877,False,0.2024872448979592,0.7538759689922481,2,cf8aa442-74cf-4610-8b1d-980d662bdcc4,Lungenkarte
0.9266121883433486,0.7266303802770371,True,0.6732429484017568,0.28152901785714285,False,0.3044483418367347,0.7741752796262211,2,cf951660-886d-482d-99bf-2bdaedd5f4fd,Lagepriore
0.920420977401131,0.8199241123048554,True,0.6605668211873658,0.28152901785714285,False,0.3044483418367347,0.7741752796262211,2,cf951660-886d-482d-99bf-2bdaedd5f4fd,Lungenkarte
0.9177855114185455,0.8334675999368875,True,0.6293065759747302,0.2602638711734694,False,0.3027941645408163,0.7872731449575006,2,cf9c397a-14e3-4668-bfdd-b632a4b4e45a,Lagepriore
0.9259565128866103,0.8002409175142661,True,0.6356943409598448,0.2602638711734694,False,0.3027941645408163,0.7872731449575006,2,cf9c397a-14e3-4668-bfdd-b632a4b4e45a,Lungenkarte
0.9167043243368894,0.7885211842503194,True,0.5985489790786371,0.2295719068877551,False,0.3158482142857143,0.8316694157478948,2,cfc035aa-7dc6-418a-a70d-21f0a924c6fb,Lagepriore
0.9264148100093238,0.8074172104589304,True,0.5566229848617901,0.2295719068877551,False,0.3158482142857143,0.8316694157478948,2,cfc035aa-7dc6-418a-a70d-21f0a924c6fb,Lungenkarte
0.9302241363639452,0.8632155517736402,True,0.5526682837870417,0.20733019770408162,False,0.32674984056122447,0.7216187638181294,2,cfcfaa4a-9c58-4eec-bb63-708e2b25df16,Lagepriore
0.8473033723808355,0.6191301035325325,True,0.43473239513169537,0.20733019770408162,False,0.32674984056122447,0.7216187638181294,2,cfcfaa4a-9c58-4eec-bb63-708e2b25df16,Lungenkarte
0.890950562608992,0.5471084370498007,True,0.32415798227548953,0.1210140306122449,False,0.2066924426020408,0.7926548089591567,2,cfe768fc-4a0c-41fb-b3e3-86229e2cb94a,Lagepriore
0.9240278719278209,0.6604951041570797,True,0.41300515773190066,0.1210140306122449,False,0.2066924426020408,0.7926548089591567,2,cfe768fc-4a0c-41fb-b3e3-86229e2cb94a,Lungenkarte
0.8576887642814703,0.6359263594692245,False,0.33694068641263225,0.1410235969387755,False,0.3237404336734694,0.7771339739966082,2,d037df85-c86e-43cb-a14e-7bf57ee9b5ad,Lagepriore
0.8294922446254717,0.5314393471091787,False,0.3136449807866201,0.1410235969387755,False,0.3237404336734694,0.7771339739966082,2,d037df85-c86e-43cb-a14e-7bf57ee9b5ad,Lungenkarte
0.8969881584402426,0.6980540722126242,True,0.34819683302812693,0.1307796556122449,False,0.2703882334183674,0.9702834501676318,2,d055f31c-04a0-49ea-b091-56e88b837f97,Lagepriore
0.9706236307328678,0.8571531049857773,True,0.435275049853787,0.1307796556122449,False,0.2703882334183674,0.9702834501676318,2,d055f31c-04a0-49ea-b091-56e88b837f97,Lungenkarte
0.9265220051955251,0.6726268009087482,True,0.47601023958969707,0.17141661352040816,False,0.22991071428571427,0.9016393442622951,2,d112ae38-3ba8-45e4-b3ca-19316b3cf787,Lagepriore
0.9795124579271467,0.8766830521674169,True,0.6060419291859269,0.17141661352040816,False,0.22991071428571427,0.9016393442622951,2,d112ae38-3ba8-45e4-b3ca-19316b3cf787,Lungenkarte
0.8875472004920715,0.790049553566684,True,0.21877025823932916,0.07461734693877552,False,0.2820671237244898,0.7601495726495726,2,d16488a8-5cfd-4051-bb2c-d7f7c88009e2,Lagepriore
0.830167183183422,0.5161605964153451,False,0.18008720931504324,0.07461734693877552,False,0.2820671237244898,0.7601495726495726,2,d16488a8-5cfd-4051-bb2c-d7f7c88009e2,Lungenkarte
0.8312760211692137,0.7267444275013326,True,0.5757914811544639,0.2976921237244898,False,0.33523995535714285,0.8382540001338957,2,d16d9a30-02f2-43e0-aa63-9a0e2a375913,Lagepriore
0.941319838240063,0.7980973360103862,True,0.6801866217525854,0.2976921237244898,False,0.33523995535714285,0.8382540001338957,2,d16d9a30-02f2-43e0-aa63-9a0e2a375913,Lungenkarte
0.834660224229741,0.8494945660467271,True,0.4249788845394607,0.20264668367346939,False,0.24168925382653061,0.8357592446892211,2,d18f4964-da90-4c37-bb7b-4ce1b2bbb6af,Lagepriore
0.9537372964038192,0.8097136596288586,True,0.6231030084743308,0.20264668367346939,False,0.24168925382653061,0.8357592446892211,2,d18f4964-da90-4c37-bb7b-4ce1b2bbb6af,Lungenkarte
0.8233048500862717,0.6193449127659074,False,0.13111639587120016,0.05787627551020408,False,0.39114317602040816,0.8064738292011019,2,d20a1a10-d569-42f7-90e9-882f7331e3ff,Lagepriore
0.8095303629671226,0.6686539171495987,False,0.11418887511250939,0.05787627551020408,False,0.39114317602040816,0.8064738292011019,2,d20a1a10-d569-42f7-90e9-882f7331e3ff,Lungenkarte
0.7346784201998281,0.572037566564548,False,0.201283708389739,0.11838329081632654,False,0.34243463010204084,0.9057239057239057,2,d21e3291-a64b-405c-8a71-8fae7041b138,Lagepriore
0.889498703464704,0.6752689985756305,False,0.29339537414461064,0.11838329081632654,False,0.34243463010204084,0.9057239057239057,2,d21e3291-a64b-405c-8a71-8fae7041b138,Lungenkarte
0.979678995526855,0.9399355571936673,True,0.479755002221571,0.1424984056122449,False,0.32425860969387754,0.8297902097902098,2,d316817a-0747-4dfb-be81-fbf857439d42,Lagepriore
0.8535672852225634,0.5784235106344799,False,0.3287324101505788,0.1424984056122449,False,0.32425860969387754,0.8297902097902098,2,d316817a-0747-4dfb-be81-fbf857439d42,Lungenkarte
0.864977285595886,0.5655894235026141,True,0.5087583161398367,0.22700095663265307,False,0.26540577168367346,0.8233538191395962,2,d34b14ec-9bc4-4f71-b720-0ccb3ae58f84,Lagepriore
0.951387413079138,0.808834499523578,True,0.6358202823633868,0.22700095663265307,False,0.26540577168367346,0.8233538191395962,2,d34b14ec-9bc4-4f71-b720-0ccb3ae58f84,Lungenkarte
0.9263534619778229,0.7493373991409433,True,0.6530858423463647,0.2696906887755102,False,0.32521524234693877,0.838974283180609,2,d3a565b6-929e-4db1-8cc2-2b59e64860b5,Lagepriore
0.9439989393276508,0.8140365896073891,True,0.6413152688693977,0.2696906887755102,False,0.32521524234693877,0.838974283180609,2,d3a565b6-929e-4db1-8cc2-2b59e64860b5,Lungenkarte
0.7541229597256311,0.6804558702051613,False,0.486856224292428,0.311702806122449,False,0.38253348214285715,0.84923273657289,2,d3bc87ed-6343-4196-b277-e94b01f1da40,Lagepriore
0.9143904686802963,0.77056026536061,False,0.6430432363531116,0.311702806122449,False,0.38253348214285715,0.84923273657289,2,d3bc87ed-6343-4196-b277-e94b01f1da40,Lungenkarte
0.9754949482087255,0.8716595024365712,True,0.6341474450857368,0.21711575255102042,False,0.275211256377551,0.855516798237562,2,d47f354b-d29d-48b9-9c54-07c1e981bef4,Lagepriore
0.949628581570492,0.8453577629436572,True,0.6101942193860658,0.21711575255102042,False,0.275211256377551,0.855516798237562,2,d47f354b-d29d-48b9-9c54-07c1e981bef4,Lungenkarte
0.7901620684511802,0.6339126862897608,False,0.11335621195310822,0.055006377551020405,False,0.33109454719387754,0.8061594202898551,2,d4ca6e9e-68f7-4218-810c-a4bba17e37f7,Lagepriore
0.8257916173040104,0.60982212080604,True,0.12363328016029601,0.055006377551020405,False,0.33109454719387754,0.8061594202898551,2,d4ca6e9e-68f7-4218-810c-a4bba17e37f7,Lungenkarte
0.7221768980102908,0.6159892981683872,False,0.26419541971481997,0.18046476403061223,False,0.3068997130102041,0.5472114853672004,2,d55144f1-7b8b-424a-b460-5a7051abd301,Lagepriore
0.6794299771004834,0.6275462405618394,True,0.29473061669662864,0.18046476403061223,False,0.3068997130102041,0.5472114853672004,2,d55144f1-7b8b-424a-b460-5a7051abd301,Lungenkarte
0.9713053917968366,0.8940188939633746,True,0.7104354096496536,0.2663026147959184,False,0.3225845025510204,0.8894626552911241,2,d5555a76-3191-4a05-a1d9-3e11f4c8d045,Lagepriore
0.9530159621013224,0.8080740241309292,True,0.6574382031943287,0.2663026147959184,False,0.3225845025510204,0.8894626552911241,2,d5555a76-3191-4a05-a1d9-3e11f4c8d045,Lungenkarte
0.8371244341141357,0.6803012315477689,False,0.04642015357558448,0.018833705357142856,False,0.4145408163265306,1.0,2,d57b47b7-2324-4bdc-a0ee-27ad6925d9e0,Lagepriore
0.8960615321851129,0.7424066279467941,True,0.04357397002298983,0.018833705357142856,False,0.4145408163265306,1.0,2,d57b47b7-2324-4bdc-a0ee-27ad6925d9e0,Lungenkarte
0.9058965828328928,0.7895447150274381,True,0.2594931034426658,0.08589764030612244,False,0.28292410714285715,0.902784222737819,2,d599cb5c-08fa-4366-bdf2-b06d1116cd59,Lagepriore
0.8996814714871517,0.6438240825223887,True,0.24683241376372983,0.08589764030612244,False,0.28292410714285715,0.902784222737819,2,d599cb5c-08fa-4366-bdf2-b06d1116cd59,Lungenkarte
0.7755783564981807,0.5166088297097904,False,0.061245733518217445,0.03150908801020408,False,0.26841517857142855,1.0,2,d5e1c771-f2f2-4a2a-afbd-4b14b3198500,Lagepriore
0.974381362328229,0.8952689747068471,True,0.11266683957980415,0.03150908801020408,False,0.26841517857142855,1.0,2,d5e1c771-f2f2-4a2a-afbd-4b14b3198500,Lungenkarte
0.8722022733587831,0.6667670161703858,False,0.05522727087177317,0.020228794642857144,False,0.21149553571428573,1.0,2,d759f178-2451-47bc-80c0-2efe67588693,Lagepriore
0.9659759333036931,0.8257824823130792,True,0.08676409203307651,0.020228794642857144,False,0.21149553571428573,1.0,2,d759f178-2451-47bc-80c0-2efe67588693,Lungenkarte
0.9609224915670835,0.8870289236098066,False,0.24961768915912466,0.0703125,False,0.31971460459183676,0.9951814058956916,2,d7ce9623-4433-4bd7-b8c2-a1d2e7ac49f5,Lagepriore
0.9463838104483776,0.8044882527844759,False,0.20196616383831548,0.0703125,False,0.31971460459183676,0.9951814058956916,2,d7ce9623-4433-4bd7-b8c2-a1d2e7ac49f5,Lungenkarte
0.9450474961108333,0.8240677741146282,True,0.4873331213601071,0.16547751913265307,False,0.358577806122449,0.9916897506925207,2,d85118d0-c7de-4397-a6da-b60ff8a249f0,Lagepriore
0.9713538916600183,0.8879401058692996,True,0.4268570357975692,0.16547751913265307,False,0.358577806122449,0.9916897506925207,2,d85118d0-c7de-4397-a6da-b60ff8a249f0,Lungenkarte
0.9180126561492371,0.7461675260303663,True,0.09341637687515683,0.028021364795918366,False,0.3212292729591837,1.0,2,d87954c5-4889-4c82-a110-99fe2aabd598,Lagepriore
0.9568071354758059,0.8568164761524639,True,0.0841733593319063,0.028021364795918366,False,0.3212292729591837,1.0,2,d87954c5-4889-4c82-a110-99fe2aabd598,Lungenkarte
0.9143889787928463,0.8127375328953461,True,0.13293121548979406,0.04119499362244898,False,0.47953204719387754,1.0,2,d8e8af62-c7de-4f67-a5de-d38507419763,Lagepriore
0.903626247737321,0.7891950146583057,False,0.083183455926555,0.04119499362244898,False,0.47953204719387754,1.0,2,d8e8af62-c7de-4f67-a5de-d38507419763,Lungenkarte
0.9297137225428199,0.8670302882564447,True,0.11735250138040809,0.034279336734693876,False,0.35353555484693877,0.7732558139534884,2,d984ecfc-6b4b-4f39-9e66-c0b79a3d00f9,Lagepriore
0.7631883192519898,0.473146888490041,False,0.06637311112974036,0.034279336734693876,False,0.35353555484693877,0.7732558139534884,2,d984ecfc-6b4b-4f39-9e66-c0b79a3d00f9,Lungenkarte
0.9212891559475176,0.7593965539057969,False,0.12228287371950419,0.03730867346938776,False,0.28635204081632654,1.0,2,d99282ee-dc00-40d4-bb8d-5f8dba263a05,Lagepriore
0.9567893481065786,0.8332590360539304,True,0.12382573396963976,0.03730867346938776,False,0.28635204081632654,1.0,2,d99282ee-dc00-40d4-bb8d-5f8dba263a05,Lungenkarte
0.8991404125273168,0.6739713873024046,False,0.06113350303287825,0.01953125,False,0.2889827806122449,0.4928571428571429,2,d9fb69ee-f350-4f28-8cd0-29c83757bade,Lagepriore
0.6897355289379757,0.21652043045630334,False,0.02923500206135353,0.01953125,False,0.2889827806122449,0.4928571428571429,2,d9fb69ee-f350-4f28-8cd0-29c83757bade,Lungenkarte
0.6997638970036753,0.36619707337221663,False,0.19209651152649715,0.13313137755102042,False,0.3409000318877551,0.9973053892215569,2,da69ffb8-40fa-49ea-b11e-9ddff40845e8,Lagepriore
0.9509989820111479,0.7995620993874109,False,0.36119748276003416,0.13313137755102042,False,0.3409000318877551,0.9973053892215569,2,da69ffb8-40fa-49ea-b11e-9ddff40845e8,Lungenkarte
0.9695267277148002,0.9046837857736498,True,0.13120263486147238,0.03338249362244898,False,0.28427933673469385,1.0,2,da9dde80-836b-4f3e-b36b-0e344c42029d,Lagepriore
0.9368310793407245,0.7566325968062618,False,0.10969711288705938,0.03338249362244898,False,0.28427933673469385,1.0,2,da9dde80-836b-4f3e-b36b-0e344c42029d,Lungenkarte
0.9686601291184525,0.8929931533434718,True,0.030177271311602923,0.007254464285714286,False,0.24818638392857142,1.0,2,db41f495-510e-4d53-9440-b593e8394ff5,Lagepriore
0.9472158999155506,0.7825062789803463,False,0.027624073230066774,0.007254464285714286,False,0.24818638392857142,1.0,2,db41f495-510e-4d53-9440-b593e8394ff5,Lungenkarte
0.9847288420799815,0.9240135992667406,True,0.08740093068033687,0.0204280931122449,False,0.18642378826530612,1.0,2,db4c7637-7784-4031-b983-4692715525c5,Lagepriore
0.9640217329275488,0.7878070450292689,True,0.09776777333396888,0.0204280931122449,False,0.18642378826530612,1.0,2,db4c7637-7784-4031-b983-4692715525c5,Lungenkarte
0.9904774276944882,0.9654269723776855,True,0.03654519386413048,0.008091517857142858,False,0.2593271683673469,1.0,2,db8433df-a208-4416-a35d-d131d8e334e3,Lagepriore
0.869675037190782,0.48768199363974774,False,0.02585697266635047,0.008091517857142858,False,0.2593271683673469,1.0,2,db8433df-a208-4416-a35d-d131d8e334e3,Lungenkarte
0.9405964033361254,0.8189921019029585,True,0.3952943365072491,0.12956393494897958,False,0.39540816326530615,0.9895400707583448,2,dbc8473e-fc37-4b23-9051-c1a0a1baf5a3,Lagepriore
0.9395339979838424,0.8142413174980655,True,0.30276250382015263,0.12956393494897958,False,0.39540816326530615,0.9895400707583448,2,dbc8473e-fc37-4b23-9051-c1a0a1baf5a3,Lungenkarte
0.9157681799643915,0.8765659934613531,True,0.19409996627623957,0.060467155612244895,False,0.44935825892857145,0.8220171390903098,2,dc1813b1-0576-4560-95ab-fd4a2b509823,Lagepriore
0.748744599235617,0.5614122675151426,False,0.10350810362942141,0.060467155612244895,False,0.44935825892857145,0.8220171390903098,2,dc1813b1-0576-4560-95ab-fd4a2b509823,Lungenkarte
0.9537614800523513,0.8642568580125606,False,0.07090809170705269,0.01865433673469388,False,0.2807716836734694,1.0,2,dc244dca-9414-4555-a2b0-935933366861,Lagepriore
0.9664037927784374,0.8742185794107555,False,0.06361449845098298,0.01865433673469388,False,0.2807716836734694,1.0,2,dc244dca-9414-4555-a2b0-935933366861,Lungenkarte
0.8441646941600195,0.6154627635623892,False,0.16194523175486478,0.06461256377551021,False,0.3465999681122449,0.9978408389882788,2,dc506eb1-ef59-41e8-aebd-5c2a80026ba3,Lagepriore
0.9061318883300942,0.6913931558832406,True,0.17135858806449414,0.06461256377551021,False,0.3465999681122449,0.9978408389882788,2,dc506eb1-ef59-41e8-aebd-5c2a80026ba3,Lungenkarte
0.954548244626944,0.8647697439585562,True,0.10587891846075027,0.027802136479591837,False,0.32101004464285715,1.0,2,dc5bd0b3-050a-42a3-b09e-bec480039d6f,Lagepriore
0.9284787124430534,0.7633581978284131,False,0.08123059314749646,0.027802136479591837,False,0.32101004464285715,1.0,2,dc5bd0b3-050a-42a3-b09e-bec480039d6f,Lungenkarte
0.8564450296542108,0.6301495392146357,False,0.20895600028671327,0.08221061862244898,False,0.35927535076530615,0.9178181818181819,2,dd28e18a-42fb-4bfd-a6c3-d1b146817ecf,Lagepriore
0.8383657302213685,0.54827014127383,False,0.18214679771260317,0.08221061862244898,False,0.35927535076530615,0.9178181818181819,2,dd28e18a-42fb-4bfd-a6c3-d1b146817ecf,Lungenkarte
0.9235265237354513,0.7654181771938087,False,0.26054859048079587,0.0839046556122449,False,0.2751514668367347,0.959144893111639,2,dd50a2c2-471a-4faf-8f78-99eaedd5147b,Lagepriore
0.9214160022025988,0.667926504107782,False,0.2590728431273282,0.0839046556122449,False,0.2751514668367347,0.959144893111639,2,dd50a2c2-471a-4faf-8f78-99eaedd5147b,Lungenkarte
0.9124853119575476,0.8530395691978575,False,0.06170721731890959,0.018973214285714284,False,0.36876195790816324,1.0,2,dd6e599d-bba3-4a3e-968c-0dcba546099f,Lagepriore
0.9436533679171327,0.8419687415163205,True,0.050242291538484286,0.018973214285714284,False,0.36876195790816324,1.0,2,dd6e599d-bba3-4a3e-968c-0dcba546099f,Lungenkarte
0.8655764078560712,0.8480995866868963,False,0.06520694041426768,0.024752869897959183,False,0.1991390306122449,0.7946859903381642,2,dd7cf95b-f215-4880-9f3a-b7eb7b27fb79,Lagepriore
0.885196874004336,0.5428352030027223,False,0.08699116960289541,0.024752869897959183,False,0.1991390306122449,0.7946859903381642,2,dd7cf95b-f215-4880-9f3a-b7eb7b27fb79,Lungenkarte
0.8127959702877217,0.6177558662897135,True,0.2665998215587987,0.11949936224489796,False,0.3298389668367347,0.9953302201467645,2,dd830a3b-db9e-42bd-8d3a-8d52f40ddbde,Lagepriore
0.958289808642611,0.8302994364070101,True,0.33623819632138224,0.11949936224489796,False,0.3298389668367347,0.9953302201467645,2,dd830a3b-db9e-42bd-8d3a-8d52f40ddbde,Lungenkarte
0.956562074825138,0.8463680863704405,True,0.33137870779721484,0.09741709183673469,False,0.25637755102040816,0.9314648117839607,2,ddb0dc48-542b-4b55-92d8-89bb2a779ba3,Lagepriore
0.9450746469187489,0.7788800142959895,True,0.3195211467420383,0.09741709183673469,False,0.25637755102040816,0.9314648117839607,2,ddb0dc48-542b-4b55-92d8-89bb2a779ba3,Lungenkarte
0.8041446868905205,0.46119750287511396,False,0.20811815610507856,0.10255899234693877,False,0.23991549744897958,0.9704624951418578,2,ddb757d1-a6e2-42e3-a438-100006fb38dd,Lagepriore
0.964797474050853,0.8096071759706196,True,0.36798634592449,0.10255899234693877,False,0.23991549744897958,0.9704624951418578,2,ddb757d1-a6e2-42e3-a438-100006fb38dd,Lungenkarte
0.7907951896905361,0.7506385597280554,False,0.18503706583161142,0.09618144132653061,False,0.23190369897959184,0.9819726481558226,2,de2f67ae-c45a-4756-91d5-3ce30ba52258,Lagepriore
0.9728445013252819,0.842573461254244,True,0.36527370574871043,0.09618144132653061,False,0.23190369897959184,0.9819726481558226,2,de2f67ae-c45a-4756-91d5-3ce30ba52258,Lungenkarte
0.598330214012874,0.2705030392533575,False,0.02558445795977572,0.02716438137755102,False,0.44290098852040816,0.9867938371239912,2,deffa472-a50f-43fa-bc8b-1eaa48adb8d3,Lagepriore
0.8223229971076075,0.5970649989619282,False,0.05398195120507893,0.02716438137755102,False,0.44290098852040816,0.9867938371239912,2,deffa472-a50f-43fa-bc8b-1eaa48adb8d3,Lungenkarte
0.9340163863520492,0.6555544576687591,True,0.2220369253533731,0.06724330357142858,False,0.14052535076530612,0.8117960877296977,2,df10aee9-878c-4782-8aea-de4369355fd6,Lagepriore
0.9518222119862898,0.7179278337841161,True,0.33491470494100145,0.06724330357142858,False,0.14052535076530612,0.8117960877296977,2,df10aee9-878c-4782-8aea-de4369355fd6,Lungenkarte
0.9174896143216911,0.7590670650665232,True,0.08586519954498535,0.02574936224489796,False,0.34004304846938777,1.0,2,dff644ef-d0ad-4ae9-8645-7dfa57e523fa,Lagepriore
0.9687023339260467,0.9029831890704417,True,0.07380954677435263,0.02574936224489796,False,0.34004304846938777,1.0,2,dff644ef-d0ad-4ae9-8645-7dfa57e523fa,Lungenkarte
0.7679333207842637,0.4911597335826128,False,0.06445859955687629,0.035076530612244895,False,0.42271205357142855,1.0,2,e063b161-8c89-4324-92df-d99acbe65aa2,Lagepriore
0.8991071286069969,0.749500073031082,False,0.0781611364189091,0.035076530612244895,False,0.42271205357142855,1.0,2,e063b161-8c89-4324-92df-d99acbe65aa2,Lungenkarte
0.7365641239073121,0.4573712343108895,False,0.03891009162088606,0.024553571428571428,False,0.34532445790816324,1.0,2,e09dbb79-cdc9-44a1-9547-6f5969a170dc,Lagepriore
0.9268371131412311,0.7775486609538333,False,0.06720791068607046,0.024553571428571428,False,0.34532445790816324,1.0,2,e09dbb79-cdc9-44a1-9547-6f5969a170dc,Lungenkarte
0.6816093081445196,0.4068762600767874,False,0.12844340121500675,0.08179209183673469,False,0.29609773596938777,0.9410331384015594,2,e0af96b5-9e91-4cc7-84c7-a3d04d4c9405,Lagepriore
0.9199612228693997,0.7184518456084624,True,0.24192273602833209,0.08179209183673469,False,0.29609773596938777,0.9410331384015594,2,e0af96b5-9e91-4cc7-84c7-a3d04d4c9405,Lungenkarte
0.9453336755516776,0.8580809725481383,True,0.38546945905524643,0.12300701530612244,False,0.2938257334183674,0.9645171743357096,2,e260b5f7-5cce-41bd-a63b-baef4cdfd3bb,Lagepriore
0.9590359037942877,0.8363577259637353,True,0.36461911607055375,0.12300701530612244,False,0.2938257334183674,0.9645171743357096,2,e260b5f7-5cce-41bd-a63b-baef4cdfd3bb,Lungenkarte
0.9668749698248028,0.9070259149149722,False,0.08457649109060582,0.021524234693877552,False,0.3701171875,1.0,2,e2bc24a7-e469-48e2-9d5a-6ffc8557d59e,Lagepriore
0.8978633791543703,0.7142882741812191,False,0.05454967940108148,0.021524234693877552,False,0.3701171875,1.0,2,e2bc24a7-e469-48e2-9d5a-6ffc8557d59e,Lungenkarte
0.8883150761633698,0.6864773350930379,False,0.27111106545213054,0.09584263392857142,False,0.36318160076530615,0.9945934705760033,2,e2fbe7af-e71f-40e5-9cf1-2c41caea4527,Lagepriore
0.9188674823767969,0.7319523495290862,False,0.24197665298048582,0.09584263392857142,False,0.36318160076530615,0.9945934705760033,2,e2fbe7af-e71f-40e5-9cf1-2c41caea4527,Lungenkarte
0.5646161375354725,0.39653097917796626,False,0.09304460288856396,0.10329639668367346,False,0.31287866709183676,0.9677792784101872,2,e3c0a6ca-58fb-4b9f-b56b-25491bbf3db8,Lagepriore
0.920877569228843,0.6982917044937619,True,0.2883324954500934,0.10329639668367346,False,0.31287866709183676,0.9677792784101872,2,e3c0a6ca-58fb-4b9f-b56b-25491bbf3db8,Lungenkarte
0.9075228802138637,0.7359177186749424,True,0.27315749479379836,0.0914779974489796,False,0.36928013392857145,1.0,2,e444b79e-a477-4668-9a69-7b5ade5bb214,Lagepriore
0.9412637389054297,0.8082919180537796,True,0.23117604645289166,0.0914779974489796,False,0.36928013392857145,1.0,2,e444b79e-a477-4668-9a69-7b5ade5bb214,Lungenkarte
0.8658493784947944,0.687167255517288,False,0.06509594967894668,0.024294483418367346,False,0.2490832270408163,1.0,2,e50a07f7-47f4-4a25-8d45-a2f1d66a2aaa,Lagepriore
0.9728384385400035,0.8822244814406411,True,0.09334163208934086,0.024294483418367346,False,0.2490832270408163,1.0,2,e50a07f7-47f4-4a25-8d45-a2f1d66a2aaa,Lungenkarte
0.916768885955633,0.7053892791045109,True,0.17140957520773117,0.053810586734693876,False,0.2193279655612245,1.0,2,e5274cde-aaaa-4851-b306-a9293e8222ec,Lagepriore
0.9867808764194307,0.9245966508350615,True,0.22871897462200355,0.053810586734693876,False,0.2193279655612245,1.0,2,e5274cde-aaaa-4851-b306-a9293e8222ec,Lungenkarte
0.8809354721498528,0.6048117340203135,True,0.16344431057939363,0.05580357142857143,False,0.261539381377551,0.9885714285714285,2,e532c5eb-e94d-42db-89a7-914ed862490f,Lagepriore
0.9462204642495295,0.7639303985955237,False,0.19279158399490268,0.05580357142857143,False,0.261539381377551,0.9885714285714285,2,e532c5eb-e94d-42db-89a7-914ed862490f,Lungenkarte
0.7356521793604244,0.2344286813860022,False,0.005511111472843678,0.003627232142857143,False,0.1988201530612245,1.0,2,e542d5db-28c5-4e73-aa47-a441143887cc,Lagepriore
0.9706685681402647,0.8502766888002746,False,0.017500065538641862,0.003627232142857143,False,0.1988201530612245,1.0,2,e542d5db-28c5-4e73-aa47-a441143887cc,Lungenkarte
0.9365129784115855,0.8170036175491888,True,0.12013512289207244,0.034080038265306124,False,0.33151307397959184,1.0,2,e56de97f-aac0-4a7c-8ddd-f861cae269f1,Lagepriore
0.9606144163762961,0.8720965366825444,True,0.09941632588443804,0.034080038265306124,False,0.33151307397959184,1.0,2,e56de97f-aac0-4a7c-8ddd-f861cae269f1,Lungenkarte
0.9491722306350981,0.637500175752658,False,0.28238655057848094,0.08456234056122448,False,0.16175063775510204,0.9104407259014848,2,e666d579-2ff0-4ce0-a5a2-903919fa5668,Lagepriore
0.9733541900342104,0.8096537846105677,True,0.40371954507537305,0.08456234056122448,False,0.16175063775510204,0.9104407259014848,2,e666d579-2ff0-4ce0-a5a2-903919fa5668,Lungenkarte
0.9164580319659663,0.6911320102304264,True,0.12948223576910384,0.03997927295918367,False,0.2294124681122449,0.9975074775672981,2,e6f5c238-2bfb-4ab3-af53-7966b0277665,Lagepriore
0.9605593278292588,0.8035588672540701,True,0.1595752862671385,0.03997927295918367,False,0.2294124681122449,0.9975074775672981,2,e6f5c238-2bfb-4ab3-af53-7966b0277665,Lungenkarte
0.9544176849046401,0.838022769868265,False,0.08856856564151766,0.023477359693877552,False,0.2862523915816326,1.0,2,e7d62adc-e492-475c-9fc9-11cc9b3654da,Lagepriore
0.9427277825899273,0.7875506778616694,False,0.07637698284339836,0.023477359693877552,False,0.2862523915816326,1.0,2,e7d62adc-e492-475c-9fc9-11cc9b3654da,Lungenkarte
0.9542355250275744,0.8980000621581303,True,0.04122304779907853,0.010363520408163265,False,0.3309948979591837,1.0,2,e7f182ac-e84e-4e0a-89f9-be61ea3c66c2,Lagepriore
0.9109566509895776,0.7253350562292009,False,0.029483710600026088,0.010363520408163265,False,0.3309948979591837,1.0,2,e7f182ac-e84e-4e0a-89f9-be61ea3c66c2,Lungenkarte
0.910687011663337,0.7780351784111182,False,0.04907372668436936,0.015066964285714286,False,0.3941127232142857,1.0,2,e7f67f50-2929-431f-a9fc-adc24518a87a,Lagepriore
0.8746567323813378,0.6748831090936354,False,0.035382204380471294,0.015066964285714286,False,0.3941127232142857,1.0,2,e7f67f50-2929-431f-a9fc-adc24518a87a,Lungenkarte
0.9232896813861521,0.6850208514068216,True,0.11519689935884043,0.03443877551020408,False,0.23098692602040816,1.0,2,e8659775-8a7f-40c1-a3a9-abdc85ba4fd4,Lagepriore
0.980752702783282,0.9054458471349062,True,0.14360774938125404,0.03443877551020408,False,0.23098692602040816,1.0,2,e8659775-8a7f-40c1-a3a9-abdc85ba4fd4,Lungenkarte
0.8525907253954664,0.4486177383094611,False,0.05726956811640189,0.022321428571428572,False,0.2281768176020408,0.9625,2,e8a7fd94-3616-448a-a57d-f4507987f185,Lagepriore
0.9283345637056193,0.6909730626413134,False,0.08240758070335161,0.022321428571428572,False,0.2281768176020408,0.9625,2,e8a7fd94-3616-448a-a57d-f4507987f185,Lungenkarte
0.8856871599247491,0.6526348443203037,False,0.08920798181432898,0.03049266581632653,False,0.2981704400510204,0.9928104575163399,2,e9978ac6-e87c-40fc-9d28-af8308380e25,Lagepriore
0.9044645604270845,0.661140702615357,False,0.08729384320532127,0.03049266581632653,False,0.2981704400510204,0.9928104575163399,2,e9978ac6-e87c-40fc-9d28-af8308380e25,Lungenkarte
0.9716976195097831,0.9009847210292015,True,0.2337103001231476,0.061842315051020405,False,0.3239198022959184,1.0,2,e9e58cf9-f301-4fe9-a5d5-ff12f7981612,Lagepriore
0.974229763565711,0.9077503924204345,True,0.185876411762171,0.061842315051020405,False,0.3239198022959184,1.0,2,e9e58cf9-f301-4fe9-a5d5-ff12f7981612,Lungenkarte
0.7474397512042225,0.5549338375344094,False,0.1743858315911728,0.09741709183673469,False,0.34731744260204084,0.9032324058919804,2,e9ea9123-3eab-4d60-973d-bfca20b6e054,Lagepriore
0.9036326787519685,0.7755866872951843,True,0.238703603988622,0.09741709183673469,False,0.34731744260204084,0.9032324058919804,2,e9ea9123-3eab-4d60-973d-bfca20b6e054,Lungenkarte
0.9819694457537114,0.9625347084976997,True,0.06962934196624206,0.016322544642857144,False,0.303890306122449,1.0,2,ea20f7ad-5958-4a6a-b871-89e747593fd8,Lagepriore
0.9400715793628653,0.795004015705381,False,0.05160103803309827,0.016322544642857144,False,0.303890306122449,1.0,2,ea20f7ad-5958-4a6a-b871-89e747593fd8,Lungenkarte
0.9014012105227299,0.6681088564398034,False,0.03802113206811311,0.012276785714285714,False,0.30458785076530615,1.0,2,eb2225b3-b09e-408c-8c48-27b1bad103a9,Lagepriore
0.9418954985692274,0.8036640696182524,False,0.03867849419545488,0.012276785714285714,False,0.30458785076530615,1.0,2,eb2225b3-b09e-408c-8c48-27b1bad103a9,Lungenkarte
0.9177171764798782,0.8870236117993409,True,0.1426612591103482,0.04376594387755102,False,0.3299186862244898,1.0,2,eb3d5fed-558d-4aba-b13e-f7917c49c79b,Lagepriore
0.9379031307443675,0.792633470903168,False,0.1257384639199814,0.04376594387755102,False,0.3299186862244898,1.0,2,eb3d5fed-558d-4aba-b13e-f7917c49c79b,Lungenkarte
0.8145230783649319,0.550423046863544,False,0.20236448463002807,0.09574298469387756,False,0.25711495535714285,0.9983347210657785,2,eb5be562-36b3-44b9-a7ef-68a49d4b03ac,Lagepriore
0.9737090078480105,0.857725670013928,True,0.34110990476560815,0.09574298469387756,False,0.25711495535714285,0.9983347210657785,2,eb5be562-36b3-44b9-a7ef-68a49d4b03ac,Lungenkarte
0.8269512584334087,0.611274917217451,False,0.08663841627106932,0.03419961734693878,False,0.3546516262755102,1.0,2,eba80948-4a28-4909-9b2d-06a0175c830f,Lagepriore
0.9370716674988239,0.8104131755633714,False,0.09196063603734354,0.03419961734693878,False,0.3546516262755102,1.0,2,eba80948-4a28-4909-9b2d-06a0175c830f,Lungenkarte
0.9757393520779621,0.9181941303888419,False,0.13399327291906493,0.033681441326530615,False,0.2568957270408163,1.0,2,ec09ddb3-9b0b-4749-9e0d-f94a4a7e5fed,Lagepriore
0.9384236577044017,0.7341356720202874,False,0.12038026281479122,0.033681441326530615,False,0.2568957270408163,1.0,2,ec09ddb3-9b0b-4749-9e0d-f94a4a7e5fed,Lungenkarte
0.9851903002146976,0.9503459503698882,True,0.6298869017642217,0.2080078125,False,0.36820392219387754,0.9392545750694644,2,ec2de089-6de3-49d8-b5e4-d95bb4559221,Lagepriore
0.9307635574977162,0.756385356796417,False,0.4941011461940265,0.2080078125,False,0.36820392219387754,0.9392545750694644,2,ec2de089-6de3-49d8-b5e4-d95bb4559221,Lungenkarte
0.9507252262425969,0.8456543881642224,False,0.06354877240266274,0.016741071428571428,False,0.2801937181122449,1.0,2,ec3f8f76-e644-4905-a379-8c8b33cc0dc6,Lagepriore
0.9171009337333117,0.6914172061138549,False,0.05474325964321889,0.016741071428571428,False,0.2801937181122449,1.0,2,ec3f8f76-e644-4905-a379-8c8b33cc0dc6,Lungenkarte
0.8403084566443655,0.6616090102679115,False,0.11365335818832142,0.04761240433673469,False,0.3869579081632653,1.0,2,ec55e4ab-ecdd-4265-a5fa-d84ee0af1e0d,Lagepriore
0.9603728236529017,0.8887846434428387,False,0.12103630921683065,0.04761240433673469,False,0.3869579081632653,1.0,2,ec55e4ab-ecdd-4265-a5fa-d84ee0af1e0d,Lungenkarte
0.6942253924075831,0.4502340022676425,False,0.08591090161132245,0.059470663265306124,False,0.30612244897959184,1.0,2,ec8ab6f6-b08d-4768-86a1-07367371a0f4,Lagepriore
0.9487400906774311,0.8049123443974414,False,0.18313543693513445,0.059470663265306124,False,0.30612244897959184,1.0,2,ec8ab6f6-b08d-4768-86a1-07367371a0f4,Lungenkarte
0.925219963905908,0.7973658091843773,True,0.43271667187306617,0.15051020408163265,False,0.3381895727040816,0.944385593220339,2,ed55f8dc-45a7-4416-ae94-847bb41a35c3,Lagepriore
0.9364600180366078,0.7906186672828803,True,0.3893380683033252,0.15051020408163265,False,0.3381895727040816,0.944385593220339,2,ed55f8dc-45a7-4416-ae94-847bb41a35c3,Lungenkarte
0.9059850918692036,0.7102871395461348,True,0.16377736567831316,0.05181760204081633,False,0.3243383290816326,1.0,2,ee48da1b-9ce9-4f57-90eb-5c131c285e84,Lagepriore
0.9594647713456042,0.858965625386753,True,0.15283880475125028,0.05181760204081633,False,0.3243383290816326,1.0,2,ee48da1b-9ce9-4f57-90eb-5c131c285e84,Lungenkarte
0.8415091683266288,0.6921892376428586,False,0.12614370957256274,0.05181760204081633,False,0.35068558673469385,1.0,2,ee52c757-3e8e-4e65-9818-52ad4c00622a,Lagepriore
0.953948217265331,0.8541008371463159,True,0.1426893904810337,0.05181760204081633,False,0.35068558673469385,1.0,2,ee52c757-3e8e-4e65-9818-52ad4c00622a,Lungenkarte
0.886342526341005,0.7223648679204727,False,0.16499041340033047,0.05863360969387755,False,0.4286312181122449,1.0,2,ef2755ec-e5e8-4f5a-87ce-be6e9aaf1823,Lagepriore
0.9449926457819231,0.8600484032529065,True,0.1320445565651913,0.05863360969387755,False,0.4286312181122449,1.0,2,ef2755ec-e5e8-4f5a-87ce-be6e9aaf1823,Lungenkarte
0.751000525769065,0.50803670033111,False,0.045318261884193994,0.026965082908163265,False,0.4661192602040816,1.0,2,ef503977-63a8-4fcf-9019-78e8e70511f3,Lagepriore
0.8905411963776599,0.7574918354542788,False,0.05541334829539725,0.026965082908163265,False,0.4661192602040816,1.0,2,ef503977-63a8-4fcf-9019-78e8e70511f3,Lungenkarte
0.9664465914108882,0.915526000077863,False,0.043935835281861534,0.011001275510204082,False,0.15196508290816327,1.0,2,efcc7a4f-23d6-4df1-9d80-677a620856d7,Lagepriore
0.9820550905125384,0.8753201601517918,True,0.06547460724658774,0.011001275510204082,False,0.15196508290816327,1.0,2,efcc7a4f-23d6-4df1-9d80-677a620856d7,Lungenkarte
0.9468471820458091,0.9542351657963402,True,0.5126854738674986,0.17175542091836735,False,0.20954241071428573,0.6182408911580413,2,efd57230-4266-464e-bc6a-7df5f1e83be3,Lagepriore
0.8593442736019196,0.7068578352262791,True,0.4582632107996481,0.17175542091836735,False,0.20954241071428573,0.6182408911580413,2,efd57230-4266-464e-bc6a-7df5f1e83be3,Lungenkarte
0.9106172508838931,0.8118369938741969,False,0.05403785924050437,0.01650191326530612,False,0.42440609056122447,1.0,2,f01d3d16-5d6e-4551-8c89-2c0bd9188c2f,Lagepriore
0.9104894490827051,0.7841810393967525,False,0.03784333993626203,0.01650191326530612,False,0.42440609056122447,1.0,2,f01d3d16-5d6e-4551-8c89-2c0bd9188c2f,Lungenkarte
0.8847065743608649,0.7915202751985901,True,0.4235926149086956,0.1670519770408163,False,0.3328882334183674,0.9612264376043904,2,f02e36df-ac4d-43f1-8001-3e0494145b0a,Lagepriore
0.9549909378157245,0.8353563714766387,True,0.44453157823729444,0.1670519770408163,False,0.3328882334183674,0.9612264376043904,2,f02e36df-ac4d-43f1-8001-3e0494145b0a,Lungenkarte
0.9486507322887257,0.8495100629598189,True,0.24988173671140396,0.07270408163265306,False,0.38161670918367346,1.0,2,f0e0c65f-bef1-467b-a4e8-e5e46cb25fa8,Lagepriore
0.9529619302760911,0.8591319061262026,True,0.18222294086414254,0.07270408163265306,False,0.38161670918367346,1.0,2,f0e0c65f-bef1-467b-a4e8-e5e46cb25fa8,Lungenkarte
0.9266861790511572,0.7942513547780308,True,0.0701635524341544,0.020089285714285716,False,0.34769610969387754,1.0,2,f12565af-43de-4bc9-9dba-a8a3e9c8331e,Lagepriore
0.9245279446013409,0.7742541659665854,False,0.054940070514560777,0.020089285714285716,False,0.34769610969387754,1.0,2,f12565af-43de-4bc9-9dba-a8a3e9c8331e,Lungenkarte
0.6648611777215921,0.659552599881956,False,0.13997305799107113,0.11443718112244898,False,0.2504982461734694,0.8883664228491814,2,f149b26e-035e-4f7b-b55b-016334772d2b,Lagepriore
0.9406662897285565,0.8022126452200106,True,0.376664656648077,0.11443718112244898,False,0.2504982461734694,0.8883664228491814,2,f149b26e-035e-4f7b-b55b-016334772d2b,Lungenkarte
0.9149212501687439,0.7771533393952997,True,0.4375775409014631,0.15547273596938777,False,0.43508848852040816,0.9843609793616203,2,f1677417-36ca-4ee2-886b-bb5e7c6a35ab,Lagepriore
0.9100835510461369,0.7478645196523508,True,0.3263892011953554,0.15547273596938777,False,0.43508848852040816,0.9843609793616203,2,f1677417-36ca-4ee2-886b-bb5e7c6a35ab,Lungenkarte
0.8307433080987966,0.5860206278145819,True,0.21702746269008397,0.0901626275510204,False,0.38685825892857145,0.9920424403183024,2,f1a92173-262b-42d1-b64e-213cdf6afdae,Lagepriore
0.9259017208996551,0.7812112949265528,True,0.2162215996464462,0.0901626275510204,False,0.38685825892857145,0.9920424403183024,2,f1a92173-262b-42d1-b64e-213cdf6afdae,Lungenkarte
0.984567206524499,0.9368310210796623,True,0.35691452979719224,0.09685905612244898,False,0.2491828762755102,0.7652263374485597,2,f21a2acc-e6f1-4132-b094-83c9e94a5e7d,Lagepriore
0.8737664128659215,0.7413221305842934,True,0.2731834448604382,0.09685905612244898,False,0.2491828762755102,0.7652263374485597,2,f21a2acc-e6f1-4132-b094-83c9e94a5e7d,Lungenkarte
0.9239759096793312,0.7335427162877882,False,0.11837216218185764,0.03591358418367347,False,0.27200255102040816,0.8845726970033296,2,f23d7784-06b4-4e44-8dcd-e1eec3e7d7cf,Lagepriore
0.8704849003695632,0.5746454578403875,False,0.10385959512904476,0.03591358418367347,False,0.27200255102040816,0.8845726970033296,2,f23d7784-06b4-4e44-8dcd-e1eec3e7d7cf,Lungenkarte
0.8828079979725917,0.5886092372922902,True,0.3108013982926656,0.11939971301020408,False,0.28762755102040816,0.9969954932398598,2,f26e5df0-bd0d-4d54-86b6-ea40ca0952a3,Lagepriore
0.9798661970172262,0.8991279412041502,True,0.38833639868186076,0.11939971301020408,False,0.28762755102040816,0.9969954932398598,2,f26e5df0-bd0d-4d54-86b6-ea40ca0952a3,Lungenkarte
0.9521485380965475,0.8092102648279822,True,0.34211014792284894,0.10349569515306123,False,0.26161910076530615,0.952050837666089,2,f26f795e-e989-40ce-a076-5763295ce46b,Lagepriore
0.9503085058313683,0.78419189459401,True,0.33546131408735075,0.10349569515306123,False,0.26161910076530615,0.952050837666089,2,f26f795e-e989-40ce-a076-5763295ce46b,Lungenkarte
0.6562017240016313,0.44071196580549665,False,0.08658659840265627,0.07198660714285714,False,0.34317203443877553,1.0,2,f27252da-ac5d-46b2-8df9-32e09763574b,Lagepriore
0.9636592738243405,0.8757542653807999,True,0.20117162975343233,0.07198660714285714,False,0.34317203443877553,1.0,2,f27252da-ac5d-46b2-8df9-32e09763574b,Lungenkarte
0.9124573900327234,0.6601431743204129,True,0.405718919669266,0.14666374362244897,False,0.259586256377551,0.9362685147438511,2,f29d2e7b-9a63-4614-8e61-62553edcb7fb,Lagepriore
0.9517080060696124,0.7462882672524228,True,0.47326841729358143,0.14666374362244897,False,0.259586256377551,0.9362685147438511,2,f29d2e7b-9a63-4614-8e61-62553edcb7fb,Lungenkarte
0.7771308012800386,0.5279194194250826,False,0.15193779394715176,0.07870296556122448,False,0.3088926977040816,0.9997467713345151,2,f2e8cacc-b217-4e82-93ba-33bf5e04e94c,Lagepriore
0.9302934893774527,0.7249135523997053,False,0.23334989432133682,0.07870296556122448,False,0.3088926977040816,0.9997467713345151,2,f2e8cacc-b217-4e82-93ba-33bf5e04e94c,Lungenkarte
0.9539358345828467,0.8824760898036703,True,0.2968153570079998,0.08689413265306123,False,0.31301817602040816,0.8738532110091743,2,f3aa1daa-4873-446a-a5b7-7da7f955245e,Lagepriore
0.871069081371357,0.6218142095889662,False,0.21987852302852523,0.08689413265306123,False,0.31301817602040816,0.8738532110091743,2,f3aa1daa-4873-446a-a5b7-7da7f955245e,Lungenkarte
0.6496672538808921,0.3070564660975389,False,0.046426227823762656,0.042849170918367346,False,0.26917251275510207,0.932093023255814,2,f3b1a1b8-b6d9-4ac7-85ea-41765f99eaf8,Lagepriore
0.9273824595011035,0.7577985005471581,True,0.1383544422136723,0.042849170918367346,False,0.26917251275510207,0.932093023255814,2,f3b1a1b8-b6d9-4ac7-85ea-41765f99eaf8,Lungenkarte
0.9749452316514091,0.9269004807901916,True,0.20219758529481152,0.05229591836734694,False,0.36447704081632654,1.0,2,f4113fee-b7a0-472c-8f68-24e999fbf73a,Lagepriore
0.9531358113351648,0.8577332684935475,True,0.13882659677478884,0.05229591836734694,False,0.36447704081632654,1.0,2,f4113fee-b7a0-472c-8f68-24e999fbf73a,Lungenkarte
0.7787646719329238,0.5593310375146542,False,0.05953264840310083,0.0322265625,False,0.34095982142857145,0.029684601113172542,2,f4b33c44-a7c1-4a14-a094-34bf19b38fd5,Lagepriore
0.3509005353712676,0.012806516217272372,False,0.006802950300272281,0.0322265625,False,0.34095982142857145,0.029684601113172542,2,f4b33c44-a7c1-4a14-a094-34bf19b38fd5,Lungenkarte
0.9803938976906528,0.9393352681172231,True,0.5314780457508842,0.16404257015306123,False,0.3908641581632653,0.9653748025756287,2,f4fffaa6-a5b8-494e-911b-1560d1937422,Lagepriore
0.9548014457205481,0.8764477922703777,True,0.38418342974472697,0.16404257015306123,False,0.3908641581632653,0.9653748025756287,2,f4fffaa6-a5b8-494e-911b-1560d1937422,Lungenkarte
0.8845938980840898,0.6609950486986547,True,0.24856860698136343,0.08968431122448979,False,0.36160714285714285,1.0,2,f5bb54ee-a4a0-49d6-be55-5687176002f4,Lagepriore
0.9601897714335756,0.8668813316394671,True,0.23694547745545236,0.08968431122448979,False,0.36160714285714285,1.0,2,f5bb54ee-a4a0-49d6-be55-5687176002f4,Lungenkarte
0.9446903473581753,0.855067494363826,True,0.3007144570300732,0.09135841836734694,False,0.3975805165816326,0.9585514834205934,2,f5dadf63-c828-441a-b595-ea7698087291,Lagepriore
0.8826118049820136,0.6941532805246978,True,0.2059355960383299,0.09135841836734694,False,0.3975805165816326,0.9585514834205934,2,f5dadf63-c828-441a-b595-ea7698087291,Lungenkarte
0.7203116542479734,0.5818824571820912,False,0.14082156345852107,0.09283322704081633,False,0.3666892538265306,1.0,2,f5dda7ca-c53f-47f8-8a10-08a1e31794c9,Lagepriore
0.9514304175638735,0.8393189262348354,False,0.24683245185734926,0.09283322704081633,False,0.3666892538265306,1.0,2,f5dda7ca-c53f-47f8-8a10-08a1e31794c9,Lungenkarte
0.9545123106748112,0.8674534827341119,True,0.23979016716247825,0.06772161989795919,False,0.3715122767857143,1.0,2,f652df75-c199-44a9-870b-54f68aae814d,Lagepriore
0.939259360538605,0.8137645616778253,True,0.1745551614607639,0.06772161989795919,False,0.3715122767857143,1.0,2,f652df75-c199-44a9-870b-54f68aae814d,Lungenkarte
0.8000970099660482,0.5311807858846099,False,0.03838583976689794,0.018435108418367346,False,0.17791374362244897,1.0,2,f65e81f1-e1b5-43d0-8815-f9004343ac56,Lagepriore
0.9798854077321519,0.8765046576193789,True,0.09601931569550641,0.018435108418367346,False,0.17791374362244897,1.0,2,f65e81f1-e1b5-43d0-8815-f9004343ac56,Lungenkarte
0.769570393537745,0.516158188684824,True,0.22433103865783285,0.10959422831632654,False,0.3428930165816326,0.9789052555010002,2,f66549b1-f756-45d1-88cd-f0083e9a25ca,Lagepriore
0.9128740473492093,0.6896075613896678,False,0.2837841626658349,0.10959422831632654,False,0.3428930165816326,0.9789052555010002,2,f66549b1-f756-45d1-88cd-f0083e9a25ca,Lungenkarte
0.96765655910074,0.8761821483483505,True,0.367443988197259,0.10646524234693877,False,0.26975047831632654,0.930363159865219,2,f6be6dc3-9539-46c0-a1f5-b10919ff81cd,Lagepriore
0.9497190492981581,0.828008847010845,True,0.34020094643267557,0.10646524234693877,False,0.26975047831632654,0.930363159865219,2,f6be6dc3-9539-46c0-a1f5-b10919ff81cd,Lungenkarte
0.9576316913294084,0.9197355138352451,True,0.56498677708098,0.19395727040816327,False,0.4090601084183674,0.9351623510069873,2,f8767c5d-9024-43d9-9044-843f2cec00c7,Lagepriore
0.917384604360566,0.7923098773351775,True,0.411094632768437,0.19395727040816327,False,0.4090601084183674,0.9351623510069873,2,f8767c5d-9024-43d9-9044-843f2cec00c7,Lungenkarte
0.8471887335579865,0.64108235000143,False,0.16990500067271988,0.06863839285714286,False,0.39156170280612246,1.0,2,f9538c72-0f7b-45e3-98a8-de3e4434fe4d,Lagepriore
0.9295409212070747,0.7971663490142453,False,0.17092540394435374,0.06863839285714286,False,0.39156170280612246,1.0,2,f9538c72-0f7b-45e3-98a8-de3e4434fe4d,Lungenkarte
0.928350889404913,0.7034144077340345,False,0.24363426749272962,0.07661033163265306,False,0.2559390943877551,1.0,2,f9715e1e-5d0f-4616-9bb4-c98e105acab1,Lagepriore
0.980063291110811,0.8973874180387872,True,0.28059234749067496,0.07661033163265306,False,0.2559390943877551,1.0,2,f9715e1e-5d0f-4616-9bb4-c98e105acab1,Lungenkarte
0.9056769105772932,0.7173254720372492,True,0.45101689246623194,0.1726124043367347,False,0.35849808673469385,0.9935342339221799,2,f99c02a3-1731-4d3b-80c2-fc0cf713787e,Lagepriore
0.9802407010218268,0.9215670743069342,True,0.4511978278714987,0.1726124043367347,False,0.35849808673469385,0.9935342339221799,2,f99c02a3-1731-4d3b-80c2-fc0cf713787e,Lungenkarte
0.8527895482009065,0.646837020608451,False,0.09261803621841919,0.03513632015306122,False,0.3732860331632653,0.9296653431650596,2,fa42a65d-581e-44bf-a8de-b89e9a6c17fb,Lagepriore
0.799076072147664,0.4792479862933758,False,0.07545877701105115,0.03513632015306122,False,0.3732860331632653,0.9296653431650596,2,fa42a65d-581e-44bf-a8de-b89e9a6c17fb,Lungenkarte
0.9305715671453171,0.767227651003495,True,0.3302963200328924,0.10564811862244898,False,0.28712930484693877,0.8662516506319562,2,fa8ea2ce-097a-4e42-8f9b-c3d0603484f1,Lagepriore
0.8772594838100133,0.5780446647118025,False,0.28179106833519474,0.10564811862244898,False,0.28712930484693877,0.8662516506319562,2,fa8ea2ce-097a-4e42-8f9b-c3d0603484f1,Lungenkarte
0.8579194231011388,0.7408236975871072,False,0.20932463363143636,0.08227040816326531,False,0.3490712691326531,0.934593023255814,2,faa4d458-b94d-46a4-8fea-c2f9ca5a70e9,Lagepriore
0.8995858214683969,0.7280582768534873,True,0.20385855622686452,0.08227040816326531,False,0.3490712691326531,0.934593023255814,2,faa4d458-b94d-46a4-8fea-c2f9ca5a70e9,Lungenkarte
0.930371425233511,0.8089853117368497,False,0.2650916520576332,0.08454241071428571,False,0.3116430165816326,0.8561999057048562,2,faa89d54-2079-4711-9d65-1c9aa3f58f3f,Lagepriore
0.8673468643600671,0.6364717481886218,True,0.2168865719178959,0.08454241071428571,False,0.3116430165816326,0.8561999057048562,2,faa89d54-2079-4711-9d65-1c9aa3f58f3f,Lungenkarte
0.6651800748222326,0.5091766171638795,False,0.19798815707219677,0.14417251275510204,False,0.25719467474489793,0.3754492673486315,2,fafb820f-cd7f-4a19-a24f-f294e69a0f87,Lagepriore
0.6333231515303506,0.4236901754194762,False,0.1901041079761885,0.14417251275510204,False,0.25719467474489793,0.3754492673486315,2,fafb820f-cd7f-4a19-a24f-f294e69a0f87,Lungenkarte
0.9556291589773901,0.9223083814422816,True,0.18237659206000065,0.0498046875,False,0.3208705357142857,0.9443777511004402,2,fba69c73-b836-4af1-8c84-4526ee8fdde3,Lagepriore
0.8647268585056356,0.5761529957072016,False,0.13052363668344957,0.0498046875,False,0.3208705357142857,0.9443777511004402,2,fba69c73-b836-4af1-8c84-4526ee8fdde3,Lungenkarte
0.8946086502949204,0.7636309392180214,True,0.22152688833589615,0.0760921556122449,False,0.4073860012755102,0.999738082765846,2,fd43dbd5-4dcb-4b62-ae2a-e991a703b48d,Lagepriore
0.9055318667926846,0.7376570922268368,False,0.1741399866287979,0.0760921556122449,False,0.4073860012755102,0.999738082765846,2,fd43dbd5-4dcb-4b62-ae2a-e991a703b48d,Lungenkarte
0.8285514795520263,0.719445603140873,False,0.12045788865253881,0.05275430484693878,False,0.5893455038265306,1.0,2,fd676e0b-14e6-40d4-8c4a-85d028559ad1,Lagepriore
0.8400429426249798,0.7178108542889787,True,0.08632472276219198,0.05275430484693878,False,0.5893455038265306,1.0,2,fd676e0b-14e6-40d4-8c4a-85d028559ad1,Lungenkarte
0.8551888710198521,0.7630448287263422,False,0.15081329921577044,0.0574577487244898,False,0.18287627551020408,0.8196323274366979,2,fd72c1b0-9525-4bcc-b70e-15e1755c1b7a,Lagepriore
0.9162651670786964,0.6110387779604586,True,0.21979302194110228,0.0574577487244898,False,0.18287627551020408,0.8196323274366979,2,fd72c1b0-9525-4bcc-b70e-15e1755c1b7a,Lungenkarte
0.9885547284705003,0.9660854611178541,True,0.6928895629764324,0.24001514668367346,False,0.34628109056122447,0.8874034708959562,2,fd8de63f-e006-4e20-a937-9ecbde6e31e9,Lagepriore
0.9404925011941416,0.827315566233715,True,0.5638209126830208,0.24001514668367346,False,0.34628109056122447,0.8874034708959562,2,fd8de63f-e006-4e20-a937-9ecbde6e31e9,Lungenkarte
0.9538547380180139,0.8922363233143334,True,0.2929172487577612,0.08529974489795919,False,0.30496651785714285,0.8322429906542056,2,fdd20e4d-879e-4ff9-bc4e-8ec4184cfff9,Lagepriore
0.8706543486574279,0.708226277850527,True,0.2161156254715882,0.08529974489795919,False,0.30496651785714285,0.8322429906542056,2,fdd20e4d-879e-4ff9-bc4e-8ec4184cfff9,Lungenkarte
0.8797609440194026,0.8823560271522937,False,0.1479739423966582,0.05056202168367347,False,0.3145129145408163,0.20378399684666929,2,fdfc11cc-75d9-4ab7-a40c-e3576cec8883,Lagepriore
0.5417007573787167,0.13851164697963173,False,0.03475532126588966,0.05056202168367347,False,0.3145129145408163,0.20378399684666929,2,fdfc11cc-75d9-4ab7-a40c-e3576cec8883,Lungenkarte
0.9133739412464799,0.8959132286687217,False,0.17584255498524684,0.056560905612244895,False,0.33163265306122447,0.5894996476391825,2,fe2bc588-c737-464b-ad90-ed4e76f6c2ce,Lagepriore
0.7216577127211142,0.5238917928668014,True,0.09698266710844601,0.056560905612244895,False,0.33163265306122447,0.5894996476391825,2,fe2bc588-c737-464b-ad90-ed4e76f6c2ce,Lungenkarte
0.7962179951336709,0.584268001776747,False,0.23641416186537112,0.1221500318877551,False,0.35526945153061223,0.9827051721324849,2,fe79ab03-4727-45c9-9c42-813f2b34f111,Lagepriore
0.9432432753095733,0.8061123089834867,True,0.3113257860706561,0.1221500318877551,False,0.35526945153061223,0.9827051721324849,2,fe79ab03-4727-45c9-9c42-813f2b34f111,Lungenkarte
0.4467447290398044,0.12843093464318334,False,0.014882934862927613,0.03862404336734694,False,0.5063376913265306,0.9628482972136223,2,fe972a3f-d91e-4e70-a02d-49ae29f0b188,Lagepriore
0.7271457354275077,0.46528477445063976,False,0.06303497824501911,0.03862404336734694,False,0.5063376913265306,0.9628482972136223,2,fe972a3f-d91e-4e70-a02d-49ae29f0b188,Lungenkarte
0.8598950507869983,0.7421311819613569,False,0.1529996032782848,0.06130420918367347,False,0.26209741709183676,0.9993498049414824,2,fee03015-e202-4e2e-b72e-2a72f0052fc6,Lagepriore
0.9673645806586987,0.8481535540037224,True,0.2166060398335753,0.06130420918367347,False,0.26209741709183676,0.9993498049414824,2,fee03015-e202-4e2e-b72e-2a72f0052fc6,Lungenkarte
0.8232978492835284,0.580220899566911,False,0.08177225800740859,0.03575414540816327,False,0.33420360331632654,1.0,2,fff0b503-72a5-446a-843d-f3d152e39053,Lagepriore
0.9379100386385255,0.7993965602276555,False,0.10130890431377812,0.03575414540816327,False,0.33420360331632654,1.0,2,fff0b503-72a5-446a-843d-f3d152e39053,Lungenkarte
