point_auc,point_auc_lung,hit,mass,area,degenerate,lung_area,box_in_lung,fold,patientId,arm,n_boxes,fingerprint
0.8985570456349261,0.8249760043255745,True,0.40483290766967855,0.2282764668367347,False,0.33711336096938777,0.8830103020778767,4,000fe35a-2649-43d4-b027-e67796d412e0,p5head_ex,2,335357.93735616974
0.7361711782158945,0.5978872445160663,False,0.14574976263059033,0.07963966836734694,False,0.2920519770408163,0.9604604604604604,4,002cb550-2e31-42f1-a29d-fbc279977e71,p5head_ex,2,335357.93735616974
0.8482075192778105,0.8324323721231764,True,0.07509591605554179,0.03627232142857143,False,0.2501195790816326,0.7532967032967033,4,00704310-78a8-4b38-8475-49f4573b2dbb,p5head_ex,2,335357.93735616974
0.8420850182801941,0.8273651590179012,True,0.19092219164249857,0.09468670280612244,False,0.3843470982142857,0.8697116396548095,4,00c0b293-48e7-4e16-ac76-9269ba535a62,p5head_ex,2,335357.93735616974
0.7860990886182608,0.7440918282280661,False,0.2541734312558023,0.154296875,False,0.32613201530612246,0.917592353397055,4,018951e6-9fb3-4e92-8ce7-e3a018daf93f,p5head_ex,2,335357.93735616974
0.6722491023173315,0.6582566639560156,False,0.161091871293614,0.07360092474489796,False,0.316226881377551,0.8992688870836718,4,01a7353d-25bb-4ff8-916b-f50dd541dccf,p5head_ex,2,335357.93735616974
0.9809669418149506,0.9589366272274507,False,0.0574439876654642,0.013153698979591837,False,0.4052136479591837,0.8833333333333333,4,01dc817c-3cfa-49fe-8662-518edc30652a,p5head_ex,1,335357.93735616974
0.7360702419783012,0.7459668328949173,True,0.18528033100100622,0.09454719387755102,False,0.2832828443877551,0.7936340640809444,4,01f3abc2-33c7-4ea2-a599-dc49b76fcfae,p5head_ex,2,335357.93735616974
0.2941577608142494,0.5,False,0.0,0.020946269132653062,False,0.09022241709183673,0.9904852521408183,4,01fa0f5e-00c3-41cb-b5c7-10600c8633ae,p5head_ex,2,335357.93735616974
0.7660456643539351,0.5966216199730188,False,0.033294177156177135,0.019252232142857144,False,0.3913026147959184,1.0,4,02285fa4-35b7-4af6-b88f-3cac45a7f5c8,p5head_ex,1,335357.93735616974
0.7554214488491321,0.6453253416020609,False,0.06859138623990865,0.03631218112244898,False,0.29567920918367346,1.0,4,035789b1-3736-405d-9910-f8f23c62ae9f,p5head_ex,2,335357.93735616974
0.8653628716475714,0.7044497415882454,False,0.11160504667106619,0.05857382015306122,False,0.24962133290816327,1.0,4,03e9a70f-3de8-4e13-b3f2-9dd6d75f496d,p5head_ex,2,335357.93735616974
0.8034496327431417,0.8463685360200409,False,0.04156778335893028,0.017996651785714284,False,0.3295798788265306,1.0,4,049d7317-5a8b-4fc4-b81f-159fe6b45a92,p5head_ex,1,335357.93735616974
0.2529603345328803,0.2445438420606154,False,0.0,0.008669483418367346,False,0.5255301339285714,1.0,4,04dd9347-6215-4b34-a98f-a73e577aff9d,p5head_ex,1,335357.93735616974
0.42345494437708703,0.5153514903522136,False,0.0010313201986134103,0.023955676020408163,False,0.638313137755102,1.0,4,05333c60-bee9-4c69-adc6-fc9de52e8cdb,p5head_ex,2,335357.93735616974
0.9148106450166649,0.8936263212824209,True,0.3098579974938651,0.11834343112244898,False,0.40517378826530615,0.6734590771303469,4,0550968f-5ad7-460c-96c5-c2702535e344,p5head_ex,2,335357.93735616974
0.4678243747119695,0.464203492616093,False,0.0,0.04858896683673469,False,0.3772520727040816,0.4593929450369155,4,05632b7f-f4c5-4d67-aa93-8f3c04eb7937,p5head_ex,1,335357.93735616974
0.8285896256729056,0.6817333898193951,True,0.09636751020732222,0.0450813137755102,False,0.30795599489795916,0.9973474801061007,4,0567d70b-5a94-4363-a162-7207ffaff023,p5head_ex,2,335357.93735616974
0.7307719665292916,0.8092893055216177,True,0.6193101664143353,0.41727120535714285,False,0.35054607780612246,0.7809141710846826,4,05fe7d73-5c8c-4349-88c4-2071a00d6d81,p5head_ex,2,335357.93735616974
0.9751559772435057,0.9810077555285589,True,0.4532296980031552,0.1363201530612245,False,0.3713528380102041,0.8961988304093568,4,06155af4-88f1-48b3-8860-27578f1b2e04,p5head_ex,1,335357.93735616974
0.6112739003890917,0.6257018236915027,True,0.492149015960926,0.367008131377551,False,0.32376036352040816,0.7527016019549281,4,06250f9d-5ad9-44ca-9283-dbf787e2ad22,p5head_ex,2,335357.93735616974
0.4156413702212572,0.5534432881219439,False,0.004373221298994235,0.02654655612244898,False,0.2999641262755102,0.933933933933934,4,06327569-4e4f-4fdc-a116-db367c079669,p5head_ex,1,335357.93735616974
0.9082351374791072,0.7511165441062905,True,0.3818758216278163,0.18702168367346939,False,0.23288026147959184,0.8967391304347826,4,06cc46b7-50b1-41c1-a406-ccac7a5ac3e2,p5head_ex,2,335357.93735616974
0.5493085180947852,0.5389537159998312,False,0.3055654770977215,0.24842554209183673,False,0.38895089285714285,0.8644203770557561,4,06efb50a-e30e-4e44-b323-c228c66d80a6,p5head_ex,2,335357.93735616974
0.8416021077064639,0.8465437825321852,True,0.43748678885907516,0.2576929209183674,False,0.27812101403061223,0.81430781129157,4,06fc2885-127a-4274-b20c-554d352ea21b,p5head_ex,2,335357.93735616974
0.72761116167189,0.7078605145302105,True,0.3716421247003029,0.23186383928571427,False,0.3246970663265306,0.8711535155578477,4,0702a884-c189-4a05-bcf5-dc72f4f406fc,p5head_ex,2,335357.93735616974
0.9981652696764556,0.9976563486547168,True,0.3798389813989633,0.0948062818877551,False,0.36559311224489793,0.6214000420433046,4,07332989-6518-4bd9-96de-f4513948cf4a,p5head_ex,1,335357.93735616974
0.5923858304083915,0.4788603750231721,True,0.5584626795328697,0.46129623724489793,False,0.36415816326530615,0.7067311846539359,4,077ff78d-27ef-49d4-9e8e-00e458844a3e,p5head_ex,2,335357.93735616974
0.9791500412822292,0.9515350017237801,False,0.12660484430715305,0.023317920918367346,False,0.44033003826530615,1.0,4,07a35aa8-491e-49f2-a9a3-13df10f32484,p5head_ex,1,335357.93735616974
0.940517800128283,0.8936145755672066,True,0.33271520986101966,0.13990752551020408,False,0.5195511798469388,0.9494301994301995,4,07bb7f0d-ef4b-4963-b453-7f9d8c5b7c62,p5head_ex,1,335357.93735616974
0.9747267118139953,0.94393845486737,True,0.34448253057961664,0.12418287627551021,False,0.44423628826530615,0.9966297544535387,4,07c379f0-8ceb-4ba9-84be-cfbb29de8ba5,p5head_ex,1,335357.93735616974
0.9890998469170816,0.9955376623368092,True,0.4368329102007578,0.13026147959183673,False,0.3171237244897959,0.5215728274173806,4,07d1a89d-351c-4a75-993a-ba315142b419,p5head_ex,1,335357.93735616974
0.937014145196938,0.9149180181200274,True,0.36216494489406265,0.17721619897959184,False,0.3826530612244898,0.8489653621232569,4,07f78db5-7d9a-4ba0-a00f-02c36953020f,p5head_ex,1,335357.93735616974
0.9910104149679305,0.9900703664417341,True,0.31210627495183974,0.08023756377551021,False,0.40541294642857145,0.9140586189766517,4,088b89f6-6847-4a20-b1ad-5887b56bbae7,p5head_ex,1,335357.93735616974
0.9949169659128236,0.9911246759391192,True,0.23765352015510557,0.07922114158163265,False,0.24278539540816327,0.859622641509434,4,089a996e-425c-4311-b473-6948b3eb1060,p5head_ex,1,335357.93735616974
0.9341724609630756,0.9222011951960173,True,0.2762164091025408,0.15613042091836735,False,0.36445711096938777,0.7402348736277764,4,08d8e57a-4835-445b-8c79-8dd31ab17819,p5head_ex,2,335357.93735616974
0.8149041466130229,0.9043762124134476,True,0.2698455780342427,0.12290736607142858,False,0.40718670280612246,0.684449489216799,4,08e84251-b9cc-47e7-9486-be7becdd1d84,p5head_ex,2,335357.93735616974
0.845283608345412,0.9323854796793488,True,0.46844282319285624,0.26110092474489793,False,0.36477598852040816,0.7178078009312266,4,08f580ca-6c0e-47ca-9759-851b3c0bb397,p5head_ex,2,335357.93735616974
0.8379474414332507,0.9640159165815083,False,0.17897037167841828,0.07838408801020408,False,0.32407924107142855,0.7124332570556827,4,0902e0fc-fcf3-40b5-ac04-c3ecc14c2355,p5head_ex,1,335357.93735616974
0.8055043790903342,0.5620309962965953,True,0.5210184235818774,0.3571627869897959,False,0.3016382334183674,0.7501255510295184,4,09137a8c-017a-4bc3-8195-1d152b992cd0,p5head_ex,2,335357.93735616974
0.42687571410435443,0.4604086845466156,False,0.0,0.05807557397959184,False,0.4794124681122449,1.0,4,091fa211-36c0-42a4-bd7d-c8bced664d9d,p5head_ex,1,335357.93735616974
0.815892833476152,0.7913541313637561,True,0.48921420613926037,0.2756297831632653,False,0.36461654974489793,0.8422993492407809,4,094eed38-9c5b-4042-936d-344ccec4c3cc,p5head_ex,2,335357.93735616974
0.8553091991065886,0.7768893976791506,False,0.23449386162251623,0.13681839923469388,False,0.3823341836734694,0.8547705753823743,4,095d6b7c-fa53-4f06-90b9-5c5f76038f04,p5head_ex,2,335357.93735616974
0.83053778470091,0.884777658578267,True,0.3224262724246628,0.1818000637755102,False,0.29689492984693877,0.8045384784038588,4,0976dbc4-041f-4bb0-9110-3024d0786c8b,p5head_ex,2,335357.93735616974
0.6841367964741849,0.48016413309954903,False,0.49945938295297176,0.3529575892857143,False,0.479671556122449,0.7443817052512705,4,097788d4-cb88-4457-8e71-0ca7a3da2216,p5head_ex,1,335357.93735616974
0.8757186892104376,0.7520099347046284,True,0.3930083545474751,0.23188376913265307,False,0.2460140306122449,0.7493768801031371,4,098e14d4-3205-4c2d-a059-738f830c0aa5,p5head_ex,3,335357.93735616974
0.3906819001053663,0.42900341835393113,False,2.3591638234505314e-08,0.08242984693877552,False,0.30319276147959184,0.9197292069632496,4,09cdcb9a-3768-4403-a85e-37a65711aec4,p5head_ex,2,335357.93735616974
0.5327170259553508,0.4000039580990283,False,0.0830940581473714,0.06983418367346939,False,0.32950015943877553,0.8901255707762558,4,0a2c130c-c536-4651-836d-95d07e9a89cf,p5head_ex,1,335357.93735616974
0.8851873876723024,0.6932783678210198,True,0.6174810327960982,0.4185068558673469,False,0.3308952487244898,0.6868422305824087,4,0aa43663-a1f3-44cb-8ecc-9b36fbb0d778,p5head_ex,2,335357.93735616974
0.8537068611416314,0.927720735504595,True,0.23177925783574663,0.12569754464285715,False,0.3062021683673469,0.8790233074361821,4,0ac2fb38-efab-454a-971e-d8349b8ad28d,p5head_ex,2,335357.93735616974
0.8429949462146974,0.8984866354993472,True,0.31436002550730074,0.15314094387755103,False,0.332828443877551,0.8958875585632483,4,0afeabf5-d5a3-454f-a50d-887f0d21106c,p5head_ex,3,335357.93735616974
0.8382054831041087,0.8425031555412793,True,0.2981548310040097,0.1589405293367347,False,0.38789461096938777,0.8741065830721003,4,0b0073e0-9c19-4da4-88f2-b3d2ebc6f1f4,p5head_ex,2,335357.93735616974
0.9880803875328517,0.9914245118592125,True,0.26037827969013366,0.08669483418367346,False,0.31503109056122447,0.8882758620689655,4,0b74faac-00a1-4958-9571-b5f7f9c52179,p5head_ex,1,335357.93735616974
0.7094043535261284,0.4764880302063646,False,0.3414404092390851,0.24469866071428573,False,0.3272680165816326,0.8354780908942825,4,0ba245bb-b2e4-49b1-8c63-576e38470708,p5head_ex,2,335357.93735616974
0.25665399239543724,0.4153130133235992,False,0.0,0.07748724489795919,False,0.28549505739795916,0.8659979423868313,4,0bcfe7ee-ada5-48de-990b-2a2fd6c6ed15,p5head_ex,2,335357.93735616974
0.7547947740464743,0.6248949197606672,True,0.41103846127447674,0.24621332908163265,False,0.28750797193877553,0.7387081107333657,4,0bf4c667-6fb1-4943-8e6a-f80914cca147,p5head_ex,2,335357.93735616974
0.5525777363577676,0.658429676086847,False,0.02784690293351205,0.031090561224489797,False,0.33541932397959184,1.0,4,0c4c0dd9-1685-48c3-a09e-817816695016,p5head_ex,1,335357.93735616974
0.8256036438916817,0.6659141546545448,True,0.5275963686897197,0.3256935586734694,False,0.23674665178571427,0.3576061681556725,4,0cc48c9c-0576-4d70-abc0-dd8cdc1eb788,p5head_ex,2,335357.93735616974
0.9719050320822327,0.9534169592869935,True,0.07497922760027152,0.01775749362244898,False,0.33181202168367346,1.0,4,0d9b1901-494b-4b0a-a0a4-8f67273c56a7,p5head_ex,1,335357.93735616974
0.9856207348964293,0.9647049419206585,False,0.10861313609768794,0.012854751275510204,False,0.3336854272959184,1.0,4,0e0df6e1-1a66-4122-a14b-7a4cd106421f,p5head_ex,1,335357.93735616974
0.8814923177619614,0.8790057534840695,True,0.1287585395862219,0.06590800382653061,False,0.35160235969387754,0.9017236165709102,4,0ebc8268-df3d-45d8-8ee7-b34880c62830,p5head_ex,2,335357.93735616974
0.9129855653625203,0.8307807166765543,False,0.1523488453826972,0.07146843112244898,False,0.5406768176020408,1.0,4,0f0a1877-3f44-42f0-8905-2856078ff2ac,p5head_ex,2,335357.93735616974
0.9974286342108987,0.9956521062563443,True,0.2582355573098408,0.04330755739795918,False,0.41077407525510207,0.8863322595490106,4,0f3ac29b-7682-4402-bbe5-89e4add87639,p5head_ex,1,335357.93735616974
0.9670298462588005,0.917657933667305,False,0.07711479879035173,0.020208864795918366,False,0.31074617346938777,1.0,4,0f510183-11b0-4356-b8ae-24ac9e3814c4,p5head_ex,1,335357.93735616974
0.9943597950938378,0.9826712847221175,False,0.14198836591085692,0.0380859375,False,0.32065130739795916,0.9759288330716902,4,0f8f22cd-112a-47c5-8069-d767ed01b112,p5head_ex,1,335357.93735616974
0.7747144780769945,0.7510483518570956,True,0.3424133398323467,0.2017498405612245,False,0.3331273915816326,0.9696730218314729,4,0fe227eb-592b-4ae5-b050-e7573d423953,p5head_ex,2,335357.93735616974
0.7758763416436716,0.7283282573633834,False,0.1259996387351273,0.064453125,False,0.23214285714285715,0.3976499690785405,4,1004476c-1b00-4ccd-9c72-193b6a048e15,p5head_ex,2,335357.93735616974
0.91108010374223,0.9174349188177919,False,0.09122756606755324,0.04223134566326531,False,0.390804368622449,0.8253893345917885,4,112bbb1f-9e2a-4421-b276-39868ef35904,p5head_ex,2,335357.93735616974
0.8495149155264721,0.898309404003665,True,0.18436574328925256,0.1057876275510204,False,0.26598373724489793,0.8651092690278824,4,1153fe0a-8d2d-4900-8cfd-af90d1e0bdfe,p5head_ex,2,335357.93735616974
0.8916858391549627,0.9318199813713886,True,0.20713437906437399,0.06365593112244898,False,0.28615274234693877,0.8647463994990607,4,11827075-47dd-4f3c-a7b5-aae992cce35b,p5head_ex,2,335357.93735616974
0.8362317742520381,0.6509379263576607,True,0.4307619931305496,0.19876036352040816,False,0.23357780612244897,0.85410608643337,4,122bd0b8-4b45-4587-8cb9-1848e52aa863,p5head_ex,2,335357.93735616974
0.9038845165787144,0.8855304737938794,True,0.2166163909958328,0.09972895408163265,False,0.3840880102040816,0.9124700239808153,4,12fb963d-f74d-4c83-a3d9-c96ee8983ff4,p5head_ex,2,335357.93735616974
0.687846492992385,0.7250188102173669,False,0.09415319019296098,0.0782047193877551,False,0.2580715880102041,0.9396024464831805,4,1321f38d-adb7-491d-97eb-277d57ab6e59,p5head_ex,2,335357.93735616974
0.9049505259645255,0.8508382477062482,True,0.21158708105240664,0.11120854591836735,False,0.3594347895408163,0.9826164874551971,4,14cc479c-1385-46a1-9559-638c7da6f02d,p5head_ex,2,335357.93735616974
0.9264493781370156,0.9106830430817047,True,0.6107758369784279,0.20607461734693877,False,0.20756935586734693,0.7843326885880078,4,14fb269f-0b01-43c0-ac49-74f8394a6353,p5head_ex,2,335357.93735616974
0.985127196301105,0.9774344091957009,True,0.22431863481470837,0.06736288265306123,False,0.5395009566326531,1.0,4,15427579-e055-4f31-a2ac-f92da3855bcb,p5head_ex,1,335357.93735616974
0.9979346775472127,0.9954074895655565,True,0.20649904874622485,0.05492665816326531,False,0.31758211096938777,0.9941944847605225,4,1555f6ac-0266-4120-b948-697809f139a1,p5head_ex,1,335357.93735616974
0.9803456256615709,0.9676808700447577,True,0.12520881593010244,0.04225127551020408,False,0.2938257334183674,0.9995283018867924,4,159eced6-02dd-4c88-ba1e-e34c4c9a00b5,p5head_ex,1,335357.93735616974
0.9656349687749027,0.9721962367004167,False,0.04990814331972612,0.015784438775510203,False,0.1966876594387755,0.7512626262626263,4,15b28846-3e6f-40d1-b497-cea5abed3766,p5head_ex,1,335357.93735616974
0.9521698976620351,1.0,False,0.2959112747292333,0.04185267857142857,False,0.2782405931122449,0.10047619047619048,4,15b66169-1cbc-40a5-bbd6-3acbad9f6445,p5head_ex,1,335357.93735616974
0.9029488611154126,0.7681451993113692,True,0.2403627913768998,0.11856265943877552,False,0.2909359056122449,0.854261220373172,4,15cfe136-58ea-4e38-b3a8-d372ecad4ac7,p5head_ex,2,335357.93735616974
0.5326871214488486,0.36224130713445163,False,0.0462552194009369,0.04821029974489796,False,0.34925063775510207,0.9632079371641175,4,15d9403c-bf5b-41be-add6-a5c2a9e16d35,p5head_ex,1,335357.93735616974
0.9773599493449213,0.9319809378499426,True,0.1269417684398216,0.04177295918367347,False,0.35030691964285715,1.0,4,1614564a-fe0d-43dc-87ae-299d859959f6,p5head_ex,2,335357.93735616974
0.9764472207450816,0.9452936818463478,True,0.31372546020603553,0.10184151785714286,False,0.3680444834183674,0.9354207436399217,4,162b17de-b15d-4122-9352-ec3445f61f35,p5head_ex,1,335357.93735616974
0.8781059410505863,0.6928122614600856,True,0.5054173066646921,0.262515943877551,False,0.3162468112244898,0.9650774369875493,4,165e4595-deeb-4910-b06b-89e2fba035f6,p5head_ex,2,335357.93735616974
0.6670665555788324,0.5601498557235737,True,0.441203705828038,0.3400829081632653,False,0.3575414540816326,0.8227848101265823,4,166088ea-38d0-4881-8a1a-7e6d5fc442dd,p5head_ex,2,335357.93735616974
0.5158799780242675,0.497109523826592,False,0.17988488213263584,0.18973214285714285,False,0.2752311862244898,0.8197478991596638,4,16d8d1b9-1430-4043-acb3-d3938a354028,p5head_ex,2,335357.93735616974
0.4029516985808911,0.10630227866355277,False,0.08427877670488866,0.12197066326530612,False,0.3023158482142857,0.8607843137254902,4,16fecf77-f64c-4a80-94e9-4eaa27b78aec,p5head_ex,1,335357.93735616974
0.9314079312988827,0.9590290654417425,True,0.3404429834621305,0.1652782206632653,False,0.26070232780612246,0.5665018690461835,4,16fff742-c937-4b49-b7bd-b6d9f7b75847,p5head_ex,2,335357.93735616974
0.8920429961217798,0.6768336190007033,True,0.362510749720774,0.19999601403061223,False,0.23148517219387754,0.7672147483806676,4,177648ba-1d97-4195-bd33-f4d11e826aa8,p5head_ex,2,335357.93735616974
0.9663578822172099,0.9995847990350079,True,0.46443990004070673,0.14301658163265307,False,0.22602439413265307,0.2979375696767001,4,17a26c7a-8bd6-494a-82af-c504a5a6a1bb,p5head_ex,1,335357.93735616974
0.9776566616871503,0.9725544579391112,True,0.3114651689566754,0.09375,False,0.4946787308673469,0.9936224489795918,4,17af8e70-3af0-4a47-a5ba-f16938c87c7e,p5head_ex,1,335357.93735616974
0.9952414223563104,0.988841845324655,True,0.2132231412028703,0.06467235331632654,False,0.30887276785714285,0.9833590138674885,4,17dcf534-9163-4887-ad53-18e99fc28aa1,p5head_ex,1,335357.93735616974
0.9061650570253658,0.7193128135665868,True,0.5849743577554989,0.326171875,False,0.21629862882653061,0.587192961016742,4,17e95c76-ae2f-4ad9-b713-08b617d3c9bd,p5head_ex,2,335357.93735616974
0.9520437972846907,0.9892650115488371,True,0.33432947535870805,0.08848852040816327,False,0.37081473214285715,0.6144144144144145,4,180bbb1f-4105-4fa1-94cf-5bb8294eaae8,p5head_ex,1,335357.93735616974
0.41529776612873204,0.5485192327300779,False,0.002980688316298921,0.03539540816326531,False,0.2941844706632653,0.9983108108108109,4,181f55a1-d776-42e0-b2a1-ab2e73dc31a2,p5head_ex,1,335357.93735616974
0.8650189133674473,0.8277848000795976,True,0.26136498945599673,0.1257374043367347,False,0.19557158801020408,0.6100808368996672,4,18845136-172c-4e84-9b1f-4127434db08c,p5head_ex,2,335357.93735616974
0.8324156722818514,0.8447039536800769,True,0.33436459469012847,0.16246811224489796,False,0.298030931122449,0.6205839057899902,4,188713c0-6005-47fd-a5b4-62d3c9119c0d,p5head_ex,2,335357.93735616974
0.8280927304268105,0.634173310029574,True,0.5358008968775073,0.33828922193877553,False,0.3549306441326531,0.8396960056557087,4,194917f4-f78a-49f9-a35e-3de36e668f5e,p5head_ex,2,335357.93735616974
0.9850256176946576,0.9725693752952128,True,0.29027284331154235,0.09865274234693877,False,0.39319595025510207,0.8343434343434344,4,197c3079-d2b8-4227-8513-743e0e3d6431,p5head_ex,1,335357.93735616974
0.9458461473302778,0.9446745185412254,True,0.17016087699236032,0.0341796875,False,0.3522401147959184,1.0,4,19a62d7a-3d7d-4b5b-8dca-3247af94f339,p5head_ex,1,335357.93735616974
0.7440425938080043,0.8114396128407068,True,0.1340457877277981,0.06409438775510204,False,0.3617466517857143,0.8342661691542289,4,19b1f7ba-bd40-4e8d-813d-da977b2306b3,p5head_ex,2,335357.93735616974
0.8585246137278554,0.6785538520131041,False,0.13545391052419306,0.05434869260204082,False,0.1981823979591837,0.9801980198019802,4,19f688c5-33bc-4fa3-ae34-7cf1fbd06eb5,p5head_ex,2,335357.93735616974
0.7129891968630917,0.6970612324450866,True,0.18747745413555714,0.12352519132653061,False,0.30367107780612246,0.9753146176185866,4,1a2cef8e-99cb-43cc-b9b5-65fe5104037f,p5head_ex,2,335357.93735616974
0.8324001684995143,0.7542608405538641,False,0.10995628975800543,0.04880819515306122,False,0.3054249043367347,0.9379338505512455,4,1a32542e-bc47-4703-82a7-d88bedc8c07d,p5head_ex,2,335357.93735616974
0.7845470818248055,0.7568286982636064,True,0.12380662071875081,0.05353156887755102,False,0.3468391262755102,1.0,4,1a42aa5f-54c6-4ada-b381-cdf65cfc69b1,p5head_ex,2,335357.93735616974
0.7850105258202107,0.7835553407230809,True,0.15660243139327928,0.07168765943877552,False,0.48708545918367346,0.8676675006950236,4,1a9c2e64-7cbd-480c-9598-9de93b69d6b2,p5head_ex,2,335357.93735616974
0.7608547772685542,0.9675129503175223,False,0.042616216207844844,0.0283203125,False,0.3418765943877551,0.5812807881773399,4,1accb591-63ca-462d-8bd8-83be3cb91df2,p5head_ex,1,335357.93735616974
0.9221718149238465,0.8815798073591329,False,0.12218224165819512,0.04741310586734694,False,0.4512914540816326,1.0,4,1aeb19e3-7365-4d66-afef-5157a3aca280,p5head_ex,1,335357.93735616974
0.8439677296155109,0.6020969520761169,False,0.09115921929701183,0.044244260204081634,False,0.2010921556122449,0.9932432432432432,4,1c187dbf-3fa4-4a39-914a-39994b76d4c5,p5head_ex,2,335357.93735616974
0.7057086470346978,0.7069351546426368,False,0.06386515705072612,0.035275829081632654,False,0.3270288584183674,1.0,4,1c5435c1-431c-4815-a50e-6c20dc2d929e,p5head_ex,2,335357.93735616974
0.8669183833794525,0.8257505905863974,False,0.10297574904727005,0.05345184948979592,False,0.34042171556122447,0.9589858314690529,4,1d57c801-71b4-49da-8933-2cabdc927fef,p5head_ex,3,335357.93735616974
0.39534152375361653,0.4745056223342381,False,0.0,0.04938616071428571,False,0.35764110331632654,0.9971751412429378,4,1e6c28f1-f8d3-4d49-bb82-0cc8709a86f1,p5head_ex,3,335357.93735616974
0.8152543855858768,0.5608314409775237,False,0.1084771756241366,0.044443558673469385,False,0.34703842474489793,0.5757847533632287,4,1f20a7b4-fc0d-49fa-8cc0-ecd516509372,p5head_ex,2,335357.93735616974
0.9894674353633642,0.9748788177615814,True,0.07284938281723727,0.019072863520408163,False,0.40724649234693877,1.0,4,1f447431-e2b3-4d18-8c22-30684ab71ffb,p5head_ex,1,335357.93735616974
0.9094832432327266,0.7517911035096976,False,0.08369979001064357,0.03997927295918367,False,0.19828204719387754,0.6410767696909272,4,1f493e1f-cd9f-455a-8b22-c77d042d6ac2,p5head_ex,2,335357.93735616974
0.7764176500878177,0.7645229798771143,False,0.08437728738206354,0.04255022321428571,False,0.2954001913265306,0.550351288056206,4,1fd8e4db-3283-44a1-a591-6e3e49f248ab,p5head_ex,1,335357.93735616974
0.9248653587256958,0.9369356777078264,False,0.06457309426458467,0.0274234693877551,False,0.34207589285714285,1.0,4,1fd92186-f1fa-477d-b23e-abfd7ad537ce,p5head_ex,1,335357.93735616974
0.5,0.5,False,0.0,0.04185267857142857,True,0.37416294642857145,0.7819047619047619,4,2037f6cd-d91f-47b9-ad6b-13a629090fdd,p5head_ex,1,335357.93735616974
0.9462871499371772,0.950647995960299,True,0.38612201617999853,0.15403778698979592,False,0.3325294961734694,0.8337430456721439,4,203b7f39-41eb-4b06-ae00-387fbfa45dd8,p5head_ex,1,335357.93735616974
0.8687440315589966,0.8051636254786092,True,0.3392063950964972,0.19499362244897958,False,0.2988879145408163,0.9169051512673753,4,2090a3aa-9ba3-42a2-baa3-f0bfa4f783f8,p5head_ex,2,335357.93735616974
0.8266764352510289,0.6981542926721144,True,0.32275542014240555,0.20430086096938777,False,0.3028938137755102,0.936591552043703,4,2139214a-4a50-4144-9c2d-eb4c929e1e7e,p5head_ex,2,335357.93735616974
0.959250318872854,0.9120737199934409,False,0.06981603601490223,0.020228794642857144,False,0.35371492346938777,1.0,4,2398ea30-8cf0-4265-b374-0300a5181759,p5head_ex,1,335357.93735616974
0.9910057354833623,0.9884321630633011,True,0.1536047485543308,0.03942123724489796,False,0.42470503826530615,1.0,4,23ab8dcb-0331-42b0-8058-45676e48675e,p5head_ex,1,335357.93735616974
0.7167820094295723,0.49480173185049503,False,0.05517754405301395,0.04683514030612245,False,0.2882055165816326,0.2672340425531915,4,23ae7f52-f3be-4b6f-ba8f-ac2a72f433fc,p5head_ex,1,335357.93735616974
0.8115738033998242,0.6928678264958675,True,0.21677894812844445,0.12236926020408163,False,0.27578922193877553,0.7858306188925082,4,254f04d1-d24e-43bc-a00d-8f7140c222fb,p5head_ex,3,335357.93735616974
0.8047783313731545,0.6934197559453193,True,0.162489298249337,0.08846859056122448,False,0.3134167729591837,0.8905158819553953,4,25d1ddb4-df24-4e52-8a84-b0dff45f9718,p5head_ex,2,335357.93735616974
0.24318237654573746,0.3402107353671319,False,0.0,0.02654655612244898,False,0.3878148915816326,1.0,4,260e3c89-2bc0-48c8-8203-64d63693fa8d,p5head_ex,1,335357.93735616974
0.7480085608770297,0.791453355281633,True,0.38128451910321964,0.09771603954081633,False,0.4078842474489796,0.9606363450948399,4,26c15b0a-9865-414d-94b2-5349e8903f88,p5head_ex,3,335357.93735616974
0.9904102056117459,0.980525458976758,True,0.20057244413921263,0.055564413265306124,False,0.3163464604591837,0.9967718794835008,4,276e7c3c-7875-41ce-93e6-0d1834a403a0,p5head_ex,1,335357.93735616974
0.6887411498711622,0.7151577493457401,True,0.38112512231157475,0.24467873086734693,False,0.36202566964285715,0.8898753767206973,4,27ee75df-d2e3-40c0-994f-3efd14e6dafb,p5head_ex,2,335357.93735616974
0.8241730206807031,0.8019079944930718,True,0.3860743966347998,0.22883450255102042,False,0.32678970025510207,0.8743250304824943,4,27fa7496-e222-4016-8d1a-5a8dd4db52ed,p5head_ex,2,335357.93735616974
0.9645692056874521,0.9841177738011668,True,0.1324181940165717,0.0450813137755102,False,0.26865433673469385,0.7347480106100795,4,285e0dd4-4f19-47ab-9ce0-6b02c1396f29,p5head_ex,1,335357.93735616974
0.9016367077684262,0.8587488943376449,True,0.29413685046551236,0.10610650510204081,False,0.34974888392857145,0.18632607062359127,4,28684a2f-1e6f-4431-969a-2f9cf574e7ba,p5head_ex,2,335357.93735616974
0.8501432062678423,0.8274130008270684,True,0.30769688941078127,0.11519451530612244,False,0.4707828443877551,0.9370242214532872,4,28fd01f3-ea55-450e-934c-df01b11cfbc9,p5head_ex,1,335357.93735616974
0.7729717266665845,0.7471698957946148,True,0.1527924853717223,0.07288345025510204,False,0.279476243622449,0.9562482909488652,4,29128fda-79ce-4a14-bbf9-9884422075d0,p5head_ex,2,335357.93735616974
0.8639134781217791,0.8705171113565427,True,0.23040510574670267,0.10596699617346939,False,0.4026028380102041,0.9851419973669362,4,29b9a5ae-56e4-4e15-a78d-cbaeda0c276a,p5head_ex,2,335357.93735616974
0.9777709898708375,0.9773657675085962,True,0.05769118142368486,0.0146484375,False,0.3573620854591837,0.8299319727891157,4,2ae3e7ba-a0fe-4f0a-96db-d337714aa657,p5head_ex,1,335357.93735616974
0.351957064302092,0.4025948624331725,False,0.0,0.01779735331632653,False,0.3147720025510204,0.5106382978723404,4,2af7c7b5-4b57-470a-9b31-1f167e3e500a,p5head_ex,1,335357.93735616974
0.973967528528659,0.9532995929004565,False,0.09287472488645049,0.02614795918367347,False,0.3186583227040816,1.0,4,2b55eeed-3408-46fd-9e18-d7c5295a92b2,p5head_ex,1,335357.93735616974
0.6765199897282826,0.6265267860393274,False,0.08073887879550035,0.04830994897959184,False,0.2960180165816326,0.8716996699669967,4,2b57dc05-b925-4d58-b536-c9eae9677d05,p5head_ex,2,335357.93735616974
0.5646797597683659,0.4605076495772714,False,0.10555307078807835,0.09743702168367346,False,0.3966438137755102,0.9975455103293107,4,2b70a757-4dff-4d97-baf5-f41b8d3ab4da,p5head_ex,2,335357.93735616974
0.5049522354723202,0.29591677983015474,False,0.014988400859707905,0.0361328125,False,0.2840601084183674,0.17815774958632102,4,2bb1db95-73ad-46b0-8567-8a03d9a83def,p5head_ex,1,335357.93735616974
0.8046614250448689,0.6427799125263871,False,0.10011168743085573,0.04454320790816327,False,0.23146524234693877,0.5785234899328859,4,2bd6fd9b-f94c-49fb-b301-88ea19122b6a,p5head_ex,2,335357.93735616974
0.36063193851409053,0.4279058855074407,False,0.0,0.0664859693877551,False,0.33693399234693877,0.5959232613908872,4,2d32deab-9bd2-465a-8e7f-9b14452fb055,p5head_ex,2,335357.93735616974
0.5066660179065999,0.5972326719987787,False,0.0058191022086324816,0.02477279974489796,False,0.30088089923469385,0.7948511665325825,4,2f8bdf8a-af90-43bf-8d5d-0b434cca29f9,p5head_ex,2,335357.93735616974
0.7637287907060087,0.6713128324942109,True,0.21138009131058338,0.11774553571428571,False,0.27218191964285715,0.8896411645226812,4,2fba3da2-e622-477e-a8fe-8fcc06550b25,p5head_ex,2,335357.93735616974
0.6948643017810391,0.6053533766614557,False,0.151084837120423,0.10303730867346939,False,0.3740234375,0.8980657640232108,4,2fff8f27-32ad-48b1-908b-a5a991964b85,p5head_ex,1,335357.93735616974
0.8658281896272595,0.7290753219466273,True,0.0686739228312508,0.036252391581632654,False,0.3289819834183674,1.0,4,3036fb15-305b-4e9b-93ab-4e555a0fd323,p5head_ex,2,335357.93735616974
0.8919142527421335,0.8220939959315018,False,0.15934532952404992,0.07724808673469388,False,0.34765625,0.8924148606811145,4,3038262f-ca56-436a-bdfe-7a547026fcb0,p5head_ex,2,335357.93735616974
0.7474204468412179,0.5598261819633967,True,0.21775402092654184,0.13699776785714285,False,0.22634327168367346,0.7692755309863253,4,308cf5b6-fcaf-4673-bc75-737b8d67b889,p5head_ex,2,335357.93735616974
0.7459390398698682,0.939765460447745,False,0.019781307997588364,0.02391581632653061,False,0.3639987244897959,0.17,4,308e8db6-f833-45b2-adb7-0f019ff96135,p5head_ex,1,335357.93735616974
0.8197525191891425,0.7177584137114594,True,0.09029071073236168,0.037587691326530615,False,0.17647879464285715,0.5933191940615058,4,308eab64-517b-46f1-8865-d9566b087bff,p5head_ex,3,335357.93735616974
0.8550046908838823,0.7050035812820196,True,0.26189622464460877,0.12880660076530612,False,0.2970344387755102,0.9328485223580381,4,30ac4f03-d153-4c6a-a13b-e47855fcb2fb,p5head_ex,2,335357.93735616974
0.9470513788733701,0.9410252260838515,False,0.10030525730182428,0.013293207908163265,False,0.48098692602040816,1.0,4,30d44656-0af9-4870-b43c-f83de6cd8f2e,p5head_ex,1,335357.93735616974
0.9874759996661402,0.982709010635105,True,0.1862357701128679,0.04498166454081633,False,0.3356784119897959,0.9623393885688968,4,314b6a0c-897a-4769-8e91-64816d8e5d8a,p5head_ex,1,335357.93735616974
0.9890974613658169,0.9908477255617771,True,0.11219027228788367,0.030612244897959183,False,0.2749720982142857,0.2825520833333333,4,31714284-24d2-4e29-95ce-1342164502fb,p5head_ex,1,335357.93735616974
0.8969924629851612,0.8685525238401169,True,0.19666604746665492,0.08657525510204081,False,0.25466358418367346,0.7776243093922652,4,31739fc0-50fd-49e1-aeed-d7e39f7106fe,p5head_ex,2,335357.93735616974
0.8765309358696155,0.7687453401537875,True,0.15469262812678897,0.05295360331632653,False,0.20406170280612246,0.5254045916447121,4,3185ee2b-a09e-40fd-8f57-4d2802c0248d,p5head_ex,2,335357.93735616974
0.9952932898283984,0.9951843255815335,True,0.1857345231966464,0.05389030612244898,False,0.3039500956632653,0.40458579881656803,4,319c7cc1-72c8-4b0d-96b2-bf6de8c26021,p5head_ex,1,335357.93735616974
0.7382169054847599,0.7952218636148741,False,0.08587403480126819,0.04799107142857143,False,0.2958386479591837,0.9435215946843853,4,31b840b4-9cc0-4ec2-a817-1f109b4e46fb,p5head_ex,2,335357.93735616974
0.7113397957299739,0.6361173010952668,False,0.06278221426083319,0.03981983418367347,False,0.4208984375,0.5065065065065065,4,31bac031-0b6b-408f-8acc-1651bd777dc0,p5head_ex,1,335357.93735616974
0.5792281850721346,0.7260565263656683,False,0.12083307744219654,0.09351084183673469,False,0.40176578443877553,0.8115942028985508,4,31ec89aa-09c7-4342-8bb5-ba7b585e875e,p5head_ex,2,335357.93735616974
0.9336189455139893,0.8317716403950461,True,0.21787049990218071,0.0966796875,False,0.29262994260204084,0.9550608122036693,4,321d8cc5-0fc3-43de-b12f-851515e800d5,p5head_ex,2,335357.93735616974
0.8041548282965342,0.6329691196978297,True,0.24273569661908417,0.13897082270408162,False,0.38514429209183676,0.9991395382188442,4,3239951b-6211-4290-b237-3d9ad17176db,p5head_ex,4,335357.93735616974
0.6824374713075253,0.7314326245368113,True,0.18095029637246693,0.11547353316326531,False,0.3225047831632653,0.7647566448049706,4,32659f33-5e60-4db1-9696-657e54b769c8,p5head_ex,2,335357.93735616974
0.6764178092128756,0.6824041617819461,False,0.0410761879687042,0.02893813775510204,False,0.44094786352040816,0.5509641873278237,4,3275fe4e-18e7-4fe2-94f9-aa0d725232aa,p5head_ex,1,335357.93735616974
0.3921767678949415,0.37678427147858873,False,0.0,0.07728794642857142,False,0.360172193877551,0.8303249097472925,4,3282f02d-965e-4da5-acf7-b3d8e8154a31,p5head_ex,2,335357.93735616974
0.30602034461282956,0.4388418557399255,False,0.0,0.03997927295918367,False,0.3076171875,0.3339980059820538,4,32b0d04e-72fd-429a-8f71-6d1089e24415,p5head_ex,1,335357.93735616974
0.9636714701041166,0.9446533192426179,True,0.20962007088256018,0.09725765306122448,False,0.4239477040816326,0.9780737704918033,4,32c41ed0-6704-465c-94d3-3073b9b4415e,p5head_ex,2,335357.93735616974
0.8619046712971081,0.8839803479304937,True,0.22101871152419433,0.08940529336734694,False,0.32728794642857145,0.7088720463664735,4,32d840e8-6bee-4e0b-b942-f18304166ca9,p5head_ex,2,335357.93735616974
0.7319430417598974,0.7171119549141903,True,0.2424636310223267,0.1586017219387755,False,0.44471460459183676,0.9817793415431013,4,331b086e-e4a6-44f9-aa82-aff072c27a7a,p5head_ex,2,335357.93735616974
0.8082854684361376,0.7247216866023095,True,0.19233175592602972,0.09781568877551021,False,0.33535953443877553,0.9845150774246129,4,3342938c-21d3-4f72-a0ce-9d930f4b98dc,p5head_ex,2,335357.93735616974
0.681390087848603,0.8074045250840186,False,0.07092411223089616,0.04506138392857143,False,0.33816964285714285,0.6709420610349403,4,334c4445-63ce-401a-a1a2-1a467901a1ae,p5head_ex,2,335357.93735616974
0.837088184434531,0.9024340952419181,True,0.367339183383385,0.21010044642857142,False,0.3809390943877551,0.8995446784291405,4,335e0c90-7426-44a3-a9c3-11b21485d840,p5head_ex,2,335357.93735616974
0.5552451642706283,0.5012922007972697,False,0.0408164692020712,0.06291852678571429,False,0.24176897321428573,0.7760532150776053,4,3374e3a8-2156-4553-b434-805405e67264,p5head_ex,1,335357.93735616974
0.8551401402000135,0.8368065991242103,False,0.12423327434332312,0.05974968112244898,False,0.28097098214285715,0.7705136757838559,4,33838dc8-dc3e-443c-be25-609ce5d66743,p5head_ex,2,335357.93735616974
0.7195848597015875,0.7942957540596021,True,0.23394921557079698,0.13382892219387754,False,0.33510044642857145,0.9778108711839166,4,338e80a6-7b26-4133-b051-a40e063d39a3,p5head_ex,3,335357.93735616974
0.24900924702774108,0.39410136122433287,False,0.0,0.03443877551020408,False,0.2915736607142857,0.9415509259259259,4,3397d218-ad10-49dd-a3e0-9b1ee6d3d91d,p5head_ex,1,335357.93735616974
0.7291748716815718,0.7315149816027132,True,0.2967116579161723,0.18510841836734693,False,0.37519929846938777,0.8260120585701981,4,339907f7-5f76-40b4-8476-9c3460417d16,p5head_ex,2,335357.93735616974
0.8960257466962239,0.8012976808297249,True,0.15168130972517457,0.05448820153061224,False,0.24720982142857142,0.6346013167520117,4,339d0607-e869-4869-ac6d-379172682713,p5head_ex,2,335357.93735616974
0.8078620878007537,0.8723116238724903,True,0.5038461199530592,0.2958386479591837,False,0.3435905612244898,0.7753300997035839,4,33c24f1e-7526-4d84-a057-facdc540f22b,p5head_ex,2,335357.93735616974
0.8741672504573103,0.8276416870154933,True,0.08730662857505252,0.04603794642857143,False,0.2769052933673469,0.9943722943722944,4,33c66fa9-6a08-4d0d-b309-88ce91a217c9,p5head_ex,2,335357.93735616974
0.8181419472245501,0.7408123385687734,True,0.5206208320156571,0.3402822066326531,False,0.44080835459183676,0.902424739369802,4,33df5e75-0b13-4c2b-b217-a0b32e3fc396,p5head_ex,2,335357.93735616974
0.8576216484317334,0.7812384925072914,True,0.23239626663825078,0.12179129464285714,False,0.312320631377551,0.9806905580101456,4,34034bf2-1e42-45e7-aad2-80df607373bb,p5head_ex,2,335357.93735616974
0.8698843334048191,0.9254179910352474,True,0.2029977430098717,0.07808514030612244,False,0.34117904974489793,0.6100051046452272,4,340af340-aa8f-418d-a73b-3c11814cc1c3,p5head_ex,2,335357.93735616974
0.980578112227769,0.9351032032483645,False,0.03227893337461005,0.00701530612244898,False,0.3041892538265306,1.0,4,341983d7-a04e-4b75-a021-1c5562139301,p5head_ex,1,335357.93735616974
0.8510623593945683,0.9473437641673997,False,0.1969903157456408,0.07437818877551021,False,0.25502232142857145,0.7312433011789925,4,342868be-14cd-4700-82c6-575f62097e6e,p5head_ex,2,335357.93735616974
0.9338053795549629,0.8485051840704136,True,0.3153826770993882,0.08215082908163265,False,0.3962252869897959,0.3064046579330422,4,345d4363-a4e6-47f4-97c8-9bbd22061ae9,p5head_ex,2,335357.93735616974
0.804568779244474,0.8200364084323642,True,0.10297104651037055,0.03920200892857143,False,0.36587213010204084,0.8937468225724453,4,345e85a4-6f43-422c-b472-61e36c37faa2,p5head_ex,2,335357.93735616974
0.5,0.5,False,0.0,0.014349489795918368,True,0.26646205357142855,1.0,4,346fdfbf-788e-4791-95f2-f986208c7796,p5head_ex,1,335357.93735616974
0.8648252468569079,0.7894440695068734,True,0.17860654166337042,0.07306281887755102,False,0.14341517857142858,0.7474086197490453,4,34783bc6-c67c-45fc-81ca-202df5b71f38,p5head_ex,2,335357.93735616974
0.9003527997658538,0.749876431988511,False,0.136131584111879,0.07366071428571429,False,0.19385762117346939,0.9748376623376623,4,34820ad5-f8ca-497e-8ed9-79c10bf864fc,p5head_ex,2,335357.93735616974
0.8105471656941817,0.6898378816766476,True,0.18376533177783755,0.08749202806122448,False,0.2228156887755102,0.9473804100227791,4,3488f56d-1c15-45f2-ad45-ee5b11196442,p5head_ex,2,335357.93735616974
0.7497488551930481,0.7405144369596156,False,0.04487127523665896,0.029137436224489797,False,0.38283242984693877,1.0,4,3489804c-d115-4f87-b5c9-301462cdcad4,p5head_ex,1,335357.93735616974
0.7785365457909356,0.7502057753114989,True,0.24960583408272072,0.1071029974489796,False,0.35915577168367346,0.9525493114998139,4,34985379-397f-4afb-9ca7-538cc629703b,p5head_ex,2,335357.93735616974
0.4314224484328958,0.5,False,0.0,0.33041693239795916,False,0.39401307397959184,0.843778273719766,4,34b11240-350d-4383-a5bb-169bccf1e760,p5head_ex,2,335357.93735616974
0.8689167804850413,0.9189423135131054,False,0.08527493310892219,0.030233577806122448,False,0.33693399234693877,0.9235332893869479,4,34be1f4b-2863-425f-9f8e-6dc21579575a,p5head_ex,1,335357.93735616974
0.77613327315493,0.7459942041111418,True,0.20340249723808354,0.09946986607142858,False,0.3679049744897959,0.9032258064516129,4,34d36b9f-af87-4891-b001-6dc4f5379cb2,p5head_ex,3,335357.93735616974
0.6618842383489052,0.7232213995080148,False,0.024469110437795653,0.016262755102040817,False,0.45274633290816324,0.9987745098039216,4,35061124-9245-4434-b165-b89aef28bb75,p5head_ex,1,335357.93735616974
0.6489167593343466,0.7194830082246471,False,0.2953363375697327,0.26478794642857145,False,0.43680245535714285,0.8717446936625018,4,35062e5b-b6ef-447d-8c60-f8673b9168df,p5head_ex,2,335357.93735616974
0.8120790692936761,0.7526669599479922,True,0.2860735071787917,0.1436144770408163,False,0.37179129464285715,0.9827921176797113,4,35705250-dc4c-408b-8caf-237bd857ae52,p5head_ex,2,335357.93735616974
0.31114754098360653,0.41163979268643824,False,0.0,0.0274234693877551,False,0.30428890306122447,1.0,4,357e0be1-1698-4b87-aa27-db197bc709ce,p5head_ex,1,335357.93735616974
0.9286127580653237,0.9416229201259554,True,0.34172079062589356,0.13153698979591838,False,0.3047672193877551,0.891969696969697,4,358a25c3-ecbc-490b-b887-1594168f4dab,p5head_ex,1,335357.93735616974
0.8602876971822395,0.8593277892955076,True,0.4969137436229194,0.31702407525510207,False,0.47158003826530615,0.8603759351229019,4,35926045-c5ed-4db4-9f3d-2e77bda01d14,p5head_ex,2,335357.93735616974
0.9917574921025261,0.9875294465246567,True,0.19078030039751454,0.05879304846938776,False,0.41549744897959184,1.0,4,35a60fb3-459a-43a6-9c1f-066578ca5d63,p5head_ex,1,335357.93735616974
0.9679225151360669,0.982737870725433,True,0.09903639549102904,0.0322265625,False,0.28031329719387754,0.614100185528757,4,35b69e13-ffe9-4034-8d6c-32b5ad8e8b1f,p5head_ex,1,335357.93735616974
0.3960082484306796,0.4497987205384339,False,0.0012175183932673535,0.023018973214285716,False,0.3881935586734694,0.8813852813852814,4,35c98046-1334-4b50-8232-41fcc65d150e,p5head_ex,1,335357.93735616974
0.47450587131780464,0.5790281375994805,False,0.003494755985127662,0.030313297193877552,False,0.33394451530612246,0.980276134122288,4,35ffa64a-fc84-4582-95ad-40d4eab93197,p5head_ex,1,335357.93735616974
0.4556772707291069,0.5025617074361559,False,0.053338187576475765,0.13422751913265307,False,0.26694036989795916,0.6479584261321455,4,36042724-581b-4459-a45a-603beec0bdf2,p5head_ex,2,335357.93735616974
0.786183995518218,0.8168449010592898,True,0.3790396612460726,0.21464445153061223,False,0.37211017219387754,0.7714020427112349,4,3606dcdc-56a2-405f-b799-2f7e13d1b2e8,p5head_ex,2,335357.93735616974
0.9274039669301002,0.9158836492502695,True,0.10330191676222364,0.03186782525510204,False,0.4655811543367347,1.0,4,361bdb6b-b414-457f-87dc-bb30e20463d0,p5head_ex,1,335357.93735616974
0.9852998485929904,0.9667784073945958,True,0.17147299423251616,0.0545280612244898,False,0.3547313456632653,1.0,4,3632aa2e-04b5-499d-8a27-1af18699e5fa,p5head_ex,1,335357.93735616974
0.8065741861137743,0.6137947018364556,True,0.4320655617038044,0.28176817602040816,False,0.3080556441326531,0.8305276559626539,4,3673cc6c-6c57-4910-ace9-795fe9a4d0c2,p5head_ex,2,335357.93735616974
0.7075276860425437,0.7069561186344554,True,0.3405951769379113,0.20442044005102042,False,0.3527981505102041,0.8024763576094375,4,36898db8-3570-4740-a396-aaf6cee6b7a1,p5head_ex,2,335357.93735616974
0.8158496520679586,0.6866763277949982,True,0.5357979714364628,0.2770248724489796,False,0.2908960459183674,0.8120863309352518,4,368d0726-3481-4f66-81a2-f89bb7294ca1,p5head_ex,2,335357.93735616974
0.7394968343873095,0.783289237896492,True,0.4118745554093102,0.22947225765306123,False,0.34426817602040816,0.8692895605350008,4,36984bda-bc42-40ee-a3fd-bfe8f78f2ddd,p5head_ex,2,335357.93735616974
0.757562254798661,0.7281194939194235,True,0.22581712255675365,0.14247847576530612,False,0.36270328443877553,0.9885298643166877,4,3698b8bd-311e-4784-b9c3-dbe1d5296dc5,p5head_ex,2,335357.93735616974
0.9566923996497845,0.9566606920958145,True,0.10754461825138975,0.03826530612244898,False,0.27401546556122447,0.9994791666666667,4,36ac7bd2-34b4-4551-96b9-8404ec7d9079,p5head_ex,1,335357.93735616974
0.7891413604780966,0.6525822917261325,True,0.38052079089349794,0.26038345025510207,False,0.38205516581632654,0.982548794489093,4,36c67a1f-c782-4fae-b8d4-092bc51c6b05,p5head_ex,2,335357.93735616974
0.9055791179967448,0.9211131873982463,True,0.3088340467981644,0.1441326530612245,False,0.18273676658163265,0.4608683628318584,4,36c6e858-3acf-46df-8b0a-9b452885f85c,p5head_ex,2,335357.93735616974
0.7189184276653323,0.6302088735686528,False,0.09554483502309423,0.03419961734693878,False,0.3230827487244898,1.0,4,3707b351-5760-4962-93a0-9f58252d22e7,p5head_ex,1,335357.93735616974
0.7440831423929563,0.5742908619684381,True,0.3094788042548083,0.17606026785714285,False,0.333984375,0.9695494679646819,4,372dc27b-20c5-418a-b09d-8816843e940e,p5head_ex,2,335357.93735616974
0.8945204096276858,0.8143035688309169,False,0.06946221582974793,0.027901785714285716,False,0.4389150191326531,1.0,4,3734bc4a-f4dd-4022-a23d-39b41ac8ec3f,p5head_ex,1,335357.93735616974
0.8156960335946423,0.805479070841907,True,0.35010357288190175,0.22307477678571427,False,0.34353077168367346,0.9535423925667829,4,374b2ddb-10f8-4fb7-a745-3ecf886af10c,p5head_ex,2,335357.93735616974
0.8595374450907911,0.8222725835720425,True,0.14730370157921163,0.047731983418367346,False,0.3133171237244898,0.7695198329853862,4,375e3962-cb81-4f04-ae25-f74d92320998,p5head_ex,2,335357.93735616974
0.6117296725695401,0.5939301954092885,False,0.06723155446350139,0.0625797193877551,False,0.2868502869897959,0.913375796178344,4,378ef52a-cbc7-4e92-bd6b-ecb4045508f3,p5head_ex,2,335357.93735616974
0.872323568746285,0.8896943831603313,True,0.21800673378046836,0.0741390306122449,False,0.3040298150510204,0.864247311827957,4,37a40c9f-fa3d-4819-85c0-531d0ba6b991,p5head_ex,2,335357.93735616974
0.39033942558746737,0.4651572491191439,False,0.0,0.02295918367346939,False,0.32710857780612246,0.9435763888888888,4,37f025d9-05c0-4e27-9a75-2e6a2085fa30,p5head_ex,1,335357.93735616974
0.8446846912824931,0.6575971520509054,True,0.505023426268315,0.34476642219387754,False,0.3784677933673469,0.8624775998612637,4,37f5c61c-c395-468f-a4ea-7108343a22cb,p5head_ex,2,335357.93735616974
0.7396185677778675,0.7468917080052744,False,0.12236485026624597,0.06931600765306123,False,0.24067283163265307,0.7001150086256469,4,38247d25-1b31-438b-a0b1-53294160846f,p5head_ex,2,335357.93735616974
0.42939554125488394,0.4785291214215202,False,0.0,0.13285235969387754,False,0.32778619260204084,0.9476447644764476,4,38262da1-7640-43a1-88ba-1c14960c159e,p5head_ex,2,335357.93735616974
0.4779734652709765,0.5403301906715786,False,0.003181983416765656,0.02285953443877551,False,0.2614596619897959,1.0,4,38314ee1-b525-43aa-af34-8e1dd877395e,p5head_ex,1,335357.93735616974
0.591712256515586,0.5630641077174852,False,0.11348375867834996,0.06752232142857142,False,0.26893335459183676,0.877508854781582,4,38364eb2-ec1a-4747-a2ce-64674bbeb32d,p5head_ex,2,335357.93735616974
0.8816718330880807,0.9691134570550327,True,0.34230263871776906,0.1462452168367347,False,0.23092713647959184,0.3931588988825293,4,38b147a7-352b-4adb-88b5-2449d362acae,p5head_ex,2,335357.93735616974
0.9758551502572407,0.9877091448700646,True,0.19454414389573427,0.05859375,False,0.31228077168367346,0.967687074829932,4,38ca6aad-7cff-4616-8d1a-0ef485eb0eb0,p5head_ex,1,335357.93735616974
0.9782957956736279,0.9666981820256062,True,0.24223385069306547,0.05570392219387755,False,0.389469068877551,1.0,4,38ead95b-c698-4cef-bec8-3f95005484c3,p5head_ex,1,335357.93735616974
0.9211581828369048,0.8658073049306966,True,0.22760540888914935,0.1044921875,False,0.2608019770408163,0.9170322334541293,4,38f2df56-b804-4c70-811e-b01f1aac0216,p5head_ex,2,335357.93735616974
0.7409104949613513,0.5356131191246511,False,0.11476361912635837,0.07700892857142858,False,0.32979910714285715,0.8938923395445134,4,38ffaafc-11bb-4ca1-8242-dbb576fc8cc6,p5head_ex,1,335357.93735616974
0.8255073504724324,0.7683389514589474,True,0.27497573915693097,0.15525350765306123,False,0.2889827806122449,0.8668806161745828,4,391a0d8a-9d87-4420-9e76-2bd87dbce5a3,p5head_ex,2,335357.93735616974
0.6338421924362594,0.49110112423008934,False,0.16958500478729455,0.12579719387755103,False,0.2665218431122449,0.9177756653992395,4,391ea361-3ebe-4930-9645-e14740e6d58b,p5head_ex,2,335357.93735616974
0.8414900311250456,0.772177283968505,True,0.4488351543478632,0.20081313775510204,False,0.4074657206632653,0.8256252481143311,4,392d05d8-1655-4a0f-b254-71826bfb4742,p5head_ex,2,335357.93735616974
0.7613270556969117,0.5569531995059843,True,0.30215932989143457,0.21496332908163265,False,0.3208107461734694,0.9718153161505656,4,39552f5b-ee51-4a9a-9028-8fcdaae9baac,p5head_ex,2,335357.93735616974
0.3036687739662141,0.40952869661324703,False,0.0,0.03848453443877551,False,0.2854751275510204,0.8581046090108752,4,39693e31-b11e-4cd5-a626-2862cb0ede1d,p5head_ex,2,335357.93735616974
0.8775191618448651,0.6655726972751982,True,0.34556485107242224,0.19122688137755103,False,0.23297991071428573,0.8317873892652423,4,39919c47-0f93-417f-96fb-1aa8a6d6e7ab,p5head_ex,2,335357.93735616974
0.861292448678777,0.8390862666097457,False,0.2077440492660129,0.119140625,False,0.29807079081632654,0.9279023084643694,4,39b06cc3-1e49-4459-bb87-b8b69bbe74d7,p5head_ex,2,335357.93735616974
0.4760129929621455,0.5,False,0.0,0.042849170918367346,False,0.3471779336734694,0.5427906976744186,4,3a037b3d-5100-4ba1-bbb4-eb9c22d9e572,p5head_ex,1,335357.93735616974
0.9792735395668669,0.9768472272816606,False,0.07080073762598538,0.020926339285714284,False,0.3335060586734694,0.8676190476190476,4,3a2cbb37-3c4d-4fdd-86be-e304ae5b0bcd,p5head_ex,1,335357.93735616974
0.8068792507003547,0.750600549613465,True,0.45260324730924256,0.28330277423469385,False,0.4818638392857143,0.9293000351741119,4,3a3e5ddf-0b42-4c84-b13b-8e3ac1e8b2c0,p5head_ex,2,335357.93735616974
0.7210445025802835,0.6990152617578144,True,0.37020619356416545,0.2384406887755102,False,0.27437420280612246,0.8625041792042795,4,3a6a7fc5-350e-4d58-a8e5-397fa81e2586,p5head_ex,2,335357.93735616974
0.8190853117362834,0.6354929100516187,True,0.32600711941096905,0.20310507015306123,False,0.27754304846938777,0.9210087331959572,4,3a6c8986-b679-43a4-aa31-9e9e59b5d79b,p5head_ex,2,335357.93735616974
0.8346017024788746,0.8563108021835523,True,0.449664110269711,0.20944276147959184,False,0.44236288265306123,0.9263488438481302,4,3a776e35-1909-4109-aa86-0fd23f023e44,p5head_ex,2,335357.93735616974
0.9716621025562924,0.9249508135559504,True,0.1579714775532347,0.027901785714285716,False,0.22873485331632654,0.9957142857142857,4,3aa0d0a3-61f9-461d-b160-f2f15f5b3394,p5head_ex,1,335357.93735616974
0.9869177313320847,0.9730580708147176,True,0.12468380699027586,0.028599330357142856,False,0.39676339285714285,1.0,4,3ababfb6-429d-4d8b-92e1-4ef161ce0ed0,p5head_ex,1,335357.93735616974
0.9454763439097131,0.9902950213395356,True,0.3022216868396814,0.0901626275510204,False,0.3545519770408163,0.8472590627763041,4,3af465f7-7be0-4b58-969b-943499e00946,p5head_ex,1,335357.93735616974
0.9664532854402328,0.9733058341395497,True,0.143417054410017,0.0470344387755102,False,0.35317681760204084,0.9885593220338983,4,3b3e5b7a-83b7-44e9-8da0-7ca48f13486d,p5head_ex,1,335357.93735616974
0.6416322805663649,0.6999832876194885,True,0.375035225419346,0.27638711734693877,False,0.3142936862244898,0.8835448514565907,4,3b411a6e-270d-48d6-a3db-fbb4635151dd,p5head_ex,2,335357.93735616974
0.35185185185185186,0.4341362969649103,False,0.0,0.018494897959183673,False,0.3717713647959184,1.0,4,3b4a83a5-e755-4b20-b21c-0a0424095325,p5head_ex,1,335357.93735616974
0.7397830071427487,0.7151486717696215,True,0.4137771145835503,0.28603316326530615,False,0.33498086734693877,0.8177954292084727,4,3b4bd4e1-b078-4d51-84c5-7e5e3905fb24,p5head_ex,2,335357.93735616974
0.9840493508182594,0.9712725733668998,False,0.14759677412898903,0.04623724489795918,False,0.43395248724489793,0.9495689655172413,4,3b4decc7-fed9-46fd-9d30-179b7cde4a2c,p5head_ex,1,335357.93735616974
0.9810287862859653,0.9774769124424338,True,0.14296873673876895,0.03946109693877551,False,0.5336814413265306,1.0,4,3b5ce046-19d3-4a6e-8664-0a5fa7e1014b,p5head_ex,1,335357.93735616974
0.8225775286650043,0.7191952418655146,True,0.5005799614537291,0.26534598214285715,False,0.33225047831632654,0.8017124831004957,4,3b637053-8dd4-4651-8170-080d1a1a4e3a,p5head_ex,2,335357.93735616974
0.8670190523757197,0.827224913173732,True,0.43655775514054174,0.19172512755102042,False,0.5055205676020408,0.9901247401247402,4,3b9bcca1-0ca9-4e93-ba0c-0a6ae1342726,p5head_ex,2,335357.93735616974
0.8799022987691698,0.8480304995873401,False,0.3674635019449498,0.05520567602040816,False,0.35941485969387754,0.9732851985559566,4,3bba8ae0-61b8-4682-8b16-2e08078878b9,p5head_ex,2,335357.93735616974
0.7709052827507251,0.6000622406420708,True,0.3941653314320277,0.2636120854591837,False,0.329898756377551,0.9022454071217964,4,3bc84e99-82ac-4945-8d31-0bc0cffe91ef,p5head_ex,2,335357.93735616974
0.8200862277657417,0.7364514193554883,True,0.5592661775288585,0.3452646683673469,False,0.30823501275510207,0.7519048718540753,4,3be6cdab-6c53-43c9-ac23-901a8dbd281e,p5head_ex,2,335357.93735616974
0.8881917975275865,0.8591013569246845,True,0.17030468963912207,0.0780452806122449,False,0.32760682397959184,0.8409090909090909,4,3bf6bb05-9ec6-4c32-a8c4-fdd7704c188c,p5head_ex,2,335357.93735616974
0.6697683169775005,0.6659161561114308,True,0.20630565824834238,0.1178451849489796,False,0.42287149234693877,0.9670218163368848,4,3c0a97d7-6d90-46a6-a10a-1df9e4064d52,p5head_ex,2,335357.93735616974
0.7430823744159522,0.82729842097272,True,0.3016567546558237,0.17490433673469388,False,0.3950892857142857,0.9121467639015497,4,3c0f1edd-10c2-46da-a01c-a151aa88f2df,p5head_ex,2,335357.93735616974
0.381649679611233,0.494217856254663,False,0.0,0.07314253826530612,False,0.21647799744897958,0.7683923705722071,4,3c1fdc6b-2e9a-46f7-8dbd-28d4155f9b93,p5head_ex,3,335357.93735616974
0.5164874712918412,0.17738054581696988,False,0.18885165447688973,0.2037627551020408,False,0.3702367665816326,0.780320813771518,4,3c319790-02cd-44d7-bb91-8e758463ac82,p5head_ex,1,335357.93735616974
0.7025342438522898,0.544882312403252,True,0.4108222361550586,0.27244100765306123,False,0.34219547193877553,0.9051207022677396,4,3c4a89ed-4338-4410-8848-a0bf226f6e21,p5head_ex,2,335357.93735616974
0.8555594808045758,0.7923524192772471,False,0.04132490458293329,0.0166812818877551,False,0.3005420918367347,1.0,4,3c4ab309-7722-4a52-a340-868b0417a0cc,p5head_ex,1,335357.93735616974
0.684937429420211,0.6771154751023503,True,0.23540058730392294,0.05897241709183673,False,0.2840601084183674,0.7549847921595133,4,3c66e4d3-1167-4322-8367-b50e762c138b,p5head_ex,2,335357.93735616974
0.9956941780770706,0.9876346590403008,True,0.09274424512296184,0.024394132653061226,False,0.29821029974489793,0.9869281045751634,4,3c6c5d28-22ea-48f0-a2b5-f170b8908125,p5head_ex,1,335357.93735616974
0.7495221906828736,0.6060232946316382,True,0.5270942002053665,0.33510044642857145,False,0.35853794642857145,0.8012965385987867,4,3c725c16-4631-429e-941b-3c797df3f901,p5head_ex,2,335357.93735616974
0.770985755396218,0.5167629133711301,True,0.4121093015306956,0.24123086734693877,False,0.25817123724489793,0.8394745538664904,4,3c7d89e1-4fb0-4832-821e-5978aa5284df,p5head_ex,2,335357.93735616974
0.7693021894082952,0.6528246837165659,True,0.5141401045789523,0.2925502232142857,False,0.36391900510204084,0.9084406294706724,4,3c993fea-80ff-42d5-a7ef-e2fb8209e4cf,p5head_ex,2,335357.93735616974
0.7957169294339633,0.6675385781550622,True,0.40467668477669794,0.25679607780612246,False,0.310546875,0.8729530461777261,4,3cbd12c8-6302-43b1-a28c-fcc892540c2e,p5head_ex,2,335357.93735616974
0.7893447366772461,0.7735407226106729,True,0.44284146797350704,0.317203443877551,False,0.38058035714285715,0.8532294546368434,4,3ce512cd-65c8-480c-9707-242b3715d3da,p5head_ex,2,335357.93735616974
0.7250347978186731,0.6839815247272881,True,0.10672088230908837,0.05416932397959184,False,0.26990991709183676,0.9415011037527594,4,3cec271b-e1db-4485-b3ab-878da8590082,p5head_ex,2,335357.93735616974
0.6662501613930836,0.5954401189976714,True,0.483636208022981,0.3871372767857143,False,0.3602917729591837,0.8066409266409267,4,3d070009-c877-4ed4-ac80-53781cb30fef,p5head_ex,2,335357.93735616974
0.915902538235146,0.6919087519544117,True,0.3034628530577368,0.13683832908163265,False,0.1779735331632653,0.8499854354791727,4,3d340335-7343-4c65-b23e-4ff5abea13a0,p5head_ex,2,335357.93735616974
0.8765128998815673,0.9209447595783972,False,0.08260983003388933,0.022799744897959183,False,0.32188695790816324,1.0,4,3d505bb2-544e-4e2d-8859-ef33bf31c49f,p5head_ex,1,335357.93735616974
0.7347957738339446,0.7753037618668808,True,0.35151088973451206,0.2556999362244898,False,0.3408203125,0.8135619641465316,4,3ddfe89f-2b00-49cc-ad50-30ac45c8aad2,p5head_ex,2,335357.93735616974
0.7695963866165294,0.7041822342123483,True,0.21532735693838895,0.08199139030612244,False,0.2907764668367347,0.9268351968886728,4,3de892b0-7adf-40c4-9fec-db8a7e5bb5d6,p5head_ex,2,335357.93735616974
0.7159037703726913,0.6980023103521832,False,0.46118928063183995,0.3095105229591837,False,0.381656568877551,0.9358016741790084,4,3df07ee3-c7ae-4bcb-8ee5-5d71c5c5cd6b,p5head_ex,2,335357.93735616974
0.8413285600945553,0.6899392954072098,True,0.23145993643372642,0.10638552295918367,False,0.2895009566326531,0.9784563506931435,4,3e090052-b2cd-459a-bde0-837321f83cf2,p5head_ex,2,335357.93735616974
0.43621724630558406,0.4862084952409467,False,0.00341860260696036,0.12721221301020408,False,0.38358976403061223,0.8271972426758577,4,3e1c25da-aa39-4bf9-8ee1-71b5a0f4977e,p5head_ex,3,335357.93735616974
0.9786516634656172,0.9649339866612223,True,0.11055644698457456,0.033482142857142856,False,0.3088926977040816,0.9964285714285714,4,3e3babaa-b242-4dac-a549-9c87dec28ead,p5head_ex,1,335357.93735616974
0.653364960453517,0.5871088958234638,False,0.2419176754027945,0.17482461734693877,False,0.34299266581632654,0.9322845417236663,4,3e475f20-70ff-4592-9524-5e10aee1568c,p5head_ex,2,335357.93735616974
0.7340584455951943,0.68781345969927,True,0.5013148341608848,0.3475964604591837,False,0.36423788265306123,0.7746115475030102,4,3e6ff69e-0090-42c6-97b1-26434f52b19d,p5head_ex,2,335357.93735616974
0.3873239436619718,0.4466554517685599,False,0.0,0.049107142857142856,False,0.49922273596938777,0.9983766233766234,4,3e9ff8ec-edfa-4435-a3ef-898b09b234bc,p5head_ex,1,335357.93735616974
0.6000360653602502,0.6216682314397323,False,0.1577093022853572,0.0623405612244898,False,0.44112723214285715,0.8641304347826086,4,3ea1ef34-b3ad-4af8-8fbd-93e46be01e24,p5head_ex,2,335357.93735616974
0.42788732394366197,0.489351403678606,False,0.0,0.15098852040816327,False,0.27188297193877553,0.8462249208025343,4,3eaa3bc8-d5dd-4104-93cd-2c217c6762f6,p5head_ex,2,335357.93735616974
0.8409440696795076,0.8138309970972312,True,0.2608497842073998,0.12593670280612246,False,0.31772161989795916,0.8841588858996676,4,3ead6e4c-1d18-4eed-98b9-a1ea9412751b,p5head_ex,2,335357.93735616974
0.8588969535645239,0.9216118594956635,False,0.20539957593267852,0.10558832908163265,False,0.34219547193877553,0.8754246885617214,4,3ebe379f-90fc-44a7-9602-71c5abfdd50a,p5head_ex,2,335357.93735616974
0.4756076903531803,0.5,False,0.0,0.0587531887755102,False,0.32106983418367346,0.8802578018995929,4,3eccadbe-e821-4487-afe7-2bc5f2ee5774,p5head_ex,2,335357.93735616974
0.819139041165906,0.7511533954666768,True,0.1843061468373262,0.07690927933673469,False,0.33169244260204084,0.9201865768333766,4,3ee3b4b5-b782-4f60-bf1f-b62589e573e8,p5head_ex,2,335357.93735616974
0.6449115640561072,0.5665289321843374,True,0.06910282430287834,0.04125478316326531,False,0.27720424107142855,0.9285024154589372,4,3ef0d810-9e16-45af-a3f9-8d9bb371c308,p5head_ex,2,335357.93735616974
0.8416627708629346,0.810478995873171,True,0.34271611812613295,0.2093231823979592,False,0.3417171556122449,0.9224983338093878,4,3efe3e31-90f3-42a2-ae15-70f8906f14ec,p5head_ex,2,335357.93735616974
0.6977838102826892,0.6312833458286871,True,0.4035243898934798,0.3028938137755102,False,0.45358338647959184,0.8267535202000263,4,3f0cede4-95d5-48f9-8ec9-1606ef72c56e,p5head_ex,2,335357.93735616974
0.9237697000711962,0.9414709852518854,True,0.16554103989080696,0.05233577806122449,False,0.31092554209183676,0.9188880426504189,4,3f2b878e-9e3b-410b-a739-b43d81b98692,p5head_ex,2,335357.93735616974
0.3660813194928815,0.48316270199739036,False,0.0,0.02849968112244898,False,0.4256218112244898,1.0,4,3f2c6378-2869-4f4f-86a8-c83cc15d8580,p5head_ex,1,335357.93735616974
0.3654445654766968,0.26895070055336995,False,0.006734296177200215,0.040118781887755105,False,0.24079241071428573,0.9960258320914058,4,3f2ec62d-8a48-475e-b6f2-ad2f87ccd631,p5head_ex,2,335357.93735616974
0.4170904903560119,0.5,False,0.0,0.16924426020408162,False,0.36802455357142855,0.8791804050871408,4,3f30b3ca-a94b-4305-bd38-1895aaa07427,p5head_ex,2,335357.93735616974
0.8902894677310216,0.8653569277108434,True,0.22563254829673596,0.08077566964285714,False,0.3154894770408163,0.6291635825314582,4,3f34c48c-80e6-4a04-9351-6ad809760b70,p5head_ex,2,335357.93735616974
0.7299694991132086,0.676730124059835,False,0.22358541157473738,0.09305245535714286,False,0.29990433673469385,0.9381023773827372,4,3f504abe-2133-4e09-98af-743cdea486f9,p5head_ex,3,335357.93735616974
0.348931588537353,0.4270662608288457,False,0.0,0.03746811224489796,False,0.37794961734693877,1.0,4,3f5d46e2-0430-450d-ad40-6b905b283b5e,p5head_ex,1,335357.93735616974
0.7703731786446947,0.5884123360812356,True,0.35369577943811586,0.24928252551020408,False,0.2684948979591837,0.7870163095618804,4,3f702d6d-d83b-4fb6-8078-84c586652373,p5head_ex,2,335357.93735616974
0.782547718978515,0.8297796229069963,True,0.2813668713371486,0.1331513073979592,False,0.40481505102040816,0.9034575662325999,4,3f797a7b-4239-433a-8131-a1e3585712b3,p5head_ex,2,335357.93735616974
0.9071954437402466,0.9176046478864972,False,0.1653461363116108,0.052614795918367346,False,0.3612683354591837,1.0,4,3fc09255-ac70-4e8b-8507-efde01c9fd45,p5head_ex,1,335357.93735616974
0.6561891996366972,0.6540225350445225,True,0.18403781293536825,0.1038345025510204,False,0.3623046875,0.9934740882917467,4,3fdcd01b-1029-40c9-be8a-a72876d0323b,p5head_ex,3,335357.93735616974
0.7638832192371284,0.7822631377411473,False,0.04758818087092191,0.02451371173469388,False,0.41015625,0.9951219512195122,4,40473564-beaa-462c-8457-59058198bd25,p5head_ex,1,335357.93735616974
0.8350419399148339,0.7238344806014341,True,0.2779461433087625,0.15310108418367346,False,0.30161830357142855,0.9738349388180162,4,40668cfa-55dd-40a3-86c4-805dd9d32202,p5head_ex,2,335357.93735616974
0.8921892655409166,0.8096731161852516,True,0.2624772670270027,0.12902582908163265,False,0.3214485012755102,0.939913500154464,4,40696bda-f0b2-492f-ad2b-f904a7967866,p5head_ex,2,335357.93735616974
0.9915228967641618,0.9791331224368861,True,0.14011945893572378,0.048708545918367346,False,0.34141820790816324,0.9586743044189853,4,408c1583-d078-45f4-9369-2fbaf03be8a8,p5head_ex,1,335357.93735616974
0.58084795776612,0.47758498121553966,False,0.14193588317516712,0.13020169005102042,False,0.27297911352040816,0.8470840348997398,4,40dbceff-201d-4889-9aa1-2064246fb6b8,p5head_ex,1,335357.93735616974
0.38996233830031113,0.45026126714565645,False,0.0,0.026307397959183673,False,0.33143335459183676,1.0,4,41ad1f3d-60ec-425e-aa10-5833893049e1,p5head_ex,1,335357.93735616974
0.9743740853041979,0.9719730106182393,True,0.1512904887514263,0.06377551020408163,False,0.30008370535714285,0.9525,4,41e4abf6-897e-464d-9cec-ed3c51d8809e,p5head_ex,1,335357.93735616974
0.988865441898424,0.9886637709154755,True,0.10657259653539186,0.0302734375,False,0.29482222576530615,0.9078341013824884,4,41ec1c4d-4c6d-41be-a305-bb43da76ac27,p5head_ex,1,335357.93735616974
0.9261336735539911,0.7495745839191993,False,0.31527461376177374,0.15369897959183673,False,0.2206234056122449,0.9231068464730291,4,44a23bfa-5c34-4919-9b41-a31f1ff4fcf8,p5head_ex,2,335357.93735616974
0.7107725974392584,0.7012144713767519,False,0.26288584011545185,0.1654376594387755,False,0.41930404974489793,0.8670039754246477,4,44b62adf-2f05-4c3d-9bde-ec2994668c3f,p5head_ex,2,335357.93735616974
0.8028129038406264,0.6424068643977013,True,0.36607800050391964,0.22636320153061223,False,0.3180604272959184,0.879116041556612,4,44c3f553-5e5d-4a75-852b-2f8b8315270e,p5head_ex,2,335357.93735616974
0.9946617541580014,0.9921651437740466,True,0.09181745686313217,0.024394132653061226,False,0.3428332270408163,0.869281045751634,4,45128bfb-0967-46b2-a4b8-23ba3f4f247b,p5head_ex,1,335357.93735616974
0.8721683140218712,0.847840245313246,True,0.14097397785384785,0.06740274234693877,False,0.31521045918367346,0.9458900059136606,4,457e1b0b-89f5-4f7f-b752-fd8420414b97,p5head_ex,2,335357.93735616974
0.7888048693272469,0.60920977730263,True,0.2963011295403774,0.18606505102040816,False,0.2759287308673469,0.8716795201371037,4,46c48199-1dcc-469c-ba56-f7a741dbfc50,p5head_ex,2,335357.93735616974
0.7719938977261923,0.7081347075037351,True,0.23433569667606022,0.13697783801020408,False,0.28844467474489793,0.8400989378728357,4,47b6aa0b-bd34-42a0-a0ad-469a1c6e3e1e,p5head_ex,2,335357.93735616974
0.9059126571311102,0.7552428587013691,True,0.3870216833321601,0.1945750956632653,False,0.27341757015306123,0.8611082659018744,4,47ec2841-0ef0-4fa0-8678-732fb8d23db6,p5head_ex,2,335357.93735616974
0.712347795251185,0.7573238004831161,True,0.24282917340772492,0.1441924426020408,False,0.3496890943877551,0.8993780234968901,4,48029094-265a-43e6-9e29-455237085578,p5head_ex,2,335357.93735616974
0.9571085148117784,0.9668034487178023,True,0.11954680123301528,0.04296875,False,0.28623246173469385,0.7968460111317254,4,4878535b-ef11-4656-b44c-ed21d223e4d3,p5head_ex,1,335357.93735616974
0.8523594161730325,0.8470270404828114,True,0.4066373393924795,0.24431999362244897,False,0.44224330357142855,0.7986785219022758,4,48ea9943-604a-4f7f-bf84-22ef754c5e2b,p5head_ex,2,335357.93735616974
0.3566121621018603,0.14876683374771937,False,0.0028221771260333135,0.054209183673469385,False,0.42271205357142855,0.9897058823529412,4,492b37bd-b835-4096-a23a-b7ce37fa4a9e,p5head_ex,1,335357.93735616974
0.9403688724352738,0.9129679027229506,True,0.19208385441718348,0.07748724489795919,False,0.3474968112244898,1.0,4,497c6936-eabe-436c-9def-6a4d129b12d3,p5head_ex,1,335357.93735616974
0.9405728776265223,0.9496996460888593,False,0.13841895227019893,0.04938616071428571,False,0.42904974489795916,0.8349475383373689,4,49c04987-96af-4edb-b560-53c56a357cac,p5head_ex,2,335357.93735616974
0.9929592597389548,0.9802985233078646,True,0.2595416147412721,0.07826450892857142,False,0.3738639987244898,0.9992360580595875,4,49f0fa25-89cd-41a7-9c70-4d7d8d9be572,p5head_ex,1,335357.93735616974
0.7399524018280393,0.31332074509712005,False,0.13099552854869578,0.0936702806122449,False,0.2263233418367347,0.7457446808510638,4,4a5bc00d-f353-47dd-b014-cd1e7b28bed7,p5head_ex,1,335357.93735616974
0.9088827594820432,0.8144056834991614,True,0.18976276811348322,0.08962452168367346,False,0.24037388392857142,0.9962197020235712,4,4a699c93-97ed-4b6e-b36b-e58088eb24e4,p5head_ex,2,335357.93735616974
0.8486037690190182,0.8110225349737017,True,0.33178309486271684,0.1658561862244898,False,0.3077766262755102,0.8166306176399903,4,4ac05784-cc3a-4dc5-95fa-9367d7d898a6,p5head_ex,2,335357.93735616974
0.8812211742973902,0.9263225177656147,True,0.3187258265333019,0.1291454081632653,False,0.3441884566326531,0.8061728395061728,4,4adac412-738d-4b9c-be5c-200d616d0d59,p5head_ex,1,335357.93735616974
0.9398242706127545,0.9592887204026319,True,0.4331152482897537,0.23411591198979592,False,0.384765625,0.8426832382736018,4,4add9b3e-0e87-4875-902d-2f685166ce01,p5head_ex,2,335357.93735616974
0.8846061935247785,0.6438485820302796,True,0.24818176421685154,0.11766581632653061,False,0.18753985969387754,0.915819783197832,4,4ba30648-7755-4012-89a0-ac40c5acad6b,p5head_ex,2,335357.93735616974
0.9631188226923518,0.9971439967197165,True,0.42111222914157154,0.11011240433673469,False,0.4075454400510204,0.5017194570135747,4,4c7fc3dd-9dda-4ee5-85e5-9b6136e1ce64,p5head_ex,1,335357.93735616974
0.9942987001548942,0.9911733339886215,True,0.1695654780493758,0.05151865433673469,False,0.22375239158163265,0.9319148936170213,4,4cec7c74-e39a-48d0-8ec5-2b04ad0bfa3e,p5head_ex,1,335357.93735616974
0.9181257436969044,0.9292917175884594,True,0.3114054625122358,0.14180086096938777,False,0.23943718112244897,0.39704848910751933,4,4d43c0dd-d87b-4ccf-83df-c82be5ea2aef,p5head_ex,2,335357.93735616974
0.8706396850473991,0.8057240346986762,True,0.5940201610610505,0.30311304209183676,False,0.38277264030612246,0.8761917285817608,4,4d8dd9fb-db10-4e3f-80ed-ff69ed8d799f,p5head_ex,2,335357.93735616974
0.8368919491385843,0.8477538493624951,True,0.25281076701727345,0.11963887117346939,False,0.3305165816326531,0.8407462935199067,4,4df56375-c7ed-4402-9f8b-523a2f26ae5e,p5head_ex,2,335357.93735616974
0.9473248696905405,0.9321366497621834,True,0.1658139845064031,0.05604272959183673,False,0.3501474808673469,1.0,4,4e00fa41-f9dc-4826-ae11-3c2c0d056ff1,p5head_ex,1,335357.93735616974
0.978790307374453,0.972200036945808,True,0.27543748135709106,0.09825414540816327,False,0.25681600765306123,0.9494929006085193,4,4eb0ed96-3ad3-4608-8a3f-2012fe203df6,p5head_ex,1,335357.93735616974
0.8399139996902003,0.711170420535094,True,0.3059708326434975,0.1477997448979592,False,0.23449457908163265,0.8064994606256742,4,4f7604aa-98ef-43c5-a0f4-6b4b043bd7dd,p5head_ex,2,335357.93735616974
0.8951969245398573,0.8559843163833993,True,0.4506759998368029,0.21111686862244897,False,0.4261001275510204,0.8442367601246106,4,4f90568e-6ab1-4e42-8046-4b65529217c0,p5head_ex,2,335357.93735616974
0.7391611343262995,0.7070027924474709,True,0.3164234624810502,0.21962691326530612,False,0.38966836734693877,0.9041742286751361,4,4fd86b92-7ee7-44b7-8b94-7bafbedfaedd,p5head_ex,2,335357.93735616974
0.9848345736676178,0.9778897976869059,True,0.28329587684630075,0.11928013392857142,False,0.3278858418367347,0.8780284043441938,4,50ddf7a6-1051-41ec-b2c1-b2f9aa46d7c8,p5head_ex,1,335357.93735616974
0.8832444894968454,0.7355528008863574,True,0.42944709929305486,0.20039461096938777,False,0.24523676658163265,0.8404773744405768,4,51b0e89f-608a-4040-9d0d-694ebe072c28,p5head_ex,2,335357.93735616974
0.7284117698399574,0.5984670680827949,False,0.05544433557505165,0.03587372448979592,False,0.3383290816326531,0.2922222222222222,4,52116588-449a-47a6-85fb-3672c149d7f0,p5head_ex,1,335357.93735616974
0.6427355747981273,0.5856440530109467,True,0.12739279354699962,0.057896205357142856,False,0.515625,0.9948364888123924,4,52437d77-5a6c-4765-ae7b-a2383cac50aa,p5head_ex,2,335357.93735616974
0.8206351258921613,0.6623131298352531,True,0.36051155674954044,0.20543686224489796,False,0.30701929209183676,0.9200620876988747,4,524f5b87-d37d-4287-b7fe-0e7d05fa9d25,p5head_ex,2,335357.93735616974
0.7858745285164884,0.789864145869474,True,0.24947228157578985,0.12721221301020408,False,0.2243702168367347,0.5469215102616325,4,528d7356-ba8d-4d21-934c-9557d0fe197f,p5head_ex,2,335357.93735616974
0.7385883541110257,0.6491972366379343,True,0.4238556118379282,0.2822863520408163,False,0.3899673150510204,0.8341570177915842,4,53a939bb-ceff-43fe-a013-5b3179dfc804,p5head_ex,2,335357.93735616974
0.9654250694073774,0.9623592438332407,True,0.3108088650608382,0.1142578125,False,0.5631776147959183,0.9998255712541427,4,53da51f9-d894-4a24-9d1c-513b6c1433f8,p5head_ex,1,335357.93735616974
0.7932585522131387,0.8519390110017834,True,0.34448568202388136,0.19483418367346939,False,0.36641023596938777,0.9283960720130933,4,54992aed-342d-4ef3-b938-ed89aea56d7e,p5head_ex,2,335357.93735616974
0.9199091349000414,0.9397104068834743,True,0.4070647126384505,0.1766780931122449,False,0.27036830357142855,0.46452340665538633,4,55521950-18eb-4dd0-abc3-52e52466fcdb,p5head_ex,2,335357.93735616974
0.918798852018525,0.8913071142140008,True,0.24550995158426622,0.08769132653061225,False,0.4650031887755102,0.9738636363636364,4,55e3d725-ec64-492d-81f4-b8caa6c4c539,p5head_ex,1,335357.93735616974
0.3674490852606144,0.43072470099939925,False,0.0,0.0184749681122449,False,0.38341039540816324,1.0,4,5620c301-4fee-478e-bdb0-124a00010443,p5head_ex,2,335357.93735616974
0.6981975528905526,0.6014841208085757,True,0.09477566966759979,0.0558235012755102,False,0.37723214285714285,1.0,4,5675fd06-eb6c-49a2-b3a3-0df515e9a266,p5head_ex,2,335357.93735616974
0.5487384928103182,0.5989803152161433,False,0.003446901371918435,0.00825095663265306,False,0.2975326849489796,1.0,4,568694ec-5807-407a-8c10-40d0831e367d,p5head_ex,1,335357.93735616974
0.9205458794094606,0.7644017695523618,True,0.10043326673583985,0.04161352040816327,False,0.25498246173469385,1.0,4,56cd86a4-bfdf-403c-b6ae-b9eea812fccc,p5head_ex,1,335357.93735616974
0.843335679712666,0.8151835892298266,True,0.20954184033649328,0.1162109375,False,0.25205277423469385,0.775853198422226,4,56d828a4-3b3b-4ab1-bd49-45da987f8935,p5head_ex,2,335357.93735616974
0.9885122114339943,0.9770538693488594,True,0.15790908669796472,0.027184311224489797,False,0.37169164540816324,0.9941348973607038,4,57006321-67ba-47a7-81b5-714bd8c3392e,p5head_ex,1,335357.93735616974
0.5,0.5,False,0.0,0.005739795918367347,True,0.5460379464285714,1.0,4,5759f979-a582-4eea-8056-cc17c85bb984,p5head_ex,1,335357.93735616974
0.23974769691921988,0.17164154310261456,False,0.0002032434312465144,0.007573341836734694,False,0.3438097895408163,1.0,4,57a82f17-448b-411d-81e2-2f40e84510be,p5head_ex,1,335357.93735616974
0.8118516862292466,0.7158886018553458,True,0.320010285866586,0.18355389030612246,False,0.39455117984693877,0.9267100977198697,4,580536eb-6002-49c0-ac65-d330e36794b9,p5head_ex,2,335357.93735616974
0.901857863723298,0.9062047825628148,True,0.2836084233963103,0.13464604591836735,False,0.38584183673469385,0.8952042628774423,4,5845fac8-a76f-4012-a19e-e6b1f2815f90,p5head_ex,2,335357.93735616974
0.4606315357801927,0.45346126255380204,False,0.0,0.028021364795918366,False,0.3614078443877551,1.0,4,58508fc2-0fd8-4c2a-87ee-a3bdda7cd9ff,p5head_ex,1,335357.93735616974
0.7049758727925471,0.783783564623614,True,0.33617040538981124,0.24515704719387754,False,0.26925223214285715,0.7406714901227542,4,5904aef8-6b8c-4e45-a8b2-8ed4a369079f,p5head_ex,2,335357.93735616974
0.9916363018826707,0.9728162505237811,True,0.17700914175139448,0.055963010204081634,False,0.3042091836734694,1.0,4,594df72e-4237-41a1-8712-73f91c596cb4,p5head_ex,1,335357.93735616974
0.9586547387429297,0.9241735541306089,False,0.07952505970591983,0.03125,False,0.3630221619897959,1.0,4,59a41481-07af-4816-8e5f-472ad42febef,p5head_ex,1,335357.93735616974
0.6263156535420831,0.39558799476611056,False,0.08317793228371673,0.06702407525510204,False,0.17532286352040816,0.19179304192685104,4,5a18b41e-6e23-4fbe-a55a-ef6cfb027b0d,p5head_ex,1,335357.93735616974
0.9914198607664377,0.9930521725805526,True,0.19354286272932877,0.05915178571428571,False,0.2316844706632653,0.6607142857142857,4,5a7cc989-874a-45e2-bdb3-9967f331babd,p5head_ex,1,335357.93735616974
0.2675835872605084,0.357137678532589,False,0.0,0.0450813137755102,False,0.31979432397959184,0.9960212201591512,4,5aa43eef-1877-40eb-ba8c-6001452f7d89,p5head_ex,1,335357.93735616974
0.8685084786223741,0.8098694798039621,False,0.12870459721021763,0.055963010204081634,False,0.35092474489795916,0.9896723646723646,4,5ab24a6b-603a-4ace-90ed-6bc9569af1a5,p5head_ex,1,335357.93735616974
0.6466312033165428,0.7061491120941119,False,0.02546599147763129,0.037109375,False,0.24376195790816327,0.9983888292158969,4,5b1b89b6-59e7-4275-b68a-5c0c4704d668,p5head_ex,1,335357.93735616974
0.6198353496928471,0.6117279970141801,False,0.009593167369917447,0.015027104591836735,False,0.32352120535714285,1.0,4,5b4100a0-0646-48c3-86c0-43f7c43cdfd4,p5head_ex,1,335357.93735616974
0.9866506974964634,0.9835392471263633,True,0.08960656960968695,0.02796157525510204,False,0.21721540178571427,0.4918032786885246,4,5b6ae851-f240-4a3e-ace5-c8f61853c872,p5head_ex,1,335357.93735616974
0.7402528540730433,0.6842528118965403,False,0.28311612239737427,0.17199457908163265,False,0.3828125,0.9346465816917728,4,5b72c6d2-e7eb-44a6-b625-78d2ec0008f2,p5head_ex,2,335357.93735616974
0.5853597512838371,0.6762118414859056,False,0.006680875226618159,0.009207589285714286,False,0.36698820153061223,1.0,4,5b9dbcce-4621-4180-bd1d-805b3ce9d7e0,p5head_ex,1,335357.93735616974
0.8971532055529354,0.8782549500579198,True,0.2875867256923863,0.11120854591836735,False,0.30821508290816324,0.9813620071684588,4,5bab9e56-d8ea-47a2-8848-fd768e4a52af,p5head_ex,1,335357.93735616974
0.9877985879251946,0.9674308490451694,False,0.059047535872724634,0.015126753826530613,False,0.3190768494897959,1.0,4,5c50e664-6bcd-4c92-b4d7-aa6a6fb1f46e,p5head_ex,1,335357.93735616974
0.42795472204177515,0.29560891309272436,False,0.008345349675769559,0.01327327806122449,False,0.2502590880102041,1.0,4,5c666895-9341-42c3-8e52-af6d4650066c,p5head_ex,1,335357.93735616974
0.8670321499656349,0.7451026870605596,True,0.14085254814573503,0.07465720663265306,False,0.2792171556122449,0.9949279231179925,4,5d2e858c-3188-44f7-b1f9-e70059dddff5,p5head_ex,2,335357.93735616974
0.8450037358340627,0.8717670175864964,False,0.029837106071639207,0.011160714285714286,False,0.26889349489795916,1.0,4,5da4ae85-379e-4c15-b67b-340296982a10,p5head_ex,1,335357.93735616974
0.98169440852981,0.9628831947467971,True,0.06807579314687115,0.020228794642857144,False,0.3393455038265306,1.0,4,5e61818e-7ea7-4580-85e4-b1d0e3b88ed3,p5head_ex,1,335357.93735616974
0.9920427434859375,0.980832106833956,True,0.10374772258356313,0.02893813775510204,False,0.42476482780612246,1.0,4,5e79685b-7bcc-49d2-986c-e3d07a319a3a,p5head_ex,1,335357.93735616974
0.9765985174211728,0.9749213881795337,True,0.29360733799557515,0.08717315051020408,False,0.3022560586734694,0.706904435299497,4,5ea661b2-5e91-4d3d-9b17-0efb862434b0,p5head_ex,1,335357.93735616974
0.9148329151053414,0.8740166480013314,True,0.43080595557665385,0.24392139668367346,False,0.277164381377551,0.7703243729062832,4,5ed1cd5c-727a-4952-8ac0-52992df725f2,p5head_ex,2,335357.93735616974
0.7794653790996139,0.6674137665170823,True,0.2918545227605667,0.1963488520408163,False,0.4008888711734694,0.9298619569630532,4,5f5a17ca-f3c5-40d3-9e81-6adb42e45a05,p5head_ex,2,335357.93735616974
0.975238140354262,0.9435711884350311,True,0.11085879102541715,0.03587372448979592,False,0.39156170280612246,1.0,4,608623de-7a7a-4988-8e94-61d8a0a1cbd3,p5head_ex,1,335357.93735616974
0.8572145019729713,0.8968881690542817,False,0.1003377599531075,0.0408561862244898,False,0.310367506377551,0.8570731707317073,4,60a47ebe-6e62-4691-85cc-d45a27aaacc9,p5head_ex,1,335357.93735616974
0.8713007265415196,0.6813637585250809,False,0.115686708699597,0.056720344387755105,False,0.29617745535714285,1.0,4,6135977c-f19e-4a7f-9e11-6fe03805e750,p5head_ex,2,335357.93735616974
0.9675520521676845,0.9856848770366718,True,0.08555690611753078,0.02806122448979592,False,0.26149952168367346,0.6455965909090909,4,617d8a06-9de7-4b9e-b7c8-a9c234a44602,p5head_ex,1,335357.93735616974
0.9901024626022707,0.9780411713838362,True,0.11717062269524775,0.03515625,False,0.35196109693877553,1.0,4,62b8400b-e127-4874-984f-e34e08152af0,p5head_ex,1,335357.93735616974
0.8158779003228939,0.7904859099932224,True,0.15678848903387307,0.07224569515306123,False,0.4717594068877551,1.0,4,62e7f210-65e0-40e1-ba52-8c21b6e767e9,p5head_ex,2,335357.93735616974
0.8494047150597824,0.8026169640358082,False,0.2770290768760774,0.14993223852040816,False,0.2331592793367347,0.45314369267579424,4,63001e65-eab4-432f-a166-acd9e9262470,p5head_ex,2,335357.93735616974
0.9909930332480348,0.976735495803126,True,0.10788593828417031,0.0225406568877551,False,0.39000717474489793,1.0,4,63a260ba-f241-477c-9319-74f01d50e335,p5head_ex,1,335357.93735616974
0.9858479987043816,0.9548478786545834,True,0.08946344201430277,0.02369658801020408,False,0.2471500318877551,1.0,4,63c27990-e4e2-4c0b-a53e-040929938de9,p5head_ex,1,335357.93735616974
0.8670284806455023,0.7434816611588598,True,0.3843243691606714,0.23600924744897958,False,0.4205994897959184,0.9951866238811011,4,64917123-823f-4c01-a0d6-06bdfd899a6c,p5head_ex,2,335357.93735616974
0.4076664128561696,0.5,False,0.0,0.005381058673469388,False,0.30373086734693877,1.0,4,64dd81eb-6c14-431b-ad5f-520297c62f97,p5head_ex,1,335357.93735616974
0.9710524886613641,0.9719956105741795,True,0.38822225232366525,0.12609614158163265,False,0.4090999681122449,0.8974237395290027,4,6520137b-c98c-42be-9689-dbce52e1df6b,p5head_ex,1,335357.93735616974
0.31088789937003675,0.36404088465944134,False,0.0,0.028758769132653062,False,0.4811264349489796,1.0,4,655aff3f-1f68-4148-9d5e-c82548653b36,p5head_ex,1,335357.93735616974
0.9927658103751398,0.974017109375117,True,0.10047228675798055,0.0244140625,False,0.29603794642857145,1.0,4,65b922a3-2b52-4acf-aadb-16f3a946165b,p5head_ex,1,335357.93735616974
0.9925759506016913,0.9772896990028417,True,0.11524969238343163,0.03591358418367347,False,0.34755660076530615,1.0,4,65f2119b-0e72-4f6e-9ec6-194f56b5b07d,p5head_ex,1,335357.93735616974
0.9913303853915826,0.9840171738010756,False,0.11349709768724907,0.03268494897959184,False,0.5432676977040817,1.0,4,660de8ab-b176-45d3-8a0b-faeab54c07f7,p5head_ex,1,335357.93735616974
0.922930920160767,0.8564015072225455,False,0.09807936716604643,0.03278459821428571,False,0.32130899234693877,1.0,4,66dc3433-430a-4625-ab04-ba239d8af9be,p5head_ex,1,335357.93735616974
0.9945786525081725,0.9876259296231936,True,0.09366143754813772,0.019909917091836735,False,0.38412786989795916,1.0,4,6735932c-c8ca-45d5-be56-1ff682a3182e,p5head_ex,1,335357.93735616974
0.7215405470264331,0.5967114277696224,True,0.27879507734681946,0.19084821428571427,False,0.34036192602040816,0.9210526315789473,4,68fce9ea-3122-49bd-8968-85e8f9315c83,p5head_ex,2,335357.93735616974
0.8559192411723376,0.7044875321083417,True,0.24903060108525868,0.13847257653061223,False,0.3250358737244898,0.9624352331606217,4,690bbb39-1b67-4af0-94eb-7d1209e1ecef,p5head_ex,2,335357.93735616974
0.1864523443193781,0.24310959202967056,False,0.0,0.015545280612244899,False,0.2896006058673469,1.0,4,697491a0-2dfb-4d33-ace5-e824a637215f,p5head_ex,1,335357.93735616974
0.40554281876172144,0.7025032849454906,False,0.0008792063531825508,0.021045918367346938,False,0.2706273915816326,0.6278409090909091,4,6a41e296-8bda-4f84-8766-c253246b77d0,p5head_ex,1,335357.93735616974
0.9874734072332325,0.9576687570172796,True,0.08348656916906859,0.023317920918367346,False,0.3032326211734694,1.0,4,6ab78b00-c23a-4eef-b0c7-d9d6f684faaa,p5head_ex,1,335357.93735616974
0.9420758155576618,0.8932143864530083,False,0.17540514555995848,0.08005819515306123,False,0.3178810586734694,0.9621608165297486,4,6aefeac2-d497-47c9-939d-5558d039ae1a,p5head_ex,2,335357.93735616974
0.8015974690783009,0.7284112922170436,True,0.15478759976335046,0.08591757015306123,False,0.39913504464285715,0.7397355601948504,4,6b013c90-ec73-4a7a-a607-17540c493e0f,p5head_ex,2,335357.93735616974
0.9183443071855939,0.8151984209892738,True,0.3537162414901912,0.18355389030612246,False,0.2822863520408163,0.781541802388708,4,6ba9800e-ebf3-4fd4-9fa7-1022883c4f21,p5head_ex,2,335357.93735616974
0.9445187746635071,0.9007295014470789,False,0.09822915441919798,0.047751913265306124,False,0.4257015306122449,1.0,4,6c490407-f039-4eaf-94c8-1bff41b09f6c,p5head_ex,3,335357.93735616974
0.9514224299315049,0.9351688979315104,True,0.2226331268779374,0.07358099489795919,False,0.6098931760204082,1.0,4,6ce335ab-d239-408a-a771-0020cdd35cfc,p5head_ex,1,335357.93735616974
0.8376775214233051,0.855134068935702,True,0.2771914997469422,0.12890625,False,0.3678451849489796,0.9834570191713049,4,6d0b86ac-4d99-4a45-8558-20de59ad39b0,p5head_ex,2,335357.93735616974
0.9621979457997776,0.966460168278055,True,0.09872761763269405,0.03762755102040816,False,0.4223134566326531,0.9925847457627118,4,6d0d2d29-ba30-40ef-b9a3-822b522ffb51,p5head_ex,1,335357.93735616974
0.7849044903859121,0.7494384078162245,True,0.27805796209812966,0.1605548469387755,False,0.3412388392857143,0.974180734856008,4,6d2e3884-793c-487b-a3d3-dd8cc2ce1031,p5head_ex,2,335357.93735616974
0.9184087633503114,0.7865330869158536,True,0.16469716525110467,0.06425382653061225,False,0.2866709183673469,0.9770471464019851,4,6d462751-b97f-48a1-b09c-192c5e114825,p5head_ex,1,335357.93735616974
0.9905449115617039,0.9668065628201775,False,0.09611241373931931,0.030233577806122448,False,0.3040098852040816,1.0,4,6dc41591-33b0-4feb-a809-95bd1620f648,p5head_ex,1,335357.93735616974
0.9073603473462729,0.8718675477416326,True,0.36396074453999383,0.1637236926020408,False,0.5716079400510204,0.9767498478393183,4,6dffc01a-6230-40c0-aa0d-196ce0c995bc,p5head_ex,2,335357.93735616974
0.8540367211599702,0.7486420299070562,True,0.39264010955928325,0.2069515306122449,False,0.3430723852040816,0.9231510015408321,4,6e5571f8-ebf5-41f3-88e3-2e78a6dd5f0f,p5head_ex,2,335357.93735616974
0.8522840968246206,0.8880703416586252,True,0.2659626007960803,0.13360969387755103,False,0.3778101084183674,0.9252684964200477,4,6f3953f5-5129-4a74-b8f9-cf386f919930,p5head_ex,2,335357.93735616974
0.15541495878273734,0.09284292211568988,False,0.00010630573561174771,0.020448022959183673,False,0.35489078443877553,1.0,4,6f5d9135-ffc5-4076-872d-ba8a5bf7e8e4,p5head_ex,1,335357.93735616974
0.9095020129623528,0.8098428771356148,True,0.40044058314829867,0.22303491709183673,False,0.2706273915816326,0.7775891341256367,4,704d9847-5f78-4639-a9c1-324bfab30602,p5head_ex,2,335357.93735616974
0.41422653616537386,0.4861099347844499,False,0.0,0.018534757653061226,False,0.2537866709183674,0.9967741935483871,4,705e0a68-4c09-44d1-90ee-6fe5e992d3f9,p5head_ex,1,335357.93735616974
0.9190630215460268,0.7886334010548134,False,0.10061832808745291,0.044244260204081634,False,0.26297433035714285,1.0,4,7086a7d5-056c-4752-8523-51929ca5e412,p5head_ex,1,335357.93735616974
0.9648949377584125,0.9397177989056751,False,0.07683636997505999,0.029416454081632654,False,0.23455436862244897,0.4261517615176152,4,708849e5-564d-4e3a-855d-e1107874f513,p5head_ex,1,335357.93735616974
0.8673802706707531,0.9548902063767838,False,0.05351154307104675,0.01953125,False,0.3243383290816326,1.0,4,709f9796-ee68-4825-9bc0-21cf7b2ccdf9,p5head_ex,1,335357.93735616974
0.9002614300684124,0.8796795532398961,True,0.38625331661070633,0.20260682397959184,False,0.47072305484693877,0.8258902223096597,4,711b8e6a-0406-4c61-8c13-3e90fd7ecba1,p5head_ex,2,335357.93735616974
0.9951388769506324,0.987098966213903,True,0.13658627491577713,0.04143415178571429,False,0.40262276785714285,1.0,4,714f9b26-0dee-401a-9f15-ae432961c820,p5head_ex,1,335357.93735616974
0.9943248728728524,0.9954684586405715,True,0.2886940222500482,0.08440290178571429,False,0.31333705357142855,0.7704840613931523,4,71700acb-e58e-4f94-a8f8-a78d72c5fde9,p5head_ex,1,335357.93735616974
0.7540817771079923,0.6020634633150324,False,0.11333892982803725,0.05279416454081633,False,0.339046556122449,1.0,4,71a96026-101c-4da6-a576-60cd288b9733,p5head_ex,2,335357.93735616974
0.83244513933234,0.7741477389861209,False,0.26356816046686066,0.15872130102040816,False,0.20573580994897958,0.7049221496735308,4,71c67893-6acf-435b-b80d-9100ad2e5d2e,p5head_ex,2,335357.93735616974
0.9896014947530776,0.975831310894299,False,0.05474653403495431,0.02108577806122449,False,0.3682238520408163,1.0,4,71c99471-4012-425d-b52d-17f161aa1262,p5head_ex,1,335357.93735616974
0.7725482525239088,0.7892576810659729,False,0.06398847667027646,0.03591358418367347,False,0.2540258290816326,0.9994450610432852,4,72012b70-e633-4b7b-aeb2-ec7834d198fc,p5head_ex,2,335357.93735616974
0.7384996763361139,0.6883584547458778,True,0.28533565223647045,0.17737563775510204,False,0.33761160714285715,0.9540449438202248,4,721ce331-5526-4469-ba71-84f7880021e1,p5head_ex,2,335357.93735616974
0.8003310154665451,0.7162927726901159,True,0.25684568353733356,0.12460140306122448,False,0.3348014987244898,0.9592130518234165,4,72247058-293a-4a90-a972-093fe8f12148,p5head_ex,2,335357.93735616974
0.9248863367937056,0.8998209339933779,True,0.15960846745839066,0.06255978954081633,False,0.2861926020408163,0.7951576935329723,4,72290038-af8f-4ebc-ae08-1cbb558ada40,p5head_ex,2,335357.93735616974
0.989248472305726,0.984084163467835,True,0.1965200234371753,0.06463249362244898,False,0.25980548469387754,0.9078014184397163,4,723c952a-b50a-42e1-a0d6-5d177bc635d2,p5head_ex,1,335357.93735616974
0.7262909752292848,0.6970339552152138,True,0.19270174823504796,0.10732222576530612,False,0.3037707270408163,0.9896007428040854,4,728a07c1-31e8-4167-ad19-ddd7b96ad14c,p5head_ex,2,335357.93735616974
0.34425697598961713,0.4747160012982798,False,0.0,0.01721938775510204,False,0.3087133290816326,0.09837962962962964,4,729f2aa0-9564-4228-b516-1d8d4be8bb55,p5head_ex,1,335357.93735616974
0.807265734392938,0.9466719362271069,False,0.04389310885509699,0.019690688775510203,False,0.31509088010204084,0.4908906882591093,4,72e5e42d-dddd-4ce2-90f9-ef9edbeaa549,p5head_ex,1,335357.93735616974
0.8646480147990081,0.7276610099028022,True,0.35508352605261295,0.21301020408163265,False,0.3977000956632653,0.953312125748503,4,734e9b9e-18c4-4d9c-bece-dafaad5742dc,p5head_ex,2,335357.93735616974
0.8590866466527837,0.7037376920006809,True,0.2909977304993476,0.17482461734693877,False,0.37667410714285715,0.9816461468308254,4,7358decc-5bb3-4fad-8eab-c3c6459d2c11,p5head_ex,2,335357.93735616974
0.7667487653987366,0.6170893159901158,True,0.20408785949011454,0.11798469387755102,False,0.28573421556122447,0.9467905405405406,4,73a0777c-caaf-405f-80ab-342715b384c9,p5head_ex,2,335357.93735616974
0.9939752818611337,0.9757070260572244,True,0.22877197502725571,0.06983418367346939,False,0.2422672193877551,0.9825913242009132,4,73cb75e6-0cef-4f7a-9c8d-cc9cc4eb0fd7,p5head_ex,1,335357.93735616974
0.6406615264336201,0.6599699952914765,False,0.06124969316431776,0.04585857780612245,False,0.3172233737244898,1.0,4,73d61528-0457-4796-9ccf-6d23f76bdd73,p5head_ex,2,335357.93735616974
0.8783769588265031,0.8426802964687562,True,0.21403353375023834,0.11264349489795919,False,0.33982382015306123,0.9573602264685067,4,74075cca-a426-4710-92de-e23aa74b76ac,p5head_ex,2,335357.93735616974
0.9016173733724749,0.9201005291686235,True,0.277399937968711,0.10596699617346939,False,0.39114317602040816,0.9462102689486552,4,74a08fcb-fc92-4b2f-9301-3602dbaf0a41,p5head_ex,2,335357.93735616974
0.8466461471461807,0.8746423228680749,True,0.14528517416486283,0.06971460459183673,False,0.4073062818877551,0.9997141223556318,4,757438a0-081e-45e5-9896-ba91f82d3055,p5head_ex,2,335357.93735616974
0.9950850997644759,0.9871370798062753,True,0.07160291104752788,0.0225406568877551,False,0.3028140943877551,1.0,4,7638c224-6103-4774-8254-73f3b394779d,p5head_ex,1,335357.93735616974
0.9177348203045586,0.8671834622078874,True,0.19512976044822847,0.09671954719387756,False,0.33906648596938777,0.9544611580465692,4,76712baa-545a-42d8-8670-79a56926349f,p5head_ex,2,335357.93735616974
0.9871523604302552,0.9679335520098348,True,0.11828185595901997,0.03049266581632653,False,0.3782485650510204,1.0,4,768e5d7f-10c8-45c3-98e1-7487f808a42d,p5head_ex,1,335357.93735616974
0.8950850630064768,0.7216110854256927,True,0.22712462146680634,0.11352040816326531,False,0.3392857142857143,1.0,4,76cc4621-8f68-4394-98b4-1677b6314cbf,p5head_ex,2,335357.93735616974
0.8308840253774108,0.5770121790436388,True,0.08886283065376442,0.046576052295918366,False,0.16743064413265307,0.9944373127941806,4,76f00430-861f-4370-9e06-dd5b9692b669,p5head_ex,3,335357.93735616974
0.7977957764474802,0.5784236562198726,False,0.1014550103948442,0.05157844387755102,False,0.1556720344387755,0.6897217928902627,4,76f71a93-8105-4c79-a010-0cfa86f0061a,p5head_ex,4,335357.93735616974
0.935310757667492,0.8914779362535735,False,0.05522421154161334,0.019152582908163265,False,0.33213089923469385,1.0,4,77c809fd-1fb7-4dae-a0e6-33408425eb92,p5head_ex,1,335357.93735616974
0.6507001944960419,0.5558426158821416,False,0.010425506978452537,0.009167729591836735,False,0.27443399234693877,1.0,4,77e922f5-6c41-4885-9e1a-f5e50c24d2ca,p5head_ex,1,335357.93735616974
0.7689293666114468,0.5464506002545283,False,0.13852588852425446,0.09458705357142858,False,0.3545519770408163,0.8944374209860936,4,78053750-8aa7-4755-a364-037d71a65426,p5head_ex,1,335357.93735616974
0.9695690626809959,0.9599650844098635,True,0.3484791906421963,0.10662468112244898,False,0.3539540816326531,0.8368224299065421,4,780579a3-2dcc-4343-9c92-de8be54e2865,p5head_ex,1,335357.93735616974
0.9926464246154963,0.97482465962956,False,0.07572479342663062,0.024394132653061226,False,0.2739158163265306,1.0,4,7817b551-d220-479b-815f-395f83e1dba1,p5head_ex,1,335357.93735616974
0.8485483939939759,0.7855799090946818,True,0.09896132385239166,0.0333625637755102,False,0.3059032206632653,1.0,4,78647486-de44-4da8-8401-8fd8f3316250,p5head_ex,2,335357.93735616974
0.9964664649618891,0.9888090558484081,True,0.12280234369205949,0.03184789540816327,False,0.337093431122449,1.0,4,78834a4d-5eae-48bb-a7c2-77c17d3f2ab5,p5head_ex,1,335357.93735616974
0.9771049017102379,0.9559079312651312,True,0.20420498372986723,0.0538703762755102,False,0.427913743622449,0.9988901220865705,4,78886571-4987-4ea8-aabd-67e3ccb483bf,p5head_ex,1,335357.93735616974
0.9701617026676143,0.9545333487399458,False,0.03424713212650966,0.01287468112244898,False,0.29354671556122447,0.15015479876160992,4,7892e538-8c5e-4521-a550-4a88f399bf63,p5head_ex,1,335357.93735616974
0.9899154676190038,0.9928216030224685,True,0.27499140386207127,0.09119897959183673,False,0.2659438775510204,0.5203234265734266,4,796c9a6a-2ea4-4361-93ec-bfa894d4033e,p5head_ex,1,335357.93735616974
0.928449363993735,0.9474574818734062,True,0.18036434423328465,0.08868781887755102,False,0.2562779017857143,0.9143820224719101,4,7970b714-abe9-44e3-a10a-223c15f24753,p5head_ex,2,335357.93735616974
0.8965019216316037,0.7119922593361772,False,0.07348835589900496,0.030034279336734693,False,0.22670200892857142,1.0,4,79719bdf-3066-42d3-8496-6a12e12d2523,p5head_ex,2,335357.93735616974
0.9952173890196738,0.9981813586273713,True,0.16504183820756793,0.05181760204081633,False,0.28884327168367346,0.37653846153846154,4,797eafe0-2b9a-463f-ab2f-446fc39384e1,p5head_ex,1,335357.93735616974
0.9097450852747316,0.9079218029508005,False,0.07991783205977546,0.02032844387755102,False,0.30050223214285715,1.0,4,79e66b5d-e740-4fea-b9be-8cb2c75fd375,p5head_ex,1,335357.93735616974
0.9804442022450094,0.9372885136908407,True,0.08025129879977004,0.02311862244897959,False,0.280452806122449,0.9913793103448276,4,79fdfa10-9752-4ab8-a1ca-7f33037dd5aa,p5head_ex,1,335357.93735616974
0.8161199962702044,0.7054866548014876,True,0.40083685844316197,0.24806680484693877,False,0.30747767857142855,0.8285530649955812,4,7a0105da-41e6-4500-8626-fb6e8f0dac5a,p5head_ex,2,335357.93735616974
0.8565555764170512,0.7892149074901532,False,0.0636606727186196,0.03318319515306122,False,0.30080117984693877,1.0,4,7a58d08a-565b-4abb-a328-cb8b83391415,p5head_ex,1,335357.93735616974
0.9894348294987675,0.9844832041137346,True,0.10378430293118762,0.029815051020408163,False,0.2618781887755102,0.8856951871657754,4,7a5c7e58-8094-4ce4-94fa-e5e3e2fce6ab,p5head_ex,1,335357.93735616974
0.8194186386615302,0.758609053938002,True,0.3286609243862788,0.20746970663265307,False,0.4282724808673469,0.957252641690682,4,7a881e37-b18a-43ce-b98f-29c479dbfcc9,p5head_ex,2,335357.93735616974
0.8121852442143455,0.7881423602459472,False,0.12506558952742305,0.07158801020408163,False,0.3031728316326531,1.0,4,7b4c5581-5fd4-476c-b2bb-ee4dcbdf7c71,p5head_ex,2,335357.93735616974
0.8813881690248818,0.7884360357578452,True,0.27751300031555204,0.13926977040816327,False,0.31562898596938777,0.9619347452776188,4,7b73919e-d14d-4f3c-88cd-e81a21ba756f,p5head_ex,2,335357.93735616974
0.9861705299394651,0.9703483464427799,True,0.3323288220215469,0.11192602040816327,False,0.45139110331632654,0.9980413105413105,4,7bd2d1cd-f950-4898-8d7d-375da645c19c,p5head_ex,1,335357.93735616974
0.8676909861154557,0.7393595178138144,True,0.3233740312437304,0.19236288265306123,False,0.41272720025510207,0.9744094488188977,4,7c1d3e58-174d-450f-9f19-caad0cdce430,p5head_ex,2,335357.93735616974
0.8586524406123235,0.8228002274878945,False,0.16889341696160454,0.09426817602040816,False,0.3250757334183674,0.9839323467230444,4,7c8b9b44-5d6c-4e18-a42a-8a57e4273651,p5head_ex,2,335357.93735616974
0.9870021426519408,0.9729881551070155,True,0.0973431684044,0.035076530612244895,False,0.3531967474489796,1.0,4,7d402380-193a-4aef-92aa-8c80e11217fb,p5head_ex,1,335357.93735616974
0.6764227034583262,0.6634456867699762,False,0.15264324646174993,0.10794005102040816,False,0.4030612244897959,1.0,4,7d9de861-2aa8-49d6-a2c5-47a5d7e1d06f,p5head_ex,3,335357.93735616974
0.9478063758164534,0.904223619933671,True,0.19983690134177837,0.07700892857142858,False,0.30165816326530615,1.0,4,7e2b8ceb-9db2-4159-9e63-96d734dd1218,p5head_ex,1,335357.93735616974
0.5877180132563006,0.610941228333401,False,0.01775417406742403,0.019072863520408163,False,0.32533482142857145,1.0,4,7f6f91c5-70aa-4838-bb5e-0461f07ef1d7,p5head_ex,1,335357.93735616974
0.9526504549709078,0.9688026766909356,True,0.3381463243698559,0.13263313137755103,False,0.29087611607142855,0.7365890308039068,4,7f9b4539-9cfb-49db-9d19-dea98ab6445f,p5head_ex,1,335357.93735616974
0.9115435794500693,0.9253058561767821,False,0.1323350071487625,0.04771205357142857,False,0.26777742346938777,0.8558897243107769,4,7fb3c5d0-81fd-46e3-9063-cd8d71831790,p5head_ex,1,335357.93735616974
0.7605331724340664,0.7118062833104342,True,0.20638819770387842,0.1280094068877551,False,0.4444953762755102,0.9623229020706835,4,80314888-a5ec-4ba1-8cf4-ad9c67fac5ba,p5head_ex,3,335357.93735616974
0.9201319156145277,0.8482997291219463,True,0.2238283809325844,0.11399872448979592,False,0.43496890943877553,0.965034965034965,4,80bca6c8-5cdf-4528-85d6-aa6f3336664b,p5head_ex,1,335357.93735616974
0.8776463093078853,0.7483831356066769,True,0.4515764583309002,0.24198820153061223,False,0.29195232780612246,0.8949925877120738,4,80e7b516-3f0d-4f19-b7e4-7e2849ec0e13,p5head_ex,2,335357.93735616974
0.878317564214402,0.8207761302876743,True,0.44153229727251314,0.286930006377551,False,0.4247448979591837,0.9242203236785441,4,813e0822-259c-4c62-81bb-86b6c0a2a948,p5head_ex,2,335357.93735616974
0.8744728868956961,0.7794793847310703,True,0.20690627045445284,0.10273836096938775,False,0.3278260522959184,0.9965082444228904,4,81d9d146-e9bb-478b-aeed-c2431780030e,p5head_ex,2,335357.93735616974
0.9922432636420905,0.9926457335512475,True,0.21455917731256982,0.04185267857142857,False,0.4132055165816326,0.9852380952380952,4,82099a84-dd20-48dd-a87a-7ffd3d948c8b,p5head_ex,1,335357.93735616974
0.7328845301927747,0.7468232849187995,True,0.4171998382663862,0.2861328125,False,0.32262436224489793,0.8056000557219475,4,822723b2-1db3-4f0d-a869-004a14a7bcdb,p5head_ex,2,335357.93735616974
0.932301411455769,0.8877576076193372,True,0.2118316777506077,0.08250956632653061,False,0.38440688775510207,0.5362318840579711,4,825548ba-023d-4e18-960b-e2470130c200,p5head_ex,1,335357.93735616974
0.964647749139821,0.945365930361568,True,0.26223626479499895,0.08145328443877552,False,0.5709502551020408,1.0,4,82764af4-85dc-4512-bdfe-d9e9f66e0fc4,p5head_ex,1,335357.93735616974
0.8900539510324073,0.8134180953660665,True,0.2839384550165474,0.15808354591836735,False,0.40433673469387754,0.9722642460917801,4,831dbfc0-b9b0-4201-9609-ace98fa96deb,p5head_ex,2,335357.93735616974
0.9649798817092708,0.937427216761923,True,0.2417331418244536,0.07792570153061225,False,0.35782047193877553,0.9741687979539642,4,833a38fd-dab6-4dd9-ba53-0f536b86555b,p5head_ex,1,335357.93735616974
0.4440034997812637,0.4815105241436236,False,0.0,0.04330755739795918,False,0.28437898596938777,0.9912563276576162,4,83c2c654-5bc2-41c4-b53d-054888e022d6,p5head_ex,1,335357.93735616974
0.8026869799830155,0.8899002959337878,True,0.18219338300207685,0.09644052933673469,False,0.3264309630102041,0.96011572638975,4,84032d11-9143-45a2-b3e9-955f9dc4b497,p5head_ex,2,335357.93735616974
0.8651654982710374,0.5322661774258749,True,0.536457013877607,0.3422951211734694,False,0.24065290178571427,0.6411644832605531,4,842ee9d8-de33-4eb6-a79b-c9b28f21f98d,p5head_ex,2,335357.93735616974
0.878598644655828,0.8483310679676406,True,0.32818428575767566,0.11112882653061225,False,0.33141342474489793,0.9573170731707317,4,850a00db-8884-45d3-b3cf-1ba8635b9294,p5head_ex,2,335357.93735616974
0.8769765148212729,0.8213536426581434,True,0.37594853335787215,0.18287627551020408,False,0.23995535714285715,0.7753923278116827,4,859a8249-1e52-4a1a-9d35-e1cd84389c28,p5head_ex,2,335357.93735616974
0.9776373184525099,0.9563763326599484,True,0.13915304191459013,0.048549107142857144,False,0.34281329719387754,1.0,4,8615dbf0-431a-4b5a-abd7-6811fb272ef6,p5head_ex,1,335357.93735616974
0.8906353691998944,0.8539854102576147,True,0.494658787907363,0.24143016581632654,False,0.37095424107142855,0.7727422816575863,4,86459db9-dc9d-42f5-818d-9525684d5406,p5head_ex,2,335357.93735616974
0.49523302673949604,0.44840954470356137,False,0.22515641076837042,0.25454400510204084,False,0.33631616709183676,0.8057469464453492,4,8715ecee-c904-4336-9809-c4744ae07ea0,p5head_ex,2,335357.93735616974
0.9230287535147998,0.8522551351791586,False,0.09902399028243906,0.031050701530612245,False,0.13456632653061223,0.6611039794608472,4,871ebe50-8492-496d-a49d-510be81eb07a,p5head_ex,1,335357.93735616974
0.9292966582123993,0.8655406214609732,True,0.19819761732666494,0.10036670918367346,False,0.31100526147959184,0.938046068308181,4,876bef9f-d3c8-46e3-bb6a-15d36dce2c21,p5head_ex,2,335357.93735616974
0.9946032026672055,0.9807468345664193,True,0.1535143107320899,0.04185267857142857,False,0.2885243941326531,1.0,4,88070db5-6752-437e-ad22-3f0f2451180a,p5head_ex,1,335357.93735616974
0.795345314359097,0.6223364590786545,True,0.4314080737833135,0.24573501275510204,False,0.29105548469387754,0.770235198702352,4,889fbb03-ad00-4da1-abea-6ad0a8843335,p5head_ex,2,335357.93735616974
0.8829751932749158,0.8958140995410787,True,0.41115269163223295,0.18634406887755103,False,0.37294722576530615,0.7159358288770054,4,8915ce9d-e920-4a9a-a4c6-4c40ab8af51e,p5head_ex,2,335357.93735616974
0.9739759919614424,0.9794209063696026,True,0.26350865943028745,0.08258928571428571,False,0.34402901785714285,0.972972972972973,4,8917b2df-a22a-4da0-935c-397926ad5a1a,p5head_ex,1,335357.93735616974
0.7783787626980448,0.920799855986513,True,0.3310913797073533,0.1795280612244898,False,0.4137635522959184,0.9353907637655418,4,8a233483-8ab2-4cc5-b32b-20fe40cc5d77,p5head_ex,3,335357.93735616974
0.7188784359826595,0.645851364503786,True,0.4323675585778716,0.27830038265306123,False,0.2844786352040816,0.7993411629905471,4,8a546535-613f-49b1-897c-a0933c53cb84,p5head_ex,2,335357.93735616974
0.8708664697996968,0.629629655961633,True,0.5195456058173703,0.32142857142857145,False,0.22385204081632654,0.5798611111111112,4,8a6eb7c9-81ff-43c3-81d8-85922e96507e,p5head_ex,2,335357.93735616974
0.769825469410578,0.6078403757225065,True,0.39363616505352383,0.24435985331632654,False,0.27698501275510207,0.8230160672049588,4,8a72ad25-c50c-421b-bc5a-19b0357fb006,p5head_ex,2,335357.93735616974
0.504602451505953,0.46314508970820056,True,0.2180032367632324,0.20210857780612246,False,0.19626913265306123,0.862932649640075,4,8a8be155-755a-48f9-a4aa-f1fd0e1e263b,p5head_ex,2,335357.93735616974
0.5,0.5,False,0.0,0.033482142857142856,True,0.25743383290816324,0.6761904761904762,4,8ab2915f-7b4b-4aa8-85a1-8121483c3776,p5head_ex,1,335357.93735616974
0.7032414890848886,0.5842924978305657,True,0.5114950612903665,0.3575414540816326,False,0.3755381058673469,0.8201226309921962,4,8afb5369-59d4-46c5-96e2-700291f598c8,p5head_ex,2,335357.93735616974
0.9866364795650922,0.9890984564272233,True,0.2950267620477808,0.09524473852040816,False,0.30337213010204084,0.9223686963799959,4,8b2543f1-89e6-41d2-8ede-ab0f9b797f41,p5head_ex,1,335357.93735616974
0.8942557277688857,0.7396361135940844,True,0.37768887518649574,0.1760204081632653,False,0.25948660714285715,0.7706068840579711,4,8b7729cf-8961-452c-8b03-926516ac5c90,p5head_ex,2,335357.93735616974
0.8109314923004899,0.7120242856952863,True,0.5576551795960656,0.36874202806122447,False,0.27200255102040816,0.6634958382877527,4,8b8369dc-4085-4e1d-b1ca-5e1de60c15f0,p5head_ex,2,335357.93735616974
0.7706293210452894,0.7393941129071588,True,0.43770855700241823,0.2723014987244898,False,0.29651626275510207,0.737100197613994,4,8bca4dca-cff5-4d7b-bcd7-e303c59c3c6a,p5head_ex,2,335357.93735616974
0.8879413711249291,0.8711007731641685,True,0.4341659609654764,0.25350765306122447,False,0.268375318877551,0.7505503144654088,4,8c8a3a36-3c8e-4a19-9821-cc7467d962ee,p5head_ex,2,335357.93735616974
0.7770763003885958,0.8107446789480189,True,0.5219032784538885,0.3751594387755102,False,0.2966358418367347,0.6655333616659583,4,8cc0b6f0-ca96-47a8-bf47-7fe2d3641d0c,p5head_ex,2,335357.93735616974
0.9749917628860667,0.9511199821458363,True,0.2068916847377846,0.06887755102040816,False,0.314273756377551,0.9389467592592593,4,8cd4d1a3-e2ac-4475-9a06-33bdaa9876f7,p5head_ex,1,335357.93735616974
0.41069231326404937,0.2773499610217422,False,0.0007121039520308249,0.060267857142857144,False,0.30398995535714285,0.7906746031746031,4,8cdacf7d-d81c-40af-8bea-d107073d0412,p5head_ex,1,335357.93735616974
0.8431101876960807,0.8069094747824042,True,0.48204252146413684,0.2729990433673469,False,0.20302535076530612,0.6872536136662286,4,8cddc2e8-0283-4be1-8fc4-b683cef00bbe,p5head_ex,2,335357.93735616974
0.901290318077378,0.9170272416493487,True,0.2756853994172004,0.09430803571428571,False,0.3213687818877551,0.9270921386306001,4,8d0e17f0-014e-4e69-a2f5-bc08ef148dfd,p5head_ex,1,335357.93735616974
0.9795626958924328,0.9631579020186627,True,0.07789606146243579,0.02100605867346939,False,0.29434390943877553,1.0,4,8d2681aa-f9f9-4ca6-92e9-27fbb546d0e5,p5head_ex,1,335357.93735616974
0.8504659496340814,0.8513177621715458,True,0.503295081127651,0.34909119897959184,False,0.2977718431122449,0.7983557889929208,4,8d587abd-61ae-4b20-be5e-0333fdbc83cc,p5head_ex,2,335357.93735616974
0.923378223461299,0.9857433678183305,True,0.6089010589245183,0.34598214285714285,False,0.35746173469387754,0.4350806451612903,4,8e372481-be5f-488e-92e6-ebaefe9a7147,p5head_ex,2,335357.93735616974
0.865323755062293,0.8843279641534739,True,0.5857066743163448,0.35391422193877553,False,0.3709741709183674,0.594211059804032,4,8e6e3560-41b4-40ad-9cf8-0c51628bde2b,p5head_ex,2,335357.93735616974
0.8752027538530543,0.8463797657537797,True,0.4292650877779731,0.21627869897959184,False,0.2966159119897959,0.7481570217471434,4,8eee2836-b938-4953-b394-99facc3f78e1,p5head_ex,2,335357.93735616974
0.8436178473413013,0.7945308602134014,True,0.12551638186072492,0.05974968112244898,False,0.2569555165816326,0.9816544362908606,4,8f460d7d-164d-4f3e-b3eb-1c9f0c43b49e,p5head_ex,2,335357.93735616974
0.8845414876936483,0.8414528762102188,False,0.1680382745169418,0.07872289540816327,False,0.49509725765306123,0.9025316455696203,4,8f8feef4-b211-4d70-83eb-cef152569c34,p5head_ex,1,335357.93735616974
0.785092619490782,0.7695581833971868,True,0.5036386059003074,0.37779017857142855,False,0.45565609056122447,0.8587254695083351,4,8fdda05d-cfd6-4a9f-bc0e-cd4f542a8c0d,p5head_ex,2,335357.93735616974
0.9510477032604572,0.9302038026230798,True,0.1879763921133343,0.06451291454081633,False,0.3385483099489796,1.0,4,9039dfee-f9b1-45ee-a487-ab6a51d7cfe0,p5head_ex,1,335357.93735616974
0.9801697866277997,0.9586623401468909,True,0.17480736459823154,0.05357142857142857,False,0.26626275510204084,1.0,4,9067a3b6-b8bf-49a9-bc76-675853dd37b5,p5head_ex,1,335357.93735616974
0.6912614270742778,0.5291298202436493,True,0.4514930172633069,0.3602718431122449,False,0.3383888711734694,0.7161033357304862,4,90cfaf6d-0247-4431-be9b-bca6c060e394,p5head_ex,3,335357.93735616974
0.973426365973565,0.9852445497431757,True,0.27229048019458274,0.09040178571428571,False,0.3137755102040816,0.7504409171075838,4,9130c6ff-ef18-413c-af5b-7c7f8de455fc,p5head_ex,1,335357.93735616974
0.807603182648837,0.7413524177643086,True,0.325697977302457,0.16695232780612246,False,0.24133051658163265,0.8931598424256894,4,916d9880-914d-49da-b1ee-011714c9c1b7,p5head_ex,2,335357.93735616974
0.7126228998618549,0.7301084004450685,True,0.461682758915802,0.32304288903061223,False,0.42831234056122447,0.8207785798013449,4,9181661b-2b5c-4310-8313-395549a15eac,p5head_ex,2,335357.93735616974
0.856580583237163,0.9663404219327003,False,0.28396593768602324,0.14899553571428573,False,0.31845902423469385,0.7470572498662387,4,91b2ce38-efaf-4476-b77c-4f363d340f11,p5head_ex,2,335357.93735616974
0.9681048422301377,0.973757308051547,True,0.338977398579088,0.11985809948979592,False,0.33248963647959184,0.9165281010974393,4,92097b0f-44d8-4358-937d-cbf8c34c0732,p5head_ex,1,335357.93735616974
0.7292829735014759,0.7110742572693858,True,0.2215207709685167,0.126953125,False,0.3890904017857143,0.8657770800627943,4,92146ef9-15ba-48b9-ad5a-893a27c6f484,p5head_ex,2,335357.93735616974
0.993272961720282,0.994940687762405,True,0.27034406098999436,0.0741390306122449,False,0.36575255102040816,0.7123655913978495,4,92e14d7b-842b-4b05-bb5d-4aab98d9acfb,p5head_ex,1,335357.93735616974
0.9763359732333371,0.9794855624403378,True,0.3786401390131751,0.14313616071428573,False,0.4085220025510204,0.8400167084377611,4,92e64cff-df51-4747-9203-fb083bdc520a,p5head_ex,1,335357.93735616974
0.8855603844234082,0.9096737004636991,True,0.4229850418092186,0.1742267219387755,False,0.3839485012755102,0.8228094257606955,4,936e16c0-f39a-4970-903f-6af6722c26b4,p5head_ex,1,335357.93735616974
0.7571962147890797,0.8226670232815619,True,0.505472343442106,0.3500876913265306,False,0.361507493622449,0.7040305134919731,4,93986f45-f0ed-44c0-bbc4-15bfe78ec6da,p5head_ex,2,335357.93735616974
0.8260620716053744,0.6093529152632757,True,0.31936302177534764,0.16553730867346939,False,0.20764907525510204,0.8885143269925355,4,9429988f-5216-425b-95f9-a646ba335fc2,p5head_ex,2,335357.93735616974
0.7554779158153148,0.8351652861767135,True,0.384007246809257,0.24758848852040816,False,0.29432397959183676,0.6731063350237463,4,948ad418-c89a-4476-8152-1e956ef27cbf,p5head_ex,2,335357.93735616974
0.9533740992050915,0.9957114697324102,True,0.5036387182926084,0.19802295918367346,False,0.2863719706632653,0.5603864734299517,4,95e6c3a5-1f34-4b87-8a71-a73032470fc0,p5head_ex,1,335357.93735616974
0.8461714056913869,0.470534574153321,True,0.5337410678346217,0.3528579400510204,False,0.2876076211734694,0.7684269980231573,4,95ea8862-87be-4353-b341-2aa1fee16451,p5head_ex,2,335357.93735616974
0.9535861721159602,0.979494579414919,True,0.328477643393079,0.11272321428571429,False,0.37557796556122447,0.8544908062234795,4,95f7313e-5394-4dc7-9405-3c3356c5c964,p5head_ex,1,335357.93735616974
0.8098982509033702,0.7446436730986264,True,0.4949597879986669,0.3278061224489796,False,0.2366669323979592,0.6496230544747081,4,961da0cb-cf97-487b-8e59-a07b4fff6c2e,p5head_ex,2,335357.93735616974
0.9657930863807971,0.9345696723908498,True,0.21858112176233008,0.07908163265306123,False,0.21285076530612246,0.3792842741935484,4,965e93d0-93f6-4a71-9abf-847027df3196,p5head_ex,1,335357.93735616974
0.882961340297555,0.8174773645158261,False,0.08459147460372442,0.03627232142857143,False,0.2694515306122449,1.0,4,96c14a9c-2346-4e84-88c9-ad30bd422de8,p5head_ex,1,335357.93735616974
0.9929146146098577,0.9856784481725429,True,0.14866724795107622,0.04771205357142857,False,0.48764349489795916,0.9878863826232247,4,96f34fa9-0e56-4fdb-bfd7-781d8c453bcb,p5head_ex,1,335357.93735616974
0.8274549099516203,0.7276113896639177,True,0.12113332910304814,0.05759725765306122,False,0.2575534119897959,0.9788927335640139,4,971befc9-5a0d-4bda-acb5-2cebeaa8163e,p5head_ex,1,335357.93735616974
0.9838247305178467,0.9920644120010624,True,0.332221030998692,0.08978396045918367,False,0.297054368622449,0.6608213096559379,4,972128de-cda3-4ede-a5a1-61c05bfe49b2,p5head_ex,1,335357.93735616974
0.8576462616537395,0.7817316017316017,True,0.20245046594199867,0.09885204081632654,False,0.2924904336734694,0.8165322580645161,4,9785f111-2f91-4137-998e-6b2e516bc97d,p5head_ex,1,335357.93735616974
0.7814276428139437,0.7427501424634924,True,0.22731983984294357,0.10251913265306123,False,0.23766342474489796,0.8534214618973561,4,97a6f7c7-df3f-4127-907d-27823c48f2fe,p5head_ex,2,335357.93735616974
0.9828049418355984,0.966255820793032,True,0.23251819257815903,0.07290338010204081,False,0.3321109693877551,0.8094587206123565,4,97b0ce05-4da2-4ec6-a48b-786b8562dd82,p5head_ex,1,335357.93735616974
0.9323558351869954,0.9100853495311653,False,0.07113740362606073,0.03186782525510204,False,0.2914939413265306,0.4133833646028768,4,97be853a-7fc0-43cd-85c3-a92ad92e5350,p5head_ex,1,335357.93735616974
0.9161288300244662,0.9470801645547698,True,0.3348768583571188,0.17707669005102042,False,0.3645766900510204,0.9079347214406303,4,97d6840c-f844-4a1d-ab3e-85f642834696,p5head_ex,2,335357.93735616974
0.9715959937206176,0.9897768742592762,True,0.35221172418001595,0.11082987882653061,False,0.4526865433673469,0.9683510160043157,4,980f7412-072b-4cc4-846d-99fc5607d70c,p5head_ex,1,335357.93735616974
0.9726185263697572,0.9517859844124823,True,0.3710323932323275,0.12934470663265307,False,0.4344905931122449,0.9579352850539291,4,98170722-6cba-4e3a-8b9f-fba220d8e7f7,p5head_ex,1,335357.93735616974
0.9804205328625976,0.9589011715464805,True,0.13361142055016192,0.058294802295918366,False,0.4066685267857143,1.0,4,98ccc363-75a5-4b0e-b1c9-2cf36baaa657,p5head_ex,1,335357.93735616974
0.8415921110264033,0.8991198635449269,True,0.4014953250529583,0.22102200255102042,False,0.3588966836734694,0.8055004508566276,4,98cd0b89-202e-4b22-83e3-ea843488ea6c,p5head_ex,2,335357.93735616974
0.9909746344100039,0.992356354781019,True,0.20465113104600544,0.05994897959183673,False,0.30016342474489793,0.4015957446808511,4,9911bf13-bce6-4b33-b866-1944aca8fab0,p5head_ex,1,335357.93735616974
0.929771450395843,0.9758923752086668,True,0.33761717305873556,0.17851163903061223,False,0.3514429209183674,0.8267276990063638,4,99122ea2-e76e-4b70-bfd9-350b8af5691a,p5head_ex,2,335357.93735616974
0.9222126887989313,0.7854881886957821,False,0.38255421731530553,0.19654815051020408,False,0.2797154017857143,0.8699046846481444,4,99239481-5f84-4fe9-aa79-dfa79d3e7ae0,p5head_ex,2,335357.93735616974
0.8528370764031915,0.7496349315665012,False,0.062294325186301965,0.030293367346938774,False,0.44595025510204084,0.9914473684210526,4,9954f203-ec80-45ce-85a6-fb155368370f,p5head_ex,1,335357.93735616974
0.9578190960667434,0.9090490996074597,True,0.1875465261537849,0.04747289540816327,False,0.3949697066326531,1.0,4,99dcf680-1f54-4d88-aa29-d909be9e82ff,p5head_ex,2,335357.93735616974
0.8558204748641973,0.735981950219499,True,0.230185137449074,0.11437739158163265,False,0.24525669642857142,0.8170412963930999,4,9a1fd0e4-262e-4856-85ba-88faf8b88726,p5head_ex,2,335357.93735616974
0.7892427537781443,0.806510765433761,True,0.2453530833204563,0.1376355229591837,False,0.3262914540816326,0.8318853171155517,4,9a30433a-c79c-4f15-8be7-26adfa92943c,p5head_ex,2,335357.93735616974
0.9034320735635836,0.8155038795473077,True,0.14692967650033756,0.07563376913265306,False,0.22652264030612246,0.8832674571805007,4,9a54b667-9691-4074-99a5-3e3c9c5a0835,p5head_ex,1,335357.93735616974
0.9925612089144675,0.9869357676196996,True,0.2854571374893763,0.09996811224489796,False,0.24904336734693877,0.9358054226475279,4,9a75986a-bb57-4f82-b9cc-af6a5a9ea8c6,p5head_ex,1,335357.93735616974
0.411362515855156,0.4127790889789109,False,0.003924664915387897,0.023716517857142856,False,0.39297672193877553,0.9949579831932773,4,9a8d7f49-ec4d-40db-998a-a1b81ad9ac52,p5head_ex,1,335357.93735616974
0.5473836074524435,0.6492006767870826,False,0.06640259660916839,0.0790218431122449,False,0.34193638392857145,0.7702395964691047,4,9ae26474-0da3-437d-a0dc-744b8c474bba,p5head_ex,1,335357.93735616974
0.5065651943485736,0.3104660989557319,False,0.07458668251368522,0.10662468112244898,False,0.5134327168367347,0.9960747663551401,4,9b788ef2-8721-4f1f-9d4d-8a2e0d65cba4,p5head_ex,1,335357.93735616974
0.9255732615844632,0.8915509656985052,False,0.33802511471097263,0.1532605229591837,False,0.32581313775510207,0.7132639791937582,4,9bc3b352-0796-42a9-8028-3fa131afbe7b,p5head_ex,2,335357.93735616974
0.9713619127023501,0.9272363216875412,False,0.08486408269319723,0.03587372448979592,False,0.27774234693877553,1.0,4,9bf4af74-aba7-41ef-9606-b19bf8526a72,p5head_ex,1,335357.93735616974
0.7537118177105109,0.7526598840580102,False,0.18112155968788055,0.10977359693877552,False,0.3871572066326531,0.8874364560639071,4,9bfbcf53-fe7e-47b3-ae0d-3d4cd48001ee,p5head_ex,1,335357.93735616974
0.7433476657009088,0.7068080088981206,False,0.254770079611458,0.12360491071428571,False,0.23840082908163265,0.2907126733311835,4,9c0fbb4b-715d-43ad-ac16-3cd798caaab3,p5head_ex,2,335357.93735616974
0.7344346637110759,0.6585356767794786,True,0.48749618032965825,0.34361049107142855,False,0.41956313775510207,0.8781973203410475,4,9c3edffc-7981-40c3-84b9-d719e49ce1db,p5head_ex,2,335357.93735616974
0.9597471665187602,0.9724020570167775,True,0.20531718086670894,0.07174744897959184,False,0.33298788265306123,0.7175,4,9ca9ffa9-4810-4ed4-b919-39b2315ed461,p5head_ex,1,335357.93735616974
0.9297763811198033,0.9410228857175329,True,0.3589394300263998,0.1300422512755102,False,0.38673867984693877,0.6807662835249042,4,9cc6707b-0793-492b-b59a-ededa08fb144,p5head_ex,1,335357.93735616974
0.9894980174693201,0.9934916028031966,True,0.28086118085607065,0.07772640306122448,False,0.2563576211734694,0.6123076923076923,4,9d33381f-6428-462c-a2bf-2b87d276f0eb,p5head_ex,1,335357.93735616974
0.8606573886425264,0.7453771128857233,False,0.17572882032671489,0.09761639030612244,False,0.4092594068877551,0.9324213964883626,4,9d4a60a2-7a43-4d82-986a-0fbe9126fd88,p5head_ex,1,335357.93735616974
0.9570215926129986,0.9425824885372952,True,0.20083947472151228,0.05526546556122449,False,0.2938855229591837,0.8993869455463397,4,9dd6e2cd-3afe-4a03-a3d3-de161a0446a7,p5head_ex,1,335357.93735616974
0.5130101120889158,0.4377707776039298,False,0.05100641996435598,0.068359375,False,0.3796237244897959,0.8049562682215743,4,9de4153d-5383-4dc7-977c-e064fb2734c7,p5head_ex,1,335357.93735616974
0.9923003100313216,0.9923445068957191,True,0.3414526002672084,0.10997289540816327,False,0.24091198979591838,0.8811163465023559,4,9e6239f2-9352-4bad-a19a-22538ddd0e27,p5head_ex,1,335357.93735616974
0.9808669206566906,0.9955310601558592,True,0.468140464280257,0.08440290178571429,False,0.2700892857142857,0.24911452184179456,4,9edc3935-3942-48c0-8666-bc5857f24aec,p5head_ex,1,335357.93735616974
0.9968916827011493,0.9973977570815515,True,0.24295343900626676,0.06760204081632654,False,0.4536631058673469,0.8204599056603774,4,9ee5d70d-a1ca-4fe9-af45-27dc20017d27,p5head_ex,1,335357.93735616974
0.930253225399555,0.9093986215561297,False,0.19779844279034625,0.07461734693877552,False,0.3629623724489796,0.8589743589743589,4,9f2e86d5-cf74-4c4f-84f9-c9e842c8ef0d,p5head_ex,1,335357.93735616974
0.663699534186597,0.5930591173570295,False,0.06981504059567124,0.05181760204081633,False,0.29404496173469385,0.9903846153846154,4,9fbd7b9f-ef1e-42ce-b594-1a3f017fb604,p5head_ex,1,335357.93735616974
0.961168517682083,0.9941547430823571,False,0.19367151061171067,0.054368622448979595,False,0.27883848852040816,0.34310850439882695,4,a02c7ae4-7571-4ae8-ae35-5e4121ebd250,p5head_ex,1,335357.93735616974
0.6963781738985008,0.7711611604890416,True,0.38855738485190383,0.28958067602040816,False,0.4253029336734694,0.8645560908465244,4,a056f19b-06e5-47f8-9861-005b6dd08fc0,p5head_ex,2,335357.93735616974
0.8761580422574998,0.8196318374675073,True,0.24716315127925104,0.08958466198979592,False,0.3300183354591837,1.0,4,a0688bb5-65a3-4b02-b0a5-cd0dc775608d,p5head_ex,2,335357.93735616974
0.9722130327442827,0.9532068543616556,True,0.34633505945116094,0.07971938775510204,False,0.3694395727040816,0.8605,4,a0999072-21a9-4898-b391-5990998eca20,p5head_ex,1,335357.93735616974
0.9883957096290382,0.9722539404627479,True,0.1718863450118129,0.04041772959183673,False,0.40292171556122447,1.0,4,a0ca289b-6e0b-433d-a45b-8f86044e1ae1,p5head_ex,1,335357.93735616974
0.6842508135830752,0.679953231937404,True,0.5679309460998896,0.4694276147959184,False,0.40611049107142855,0.7746030398233845,4,a0fc511b-7483-46a6-9591-46f6c73f87e9,p5head_ex,2,335357.93735616974
0.9766385167900251,0.9949764737734154,True,0.4333379980025312,0.17167570153061223,False,0.21727519132653061,0.5366844671465056,4,a108c5e8-49d7-4ec4-ac83-a5cb0442e536,p5head_ex,1,335357.93735616974
0.9269593693426763,0.9812279766323463,True,0.3617753896289948,0.18624441964285715,False,0.3145328443877551,0.6280363830925628,4,a10bf127-bf41-4e8d-969c-63963bd98935,p5head_ex,2,335357.93735616974
0.9654877815842823,0.9720508221478242,False,0.20759746636344856,0.07826450892857142,False,0.3334861288265306,0.16883116883116883,4,a13bf9b7-ea61-4bff-96dc-e6c716638461,p5head_ex,1,335357.93735616974
0.9104657611264169,0.8552898057709514,True,0.3092367476168323,0.166015625,False,0.3703762755102041,0.9200480192076831,4,a15fd96c-be59-4a81-b253-bea26b1b20b1,p5head_ex,2,335357.93735616974
0.874752119597496,0.8615255499912466,True,0.5632186505214144,0.3102479272959184,False,0.409976881377551,0.7581422239352477,4,a1733f0f-0822-4ca1-8e60-cb3981a7f7e8,p5head_ex,2,335357.93735616974
0.7229588496987335,0.6357628825842389,True,0.19300363975706547,0.11098931760204081,False,0.32736766581632654,0.8927994253905549,4,a1be5d47-d573-411a-862c-d5e0ec36f469,p5head_ex,2,335357.93735616974
0.8784470577927218,0.7244047770316078,True,0.21791231778458414,0.11214524872448979,False,0.34086017219387754,0.9641016527456904,4,a205b165-66a9-4bb4-9cdc-f2e1c5845664,p5head_ex,2,335357.93735616974
0.8093519127401053,0.66185559272385,True,0.6640143866358558,0.43935347576530615,False,0.2908960459183674,0.6298933998639147,4,a20a5357-fcdc-4d8f-b5ad-7a49c2df7db5,p5head_ex,2,335357.93735616974
0.7536152449977546,0.7315074829969347,False,0.13559084778528327,0.08705357142857142,False,0.3524792729591837,0.7227564102564102,4,a228d0c7-b6aa-409d-98df-569809daa353,p5head_ex,1,335357.93735616974
0.8244270093398813,0.9080107522351455,True,0.47728454531834164,0.28134964923469385,False,0.26267538265306123,0.5437415881561238,4,a25d0b6e-cd0e-40d5-a225-4ef92baa4202,p5head_ex,2,335357.93735616974
0.7816715749391261,0.7449900149057938,True,0.19229966049646025,0.09630102040816327,False,0.2959781568877551,0.9379139072847682,4,a288ccb7-b58d-4411-a5da-6dce74957e74,p5head_ex,2,335357.93735616974
0.39935396123767425,0.4503606752435487,False,0.0,0.062181122448979595,False,0.3239596619897959,0.9,4,a2961d70-7b12-4eac-bb33-8567bba2d3e9,p5head_ex,1,335357.93735616974
0.8923260776077281,0.923980748051508,True,0.2325612110575675,0.11144770408163265,False,0.39993223852040816,0.949928469241774,4,a2c7baa7-e6f5-4409-bf23-d96c54d6843b,p5head_ex,2,335357.93735616974
0.9063887753238534,0.9208641993501465,True,0.22495528590283628,0.09213568239795919,False,0.33266900510204084,0.6348691325978801,4,a33882f0-bccb-4c22-8104-deae4a3b3b4c,p5head_ex,1,335357.93735616974
0.7778633193235759,0.6188048676921127,False,0.206454281948324,0.10879703443877552,False,0.3816764987244898,0.6032240337058069,4,a3476eba-8536-4271-a7a9-b13dc3cc8a4d,p5head_ex,1,335357.93735616974
0.8231321705857627,0.6433275994310056,False,0.09669510734333991,0.04862882653061224,False,0.28298389668367346,0.24877049180327868,4,a3558c74-f838-4da4-a8be-ad248ad502cf,p5head_ex,1,335357.93735616974
0.976087830375714,0.9410346303278929,True,0.1670597584314386,0.06489158163265306,False,0.317203443877551,0.9514742014742015,4,a36d5534-15f9-4cb1-aacf-99c5f96b6d40,p5head_ex,1,335357.93735616974
0.5,0.5,False,0.0,0.06576849489795919,True,0.37527901785714285,0.3796969696969697,4,a37a99cb-7e48-48e4-a7f9-7740ba109954,p5head_ex,1,335357.93735616974
0.880483501425465,0.9524628508530545,True,0.30668964827975764,0.17867107780612246,False,0.353515625,0.762520914668154,4,a4146511-3e5e-4663-a79a-d0b578aca940,p5head_ex,2,335357.93735616974
0.755067714753822,0.5222319789914396,True,0.5240146778737431,0.4065688775510204,False,0.4020448022959184,0.7642156862745098,4,a445fa0d-51c8-4e5f-aac8-7f2e551c67c3,p5head_ex,2,335357.93735616974
0.7445189542686614,0.7601015570744135,True,0.31562625613667944,0.17006138392857142,False,0.3303172831632653,0.8973397398335873,4,a4c04a83-5178-41c3-b300-be73b521947c,p5head_ex,2,335357.93735616974
0.9048013513800084,0.8674553060621762,True,0.2625585526608475,0.10072544642857142,False,0.3254942602040816,0.9857538583300356,4,a4e7b487-c516-4e48-a31e-8b21e0a18117,p5head_ex,2,335357.93735616974
0.910572999066975,0.8719608641758895,True,0.15453077729532214,0.053810586734693876,False,0.3761360012755102,0.9892592592592593,4,a4ee6346-dfcc-46f8-9d8e-69665a8083c5,p5head_ex,1,335357.93735616974
0.5468967872250661,0.3233638147511712,False,0.19038875484641785,0.19770408163265307,False,0.4239078443877551,0.8890120967741936,4,a5fb7e34-07b2-4534-8f9f-3fb289ed8d26,p5head_ex,1,335357.93735616974
0.8051756876176028,0.5848639650507029,True,0.3828866748195686,0.2516541772959184,False,0.3438297193877551,0.9553338085055832,4,a66d3ed0-cbef-4cbd-9748-12f48a463f73,p5head_ex,2,335357.93735616974
0.8671091622569113,0.9270511444998215,True,0.3766684511508786,0.15449617346938777,False,0.4103954081632653,0.8632610939112487,4,a69636c7-d292-4e42-9114-a5a1c1158086,p5head_ex,1,335357.93735616974
0.6098776371637246,0.5623242218366988,False,0.07230899183932085,0.05357142857142857,False,0.2977917729591837,0.2942708333333333,4,a6b8e55c-5e2a-4ee3-8731-479985e068f0,p5head_ex,1,335357.93735616974
0.9373175295181095,0.9253308064499053,True,0.3915686100832561,0.20503826530612246,False,0.35255899234693877,0.7008164852255054,4,a7a4389b-29dd-409d-82b7-edf2633032a8,p5head_ex,2,335357.93735616974
0.9852259536238817,0.9656782708063779,True,0.14477446991514253,0.0496452487244898,False,0.45192920918367346,0.9971898835808912,4,a7adf94f-aac5-4d65-a860-1b54596bcb51,p5head_ex,1,335357.93735616974
0.9832084722819119,0.9875169872902986,True,0.2029499803189008,0.05963010204081633,False,0.3611686862244898,0.9057486631016043,4,a7bbb7d4-3dab-4510-81b6-d79020126058,p5head_ex,1,335357.93735616974
0.8422681247119783,0.6803248782579221,False,0.1767072659915401,0.10455197704081633,False,0.412109375,0.9973313000381243,4,a7caec7a-dd5a-48af-ab0e-817aa2617b9f,p5head_ex,1,335357.93735616974
0.9690484039871233,0.9974147965359903,True,0.2791890788171811,0.10634566326530612,False,0.2762077487244898,0.5847076461769115,4,a7e875c8-2f8e-4eb1-bb43-5a5f7d206ba9,p5head_ex,1,335357.93735616974
0.7675950577332022,0.7598352181814328,True,0.2668545904659884,0.16420200892857142,False,0.3098692602040816,0.9200145648743779,4,a8521ca7-b65f-42e9-83e2-f3dddf811eb3,p5head_ex,2,335357.93735616974
0.9038903075419481,0.8468636373809987,True,0.2718713939549995,0.12585698341836735,False,0.31831951530612246,0.9797307996832938,4,a867e456-d903-4beb-ab77-dff28e2ddfc2,p5head_ex,2,335357.93735616974
0.7305787307018614,0.6110700687243791,True,0.27586126001425,0.16717155612244897,False,0.3662109375,0.9507629947544111,4,a87fca97-b625-46c0-a9af-9456c03aaaaf,p5head_ex,2,335357.93735616974
0.7775592899411133,0.6457201080210833,True,0.47372194343177954,0.2578922193877551,False,0.2863719706632653,0.8035548686244204,4,a887251c-8046-4ff2-b5e5-9ef155ef94a7,p5head_ex,2,335357.93735616974
0.4249397105605408,0.4496731130414492,False,0.002862294934563512,0.08290816326530612,False,0.37045599489795916,0.9795673076923077,4,a88b1cbc-3ab1-4cbc-b0b6-386e90185260,p5head_ex,1,335357.93735616974
0.9674363015579747,0.9305680714492507,False,0.2557704474283815,0.07573341836734694,False,0.2874083227040816,0.8757894736842106,4,a8cb813b-9d3a-46ff-8003-053271cdcc9a,p5head_ex,1,335357.93735616974
0.8970759596704782,0.8025363388496504,True,0.31513847873841655,0.13887117346938777,False,0.2324816645408163,0.8514638346727899,4,a9cfed74-19bf-454f-b3a2-32c455a97cc8,p5head_ex,2,335357.93735616974
0.8933875296279989,0.9976777466091222,False,0.16028925278241604,0.04771205357142857,False,0.32192681760204084,0.43316624895572264,4,aa1b6c09-41c6-4782-8572-c9986505cbfb,p5head_ex,1,335357.93735616974
0.8978894271363971,0.9421572156429675,True,0.49731857507561045,0.21155532525510204,False,0.4004504145408163,0.7513895430993877,4,aa542085-6557-457e-b897-43591ce22108,p5head_ex,2,335357.93735616974
0.9599790590085523,0.9446194884885157,True,0.4254175859148904,0.12715242346938777,False,0.32192681760204084,0.9446708463949843,4,aa62706c-0083-4418-ad03-72beaf1b2446,p5head_ex,1,335357.93735616974
0.7394360353572063,0.7275417689748239,True,0.42539615838166833,0.28989955357142855,False,0.3343032525510204,0.7971951051835556,4,aa85ecc1-f7ae-4a76-ad20-aa660f99c186,p5head_ex,2,335357.93735616974
0.8493945746159353,0.8856604456236621,True,0.3858119340841272,0.24055325255102042,False,0.24208785076530612,0.6830985915492958,4,aa9d099a-3a55-4fc8-81c5-9963bd04e9f7,p5head_ex,2,335357.93735616974
0.9655219832974729,0.9521473274087973,False,0.058882077426715806,0.02170360331632653,False,0.16462053571428573,1.0,4,aaa04d93-39da-47c1-8736-a1a2c85114af,p5head_ex,1,335357.93735616974
0.6811898208695518,0.6106067835883567,True,0.38051274951348124,0.22492825255102042,False,0.4212173150510204,0.8827751196172249,4,aaf35f7b-67a4-472b-85f1-fd87bdf13080,p5head_ex,2,335357.93735616974
0.9722601856837765,0.9657140826293931,False,0.1357606660400964,0.038564253826530615,False,0.3051857461734694,1.0,4,aafda091-8953-40c4-802e-853a206e50d2,p5head_ex,1,335357.93735616974
0.8767998331638747,0.7510409070520684,True,0.5005251405002559,0.28138950892857145,False,0.3155094068877551,0.8118138678376655,4,aafecca2-fefc-48e6-be48-a34488e06cbb,p5head_ex,2,335357.93735616974
0.9504413702947789,0.9353328679796654,True,0.2752819287995382,0.11094945790816327,False,0.2724011479591837,0.741692114244656,4,ab1131b2-d179-4087-b32b-463a3e615ba6,p5head_ex,2,335357.93735616974
0.6044829232760185,0.5306371978896226,True,0.16172773934773313,0.10809948979591837,False,0.29374601403061223,0.717551622418879,4,ab166102-1b92-4bf4-88c6-eaa40cf0a56a,p5head_ex,2,335357.93735616974
0.945038501547197,0.9436140814130229,False,0.15973088385340245,0.035076530612244895,False,0.2940648915816326,0.9829545454545454,4,ab335009-3c56-4dc0-8280-77dee7889d5d,p5head_ex,1,335357.93735616974
0.8458661506819807,0.7891683148241314,False,0.21449168707941796,0.1161312181122449,False,0.4265983737244898,0.9922773296722156,4,ab6c8c45-7aad-43f3-9b5c-49cfad1dc0f6,p5head_ex,2,335357.93735616974
0.8806096834323396,0.8665873820270239,True,0.19694308697870866,0.09444754464285714,False,0.2758091517857143,0.8404726735598228,4,ab708945-6f3a-4652-85df-4f02d6079a75,p5head_ex,2,335357.93735616974
0.32155476028861507,0.24199834491233982,False,0.013230122959584844,0.037587691326530615,False,0.35746173469387754,1.0,4,ab71b558-cd1c-4ca8-b06e-05b4f3f48525,p5head_ex,1,335357.93735616974
0.7603160576017225,0.7775402658620961,True,0.3072978028170921,0.18044483418367346,False,0.3781887755102041,0.7673956262425448,4,ab81d5c0-1fba-49e5-93a8-fd4caee5f33c,p5head_ex,2,335357.93735616974
0.7668235009351828,0.6765449794011447,True,0.20194014393635495,0.09996811224489796,False,0.3447265625,0.9918261562998405,4,ab83b236-6625-4c80-80b7-00a00a71c9d9,p5head_ex,2,335357.93735616974
0.9518231747008042,0.9878383176449529,True,0.20947347198049385,0.06337691326530612,False,0.4178491709183674,0.810062893081761,4,ab93d6fb-751b-4eb9-a022-9affc62846ed,p5head_ex,1,335357.93735616974
0.6616150898061631,0.7340302210318692,True,0.20480767905894512,0.08087531887755102,False,0.3703762755102041,0.8472153770330212,4,abb1c618-d1e0-4948-98e9-99703b57043c,p5head_ex,2,335357.93735616974
0.8169589959114845,0.8111875935225342,False,0.14608054322568553,0.06923628826530612,False,0.36563297193877553,0.970063327576281,4,abfa6fc6-e696-4d79-890c-aa14ce01ea2f,p5head_ex,2,335357.93735616974
0.9312540901077236,0.7455733146208583,True,0.16952869395440984,0.0694156568877551,False,0.17482461734693877,0.8486936548952053,4,abff4044-3c0a-458f-b0c7-04254be7fc0c,p5head_ex,2,335357.93735616974
0.8685823144355982,0.8056383561392805,True,0.23341206869520612,0.11591198979591837,False,0.38612085459183676,0.952028885832187,4,ac0fa091-cdb3-4e17-a8bd-58545c3e0106,p5head_ex,2,335357.93735616974
0.5,0.5,False,0.0,0.016043526785714284,True,0.3454639668367347,0.9950310559006211,4,ac10f43e-03b8-43d2-bcae-6fe000542397,p5head_ex,1,335357.93735616974
0.801506316783071,0.6775611337581193,True,0.39092778020592284,0.2306281887755102,False,0.30430883290816324,0.8885240235050121,4,ac18858f-cb0a-4d54-89a0-25a8c2bc0980,p5head_ex,2,335357.93735616974
0.3615067429043688,0.4143831728000559,False,0.026800936231104047,0.07525510204081633,False,0.29310825892857145,0.7833686440677966,4,ac26a72d-2ac4-4e08-8761-7d48b67d0726,p5head_ex,2,335357.93735616974
0.774493861211458,0.7490212038608834,False,0.24998704567420074,0.11902104591836735,False,0.2477080676020408,0.796383121232418,4,ac68e9cc-42b3-489a-8ee8-fbb28188c73d,p5head_ex,2,335357.93735616974
0.3469152095018146,0.41318812158565627,False,0.0,0.033482142857142856,False,0.3180404974489796,1.0,4,ac69ac97-4835-40b9-a4a7-442626dd28e9,p5head_ex,1,335357.93735616974
0.6449399514906332,0.7953156495968821,False,0.048187124015190624,0.04998405612244898,False,0.13466597576530612,0.8476874003189793,4,ac6b782f-206e-4cd2-8002-427c2843f90b,p5head_ex,2,335357.93735616974
0.3080518171660581,0.3302883837683251,False,0.00011055601078272572,0.0751155931122449,False,0.22108179209183673,0.7118599097903954,4,ac70e5ac-f93d-4fbf-a8d8-6db501f56cc2,p5head_ex,2,335357.93735616974
0.6351986228805654,0.6874935630942881,True,0.44398530163386596,0.35927535076530615,False,0.38221460459183676,0.8422366450324513,4,ac9106d5-8cbc-46b0-b27e-8c998b04ef51,p5head_ex,2,335357.93735616974
0.6901953412211279,0.5796524898825387,True,0.33228888938240747,0.24364237882653061,False,0.23044882015306123,0.7198364008179959,4,acb42b54-806b-4770-87c0-8dbe0b064192,p5head_ex,2,335357.93735616974
0.8491083341513181,0.7922975807187331,True,0.2090790640495199,0.08201132015306123,False,0.27479272959183676,0.4247873633049818,4,ad35c3e6-87b5-4114-b057-c223431c49f0,p5head_ex,2,335357.93735616974
0.8387596605540787,0.7205510391557416,True,0.32198796617846126,0.1714764030612245,False,0.25625797193877553,0.8601813110181311,4,ad445bea-e0e4-429f-97ab-11271727984e,p5head_ex,2,335357.93735616974
0.46060407091267236,0.5,False,0.0,0.028698979591836735,False,0.2563974808673469,0.6819444444444445,4,ad463d4a-996c-4f96-90ad-1bb3594e5a90,p5head_ex,1,335357.93735616974
0.9623275399567593,0.9785464741896698,True,0.22063398177210353,0.07210618622448979,False,0.29795121173469385,0.9563294637921503,4,ad5a2700-3388-499a-8584-d811cacac4ac,p5head_ex,1,335357.93735616974
0.41433289916147803,0.5055139083011392,False,0.028956032615917986,0.21611926020408162,False,0.3549904336734694,0.7542419771302102,4,adecfdaa-795c-4d5e-8318-7f02f00b9894,p5head_ex,2,335357.93735616974
0.8203480131828487,0.6453147741162626,True,0.6838022146667534,0.44724569515306123,False,0.41579639668367346,0.8126197584777862,4,ae00e0cf-f575-44ce-8188-a611b464eb38,p5head_ex,2,335357.93735616974
0.7557276641409378,0.6273025996161542,True,0.30453058063826294,0.2018096301020408,False,0.3260124362244898,0.9156626506024096,4,ae1faebd-b5e2-4f43-93bb-9f3011e237a8,p5head_ex,2,335357.93735616974
0.9743171272837396,0.9914635123185217,True,0.21027128129120642,0.06819993622448979,False,0.3169642857142857,0.5809468147282291,4,ae5d10d8-1ed8-456f-886b-8689db2a0ee8,p5head_ex,1,335357.93735616974
0.8868065967016492,0.7366468524100057,True,0.21770507430074273,0.10935507015306123,False,0.31002869897959184,1.0,4,ae6a227c-27d7-48f1-b424-ba091d4c1c08,p5head_ex,2,335357.93735616974
0.9092757852182896,0.9043314486612318,True,0.17565548329314387,0.08250956632653061,False,0.3149513711734694,0.9693236714975846,4,ae6db66f-c029-41c5-aeea-a936884d577d,p5head_ex,1,335357.93735616974
0.46034368803701253,0.49908587406570953,False,0.0,0.035076530612244895,False,0.4057118941326531,1.0,4,ae794223-db3f-4b8d-a307-a5cb1ac5eb57,p5head_ex,1,335357.93735616974
0.9321204820336987,0.885214652237597,True,0.2857707200348584,0.12545838647959184,False,0.2382015306122449,0.8400317712470214,4,ae8452fb-7e67-467b-9202-24dd2cd71610,p5head_ex,2,335357.93735616974
0.8682159473132833,0.9242147907879189,True,0.6914418877712132,0.46934789540816324,False,0.3256935586734694,0.6464543524416135,4,aeb2a32c-595a-44c2-b827-c6ce0f6ff4f3,p5head_ex,2,335357.93735616974
0.982506165900016,0.9698350764279968,True,0.13311332826138825,0.03946109693877551,False,0.45609454719387754,1.0,4,aec5b2e5-ceff-4e21-a089-19efcd0c3d45,p5head_ex,1,335357.93735616974
0.9722166477965416,0.917984969887143,True,0.16781633423103307,0.05526546556122449,False,0.3151307397959184,1.0,4,af0a996a-d4a0-44c7-b316-72176ea9838b,p5head_ex,1,335357.93735616974
0.862347652827719,0.8991727798816826,False,0.20200838666972767,0.06461256377551021,False,0.367366868622449,0.8559531153608884,4,af15d432-68fc-4a2f-b456-a0366722799f,p5head_ex,2,335357.93735616974
0.6997638448721384,0.5848415821294782,False,0.16993329963873488,0.09205596301020408,False,0.3158482142857143,0.9826802338168434,4,af169d21-1c39-445e-82d8-5035182a3a8c,p5head_ex,2,335357.93735616974
0.5422795327689285,0.5822971611432098,False,0.05897906747485439,0.10614636479591837,False,0.23130580357142858,0.9003004130679685,4,af1d13fe-4442-418a-ab7d-01983275a99a,p5head_ex,2,335357.93735616974
0.32596522441016007,0.4644527697810861,False,7.290261069682717e-06,0.04350685586734694,False,0.36525430484693877,1.0,4,af2cd4c9-097a-464f-8956-3e1a977696af,p5head_ex,1,335357.93735616974
0.8430687804499063,0.9388950316754405,False,0.25184657516105385,0.11676897321428571,False,0.40758529974489793,0.7236729817374978,4,af31012f-209d-41cf-a2f4-4ef1105067c9,p5head_ex,2,335357.93735616974
0.9670357299733474,0.9474359783785259,False,0.13397513510026435,0.04241071428571429,False,0.4848134566326531,0.9854323308270677,4,af335d18-feec-4942-9831-3e25ca20e7e3,p5head_ex,1,335357.93735616974
0.6574428901873994,0.5376159526363118,True,0.26991464997405623,0.20326450892857142,False,0.39584661989795916,0.974017060496127,4,afa1bff5-3158-4bd5-bfe4-e85bcd3577d7,p5head_ex,2,335357.93735616974
0.9626955477826327,0.9553751849485875,True,0.24462848567245904,0.08131377551020408,False,0.4373405612244898,1.0,4,afa95e84-6a86-4203-ad3c-f3adb8aaaa03,p5head_ex,1,335357.93735616974
0.8632376088156933,0.889478651293198,False,0.12873526695281357,0.05488679846938776,False,0.330875318877551,1.0,4,afb20c9c-a4bf-4a02-99ea-50d134dadb6b,p5head_ex,1,335357.93735616974
0.8121259810696578,0.6367549464912453,True,0.13797659709443952,0.05903220663265306,False,0.28318319515306123,1.0,4,afbe84b7-428f-45d7-8d51-8b54a7547c98,p5head_ex,2,335357.93735616974
0.6075931717674297,0.59457927126488,False,0.1725202321006616,0.08549904336734694,False,0.4584462691326531,0.9321678321678322,4,b0047aab-84f1-44b7-b485-37df40388101,p5head_ex,2,335357.93735616974
0.7060408313104644,0.6982950921006547,True,0.5053654796451569,0.3534359056122449,False,0.3305564413265306,0.7883162287132063,4,b01c73b4-b417-4f83-8996-6448caa89c0e,p5head_ex,2,335357.93735616974
0.7452970879994261,0.7401894909931742,True,0.2518900406146064,0.12521922831632654,False,0.37075494260204084,0.9035492599076874,4,b021293c-4dd0-450c-b1a4-2d72cedab0a2,p5head_ex,2,335357.93735616974
0.7925754935451317,0.7166735818679008,True,0.2791380521822869,0.13249362244897958,False,0.38131776147959184,0.7982851985559567,4,b039548f-9627-4701-951b-ae89efd3789f,p5head_ex,2,335357.93735616974
0.39410722290029776,0.3905577945241224,False,0.011942663981452582,0.04370615433673469,False,0.5402184311224489,0.9936160510715915,4,b03a2f26-e8af-43ab-970f-d35b2614e268,p5head_ex,1,335357.93735616974
0.45827900912646674,0.4068942045896538,False,0.0,0.021683673469387755,False,0.2266422193877551,1.0,4,b07fc720-9696-4dbb-af78-013c1464b916,p5head_ex,1,335357.93735616974
0.7428738076077755,0.7497704230881876,True,0.35244309365466264,0.19842155612244897,False,0.3363560267857143,0.8338690237042989,4,b0c6e2ba-ceaa-4eb9-b241-7c387f8df4ef,p5head_ex,2,335357.93735616974
0.7997027144402779,0.804394593214469,True,0.14634115770099926,0.057696906887755105,False,0.24645248724489796,0.7678756476683938,4,b0e900dd-5c9c-4764-a429-3f18f056b4a1,p5head_ex,2,335357.93735616974
0.8559713601491609,0.8458363586239616,True,0.383458688841228,0.1525829081632653,False,0.41908482142857145,0.9456635318704284,4,b1046f7e-c90f-4043-a678-087754decbd9,p5head_ex,2,335357.93735616974
0.6948250420080502,0.7042609487354438,False,0.08053421929859277,0.047771843112244895,False,0.33557876275510207,0.7793074676679183,4,b12ab5b1-c824-4776-b859-df3ee1817269,p5head_ex,1,335357.93735616974
0.7744172749454653,0.7835651642782372,True,0.33435447093604376,0.21153539540816327,False,0.5152463329081632,0.9236856981345393,4,b134ec86-1a70-49fa-89cc-b43686c73d0f,p5head_ex,2,335357.93735616974
0.845916331963077,0.8514100651143897,True,0.25025626973853604,0.11926020408163265,False,0.23060825892857142,0.7498328877005348,4,b163a08c-8dba-409a-b2d6-e30047625970,p5head_ex,2,335357.93735616974
0.8811207014265544,0.9068028287298683,True,0.5179151260159308,0.1583625637755102,False,0.31702407525510207,0.7630254215957715,4,b165b941-4ec6-4f1b-9f03-2e908de24266,p5head_ex,2,335357.93735616974
0.4191771056115694,0.4717739189649302,False,0.0,0.021544164540816327,False,0.3142139668367347,1.0,4,b18a2d86-3e3a-43ec-b9f6-0fd249bc1a0d,p5head_ex,1,335357.93735616974
0.7849605264902519,0.8583760477817693,False,0.049367415603722736,0.024852519132653062,False,0.28372130102040816,0.7249398556535686,4,b1aeb5fe-529c-456b-905d-e7c0f37b072c,p5head_ex,1,335357.93735616974
0.831102513203505,0.7958864478445945,True,0.23270657858259297,0.08605707908163265,False,0.2893614477040816,0.9309865678554886,4,b1c607c2-6651-4bfa-8a6c-ba85c349927a,p5head_ex,2,335357.93735616974
0.4576283592755279,0.2894979433838586,False,0.033924512002813025,0.0470344387755102,False,0.2974131058673469,0.9796610169491525,4,b1d07564-9432-4844-b8f7-0b968e3b9683,p5head_ex,1,335357.93735616974
0.7284243503826174,0.6173937118352524,True,0.32532213985869,0.18566645408163265,False,0.23036910076530612,0.8796693860025762,4,b1ee3437-1d7a-4a85-a406-f2f7bca754dc,p5head_ex,2,335357.93735616974
0.36575635436374104,0.42544688664470487,False,0.0,0.03085140306122449,False,0.3964245854591837,0.8875968992248062,4,b20f3c7f-0af4-4a22-901a-32584fbeea28,p5head_ex,1,335357.93735616974
0.3611182027061527,0.3345929673989624,False,0.0,0.06321747448979592,False,0.3706154336734694,0.9404161412358134,4,b21e0de5-4fee-4584-9ee1-31af96400c21,p5head_ex,1,335357.93735616974
0.7877854813982905,0.8229157322074392,False,0.14064556501110384,0.05173788265306122,False,0.2510562818877551,0.886748844375963,4,b24c6410-39a2-467f-9994-c933af83d198,p5head_ex,2,335357.93735616974
0.8429375081123329,0.7693549694377985,True,0.12386894427536128,0.05074139030612245,False,0.2110969387755102,0.9874312647289867,4,b26151b2-5f68-4af1-9730-4d608dfde81a,p5head_ex,2,335357.93735616974
0.894734280052969,0.7411844954777064,True,0.2613672731474577,0.13683832908163265,False,0.2561782525510204,0.7920186425866589,4,b2651591-53ae-450f-ae37-2220cf6108e7,p5head_ex,2,335357.93735616974
0.37326732673267327,0.4697463768115942,False,0.0,0.03380102040816327,False,0.3638392857142857,1.0,4,b2b15756-fb84-41d3-b8c5-18b425ef54bd,p5head_ex,1,335357.93735616974
0.4678923054411672,0.46541421457673154,False,0.0,0.046576052295918366,False,0.4868263711734694,1.0,4,b2ea9c20-0653-4f5b-91ae-d91d7ff91339,p5head_ex,1,335357.93735616974
0.9634987763551871,0.9794906014438814,True,0.3126918116006847,0.08440290178571429,False,0.4061902104591837,0.9473435655253837,4,b2ed5727-8a0e-485c-9db3-4d2e53fd35e6,p5head_ex,1,335357.93735616974
0.40447365147808784,0.44566430020283976,False,0.0,0.03862404336734694,False,0.4306640625,0.9747162022703818,4,b2ee7b2c-80fe-4d55-bc64-807b839690aa,p5head_ex,1,335357.93735616974
0.8677474551951175,0.8517449684772066,True,0.23191599803026858,0.09311224489795919,False,0.606804049744898,1.0,4,b2f2c4ee-cb07-48f7-a663-f6e04ee95c2d,p5head_ex,2,335357.93735616974
0.21050131297550892,0.2842103812772672,False,9.644766953450441e-06,0.08356584821428571,False,0.28089126275510207,0.7512520868113522,4,b309f00c-57a1-4926-ba6d-1ce13a673cf9,p5head_ex,2,335357.93735616974
0.7073214321373731,0.7528703412699088,True,0.40532633732653717,0.3041294642857143,False,0.4931640625,0.9744429882044561,4,b34524bc-e812-4067-a0e8-bd7185bfb814,p5head_ex,2,335357.93735616974
0.6148568986040166,0.9079162399295476,False,0.029509461155333504,0.02889827806122449,False,0.33557876275510207,0.4917241379310345,4,b35f52b3-12fc-4d72-a2e8-883d27d1303a,p5head_ex,1,335357.93735616974
0.7744394477464606,0.740654530736085,False,0.3334382899485604,0.2340361926020408,False,0.3208107461734694,0.8595759175679129,4,b3cb6b71-3e7b-4287-a4e1-49a443d31215,p5head_ex,2,335357.93735616974
0.9909085334431232,0.9755166958556242,True,0.1712536132707815,0.055006377551020405,False,0.27268016581632654,0.9601449275362319,4,b415c445-79c8-485e-9612-cc12b2772bfc,p5head_ex,1,335357.93735616974
0.8588164085242258,0.6643389147460947,True,0.21524313148526816,0.07794563137755102,False,0.28029336734693877,0.9268729225262081,4,b42eaeb8-b6d3-41d7-836c-56fd0922abf6,p5head_ex,3,335357.93735616974
0.8494507278909085,0.7479128468978642,True,0.3112240715639351,0.1798469387755102,False,0.31162308673469385,0.9410460992907801,4,b44b65e1-7382-4aa6-8d87-fe6d7b4f1a17,p5head_ex,2,335357.93735616974
0.5430503055954435,0.5752679368746815,False,0.18047273729604532,0.16374362244897958,False,0.31198182397959184,0.8546738072054528,4,b44bd070-da9f-479d-8546-9497dfc15762,p5head_ex,2,335357.93735616974
0.8463275945020197,0.6897939487806525,True,0.3461267960360771,0.18977200255102042,False,0.28479751275510207,0.958517118252468,4,b4747fef-5911-464e-9854-a54718d81867,p5head_ex,2,335357.93735616974
0.8003807194382999,0.9762593235078937,False,0.08318219537677485,0.037587691326530615,False,0.21123644770408162,0.6097560975609756,4,b47d39df-6c53-4b24-8f63-6577deb5e798,p5head_ex,1,335357.93735616974
0.988731398150154,0.9818790864790796,True,0.13703337592557235,0.03930165816326531,False,0.34384964923469385,1.0,4,b501b40d-18bf-4b25-a0a4-f93634162375,p5head_ex,1,335357.93735616974
0.5026366785297152,0.5273565752265362,False,0.09997005838883632,0.18672273596938777,False,0.34159757653061223,0.8207919735297257,4,b5046b7c-f721-4c19-b3ae-51f095f36fe6,p5head_ex,2,335357.93735616974
0.8301703097246779,0.8354104173557005,True,0.42800504238449427,0.25729432397959184,False,0.4121890943877551,0.8658404337722696,4,b50d8c2a-f6aa-407a-9df9-2a52cc027f45,p5head_ex,2,335357.93735616974
0.8067386533831955,0.8601485452390855,False,0.09297012083440521,0.04175302933673469,False,0.21165497448979592,0.3183770883054893,4,b551156f-a0e0-4895-9bd5-c4e6307f077a,p5head_ex,2,335357.93735616974
0.7096709709258007,0.8020002770757927,True,0.4594862273752969,0.3422353316326531,False,0.34151785714285715,0.7871535057069649,4,b55db584-960a-4816-ba8b-b7fb493455ac,p5head_ex,2,335357.93735616974
0.9765292874753461,0.9463600803800607,True,0.11464353958541913,0.017159598214285716,False,0.30375079719387754,1.0,4,b55ffbb0-1345-41e9-91be-e9803c438b0a,p5head_ex,1,335357.93735616974
0.931066596552397,0.9046449894060475,True,0.2518977911467201,0.11535395408163265,False,0.38462611607142855,0.8448514167242571,4,b56e253f-df19-4485-928b-d3b3f66d6c47,p5head_ex,2,335357.93735616974
0.6734361793030184,0.7071348021556918,False,0.2602754965546414,0.13701769770408162,False,0.2559789540816326,0.5918545454545454,4,b5714c0f-6d0f-4c56-833f-8b83f19e982a,p5head_ex,2,335357.93735616974
0.777850748305126,0.8236978114465237,True,0.6296657453697857,0.4417251275510204,False,0.4200813137755102,0.7507218913553511,4,b5a341f2-7bb7-4e29-acad-55c7de8e5fee,p5head_ex,2,335357.93735616974
0.7782143814229665,0.792420352558264,True,0.4377268293958891,0.2645687181122449,False,0.4580078125,0.8715630885122411,4,b5ea0a2e-1122-4183-931c-8027caf1eb8d,p5head_ex,2,335357.93735616974
0.3362307067424858,0.43367925090952464,False,0.0,0.01865433673469388,False,0.35281808035714285,1.0,4,b6138fc8-c652-4b7f-978d-895d10b0a0ea,p5head_ex,1,335357.93735616974
0.5834485748345888,0.7267665816692597,False,0.20701837899627645,0.1983219068877551,False,0.32304288903061223,0.9255351220982816,4,b6251813-a489-4cf8-b9ae-ca95fcfccb4f,p5head_ex,2,335357.93735616974
0.7867828389859658,0.7376491065661881,True,0.26517129376972237,0.12601642219387754,False,0.3409000318877551,0.8774315989245611,4,b6468969-2e9b-4a36-aaa0-2c77b205105e,p5head_ex,2,335357.93735616974
0.888084174751626,0.810580225280556,True,0.19809492472486834,0.09701849489795919,False,0.19206393494897958,0.8880443714050945,4,b6532f98-e875-4a51-a39f-b8e273e4bb10,p5head_ex,2,335357.93735616974
0.6682946014456779,0.8412407781041764,True,0.5523698774660554,0.4293686224489796,False,0.2992665816326531,0.584478277014482,4,b68055e9-64be-476d-9cf8-e06a8cb10a7d,p5head_ex,2,335357.93735616974
0.4050784613449687,0.5341008612975809,False,0.0071730357164980765,0.04922672193877551,False,0.40585140306122447,0.9995951417004049,4,b697ecb0-3185-4ea6-a460-c5357b452e7a,p5head_ex,1,335357.93735616974
0.427662424648359,0.5,False,0.0,0.04783163265306122,False,0.3416772959183674,1.0,4,b6cb8151-4575-461c-a342-335d9c413359,p5head_ex,1,335357.93735616974
0.384600062899675,0.4536128790715088,False,0.0,0.04944595025510204,False,0.3125597895408163,0.9383313180169287,4,b6db3041-1554-43ef-baca-58733b6717d6,p5head_ex,2,335357.93735616974
0.5987983733701204,0.43018126438895204,True,0.18656245623508896,0.1514269770408163,False,0.3557876275510204,0.8507501974203738,4,b6e35e80-7b64-4134-9760-94295ecd4ce3,p5head_ex,1,335357.93735616974
0.7918819901252211,0.902409642167775,True,0.45029960664042573,0.25566007653061223,False,0.43867586096938777,0.8814312441534145,4,b6f02ca4-bbfe-4728-a2a3-74ec9c55b281,p5head_ex,2,335357.93735616974
0.7593891552518791,0.740395644353495,True,0.4982216600479765,0.3673070790816326,False,0.5059988839285714,0.9341291372761802,4,b6f979aa-64e3-4211-a69d-fbe8151f6ac4,p5head_ex,2,335357.93735616974
0.7874769657402005,0.8240806872493514,True,0.2923130501619879,0.15654894770408162,False,0.3864198022959184,0.9242520687460216,4,b6fd85af-1619-498c-b118-4c1191dad257,p5head_ex,2,335357.93735616974
0.39019607843137255,0.45809622348680806,False,0.0,0.02423469387755102,False,0.37095424107142855,1.0,4,b70a7d7e-3e11-4a74-998f-67eabfa438df,p5head_ex,1,335357.93735616974
0.7226225038710467,0.8038003536917074,False,0.15441905588248253,0.07756696428571429,False,0.2323620854591837,0.8358170606372045,4,b76341f1-7b72-4c86-aed2-9967a0b3c729,p5head_ex,2,335357.93735616974
0.8887623980934879,0.9021841872696972,True,0.17008873565208946,0.0830078125,False,0.38105867346938777,0.7373349339735894,4,b79d126e-d469-4dc1-82e8-b3167e6b52d3,p5head_ex,2,335357.93735616974
0.6447127541597134,0.6509940210056506,True,0.3482692214113071,0.06279894770408163,False,0.35022720025510207,0.97429387496033,4,b7de17b0-c8a4-4d97-bc40-a13387bea4ef,p5head_ex,2,335357.93735616974
0.8184330216543638,0.7768836414562464,True,0.5784157642242128,0.35592713647959184,False,0.36314174107142855,0.7478022285682289,4,b7ed99ca-6446-40fc-8b0d-3635bbd66493,p5head_ex,2,335357.93735616974
0.515768961576661,0.2546014513676349,False,0.025419223526217793,0.03138950892857143,False,0.3765146683673469,1.0,4,b812234b-987c-47d8-860d-04fb4bd811bf,p5head_ex,1,335357.93735616974
0.70995465770552,0.6891699229981816,True,0.3107679628750226,0.19282126913265307,False,0.3072983099489796,0.8459948320413436,4,b81ba5b1-ad7c-4217-9467-0f1fbc0a9fd4,p5head_ex,2,335357.93735616974
0.7899929748401725,0.8006103845248547,True,0.20881604978757345,0.10851801658163265,False,0.30147879464285715,0.9206611570247933,4,b829950f-6e68-4f84-9d7c-65a0aa3d0cab,p5head_ex,2,335357.93735616974
0.8409408901431688,0.7848082116500104,True,0.2583855351289563,0.11330117984693877,False,0.28810586734693877,0.7746701846965699,4,b82c9155-f643-4853-abe6-ea3420ab1d02,p5head_ex,2,335357.93735616974
0.7557839514821973,0.7616402929090417,True,0.19128283684733333,0.10295758928571429,False,0.4593032525510204,0.9084397986837012,4,b8328cd5-8b9d-4834-aa79-053be9640655,p5head_ex,2,335357.93735616974
0.9872276189613428,0.96636186902826,True,0.22640046339089684,0.04350685586734694,False,0.40304129464285715,1.0,4,b8397df9-1bd5-4961-b756-978ff4aed6cf,p5head_ex,1,335357.93735616974
0.7264936502787926,0.5581094847727912,True,0.31447289124243344,0.18674266581632654,False,0.26333306760204084,0.8568836712913553,4,b84112a1-ffcd-4897-baa1-652f4e460287,p5head_ex,2,335357.93735616974
0.6416757974670865,0.562776902434024,False,0.1852625366099759,0.13458625637755103,False,0.2786391900510204,0.9957056123204502,4,b84cd9ad-7357-47f3-910e-626667c183e5,p5head_ex,2,335357.93735616974
0.3172503569328966,0.35221421215242016,False,0.0,0.05078125,False,0.28300382653061223,1.0,4,b852140e-62d4-4ddb-b344-bc694bf9f167,p5head_ex,1,335357.93735616974
0.9647583854115809,0.9287488710778039,False,0.15628996235957482,0.06696428571428571,False,0.3761360012755102,0.8538690476190476,4,b8a633b3-b2fa-4e17-be54-faf0aba4c903,p5head_ex,1,335357.93735616974
0.6385704618899131,0.6630686080287277,True,0.4351672945733246,0.09966916454081633,False,0.39546795280612246,0.9084183163367326,4,b8d1e054-382a-42df-b371-596ea8886162,p5head_ex,2,335357.93735616974
0.6696962718623446,0.6995007637183674,True,0.39059537071199973,0.271484375,False,0.41848692602040816,0.875789164586698,4,b8d825e5-fcd7-491e-a45a-9b04f5433092,p5head_ex,2,335357.93735616974
0.7703235861510136,0.6522913644018609,False,0.3929009122546484,0.22482860331632654,False,0.3291613520408163,0.8487722719617056,4,b8fbe64b-f29f-4c6e-9b4e-999d69719ab8,p5head_ex,2,335357.93735616974
0.5,0.5,False,0.0,0.021524234693877552,True,0.27909757653061223,0.39537037037037037,4,b903affb-9f24-4816-9141-164181d4d3ca,p5head_ex,1,335357.93735616974
0.5927984110220293,0.5149005060499783,True,0.3175396420399853,0.265625,False,0.39688297193877553,0.9480042016806722,4,b9201f87-a5ef-49f1-b45f-4c54272bc5d6,p5head_ex,2,335357.93735616974
0.977219530893195,0.9910394507920364,True,0.21097416439940617,0.06010841836734694,False,0.2508968431122449,0.6495358090185677,4,b9356c81-3ed6-464f-b638-f71c07f1dd20,p5head_ex,1,335357.93735616974
0.419549139971926,0.49791353697212487,False,0.0,0.048728475765306124,False,0.27574936224489793,0.758282208588957,4,b95d289f-8019-4491-8f90-39a55d321c37,p5head_ex,2,335357.93735616974
0.42200843546536965,0.22930368153208378,False,0.05727576328554321,0.0774673150510204,False,0.45382254464285715,0.9997427321842037,4,b95ddea5-0c01-4b30-817a-e3daa23c723a,p5head_ex,3,335357.93735616974
0.7570360924313217,0.7301751233177652,False,0.14676030932000333,0.07987882653061225,False,0.19716597576530612,0.8488023952095808,4,b99ae612-3a2b-4575-a6cd-b00c2e27c56a,p5head_ex,2,335357.93735616974
0.7901392704543411,0.6921691527652172,False,0.24643451322148915,0.14953364158163265,False,0.21745455994897958,0.7489004398240704,4,b9a014f0-6ab0-449a-be4d-1911473dde10,p5head_ex,2,335357.93735616974
0.36277420844204106,0.6109108600624547,False,0.0022112883450354772,0.02138472576530612,False,0.24848533163265307,0.6887232059645852,4,b9a05d0d-8f3f-40db-8114-c3fd1a4792b0,p5head_ex,1,335357.93735616974
0.7266795461546931,0.6217728302954959,True,0.23120627093398216,0.12324617346938775,False,0.29209183673469385,0.8871280724450195,4,b9b46200-1045-4c7a-b790-a9f6cdd031e3,p5head_ex,2,335357.93735616974
0.59278805925927,0.46806045349803255,True,0.3684899012376972,0.2672592474489796,False,0.3960459183673469,0.9561521252796421,4,b9c3ed83-82f0-47da-9aed-aaff0034c718,p5head_ex,2,335357.93735616974
0.68100572015145,0.5696751839686758,True,0.3543144963720727,0.23455436862244897,False,0.20920360331632654,0.7602175206049792,4,b9db0f75-18af-49e4-b547-71e0d302c4aa,p5head_ex,2,335357.93735616974
0.7388093027411582,0.5799249013710477,True,0.27104027127640606,0.16611527423469388,False,0.3247767857142857,0.9744451109778044,4,ba06c828-df8c-4c6f-a869-b3ea7d1991cd,p5head_ex,2,335357.93735616974
0.44121818471467106,0.6257227950147608,False,0.012266469594019638,0.04494180484693878,False,0.1363799426020408,0.9006651884700665,4,ba221090-4382-4ccf-afc2-cda9af445aa5,p5head_ex,1,335357.93735616974
0.7135260468624041,0.7643795888887047,False,0.27011472360332833,0.14275749362244897,False,0.28007413903061223,0.8609521150355997,4,ba278d92-c5ff-44f4-b1b8-7d3454df7e54,p5head_ex,2,335357.93735616974
0.9729955318443902,0.9870645318239988,True,0.35150490493747044,0.07653061224489796,False,0.4172313456632653,0.85234375,4,ba29c8c8-c116-4b8e-b8d6-ec870ca9f9e5,p5head_ex,1,335357.93735616974
0.8989399905537565,0.8011910841697875,True,0.5219383701666263,0.3003627232142857,False,0.3288026147959184,0.8171985933249287,4,ba30f407-5639-46f3-9c02-235566daed1c,p5head_ex,2,335357.93735616974
0.8465600565971814,0.8150147719610245,True,0.5302319602006939,0.28794642857142855,False,0.3424545599489796,0.7977574750830565,4,ba6d7b39-f439-455a-878c-f04c5987d668,p5head_ex,2,335357.93735616974
0.6715813548958697,0.6757877128447544,True,0.36264109729252036,0.27487244897959184,False,0.3177016900510204,0.857453596287703,4,baac5ed4-b582-4c80-bd2d-acb97c52806e,p5head_ex,2,335357.93735616974
0.7125355177854938,0.6887596080072923,True,0.3564840076713958,0.20390226403061223,False,0.40292171556122447,0.9266933828560258,4,bac5d49a-c506-4db8-b9e6-e3bec2f8abdd,p5head_ex,2,335357.93735616974
0.9559574540763632,0.9545067411442987,True,0.3775653024462088,0.13751594387755103,False,0.5462771045918368,1.0,4,baccc2b6-a7d5-4d89-a110-932adaa6a9ba,p5head_ex,1,335357.93735616974
0.7909227612603422,0.7244663059741999,True,0.30353058438406477,0.17432637117346939,False,0.25137515943877553,0.7785526466216989,4,bb54e10c-1397-4913-ab11-7a8484e6b959,p5head_ex,2,335357.93735616974
0.42606063199332495,0.42583527108065106,False,0.0,0.06845902423469388,False,0.2173748405612245,0.7965065502183406,4,bb6697ee-46a6-47ee-8ed5-5ba295327702,p5head_ex,2,335357.93735616974
0.8562164225314854,0.8937739317292398,False,0.22977116881284904,0.10664461096938775,False,0.3978993941326531,0.8873107830312091,4,bb7973b1-58b1-4e2e-b687-144e179f0996,p5head_ex,2,335357.93735616974
0.9549095045372183,0.9061394909485851,True,0.13734016490457104,0.04571906887755102,False,0.24978077168367346,0.995640802092415,4,bb8367d7-725f-46e9-afd8-90e89043b032,p5head_ex,1,335357.93735616974
0.760281724334292,0.6010921438417953,True,0.3708684949757167,0.23003029336734693,False,0.38418765943877553,0.981978859816323,4,bb9b14e9-2345-404d-a310-1cb5b2ac80ca,p5head_ex,2,335357.93735616974
0.7891095437140888,0.8461175553871702,False,0.18147605132115255,0.08818957270408163,False,0.2658840880102041,0.7981920903954802,4,bc01023b-a656-4ee6-87fe-90382e7af127,p5head_ex,2,335357.93735616974
0.8427354166214638,0.8336411099503012,True,0.2701118032935284,0.1355030293367347,False,0.36728714923469385,0.8714516840711869,4,bc03198b-57f4-47b5-8808-114fd5cb9808,p5head_ex,2,335357.93735616974
0.6986569722518934,0.8099799681734953,True,0.5608731388324948,0.3913424744897959,False,0.6630660076530612,0.9233041352617641,4,bc0f83be-459b-41e5-a720-c2d3241ab395,p5head_ex,2,335357.93735616974
0.846580242412442,0.8903079262342019,True,0.29679363526999386,0.13123804209183673,False,0.3146125637755102,0.8845861807137434,4,bc13bee6-5b18-46e5-b0cd-ba5ac0f1790a,p5head_ex,2,335357.93735616974
0.9678903720457366,0.9781187647041305,False,0.1878230121948497,0.032525510204081634,False,0.32900191326530615,0.9705882352941176,4,bc237587-65cc-4747-8ccf-20b271c452f6,p5head_ex,1,335357.93735616974
0.9239023162600103,0.7634372920455021,False,0.26543753168034867,0.12107382015306123,False,0.2637515943877551,0.9275720164609054,4,bc4ec257-ecf8-469b-9750-c5bd190f6987,p5head_ex,2,335357.93735616974
0.7584180950092304,0.5545846715096437,False,0.05388677036022308,0.027403539540816327,False,0.25217235331632654,0.9978181818181818,4,bc4fb949-f968-4360-a856-2b506e6bf2e3,p5head_ex,1,335357.93735616974
0.7126944864481751,0.7745687873775154,True,0.44416099178430324,0.3221859056122449,False,0.31459263392857145,0.7296177161944822,4,bcccd58e-6cf0-4bd8-82c1-e51e18cd041b,p5head_ex,2,335357.93735616974
0.9885843252415767,0.9792907757757509,True,0.18401840143668316,0.04370615433673469,False,0.38382892219387754,1.0,4,bd32649e-99f1-4563-b4a4-4f4d8e547f12,p5head_ex,1,335357.93735616974
0.6364935793908578,0.6899681904781293,True,0.3003465333512743,0.24513711734693877,False,0.3159279336734694,0.8933333333333333,4,bd3e9f4d-d4dd-4550-ad5c-a48bd452a2a7,p5head_ex,2,335357.93735616974
0.5628361089666486,0.5927753129027746,True,0.28139766732126037,0.15140704719387754,False,0.4509327168367347,0.886797420034224,4,bd42c8a5-759f-4633-9559-41bd46e6ccc7,p5head_ex,2,335357.93735616974
0.8164830259692979,0.7968764745861946,True,0.36178121245011613,0.18690210459183673,False,0.35287786989795916,0.8942205161015142,4,bd5c5bfb-67de-4696-b4a9-c50ba34f0fbc,p5head_ex,2,335357.93735616974
0.4608702866252176,0.4068172710074938,False,0.015801853661786457,0.06170280612244898,False,0.4287707270408163,1.0,4,bd7b6626-82a0-4410-b96b-3109223128e1,p5head_ex,1,335357.93735616974
0.8244900389750843,0.770006261308498,True,0.5551256894607008,0.4020448022959184,False,0.40491470025510207,0.7823823923065484,4,bd94199f-bae9-4689-b509-7d427ab79c3c,p5head_ex,2,335357.93735616974
0.905812707592953,0.8045750099034966,True,0.3397956092368578,0.17568160076530612,False,0.4360849808673469,0.9993193420306296,4,bd9537e5-1460-438d-a6f5-7515205231f5,p5head_ex,2,335357.93735616974
0.8082991894521633,0.8187790570491134,True,0.39065933412337545,0.16766980229591838,False,0.25468351403061223,0.8156424581005587,4,bddd048f-116f-467e-803f-fd234c53a61f,p5head_ex,2,335357.93735616974
0.912396497806147,0.8518013250958546,True,0.19593896115425036,0.06616709183673469,False,0.39357461734693877,1.0,4,bde3783d-b2f4-41df-b7c6-69f041171416,p5head_ex,1,335357.93735616974
0.7063857769089285,0.5683652874982955,True,0.44708612248206375,0.314453125,False,0.3393654336734694,0.8371149702116871,4,be0d1645-263c-4dce-99e9-77f31d6ded61,p5head_ex,2,335357.93735616974
0.8634973170674666,0.8093055186707454,True,0.17796024351104353,0.06855867346938775,False,0.343570631377551,0.9991279069767441,4,be27131b-ca91-4ba0-bf1c-7b6f9f57b4b0,p5head_ex,1,335357.93735616974
0.8173144144997013,0.8560465104411695,False,0.397109309853917,0.21886957908163265,False,0.31236049107142855,0.7608814423602258,4,be2a8801-3cc0-4c24-a73a-a1e13ff94948,p5head_ex,2,335357.93735616974
0.659374169099654,0.6163718689435654,False,0.2912722437551434,0.22002551020408162,False,0.2909558354591837,0.8777173913043478,4,be4c4017-e382-46f5-9a6e-d98f5a81ad73,p5head_ex,2,335357.93735616974
0.8233906035696712,0.6066303062251345,True,0.3834657098373235,0.24268574617346939,False,0.32615194515306123,0.9710109222304344,4,be5d4e59-c207-4359-b7ad-a88fb593f2c7,p5head_ex,2,335357.93735616974
0.9710809498538567,0.9676978349492583,True,0.22281723676283627,0.07537468112244898,False,0.277164381377551,0.9420941300898995,4,bec77715-a15a-4725-9adc-792af4dcc1d4,p5head_ex,1,335357.93735616974
0.7594846765456685,0.7542252254374284,True,0.3493520566375322,0.23066804846938777,False,0.43325494260204084,0.9693278036979437,4,bee1ab01-cbef-4d86-96aa-41c77bffa6b3,p5head_ex,2,335357.93735616974
0.6292859894763948,0.7510230912541446,True,0.29666083856302344,0.2066924426020408,False,0.42103794642857145,0.8469771478160255,4,bef738ff-ef1f-41ce-baa7-e40009c8deab,p5head_ex,2,335357.93735616974
0.7338024833252618,0.6267816461721968,False,0.38685050532615967,0.25181361607142855,False,0.30209661989795916,0.84804115552038,4,befa7299-aa28-4487-b497-262ad6cd8f1c,p5head_ex,2,335357.93735616974
0.9834273165110762,0.9622703469977932,True,0.1259097617442278,0.0322265625,False,0.28115035076530615,0.27705627705627706,4,bf179444-ea01-417d-b78c-cf9aa42f5e5e,p5head_ex,1,335357.93735616974
0.9968536526084882,0.9964773982011175,True,0.23450308875308482,0.06796077806122448,False,0.3599131058673469,0.507624633431085,4,bf2703e3-8466-431a-85ea-15a1f6976d0f,p5head_ex,1,335357.93735616974
0.4254352844721569,0.5,False,0.0,0.07627152423469388,False,0.394710618622449,1.0,4,bf294753-f056-49b4-9aab-a486265a98bb,p5head_ex,2,335357.93735616974
0.9253536674274122,0.9008512414177431,False,0.13632093150653685,0.047353316326530615,False,0.27965561224489793,0.9797979797979798,4,bf4649af-b05d-4b63-8b6c-dfac44e5750b,p5head_ex,1,335357.93735616974
0.6917405142392071,0.6458078267274092,True,0.38187137424632933,0.2705676020408163,False,0.36856265943877553,0.9050530347672363,4,bf9b012d-915c-4026-b989-c05312833b38,p5head_ex,2,335357.93735616974
0.8317755409557868,0.64047591248023,True,0.40635661387347927,0.23311941964285715,False,0.32284359056122447,0.9463110199196375,4,bfa9ab23-efdf-4cde-be19-ec6f2a2f57af,p5head_ex,2,335357.93735616974
0.7308200258683217,0.7617694851109436,True,0.20337608542652724,0.10469148596938775,False,0.4028220663265306,1.0,4,bfb7c989-f1c7-4b55-8b05-598338363b1f,p5head_ex,2,335357.93735616974
0.9257016100432969,0.8619085085073671,False,0.12256673330833316,0.041135204081632654,False,0.36631058673469385,1.0,4,bfba9c94-6a70-4e72-856b-7e585331f5d7,p5head_ex,1,335357.93735616974
0.7031129232038571,0.7755641727306299,True,0.39560011556667396,0.2714245854591837,False,0.31728316326530615,0.7040898744401204,4,bfccb05a-9ac8-4879-bdc4-7aff2460093c,p5head_ex,2,335357.93735616974
0.41412539643815566,0.467040518994997,False,0.0,0.019690688775510203,False,0.38219467474489793,1.0,4,c0270fb3-b81a-4728-b66a-867ce7afc2af,p5head_ex,1,335357.93735616974
0.6759974984838512,0.8425738732178446,False,0.0073031330314982015,0.012436224489795918,False,0.2784000318877551,0.9503205128205128,4,c04f9256-7358-42ef-b843-19dbf64ef287,p5head_ex,1,335357.93735616974
0.7555767552197049,0.7317946152522633,True,0.37674027828221757,0.23134566326530612,False,0.41880580357142855,0.9266023432115782,4,c102bfc2-601d-4275-b986-d928bf170ef9,p5head_ex,2,335357.93735616974
0.7247484433497001,0.7955169242704353,True,0.2336740929048879,0.14696269132653061,False,0.3508450255102041,0.8509628424193111,4,c1ec14ff-f6d7-4b38-b0cb-fe07041cbdc8,p5head_ex,2,335357.93735616974
0.8985677120707636,0.7458967604413533,False,0.08707525610135249,0.030133928571428572,False,0.14052535076530612,1.0,4,c241425c-418c-4958-8a18-c3425fe03f03,p5head_ex,2,335357.93735616974
0.8688104982998638,0.8531067379502768,False,0.09365093743743151,0.025330835459183673,False,0.2470105229591837,0.8819826907946499,4,c27d0e06-ef8c-44ca-b4cc-a4113b723570,p5head_ex,1,335357.93735616974
0.7587376584406716,0.7185409818841874,True,0.3477505098705577,0.18028539540816327,False,0.4020846619897959,0.8975237674110104,4,c2b612b7-72d6-4224-87d1-2e55e4ba905a,p5head_ex,3,335357.93735616974
0.9257001539231103,0.9003063728454169,True,0.4402831178980888,0.09207589285714286,False,0.41934390943877553,0.9015151515151515,4,c2dd9e3d-9cc4-46c8-9109-0c438b2f7f1a,p5head_ex,1,335357.93735616974
0.727021484097899,0.6097667321298073,True,0.36034702206864394,0.2478077168367347,False,0.33896683673469385,0.8827408718031204,4,c31be560-cec0-4ada-b2e1-be51c2e8bb22,p5head_ex,2,335357.93735616974
0.7447595069755125,0.6906611695537002,True,0.3359617995126425,0.19981664540816327,False,0.30259486607142855,0.9340714143227609,4,c321b4b1-4ed5-4469-bf78-c4c783e516c3,p5head_ex,2,335357.93735616974
0.9948392946028586,0.9890343741301443,True,0.25045023481495216,0.0390625,False,0.4350486288265306,1.0,4,c32611c5-e546-4021-b244-4a6d0503787c,p5head_ex,1,335357.93735616974
0.7740033745826913,0.6937267662949527,True,0.3141414660806336,0.17219387755102042,False,0.325374681122449,0.8457175925925926,4,c333554c-e635-4d5a-8975-66aecd096036,p5head_ex,2,335357.93735616974
0.7097980731290967,0.7635270348987645,True,0.2744566543061048,0.1638233418367347,False,0.40644929846938777,0.8472019464720195,4,c33b5552-ff51-43d5-bcee-9bad9c372de6,p5head_ex,2,335357.93735616974
0.7962782565122473,0.6165400341259759,False,0.13052824297710283,0.06463249362244898,False,0.39395328443877553,1.0,4,c3853f9a-a16f-4ee4-8bdb-5f636755855d,p5head_ex,1,335357.93735616974
0.6124149434610849,0.6005983476532645,False,0.16205049013076472,0.11527423469387756,False,0.5981345663265306,1.0,4,c399ab28-b477-433b-924e-6d6046ff23ff,p5head_ex,2,335357.93735616974
0.7155719666978574,0.802881495939764,True,0.3718598903681714,0.26010443239795916,False,0.2847177933673469,0.7627767987127423,4,c3a6ca22-c09b-4be0-a59d-e52718fbb645,p5head_ex,2,335357.93735616974
0.8531053707964638,0.7471755159507081,True,0.5596497771244519,0.37436224489795916,False,0.2940250318877551,0.6472529812606473,4,c3b96528-c441-4ae7-8e7f-87ccb0ab2ab9,p5head_ex,2,335357.93735616974
0.8398381546435473,0.6082490355853766,False,0.20903407808765892,0.11126833545918367,False,0.3021763392857143,0.9869245925129858,4,c3d5edba-cc4d-422d-9b8a-a1c89301b22e,p5head_ex,2,335357.93735616974
0.8927992364861523,0.7291820956743652,True,0.3826288565500938,0.19746492346938777,False,0.26004464285714285,0.8884739604360113,4,c3d8144a-2426-4e80-80c0-651dfe0116e8,p5head_ex,2,335357.93735616974
0.9946192671297062,0.9880354228022282,True,0.23216938565762374,0.03587372448979592,False,0.38219467474489793,0.9983333333333333,4,c3f28479-f4d5-4735-af3a-3f275c026efb,p5head_ex,1,335357.93735616974
0.8419489927553044,0.7236391588283185,True,0.48894510914749834,0.2848373724489796,False,0.2400749362244898,0.769381472152253,4,c42f4515-1bf2-4f63-a815-fa2e5bd45016,p5head_ex,2,335357.93735616974
0.8191478749128339,0.8329056236886344,True,0.4606110253872077,0.27748325892857145,False,0.35060586734693877,0.7909933204050851,4,c4400499-489b-4867-973a-06747a8261bb,p5head_ex,2,335357.93735616974
0.843511809547144,0.831640499151285,True,0.3814091793184985,0.2412707270408163,False,0.23883928571428573,0.4924004625805386,4,c4c4ba61-e74c-4c47-834f-6dbd46ec7d63,p5head_ex,2,335357.93735616974
0.8872119754233102,0.9569900546742953,True,0.3473413560121531,0.16290656887755103,False,0.22251674107142858,0.6406899926596525,4,c5074fa5-ad56-4b4f-9b52-c298db7b62af,p5head_ex,1,335357.93735616974
0.6881567930736278,0.6494658439458273,True,0.40294804275779106,0.2737364477040816,False,0.35281808035714285,0.904623225336731,4,c575102e-4fc8-4152-84d4-0936b89217b3,p5head_ex,2,335357.93735616974
0.8400016970807519,0.6748347355517897,True,0.2815959828524909,0.1565888073979592,False,0.24848533163265307,0.8924525900470918,4,c5ba46fb-eddc-4824-b779-0620b0cd855c,p5head_ex,2,335357.93735616974
0.9777869912506354,0.9448307665642515,True,0.050251522540973356,0.01709980867346939,False,0.40296157525510207,0.9988344988344988,4,c67bbca3-9cc6-4eb8-8bdf-55378463e0b1,p5head_ex,1,335357.93735616974
0.9622836628005081,0.9831352770239268,True,0.280570745920663,0.11503507653061225,False,0.22801737882653061,0.7985100485100485,4,c69ffd64-16bf-4237-b169-f7bab69978e4,p5head_ex,1,335357.93735616974
0.8871553534035306,0.9755946735617739,True,0.25215679837306937,0.07643096301020408,False,0.3583984375,0.7799217731421121,4,c78daf52-c33b-4367-a28f-5bc60a92e7d9,p5head_ex,1,335357.93735616974
0.8498897202116829,0.7541233268546087,True,0.30778092534548557,0.17327008928571427,False,0.34060108418367346,0.8844030365769496,4,c801ebd5-8032-473d-8a47-de337f59c904,p5head_ex,2,335357.93735616974
0.8805431478188592,0.7531868567883626,True,0.2888093998841725,0.12627551020408162,False,0.33595742984693877,0.93197601010101,4,c8761847-7fbd-4de5-9a2a-ff2c1b26c95e,p5head_ex,2,335357.93735616974
0.9783591800302437,0.9577147509809527,True,0.35113620919721067,0.12035634566326531,False,0.27658641581632654,0.957940056300712,4,c9a95b7b-dd0b-4479-ac2e-5dce68f1f129,p5head_ex,1,335357.93735616974
0.8830805227585995,0.9058910777417456,False,0.26994192827453817,0.1407844387755102,False,0.3228236607142857,0.8280011325028312,4,c9cd4d25-9d6c-48d6-bcfe-5b1382a2065e,p5head_ex,2,335357.93735616974
0.9679862962561779,0.9132367271742529,True,0.2335338668757792,0.0760921556122449,False,0.37563775510204084,1.0,4,ca2304fd-4dd8-4b5c-9450-d9d0804cd378,p5head_ex,1,335357.93735616974
0.7447113199647939,0.729975949333071,True,0.3837674549427143,0.24800701530612246,False,0.34004304846938777,0.7821440051430408,4,ca2d2b1b-4dc9-4110-85b2-024816a867b2,p5head_ex,2,335357.93735616974
0.7416279121830434,0.5834073601219549,True,0.36128990986670745,0.22700095663265307,False,0.29532047193877553,0.8442493415276558,4,caa545b4-4eea-4e3a-90b1-c4c0789a1109,p5head_ex,2,335357.93735616974
0.7769804305067141,0.9327606657354216,True,0.5686578173578732,0.3869778380102041,False,0.37246890943877553,0.8399340783849204,4,cb79107c-f66e-4211-8bef-c4f4786a2112,p5head_ex,2,335357.93735616974
0.8598647484914586,0.6928040410943989,True,0.3798320148114681,0.21878985969387754,False,0.2860730229591837,0.8302058662780105,4,cbefe06a-100f-4e77-8fc2-d8af7d0e4cfe,p5head_ex,2,335357.93735616974
0.9576587336933675,0.9604614424246681,True,0.3726289261090465,0.13962850765306123,False,0.3031728316326531,0.9120753639737368,4,cbf72626-2c8e-4d1d-91a7-4afcb413674e,p5head_ex,1,335357.93735616974
0.8532199682675151,0.8576336343616083,True,0.49612147981977184,0.29775191326530615,False,0.411312181122449,0.8022088353413654,4,cc0be168-3b95-4a71-9e74-e2cf577dfb4d,p5head_ex,2,335357.93735616974
0.8207214247317648,0.6922129822310112,True,0.37415825998122354,0.21512276785714285,False,0.25906808035714285,0.8162868260144525,4,cc3177c8-6570-497c-aef3-6fbddef692f6,p5head_ex,2,335357.93735616974
0.8422459401483859,0.7881739222749968,True,0.43214542311334075,0.27614795918367346,False,0.2818080357142857,0.7695583140877598,4,cc7ab8d7-56f9-45e8-b585-c3dc132de8cf,p5head_ex,2,335357.93735616974
0.9177286290209283,0.8650223717368455,True,0.45648566250480105,0.25460379464285715,False,0.2631138392857143,0.8409393346379648,4,cd324889-a183-4d10-916f-d69384b4cb1d,p5head_ex,2,335357.93735616974
0.915760787508187,0.8445819254550804,False,0.17137870237723823,0.06760204081632654,False,0.3365951849489796,0.9389740566037735,4,cdea8561-a7e5-4c37-8814-2e2251d31ee0,p5head_ex,1,335357.93735616974
0.8598033772326743,0.7487774491978262,True,0.3284043674000551,0.17428651147959184,False,0.38602120535714285,0.9320754716981132,4,ce5f8ade-0760-4a40-906d-301cc6bbb87b,p5head_ex,2,335357.93735616974
0.8595200712011333,0.7223458872858236,True,0.24232304540819657,0.13416772959183673,False,0.33005819515306123,0.7748068924539513,4,ce6385e6-88c6-432a-b32f-c7018795bc32,p5head_ex,1,335357.93735616974
0.9860937867572639,0.9818611989582702,True,0.2408436207403096,0.06357621173469388,False,0.2972935267857143,0.9432601880877743,4,ce649e4b-1461-4c34-908d-b0561ac155a6,p5head_ex,1,335357.93735616974
0.9327900566951076,0.8539286878178732,True,0.3005970460276642,0.1396484375,False,0.276187818877551,0.8893963179677465,4,cee68125-b70c-4f9b-b9a4-a005725ab04b,p5head_ex,2,335357.93735616974
0.2617176188309271,0.34930448222565685,False,0.0,0.03647161989795918,False,0.4356066645408163,0.9836065573770492,4,cf63d55f-512b-43c8-8c84-0aedfc89f3a0,p5head_ex,1,335357.93735616974
0.874930550584586,0.6467784761908058,True,0.38559809421087793,0.2227359693877551,False,0.24214764030612246,0.8144237652111668,4,cf8c70d8-1d3d-4cc6-b5bf-63713862da0c,p5head_ex,2,335357.93735616974
0.9148556888944755,0.8699256053075548,True,0.5078052890520035,0.26721938775510207,False,0.24916294642857142,0.7431384248210023,4,d0370ad5-e503-4826-be45-b710ffc5066f,p5head_ex,2,335357.93735616974
0.8307809481742732,0.8051754646186513,True,0.5659766345519573,0.3891103316326531,False,0.368343431122449,0.7670559311616472,4,d094558c-2614-4d0b-b142-a9de0864f572,p5head_ex,2,335357.93735616974
0.9536255664727132,0.9248210188485563,False,0.20340017622779633,0.08286830357142858,False,0.4471061862244898,0.9247234247234247,4,d0a82689-3088-4fc2-a348-7d3cc19c6ffa,p5head_ex,1,335357.93735616974
0.8310442639691672,0.7160948357872322,True,0.38641759594946484,0.21763392857142858,False,0.3266501913265306,0.9258241758241759,4,d0ef248f-6358-45d2-9264-79533aa50593,p5head_ex,2,335357.93735616974
0.8349515908020617,0.47267070536301303,False,0.11247767602941419,0.05570392219387755,False,0.21934789540816327,0.8465116279069768,4,d1c121fd-790c-40dc-8d09-a427f826596f,p5head_ex,1,335357.93735616974
0.9790349070571,0.9828439734809503,True,0.21621067233729488,0.07772640306122448,False,0.36192602040816324,0.9405128205128205,4,d22e3d9f-99a9-4537-a0ff-fc3c1f349ee2,p5head_ex,1,335357.93735616974
0.3601278399677635,0.2788893434334451,False,0.05625335910078175,0.1180843431122449,False,0.2467315051020408,0.9426160337552743,4,d26d8a6d-63e2-4c0b-9dd6-178d624829c7,p5head_ex,2,335357.93735616974
0.6969402826021845,0.5317441856924777,True,0.4473357894705082,0.31431361607142855,False,0.3932358099489796,0.8445881681567434,4,d3cf99c7-e7d7-456e-9e34-0312876db0d4,p5head_ex,2,335357.93735616974
0.9652490677711859,0.9175820177366993,True,0.22036112319401382,0.07288345025510204,False,0.26442920918367346,0.9710144927536232,4,d44baf74-599f-4e68-af21-2cf057336d0e,p5head_ex,1,335357.93735616974
0.7403922639902659,0.6063452777772911,True,0.3386022518216784,0.22197863520408162,False,0.29330755739795916,0.8104686658286946,4,d4683e9b-ee14-40e1-a9f9-1eebd8d125ee,p5head_ex,2,335357.93735616974
0.6810107123907749,0.6320482276148446,True,0.490510092396624,0.36421795280612246,False,0.33729272959183676,0.7651983584131327,4,d4d21c2c-ee3d-443a-91cd-7e6e3ebd59c6,p5head_ex,2,335357.93735616974
0.7907516941668065,0.5542801109628485,False,0.19842239697350708,0.10142299107142858,False,0.15053013392857142,0.7718608764000786,4,d50f9380-dc8e-4edd-9fb8-81bd80c57866,p5head_ex,2,335357.93735616974
0.6764348766559823,0.6043998487368728,True,0.40606454972954115,0.30795599489795916,False,0.322265625,0.8719259642764691,4,d5523ffc-1c8a-4250-939a-3f5215397ff2,p5head_ex,2,335357.93735616974
0.7363397952952044,0.6490068853701128,True,0.14219695492029952,0.08356584821428571,False,0.38456632653061223,1.0,4,d5d7c95e-0682-4b93-bf0b-5dff2fa91a92,p5head_ex,2,335357.93735616974
0.9322250609405057,0.9168214979035421,True,0.17122003258896107,0.08908641581632654,False,0.41171077806122447,0.9738255033557047,4,d5e9a92d-fb2f-416b-8731-4f7435d6c9c5,p5head_ex,2,335357.93735616974
0.9939945870723903,0.9793543849642923,True,0.1246848909853584,0.04197225765306122,False,0.28846460459183676,1.0,4,d61c2dad-6c7e-4247-b984-66efbc79d23d,p5head_ex,1,335357.93735616974
0.7482949753314595,0.566294543351604,False,0.3201361159876995,0.22612404336734693,False,0.36678890306122447,0.9395381632293319,4,d667579e-aa2d-461e-a869-4799ad466add,p5head_ex,2,335357.93735616974
0.9401024287529057,0.9099064591179945,False,0.3181646325188821,0.04161352040816327,False,0.41206951530612246,0.98227969348659,4,d73404b9-b882-4d8f-a14f-876aa52c9559,p5head_ex,1,335357.93735616974
0.5,0.5,False,0.0,0.013950892857142858,True,0.34287308673469385,1.0,4,d77b519d-abb7-49d7-8bec-dedebe8f50d1,p5head_ex,1,335357.93735616974
0.7764217255576302,0.604486850676883,True,0.23973154936804889,0.1314971301020408,False,0.3500279017857143,1.0,4,d877d8be-7d38-43aa-b359-bd86cf3951c3,p5head_ex,2,335357.93735616974
0.8739086648692256,0.9210334271859216,True,0.13905057274609547,0.061224489795918366,False,0.3203722895408163,0.8522135416666666,4,d90bf380-aa92-4125-82b7-397a5dada589,p5head_ex,1,335357.93735616974
0.992026854454918,0.984309008656417,True,0.11862849923918639,0.03587372448979592,False,0.3166653380102041,0.9516666666666667,4,d974dbc0-5e7d-4aac-bda5-f29096aeeb5a,p5head_ex,1,335357.93735616974
0.928977097881406,0.8292568286719093,False,0.030419743967743763,0.009486607142857142,False,0.2549625318877551,0.9789915966386554,4,d979af2c-4ed0-42da-9b2d-5cd3733b8d13,p5head_ex,1,335357.93735616974
0.9950427359420974,0.9857567957041544,False,0.09652984095884719,0.03125,False,0.33314732142857145,1.0,4,d99e786f-9de0-44b4-bb3a-00fba6c72994,p5head_ex,1,335357.93735616974
0.9920974022654409,0.9822727394690689,True,0.1172344717130137,0.026965082908163265,False,0.38928970025510207,1.0,4,d9a6fe09-9ee9-4d64-bc42-cd903276f513,p5head_ex,1,335357.93735616974
0.9920200113731031,0.9771506385328267,True,0.08545047437602327,0.03635204081632653,False,0.35598692602040816,1.0,4,d9ceeda5-836a-40a9-b517-49921ec60490,p5head_ex,1,335357.93735616974
0.9881147057093507,0.9782026762978758,True,0.13287120359079896,0.042689732142857144,False,0.5641143176020408,1.0,4,dad6c631-7bff-4bcf-bdbe-a91a9be2ac01,p5head_ex,1,335357.93735616974
0.8957461618643943,0.6813304281117821,False,0.08324306145333966,0.03764748086734694,False,0.2447185905612245,0.9449444150344097,4,db16297d-c849-43b1-bcd3-1bd4fb2ff37e,p5head_ex,2,335357.93735616974
0.9980273481341561,0.9893161645714653,True,0.08815407946832311,0.02303890306122449,False,0.20342394770408162,1.0,4,db992a32-d062-4a78-a7a2-40aaa6146977,p5head_ex,1,335357.93735616974
0.9777172436068059,0.9496033775025975,False,0.138489197114172,0.02716438137755102,False,0.43748007015306123,1.0,4,dbaa7abd-4d45-4ce6-ac0c-89d961a7f8d2,p5head_ex,1,335357.93735616974
0.26396206533192834,0.3846651679269705,False,0.0,0.01650191326530612,False,0.30905213647959184,1.0,4,dbfc2da5-fc7e-431d-b05d-9a0b580c357f,p5head_ex,1,335357.93735616974
0.867776207057772,0.8695916254610312,False,0.06086239786328265,0.035076530612244895,False,0.34648038903061223,0.88125,4,dc620da7-7387-4839-9222-21f708f63bb2,p5head_ex,1,335357.93735616974
0.9863455617450585,0.9778941047712745,True,0.22445556392488525,0.017299107142857144,False,0.46231265943877553,1.0,4,dcb6a72b-1d92-4cdb-aabc-86b408d50d4e,p5head_ex,1,335357.93735616974
0.7817196136012767,0.8229470221350375,False,0.12640285342476046,0.06529017857142858,False,0.3819156568877551,1.0,4,dcca67c4-14b9-483e-bb8d-adbcbb767533,p5head_ex,1,335357.93735616974
0.9463739741816571,0.924129769069008,True,0.20088710531951767,0.09227519132653061,False,0.3344826211734694,0.9615550755939525,4,dd033b96-06ce-4587-b781-e0e2dd4026ac,p5head_ex,2,335357.93735616974
0.7843733273371224,0.691603974620364,False,0.24061182156751584,0.14140226403061223,False,0.3936144770408163,0.9857646229739253,4,dde16ef3-48de-4371-8d7a-2748b20a73e3,p5head_ex,2,335357.93735616974
0.9787148980252329,0.9393890798049163,True,0.15263939002526747,0.043088329081632654,False,0.34865274234693877,0.9967622571692877,4,de0ee373-dd0c-4f75-aa2c-c356d203696e,p5head_ex,1,335357.93735616974
0.9954922915355375,0.9848859115063152,True,0.14165132035415864,0.043048469387755105,False,0.31947544642857145,1.0,4,de8339e8-3f7d-43af-9ca5-9c783d6642db,p5head_ex,1,335357.93735616974
0.7805090319158003,0.763722517641661,False,0.13659779810513012,0.07862324617346939,False,0.31833944515306123,0.9916349809885932,4,df0f59ce-d11a-488d-a51c-bd9105e592f6,p5head_ex,2,335357.93735616974
0.9960229642445123,0.9903175116152465,True,0.11596433345161757,0.03591358418367347,False,0.268375318877551,0.9611542730299667,4,df59ce30-d6ce-4942-8ed1-7475a5267539,p5head_ex,1,335357.93735616974
0.9015062591627275,0.8555961507305745,False,0.19729343992429785,0.09905133928571429,False,0.36427774234693877,0.9702213279678068,4,dfc1a68e-3314-4059-8a76-4e4e0981a948,p5head_ex,2,335357.93735616974
0.7376428020482372,0.6258553262994206,True,0.2647979931402795,0.15361926020408162,False,0.35740194515306123,0.9708095485210171,4,e065606f-3368-47ff-b4d1-ef783e97813f,p5head_ex,2,335357.93735616974
0.4612246546570805,0.49436654366543664,False,0.0,0.013153698979591837,False,0.4182278380102041,1.0,4,e1297bf9-390d-4d7e-b902-4b02005a0d4f,p5head_ex,1,335357.93735616974
0.9453608447495059,0.9457851882544249,False,0.20599098632855153,0.0470344387755102,False,0.3494897959183674,1.0,4,e15fca95-ebf1-4b48-b94d-aa5b702369b5,p5head_ex,1,335357.93735616974
0.7419996068712702,0.6393404552729823,True,0.17202738321915212,0.11728714923469388,False,0.33573820153061223,0.9874256584536958,4,e17e53a5-916f-40c8-9c9c-dcc01031aa46,p5head_ex,3,335357.93735616974
0.9870930761803077,0.9772461151998317,False,0.06384534252294415,0.01363201530612245,False,0.46572066326530615,1.0,4,e18c7203-a029-4cf4-8151-2bc2460c390c,p5head_ex,1,335357.93735616974
0.988155957261328,0.977021680230033,True,0.12358824160771985,0.04647640306122449,False,0.42458545918367346,1.0,4,e1c9d1ec-05eb-4bf8-9d64-2aea82f43d98,p5head_ex,1,335357.93735616974
0.46141479099678456,0.5,False,0.0,0.008290816326530613,False,0.26484773596938777,1.0,4,e1d8cc12-d372-48f2-9126-74660809eccf,p5head_ex,1,335357.93735616974
0.9729281183234446,0.9399005959731361,True,0.11579773518863733,0.04352678571428571,False,0.4085220025510204,1.0,4,e2e89418-6c0e-4f50-a2d9-6cd5e58feef0,p5head_ex,1,335357.93735616974
0.9935240556139688,0.972281340511725,True,0.042144379066765596,0.014349489795918368,False,0.2444794323979592,1.0,4,e37f89d4-3cdd-41af-8a07-3238b93230ce,p5head_ex,1,335357.93735616974
0.8807790628894437,0.7336558535368238,True,0.19492177656156978,0.10692362882653061,False,0.2860530931122449,0.9748369058713886,4,e3884258-8083-4b8e-b952-9adc91a7f0f3,p5head_ex,3,335357.93735616974
0.7790976731785575,0.6758908847673467,True,0.17833538114337608,0.09010283801020408,False,0.3664500956632653,1.0,4,e3dca188-6311-4214-9d15-c1d4ba4dea55,p5head_ex,2,335357.93735616974
0.9744363127720356,0.9461579578744389,True,0.09695130802285089,0.026905293367346938,False,0.3387874681122449,0.9792592592592593,4,e4adbfcf-d787-473c-ace4-7ea59984f732,p5head_ex,1,335357.93735616974
0.7112992649000687,0.5250722792823931,False,0.03983521496104109,0.02507174744897959,False,0.36764588647959184,1.0,4,e56a1755-f942-4585-bdb3-297f3f78fafc,p5head_ex,1,335357.93735616974
0.9673016198224719,0.8750177490769018,False,0.055187849820699485,0.019152582908163265,False,0.26729910714285715,1.0,4,e5c3b5c2-7f2f-426c-bf4f-ea8862da8dc3,p5head_ex,1,335357.93735616974
0.9818625487489165,0.9617941193928929,False,0.09233641165734019,0.02570950255102041,False,0.3901466836734694,0.9844961240310077,4,e6295ee0-bb33-49e3-9376-8b78f5a3fc52,p5head_ex,1,335357.93735616974
0.8098693541386649,0.5601218745709775,False,0.019652576796232397,0.011479591836734694,False,0.20503826530612246,1.0,4,e6ec8809-e44d-4802-9386-8f5ec351f03f,p5head_ex,1,335357.93735616974
0.8530463366619696,0.7141336406457913,True,0.15360922664650678,0.08653539540816327,False,0.30203683035714285,0.9530170428374021,4,e73ee4be-e4c4-48ce-8be6-52da5021b951,p5head_ex,2,335357.93735616974
0.7927760928392653,0.5583912827354546,False,0.0939781750568599,0.04934630102040816,False,0.2285953443877551,0.9878836833602584,4,e77e5857-d114-484b-acbb-9736ffb750c3,p5head_ex,2,335357.93735616974
0.3772010473087762,0.4110271384403985,False,0.0,0.002849968112244898,False,0.35094467474489793,1.0,4,e77e8d88-11e5-4d15-8dfb-abcd5c09c9f0,p5head_ex,1,335357.93735616974
0.9324847488858131,0.9200060649768722,False,0.14764076108443006,0.07372050382653061,False,0.37438217474489793,0.9905379832387131,4,e7aa8c67-b801-447d-b24e-18b77746b4e1,p5head_ex,2,335357.93735616974
0.9700774486100205,0.9549283244603572,True,0.3071403654124408,0.06008848852040816,False,0.39514907525510207,0.9485903814262023,4,e7aed9f9-264a-40a3-84ab-1ed8b81547df,p5head_ex,1,335357.93735616974
0.7394606586902259,0.6492742950075179,False,0.1863646912707056,0.12097417091836735,False,0.3106265943877551,0.9886326194398682,4,e7b3b69e-aa81-4f62-8c7f-24c3a2d5cf69,p5head_ex,2,335357.93735616974
0.9129289214890305,0.8968775518786333,True,0.11211579793464865,0.05056202168367347,False,0.16559709821428573,0.5270003941663381,4,e80e5db4-c456-4223-8947-426efff27057,p5head_ex,2,335357.93735616974
0.8947174209162911,0.8251992271286632,False,0.11035353730431871,0.056361607142857144,False,0.24904336734693877,0.946958981612447,4,e83ec092-c219-46d0-a1fa-a7538c91ac17,p5head_ex,2,335357.93735616974
0.9661826842137905,0.9393509546888639,True,0.12528474147584528,0.03766741071428571,False,0.5283801020408163,1.0,4,e874f9c3-27c3-4b54-b3c0-bc4461342f90,p5head_ex,1,335357.93735616974
0.9347411164797816,0.8866470330221192,False,0.07020636228334706,0.03398038903061224,False,0.3520408163265306,1.0,4,e89dadae-bdbf-4f2e-a4a1-d2d56abf0d48,p5head_ex,1,335357.93735616974
0.12134813122245797,0.08869071747061208,False,0.0,0.02311862244897959,False,0.26895328443877553,1.0,4,ea3f8b01-bbf4-4abe-ba79-72b6989f005b,p5head_ex,1,335357.93735616974
0.982062327390229,0.9676527523206259,True,0.06184263987769438,0.029496173469387755,False,0.45884486607142855,1.0,4,ea475b41-c5ae-4d80-b5bf-d5af6f1b0c70,p5head_ex,1,335357.93735616974
0.9968579882343889,0.9918755147139211,True,0.059560379096800495,0.02285953443877551,False,0.3790258290816326,1.0,4,ea7e10de-91f0-44b7-88ed-6e42f2e83ae7,p5head_ex,1,335357.93735616974
0.9891410234756243,0.9728928175131107,True,0.07519799496854568,0.01558514030612245,False,0.40810347576530615,1.0,4,eb2828dd-cd30-4a47-a8b6-3b0924ef8ffa,p5head_ex,1,335357.93735616974
0.9223341125566367,0.8321368151574384,True,0.39285521962018766,0.22652264030612246,False,0.32816485969387754,0.9236318845680098,4,eb9bf555-1859-47a9-a95f-e86246ce2bd9,p5head_ex,2,335357.93735616974
0.9300112070402689,0.8841175642836654,True,0.12562220932350363,0.04340720663265306,False,0.26658163265306123,1.0,4,ebf2bdff-9e1a-4365-9010-738d58b62944,p5head_ex,1,335357.93735616974
0.827175260196284,0.6658167402466345,True,0.27652356391987787,0.1263153698979592,False,0.3679249043367347,0.9998422215209846,4,ec3cfcee-58f2-442f-a272-59390100cbba,p5head_ex,2,335357.93735616974
0.9192033383046045,0.8657657231934491,True,0.34288257602204364,0.19013073979591838,False,0.30775669642857145,0.8053459119496855,4,ed09e414-bcdd-4342-aab8-3b286a54facf,p5head_ex,2,335357.93735616974
0.9978532691620644,0.993008910333882,True,0.1070716142889164,0.026307397959183673,False,0.3246372767857143,1.0,4,ed5ddfad-977d-4b5c-9584-ba676b156f2e,p5head_ex,1,335357.93735616974
0.9033547952635322,0.8150715500076664,True,0.31254258441875604,0.15361926020408162,False,0.3094108737244898,0.8015049299429164,4,ed76361e-042c-49a2-b6e5-6ad404525c2e,p5head_ex,2,335357.93735616974
0.9770330006196069,0.9577708658544362,True,0.1355043827733321,0.0470344387755102,False,0.33310746173469385,1.0,4,eddb7172-d147-448c-a8e2-fee8f9cfb449,p5head_ex,1,335357.93735616974
0.9933742996342373,0.985753987726753,True,0.09711976985176159,0.022321428571428572,False,0.286312181122449,1.0,4,edef8fc4-60ee-4736-8f32-4bb25d9e6800,p5head_ex,1,335357.93735616974
0.8346858747612598,0.6952914193442172,True,0.3463926804910074,0.2056560905612245,False,0.326171875,0.8144200019381723,4,edfab0d2-53e7-4124-846b-ab531dd2ce80,p5head_ex,2,335357.93735616974
0.9721169004361851,0.9007742920358257,True,0.08430753054189777,0.029994419642857144,False,0.2698501275510204,1.0,4,ef9fb572-2914-4d16-982a-59eb99f5567b,p5head_ex,1,335357.93735616974
0.8589701248841192,0.8981445998532642,True,0.26024034988049427,0.1312579719387755,False,0.40896045918367346,0.8686607956270878,4,efad4ebc-9579-4fdb-8850-0af216ec919b,p5head_ex,2,335357.93735616974
0.7621715130437835,0.6817821470003799,True,0.3935128025053785,0.24541613520408162,False,0.3959462691326531,0.9307292512587299,4,efd3dbd7-d339-43b9-93e4-2274ab8e7936,p5head_ex,2,335357.93735616974
0.8686000275060467,0.7584037447826608,True,0.31457863436387506,0.19656808035714285,False,0.2738560267857143,0.9069248707289871,4,f02fe6d5-c4ac-4c83-9d9d-5274eb3488d5,p5head_ex,2,335357.93735616974
0.9866200232380972,0.9742369704372014,True,0.07543261072421932,0.025510204081632654,False,0.3049465880102041,1.0,4,f0678ab1-7a59-46b9-ba2c-def9ad6b8d22,p5head_ex,1,335357.93735616974
0.9672650512048203,0.9552949217890525,True,0.07871998529428431,0.023716517857142856,False,0.3180404974489796,0.8798319327731092,4,f08041f0-be4c-4893-858c-99465834cc0a,p5head_ex,1,335357.93735616974
0.9763935574675146,0.9769320690089645,True,0.039255466737995875,0.010602678571428572,False,0.28017378826530615,0.9511278195488722,4,f125b9c8-6ea0-4378-8190-0583ef725a24,p5head_ex,1,335357.93735616974
0.9895463239291814,0.9585477851539589,True,0.1297863674742847,0.04125478316326531,False,0.2515345982142857,1.0,4,f137d0ae-b2f7-4fd1-916d-773d4695b626,p5head_ex,1,335357.93735616974
0.9862977553988679,0.9552338266497542,False,0.06327226492913579,0.0204280931122449,False,0.3120615433673469,1.0,4,f137ed32-7a53-4b47-b7dc-a75a20701ca3,p5head_ex,1,335357.93735616974
0.5072569633551927,0.4294426981330976,False,0.035292335706988226,0.052256058673469385,False,0.4282924107142857,1.0,4,f23bbee6-567d-4ef8-8b29-2ecb12a45be1,p5head_ex,1,335357.93735616974
0.796250837732598,0.6989112213189786,True,0.23291534343296347,0.1356823979591837,False,0.2394969706632653,0.888807285546416,4,f263d63e-1715-4bd8-af5e-fa4e824fa55b,p5head_ex,2,335357.93735616974
0.9137182469235835,0.8319326718814785,True,0.3319427895696973,0.19664779974489796,False,0.3365951849489796,0.8265936961589135,4,f2e71eff-2656-4b52-a014-eea3d0d00efc,p5head_ex,2,335357.93735616974
0.8227572461120387,0.7389206561420316,True,0.15144574932749988,0.08402423469387756,False,0.4999202806122449,1.0,4,f3142a9f-b625-41d9-a7b7-9a4aba0c2abb,p5head_ex,2,335357.93735616974
0.960053429535607,0.9073513060125404,True,0.07828111803062192,0.0243343431122449,False,0.22706074617346939,0.9991809991809992,4,f32e03a8-4c73-49dc-a142-c6d8d55dff94,p5head_ex,1,335357.93735616974
0.8725550210507036,0.8672870397010561,False,0.09306180259154015,0.025330835459183673,False,0.23232222576530612,1.0,4,f37a0400-beea-4925-8b4b-420f1b33284b,p5head_ex,1,335357.93735616974
0.849344619613907,0.6806332956154306,True,0.35492112090267014,0.18869579081632654,False,0.3513233418367347,0.9979932403886776,4,f3d51616-15d7-419c-acae-90413b7fdcae,p5head_ex,2,335357.93735616974
0.9946689377889154,0.9934405931551574,True,0.24261714443459467,0.0703125,False,0.3102877869897959,0.812358276643991,4,f3d8b643-0706-4997-8819-92bb95524626,p5head_ex,1,335357.93735616974
0.8100067151102062,0.78458346325862,True,0.4606814252674371,0.32009327168367346,False,0.3672672193877551,0.7855052611917066,4,f40574cd-4fc5-43a7-a2e8-8bf66093c80a,p5head_ex,2,335357.93735616974
0.8080822825366738,0.6571404212830474,True,0.27432399853396744,0.1590202487244898,False,0.3309948979591837,0.9659105151021431,4,f4362a52-b9f5-4d96-a6ba-04284a233eb0,p5head_ex,3,335357.93735616974
0.9197493073061939,0.9111904289842068,True,0.24460351282805523,0.12876674107142858,False,0.41611527423469385,0.9616158489397926,4,f5257a21-9efd-491f-94da-5cbce76d8f95,p5head_ex,2,335357.93735616974
0.9950656385462141,0.9861280640557252,True,0.10513764576679752,0.034279336734693876,False,0.37655452806122447,1.0,4,f530bed2-b5bf-4240-892d-ced0140d1a8e,p5head_ex,1,335357.93735616974
0.9753074076749718,0.934960261060944,True,0.09005743581819893,0.03443877551020408,False,0.25587930484693877,1.0,4,f560fc1c-ec3a-409c-a035-344bff1bbc06,p5head_ex,1,335357.93735616974
0.8629937178315162,0.7912465604035595,False,0.13373571090919895,0.07932079081632654,False,0.41543765943877553,1.0,4,f569df59-d9b3-4af9-8b26-657ee2abcd9a,p5head_ex,2,335357.93735616974
0.8752908409606538,0.8133257473308673,True,0.22494010865435132,0.10473134566326531,False,0.25400589923469385,0.9058039961941009,4,f61c2271-a0f0-4a88-a803-71bd7dba0be9,p5head_ex,2,335357.93735616974
0.9236570151985496,0.8577927017293986,True,0.2416357684354524,0.10993303571428571,False,0.39140226403061223,0.9981870920957215,4,f661fe70-2fc1-4564-9f53-45504c0b0688,p5head_ex,2,335357.93735616974
0.6536805932560588,0.634203571582229,True,0.32305732482665483,0.23479352678571427,False,0.5310706313775511,0.9943128766658178,4,f6bd4ebd-efbc-4315-b67f-19ed7610b2d2,p5head_ex,2,335357.93735616974
0.7991936358060445,0.7573474226928285,True,0.28725783617029876,0.18056441326530612,False,0.30562420280612246,0.8534216335540838,4,f6cfde90-10de-4584-aed1-2a0ef8238b11,p5head_ex,2,335357.93735616974
0.9745287038616973,0.9539777704679822,True,0.18782670527080833,0.06463249362244898,False,0.3954280931122449,1.0,4,f741a9b1-f5d5-4160-bf27-bf8dbc94cf50,p5head_ex,1,335357.93735616974
0.9363911837712583,0.7728375473192728,True,0.2853991031799734,0.1485969387755102,False,0.25874920280612246,0.9184549356223176,4,f7446ce3-2bd4-48f1-a068-522b4f531c3f,p5head_ex,2,335357.93735616974
0.98560324319563,0.9632288261611006,True,0.16715321796641477,0.05173788265306122,False,0.31734295280612246,0.9992295839753467,4,f7856767-112d-4ff6-8b20-1188c0c47a1a,p5head_ex,1,335357.93735616974
0.9000396482987656,0.8530607699166196,True,0.23747487160025157,0.1288265306122449,False,0.3520607461734694,0.8898514851485149,4,f7a172fc-a34f-4155-806d-7b0afe2a6156,p5head_ex,2,335357.93735616974
0.7943339719930459,0.7376152167134228,True,0.37809983289256976,0.22010522959183673,False,0.3483338647959184,0.8834661354581673,4,f7cc8800-27a2-4aca-b9d2-d07030ecbd7f,p5head_ex,2,335357.93735616974
0.9542787099171113,0.9173768908838993,True,0.26630237599614404,0.09088010204081633,False,0.36720742984693877,1.0,4,f87e319e-34e7-4d47-893f-8a004ffcb94f,p5head_ex,1,335357.93735616974
0.8071403245004064,0.620770399488875,True,0.18747892041694708,0.1005859375,False,0.25143494897959184,0.9718644739449178,4,f92793eb-6396-4597-ad39-2cc6e8eff84b,p5head_ex,2,335357.93735616974
0.9858986569429958,0.960704917955997,True,0.17388820349025833,0.0517578125,False,0.3646763392857143,1.0,4,f93e4397-1773-4858-8e5d-a449c11a36db,p5head_ex,1,335357.93735616974
0.9862145838649201,0.9885347283665139,True,0.18453120574182313,0.08436304209183673,False,0.4303651147959184,0.8110087408457359,4,f9471bff-686b-4d20-932b-bb0c76c8b77f,p5head_ex,1,335357.93735616974
0.9835015472725326,0.9493985197622495,True,0.18780861552191683,0.06369579081632654,False,0.2981505102040816,1.0,4,f9651c64-a88f-46fd-9ca1-63a55f50873c,p5head_ex,1,335357.93735616974
0.9869918561118383,0.9600651451837565,True,0.1264084271296927,0.03354193239795918,False,0.3374720982142857,1.0,4,f9a66a3b-9e7c-43b2-9b52-312778377251,p5head_ex,1,335357.93735616974
0.9430957310871624,0.8862513463583612,False,0.05796943199163847,0.028021364795918366,False,0.32384008290816324,1.0,4,f9c4f02b-52b5-4f36-96d7-b706d678d9b9,p5head_ex,1,335357.93735616974
0.9878630432801361,0.9733954736190411,True,0.07083561195322759,0.01594387755102041,False,0.3056640625,1.0,4,fa68dbe4-1da4-48f3-b88d-bc0f8a6d0af9,p5head_ex,1,335357.93735616974
0.6464083971328294,0.5458304315447172,False,0.04283050740655021,0.0361328125,False,0.42087850765306123,1.0,4,fb56f2c9-8f6c-43ec-bf15-ddc3abcfbe0a,p5head_ex,1,335357.93735616974
0.9722962762045704,0.9535420014108241,True,0.1797916613059068,0.07573341836734694,False,0.3969228316326531,1.0,4,fba0309a-edbe-4d97-b806-f6fe8460ced3,p5head_ex,1,335357.93735616974
0.9922743520381363,0.9826197551319175,True,0.17641594764665444,0.052614795918367346,False,0.46432557397959184,1.0,4,fbbd0b3f-2305-450b-950f-0f88754ebd94,p5head_ex,1,335357.93735616974
0.8625470996705441,0.7513451230055176,True,0.24331499369694667,0.12081473214285714,False,0.36758609693877553,0.999670075882547,4,fd147f16-7eeb-474f-98df-c3b0c39c163c,p5head_ex,2,335357.93735616974
0.8164571643685531,0.6171349038752132,True,0.20375920518717083,0.1100326849489796,False,0.30020328443877553,0.9998188733925013,4,fde83ad1-3d9e-4a66-8f10-bb6ead510d52,p5head_ex,2,335357.93735616974
0.9380270634759897,0.8778446056634683,True,0.08709538645845606,0.031090561224489797,False,0.45689174107142855,1.0,4,fdf8ddd5-3794-4387-9051-6647f1952b36,p5head_ex,1,335357.93735616974
0.9846675341032946,0.952498440637904,True,0.11212051937918091,0.04225127551020408,False,0.30570392219387754,1.0,4,fe272c75-9f89-4733-a7b7-a0965bc30b53,p5head_ex,1,335357.93735616974
0.9949205302370933,0.9940557669872511,True,0.2300872379770978,0.08091517857142858,False,0.350406568877551,0.8307881773399015,4,fe71c437-e46b-406c-8870-3b2298fc7d3a,p5head_ex,1,335357.93735616974
0.9857874346831114,0.9676535749212558,True,0.11653759756370716,0.04241071428571429,False,0.37276785714285715,1.0,4,fe83e190-f2d6-4998-9f82-b1ccd5bcb863,p5head_ex,1,335357.93735616974
0.8067347396606359,0.7851646862820671,True,0.1934053713607253,0.09534438775510204,False,0.36876195790816324,1.0,4,fea6e37a-41c3-45ce-9b27-6f1bed1bc7f4,p5head_ex,2,335357.93735616974
0.9802595210570846,0.9598240896435738,True,0.15927532924511897,0.046875,False,0.5117785395408163,1.0,4,feb8dd3e-ecfc-493f-9094-00331a043c7c,p5head_ex,1,335357.93735616974
0.7674397959353254,0.7321738800419848,False,0.07285330413248312,0.040138711734693876,False,0.2149035395408163,0.9995034756703078,4,ff273673-5610-47a1-8991-6f896eeefc2d,p5head_ex,2,335357.93735616974
0.6069092415973096,0.534389526728601,True,0.19075938199539777,0.14931441326530612,False,0.4706234056122449,0.9997330485851575,4,ff33da14-0bd6-4fe4-9675-ef704bc33b84,p5head_ex,2,335357.93735616974
0.8483683963961953,0.8047388628777558,True,0.1382738652601007,0.07047193877551021,False,0.3120814732142857,0.996606334841629,4,ffa424d2-6e6b-4eed-93ab-7551e8941215,p5head_ex,2,335357.93735616974
