point_auc,point_auc_lung,hit,mass,area,degenerate,lung_area,box_in_lung,fold,patientId,arm,n_boxes,fingerprint
0.8821738147674871,0.8065691453137419,True,0.3489707053471714,0.2283561862244898,False,0.30691964285714285,0.8175074183976261,3,0022073f-cec8-42ec-ab5f-bc2314649235,p5head_ex,2,495244.5826285237
0.8118444794586525,0.6408119858575042,True,0.23045501411428762,0.12025669642857142,False,0.2924107142857143,0.9981769970169042,3,013c7df0-d66d-4cb1-b3bc-a70085160311,p5head_ex,2,495244.5826285237
0.8202578641468935,0.67773034945147,True,0.26857909006443975,0.1327327806122449,False,0.24214764030612246,0.8665165165165165,3,019d950b-dd38-4cf3-a686-527a75728be6,p5head_ex,2,495244.5826285237
0.6460303587873486,0.6542984995053784,True,0.2370488345263736,0.17115752551020408,False,0.3661312181122449,0.882044713553796,3,02002619-3dea-4038-8d4d-458db30ed8de,p5head_ex,2,495244.5826285237
0.7677938977004839,0.6868129990822472,False,0.15604587255135344,0.09143813775510204,False,0.43203922193877553,1.0,3,02589621-9494-4801-99a8-a4e89c1b525d,p5head_ex,2,495244.5826285237
0.5765412063518761,0.5500524570427678,False,0.06263959809061907,0.0674625318877551,False,0.32419882015306123,0.8437223042836042,3,0294b4aa-5614-4b33-80a4-2c31b639e5b3,p5head_ex,2,495244.5826285237
0.5785691080147756,0.5477983320174458,False,0.10249691477538198,0.07294323979591837,False,0.3684630102040816,0.9469945355191257,3,02b7b018-0fed-44c2-a9c2-93b2b3952efc,p5head_ex,3,495244.5826285237
0.9405515077190064,0.865330793774878,True,0.14053782448395064,0.06100526147959184,False,0.3453842474489796,1.0,3,03249840-0a17-448c-bf41-7e156428ab59,p5head_ex,2,495244.5826285237
0.913458568487376,0.9025982559994828,False,0.22108377221013373,0.07278380102040816,False,0.3140146683673469,0.8496714129244249,3,03d5bd1e-47f5-43cd-a94a-6ed6e456646f,p5head_ex,1,495244.5826285237
0.6762227295330387,0.575619657532332,False,0.35859042621130666,0.2761080994897959,False,0.4176698022959184,0.9431211202540782,3,03f8bb03-eb04-4365-ac4d-d63d2b5d49cc,p5head_ex,2,495244.5826285237
0.5032007974710052,0.421477114677898,False,0.06208549371722567,0.04767219387755102,False,0.3606106505102041,0.8599498327759197,3,0444a527-72cf-4bc9-b17f-100cf7acc889,p5head_ex,2,495244.5826285237
0.9857519418042289,0.9767994714869995,True,0.2570306490581594,0.07892219387755102,False,0.3757374043367347,0.9068181818181819,3,04558d1a-1f4d-47aa-bf07-a6f6595f9cec,p5head_ex,1,495244.5826285237
0.903295609908271,0.813694646962837,False,0.09490907485298594,0.028778698979591837,False,0.2734972895408163,0.425207756232687,3,04a6aa6d-bd6d-48b1-822b-21b81c4bdf3a,p5head_ex,1,495244.5826285237
0.9971082558562087,0.9917043647538203,True,0.07062110225658501,0.01953125,False,0.34923070790816324,1.0,3,04f9bcc7-8886-4e1a-a938-122d3a065e12,p5head_ex,1,495244.5826285237
0.8134202433670633,0.6891948561589837,True,0.4058637541910442,0.19415656887755103,False,0.37924505739795916,0.994354342024225,3,051c2709-fbbf-408f-aa19-c869e16a79e2,p5head_ex,2,495244.5826285237
0.6287997567300238,0.7263300064946253,False,0.00013279139980767224,0.005978954081632653,False,0.507194674744898,1.0,3,05744f1d-2fa5-41ce-85d3-3df6a7302064,p5head_ex,1,495244.5826285237
0.8927831891469845,0.9538711085596737,True,0.3250479309948719,0.07710857780612244,False,0.36348054846938777,0.7288705091754976,3,05ead813-3c04-4e42-a5e1-4ca43294ece9,p5head_ex,1,495244.5826285237
0.5811327691625101,0.7047910063391443,True,0.5451165775425243,0.45163026147959184,False,0.26028380102040816,0.5569039318653193,3,06089341-a69b-4777-817b-041be894b436,p5head_ex,2,495244.5826285237
0.8575445246654267,0.8170936337225703,False,0.5513757219036183,0.36509486607142855,False,0.2911352040816326,0.6854631803046017,3,061664a4-6a23-4cb2-a0da-0c5712b6e0a6,p5head_ex,2,495244.5826285237
0.7075954476162003,0.5072221140182008,True,0.7448339051795053,0.37583705357142855,False,0.3013392857142857,0.7340651182522007,3,061d0ff4-a611-42ce-b780-1d1eb55e50ab,p5head_ex,2,495244.5826285237
0.3624344198140541,0.2677405956803075,False,0.08842113998942339,0.32254464285714285,False,0.4194834183673469,0.8834651507661888,3,06420c87-02ee-4315-aa3a-63e911174435,p5head_ex,2,495244.5826285237
0.47301454069835386,0.5054906688376753,False,0.058065765415414534,0.30488679846938777,False,0.46484375,0.8722708850830174,3,06634f15-9c78-47a1-97eb-f10f4c210765,p5head_ex,2,495244.5826285237
0.7669703325175243,0.585968447574084,True,0.5443166576562379,0.2672592474489796,False,0.5049027423469388,0.8073825503355705,3,06697be9-b1ab-444c-af0d-fd11a053f2b3,p5head_ex,2,495244.5826285237
0.5,0.5,False,0.0,0.18431122448979592,True,0.33516023596938777,0.4899437716262976,3,06a4f477-34ca-4625-945b-81bfa9e77273,p5head_ex,1,495244.5826285237
0.9380183461259902,0.9763853959705534,True,0.6371580790223768,0.23064811862244897,False,0.43594547193877553,0.7334312624211526,3,06c50ad5-8ffd-480b-8424-dd38df7ca86c,p5head_ex,1,495244.5826285237
0.946592165050965,0.932170662508418,True,0.21642248931701163,0.06357621173469388,False,0.3250358737244898,0.7661442006269592,3,06cc9b59-b8ff-4a6b-9e5b-f127c7c1208d,p5head_ex,1,495244.5826285237
0.7624943554004764,0.5464739977348435,True,0.2765719607636681,0.16288663903061223,False,0.2887635522959184,0.8285819160650923,3,06cf339f-a71a-4177-b950-ae1fdd5f4762,p5head_ex,2,495244.5826285237
0.4160370253395204,0.48290697674418603,False,0.0,0.17966757015306123,False,0.24306441326530612,0.8758735440931781,3,06df5d57-6f34-43c0-99ad-b9b5f9346cbd,p5head_ex,2,495244.5826285237
0.8387689059948727,0.7769558784940347,True,0.2969914310901537,0.15092873086734693,False,0.3667091836734694,0.9298824772217087,3,06e09ebb-cb5b-4c30-8d3a-67a6ec34692b,p5head_ex,2,495244.5826285237
0.23071895424836603,0.32672831351827386,False,0.0,0.02423469387755102,False,0.1599968112244898,0.9991776315789473,3,06f5a38a-e4b1-4e5f-8c62-f48630a52504,p5head_ex,1,495244.5826285237
0.9950751795645977,0.9885346046858275,True,0.2943863686081646,0.05807557397959184,False,0.30650111607142855,0.9457789979409746,3,07349035-d546-41ec-813a-612614536f5a,p5head_ex,1,495244.5826285237
0.7158947971583454,0.6955468575265557,True,0.8817078743312537,0.2629544005102041,False,0.3127989477040816,0.8660754888585721,3,073630e6-3b52-4b41-a14b-bf8bb57e28ea,p5head_ex,2,495244.5826285237
0.6519086154143179,0.6150789206138059,True,0.2773791895001571,0.14528858418367346,False,0.3014389349489796,0.7441700960219478,3,0808c4af-9ed6-46e3-a936-2cafb0004e6a,p5head_ex,2,495244.5826285237
0.9588402296518665,0.9730888281066238,True,0.3074036522305879,0.11969866071428571,False,0.28164859693877553,0.6123876123876124,3,081a54bb-0144-4c22-9909-e3e45b15ff4c,p5head_ex,1,495244.5826285237
0.9875850790661003,0.9856025052228077,True,0.1687126995833722,0.047771843112244895,False,0.3828922193877551,0.9879015435961619,3,08307845-ccbd-4616-b8e9-58532a766dbe,p5head_ex,1,495244.5826285237
0.6209854655741467,0.38212703711818574,False,0.2231890808414784,0.1643016581632653,False,0.28762755102040816,0.7867540029112081,3,083a1a20-f642-42e3-b20b-937383f6da3c,p5head_ex,2,495244.5826285237
0.9826956730962875,0.9911656608098202,True,0.5230288158473699,0.10463169642857142,False,0.34341119260204084,0.6937142857142857,3,084d42b9-0a43-490d-9a8d-e4d7545c44f5,p5head_ex,1,495244.5826285237
0.9039911954245683,0.9212218660877172,True,0.5075464999315372,0.24352279974489796,False,0.6697026466836735,0.9240527048039938,3,0851431b-cad7-436f-acb8-06aed97e5339,p5head_ex,2,495244.5826285237
0.3598151883506488,0.4062538815920924,False,0.02453316841544418,0.1192203443877551,False,0.356624681122449,0.9433299899699097,3,085a6486-c3b3-4ca2-80f1-be07d23e853b,p5head_ex,3,495244.5826285237
0.9795791522156264,0.9854280229903413,True,0.3545064452538471,0.11503507653061225,False,0.29918686224489793,0.8555093555093555,3,08af877f-f833-4d4f-b64c-24e014d63311,p5head_ex,1,495244.5826285237
0.8950284318042612,0.9021566593441469,True,0.5592629852337371,0.3246970663265306,False,0.3130580357142857,0.726123250675178,3,08c343b6-9dc4-405b-87b3-b6534abcb990,p5head_ex,2,495244.5826285237
0.3834799435954286,0.4567647918653701,False,0.012003446166330351,0.07013313137755102,False,0.4103954081632653,0.9991474850809889,3,09147009-39a9-497a-ac10-a07cf7126d58,p5head_ex,1,495244.5826285237
0.9358512194843063,0.9827789614615591,True,0.46613310174621403,0.1834343112244898,False,0.27268016581632654,0.7283789656671013,3,091781dd-be2b-4517-9264-ade2f0c85487,p5head_ex,1,495244.5826285237
0.7600999318302233,0.7454014097329464,True,0.6114583785637989,0.43704161352040816,False,0.3145727040816326,0.6870810342468877,3,0930b0aa-25c2-4624-a3fc-9b60ba0b23f4,p5head_ex,2,495244.5826285237
0.42666330294887533,0.48449463615647953,False,3.147492273223266e-05,0.016741071428571428,False,0.2425860969387755,0.9988095238095238,3,0949d712-9d3c-424a-99b5-423a598d8b97,p5head_ex,1,495244.5826285237
0.984292932956089,0.9899385829784556,True,0.2269338439781308,0.083984375,False,0.2855747767857143,0.6383483626008543,3,0983ae59-b906-4fd5-a810-edfe0580fe3b,p5head_ex,1,495244.5826285237
0.9545900420617421,0.8652379185180922,False,0.04475381593880939,0.02196269132653061,False,0.15876116071428573,0.9990925589836661,3,098435af-3834-466a-b17a-038ac4f0e464,p5head_ex,1,495244.5826285237
0.7606723078872739,0.8639480209236085,False,0.4343644039994048,0.2604830994897959,False,0.3680046237244898,0.7525631216526396,3,09852193-d7df-4cce-a616-a536d5de5042,p5head_ex,2,495244.5826285237
0.7546437482433098,0.7251817983253137,True,0.1909084254728136,0.09105947066326531,False,0.38907047193877553,0.9986868023637557,3,09ac8fc5-e8ed-410e-b167-3abaf28f0e2c,p5head_ex,2,495244.5826285237
0.24889651790093184,0.23052064631956912,False,0.0,0.024713010204081634,False,0.3022361288265306,1.0,3,09afc58a-053c-420e-b379-e331aec15a7f,p5head_ex,1,495244.5826285237
0.5572787862541903,0.3047668321173313,False,0.2718833542728335,0.27040816326530615,False,0.21677694515306123,0.6508696933962265,3,09c48ba8-4f0b-483c-85ec-9246d7cc6177,p5head_ex,2,495244.5826285237
0.9844681514187664,0.9966959042734425,True,0.5193569071505545,0.1429169323979592,False,0.34436782525510207,0.9322270255194534,3,09db0213-0ad3-4062-bc7b-9a82e5a74097,p5head_ex,1,495244.5826285237
0.4418943389434458,0.3752924277609069,False,0.01863474351683192,0.14897560586734693,False,0.4143813775510204,0.5807357859531772,3,0a51f668-b7b1-4d8d-9ab9-de1f702f071a,p5head_ex,1,495244.5826285237
0.6754354561095942,0.6355030551243284,False,0.03534846099020386,0.05141900510204082,False,0.3170639349489796,0.7864341085271318,3,0ae5dcc7-197d-4d59-991a-3b93f3a1e760,p5head_ex,1,495244.5826285237
0.8768134961716643,0.9439298649773408,True,0.22612173205379305,0.08053651147959184,False,0.36025191326530615,0.7228408809700569,3,0ae738d0-5bdd-4ebf-9c1f-6b10a25be92a,p5head_ex,2,495244.5826285237
0.9419217529880527,0.8578450843357649,True,0.1341507056929318,0.054368622448979595,False,0.25223214285714285,0.999266862170088,3,0b323a31-28e6-45b2-a07c-cc9b60571053,p5head_ex,1,495244.5826285237
0.9749241783398611,0.9241450215810444,True,0.2730035719951541,0.06473214285714286,False,0.3109654017857143,0.9704433497536946,3,0bbb1ff7-dba6-4d5b-affe-b3ca0050d965,p5head_ex,1,495244.5826285237
0.7220431630118944,0.5869477828204389,True,0.2982216316063976,0.13018176020408162,False,0.30937101403061223,0.8224127372933252,3,0c153d93-d65b-4d3e-90bc-8b26350e3476,p5head_ex,2,495244.5826285237
0.6455179858910524,0.5949726445138355,True,0.6786791298625255,0.35714285714285715,False,0.3686623086734694,0.8406808035714286,3,0c294ecf-23d6-4c56-b5e2-0482915cd102,p5head_ex,2,495244.5826285237
0.7936299763537819,0.7718341317875611,True,0.7286080976438737,0.5439652423469388,False,0.39857700892857145,0.6874038250164871,3,0c391e0f-9927-48ce-801f-02eb000f72c3,p5head_ex,2,495244.5826285237
0.36977791246374303,0.4293081416575392,False,0.0,0.07928093112244898,False,0.27632732780612246,0.7312719959778783,3,0c77d941-5f63-4e2a-9c1e-4a58043acd55,p5head_ex,1,495244.5826285237
0.9599350392069739,0.9808627885334466,True,0.45831348170308556,0.15272241709183673,False,0.44690688775510207,0.5924572621688634,3,0c8199bc-2634-4196-b81b-4732adac9926,p5head_ex,1,495244.5826285237
0.731193094977698,0.5411036191000412,True,0.5588440840934634,0.39548788265306123,False,0.3049465880102041,0.7042430961499697,3,0c8458d8-25e6-44e5-946e-cf729240df59,p5head_ex,2,495244.5826285237
0.8212024199236277,0.7831765277784837,False,0.26848120391826585,0.10337611607142858,False,0.3442881058673469,0.9853479853479854,3,0e03c2d7-9cea-4dc7-8e91-794a8b3ff58d,p5head_ex,4,495244.5826285237
0.87360960188037,0.8421490283071343,False,0.17788959130962584,0.07029257015306123,False,0.34785554846938777,0.821661468670258,3,0e08846c-ab58-48d1-9919-f5ea1f47d032,p5head_ex,2,495244.5826285237
0.37712418300653594,0.4909215484755053,False,0.0,0.02423469387755102,False,0.19876036352040816,1.0,3,0e0cfa1a-c097-47bb-bf4b-6b9362940705,p5head_ex,1,495244.5826285237
0.887703576467065,0.7344787650149703,True,0.2521233570357908,0.13343032525510204,False,0.32955994897959184,1.0,3,0e724a83-c104-4d33-94a5-c7df6174f40f,p5head_ex,2,495244.5826285237
0.922905614275241,0.7318518967489716,False,0.10316475677235565,0.05590322066326531,False,0.2950414540816326,1.0,3,0ee29524-a273-4e20-a1fd-9df974be263e,p5head_ex,2,495244.5826285237
0.9276611922038055,0.8918962842917998,True,0.32199598306899613,0.16932397959183673,False,0.4459901147959184,0.9339689265536724,3,0ff5bf5b-6af7-4537-90d0-1c47058d0627,p5head_ex,2,495244.5826285237
0.7627006794345003,0.678589301412721,True,0.42209460738317695,0.2846580038265306,False,0.48995535714285715,0.9714345725687881,3,112bf6f9-0ac8-4ca0-a84b-ea29811fd871,p5head_ex,2,495244.5826285237
0.7770020749175564,0.9015319319485867,False,0.4676662053776928,0.3231226084183674,False,0.40866151147959184,0.7889964843027201,3,11750ff6-94ea-43d0-bad8-f3c3e5278d7d,p5head_ex,2,495244.5826285237
0.851654647580335,0.9124295337056884,False,0.047564220181843524,0.01721938775510204,False,0.2515345982142857,1.0,3,11a41e42-fdb4-4216-9e04-d4914fe2186e,p5head_ex,1,495244.5826285237
0.3772955211302274,0.42483884751310275,False,0.011029668227907028,0.06816007653061225,False,0.34915098852040816,0.525438596491228,3,125a6b00-d20c-413e-b5fb-3728fcfce39f,p5head_ex,1,495244.5826285237
0.7202464268854025,0.602453001804831,True,0.4289542409885696,0.28013392857142855,False,0.34177694515306123,0.8368668184405236,3,12e6144b-edc2-4d4e-9ae8-ca95d9aad065,p5head_ex,2,495244.5826285237
0.855995999319033,0.8511426029100111,True,0.2070206813935709,0.11312181122448979,False,0.3710140306122449,0.9097956307258633,3,13bf28d4-fa19-4ba0-966a-938f676d6d04,p5head_ex,2,495244.5826285237
0.6862942396247192,0.6065750163595626,True,0.26806420191202346,0.18883529974489796,False,0.3385682397959184,0.7981002638522428,3,142c7419-9cd2-4436-8860-cd2c4355abff,p5head_ex,2,495244.5826285237
0.7507457381016039,0.7140733957435597,True,0.25632131039658446,0.1555125956632653,False,0.25564014668367346,0.5956683326925541,3,15508c0e-a6bd-4d3a-9be2-76466b9f7eb1,p5head_ex,2,495244.5826285237
0.8470033356360176,0.8279739123439124,True,0.4383636084316373,0.1525829081632653,False,0.3708346619897959,0.7736415882967607,3,15c9162f-953a-48e3-a125-f2ab70ca03d5,p5head_ex,1,495244.5826285237
0.8786135640126078,0.8387366322411257,True,0.21509023727892299,0.09785554846938775,False,0.37527901785714285,0.8488798370672098,3,15cc8c22-055e-4e64-8c5f-38816f82daa0,p5head_ex,2,495244.5826285237
0.34322600266044345,0.11374828457362829,False,0.015176967483213831,0.15712691326530612,False,0.3277064732142857,0.7092846270928462,3,15cdd2b4-0fb2-482c-92ac-a640e94eccba,p5head_ex,1,495244.5826285237
0.99401369199648,0.982052621958852,True,0.24324492378482307,0.07142857142857142,False,0.32162786989795916,1.0,3,164a9325-6bb3-4af3-9217-e7ca73cbbb1f,p5head_ex,1,495244.5826285237
0.3662048641617999,0.3883980845206573,False,0.00013301358998185823,0.018415178571428572,False,0.4289700255102041,1.0,3,1693a790-88c8-46fa-9ce7-3b0c5834ba90,p5head_ex,1,495244.5826285237
0.9621102994005525,0.8039644411935203,True,0.30076958912921214,0.14020647321428573,False,0.1676299426020408,0.825728500355366,3,16968a9f-ba45-4f51-a584-ac57612de5c3,p5head_ex,2,495244.5826285237
0.8565952501447022,0.8112408970795019,True,0.43403586894045776,0.22995057397959184,False,0.3669284119897959,0.8952158086323453,3,16e5a578-1e41-4fa1-ba13-bf18051625cc,p5head_ex,2,495244.5826285237
0.4815811200154504,0.3850046563361613,False,0.06410132236925432,0.0641342474489796,False,0.30213647959183676,1.0,3,1703014f-cb4e-43c2-893d-288d087aafbd,p5head_ex,2,495244.5826285237
0.9116572152729719,0.840087298924348,True,0.2673555643691173,0.07840401785714286,False,0.26424984056122447,0.9832231825114387,3,1703df50-8138-4f31-bf88-737846994074,p5head_ex,2,495244.5826285237
0.8170965770881764,0.9174329085215984,True,0.43257732375524793,0.21892936862244897,False,0.37617586096938777,0.6762858443331816,3,170632ff-5466-42a1-95f3-30ea4ef63e3b,p5head_ex,1,495244.5826285237
0.9511474775453651,0.9296535607807788,False,0.24604896230119977,0.07102997448979592,False,0.40975765306122447,0.9980359147025814,3,1707921a-8b1d-419e-b5de-6e069bc9e4eb,p5head_ex,1,495244.5826285237
0.7123797808873575,0.43677298694915084,True,0.4195442173396573,0.23995535714285715,False,0.26054288903061223,0.6831395348837209,3,172f8b71-1d19-4a36-ae9f-41ae528c72be,p5head_ex,2,495244.5826285237
0.4582808222154622,0.43336913417052214,False,0.0,0.08278858418367346,False,0.28730867346938777,0.5565719788155994,3,17477206-a644-49de-83a8-b32d5ba9ba5b,p5head_ex,1,495244.5826285237
0.9228003712287869,0.8965374409909159,True,0.6368722873377384,0.23309948979591838,False,0.5105229591836735,0.9507523939808481,3,1755b457-2c7f-4589-999e-aa172dbbb188,p5head_ex,1,495244.5826285237
0.3437309886526525,0.36477795274480757,False,0.0019087580109536184,0.05311304209183673,False,0.3222058354591837,0.9534709193245778,3,175c8be2-76a4-469b-9595-ed33ecedb3cb,p5head_ex,1,495244.5826285237
0.5,0.5,False,0.0,0.056640625,True,0.29978475765306123,0.956368754398311,3,17c749dc-e97a-4c5c-b4f4-c68b135a1a64,p5head_ex,1,495244.5826285237
0.7161694446550161,0.72300444675316,True,0.3643214394048438,0.25761320153061223,False,0.33751195790816324,0.7409871576667182,3,17dc4e24-2228-4cdb-8052-9259a907f9c2,p5head_ex,2,495244.5826285237
0.8761746296386388,0.8972807883544521,True,0.4038251160898244,0.251155931122449,False,0.1835339604591837,0.5187271861609268,3,17faf806-5b26-418b-8d5d-a1ff45539ea7,p5head_ex,2,495244.5826285237
0.9632592983363337,0.9459440567981949,True,0.25555143351925635,0.08071588010204081,False,0.3370336415816326,0.8175308641975308,3,182d2f6f-1cf5-42a9-a178-9ae0786c9236,p5head_ex,1,495244.5826285237
0.43094816796858143,0.4731222997673646,False,0.0,0.07641103316326531,False,0.3106265943877551,0.9259259259259259,3,18774506-f9cb-497c-898f-0bade580f342,p5head_ex,1,495244.5826285237
0.7617162470871695,0.6874226515329752,True,0.34039195906086567,0.1360809948979592,False,0.27323820153061223,0.6284417106033978,3,18b5d52d-78e4-490a-a766-af881acda223,p5head_ex,2,495244.5826285237
0.9814797593519035,0.9896222758335185,True,0.37512043813667334,0.11244419642857142,False,0.3647959183673469,0.7637362637362637,3,18e76660-3742-44d3-94b5-62f1f7b027df,p5head_ex,1,495244.5826285237
0.6399112153861243,0.2004364380845613,False,0.042729404599319405,0.04583864795918367,False,0.25352758290816324,0.8652173913043478,3,1944c064-d08d-4173-9c7a-a777dcf5262c,p5head_ex,1,495244.5826285237
0.8592763474994723,0.9416477484772082,False,0.15580632091682017,0.05590322066326531,False,0.26992984693877553,0.4370766488413547,3,195033e1-ab56-4857-8b68-ef116fa576aa,p5head_ex,1,495244.5826285237
0.9271824326269846,0.8885839495345146,False,0.1855282131774281,0.06313775510204081,False,0.3186184630102041,0.45202020202020204,3,197769ca-8d7e-4a21-8fff-ed1417dca35a,p5head_ex,1,495244.5826285237
0.9546594284970656,0.9245452273057136,True,0.3601436825285771,0.057936065051020405,False,0.26590401785714285,0.9742002063983488,3,197eb663-bd40-4c72-9fec-4160cec1f64b,p5head_ex,1,495244.5826285237
0.7261670698478939,0.6107301947842175,True,0.17235920195289467,0.12232940051020408,False,0.40353954081632654,0.9835451287064191,3,19add6b5-7856-415a-9a44-e2bfda767339,p5head_ex,2,495244.5826285237
0.3125548569668975,0.24032572585559553,False,0.004020249988654157,0.02236128826530612,False,0.343929368622449,0.26737967914438504,3,1a7606e0-4d81-4bbe-ae22-93ca30540cb9,p5head_ex,1,495244.5826285237
0.9239989527117324,0.8226867134502382,True,0.38446234086415415,0.1912468112244898,False,0.3147720025510204,0.9465402250937891,3,1aea68e3-a8b7-4402-92a5-16a1f23c6d4a,p5head_ex,2,495244.5826285237
0.6788508201397029,0.7336311544240082,False,0.11258254976506427,0.07463727678571429,False,0.3014389349489796,0.8261682242990654,3,1b4d9ebb-644e-4602-ad36-d83cf7415be6,p5head_ex,2,495244.5826285237
0.8303509047866614,0.746705394643539,True,0.16421551612761606,0.08633609693877552,False,0.2750916772959184,0.8351800554016621,3,1b5c50df-36c2-4b74-85f0-84925fa63ac1,p5head_ex,2,495244.5826285237
0.7464303394374472,0.6528893282748218,False,0.1793170367566928,0.0829280931122449,False,0.27919722576530615,0.9987983657774573,3,1b874f35-21ac-4e21-a292-c96165ad870b,p5head_ex,2,495244.5826285237
0.851884930555964,0.6887312948866643,False,0.11401620641031139,0.06967474489795919,False,0.2864516900510204,0.7345537757437071,3,1b9d9477-b479-46bc-890a-663fad2e3358,p5head_ex,2,495244.5826285237
0.3557053985219824,0.4921965878247383,False,0.0,0.04532047193877551,False,0.24900350765306123,0.9577836411609498,3,1bed7fb4-bb3f-4be4-a5be-4ca7f34312a5,p5head_ex,2,495244.5826285237
0.7316020693750839,0.5425623251787943,False,0.11439429601847836,0.06305803571428571,False,0.24637276785714285,0.8135271807838179,3,1bf08f3b-a273-4f51-bafa-b55ada2c23b5,p5head_ex,4,495244.5826285237
0.889894348747919,0.9047528571778882,True,0.15355483723926686,0.05817522321428571,False,0.37886639030612246,0.8177458033573142,3,1bf6fe95-9953-4e27-a71e-4dfbfa81e63b,p5head_ex,3,495244.5826285237
0.9771964430485601,0.9481976833896053,True,0.2792871061777281,0.05393016581632653,False,0.31455277423469385,0.9656319290465631,3,1c0a780d-1cac-4eee-b46d-470ecebc9ae0,p5head_ex,1,495244.5826285237
0.9494181992082953,0.7991224366473245,False,0.11954627961805915,0.06000876913265306,False,0.23521205357142858,0.9631351710395217,3,1d1c3fb7-71d6-4104-8a93-320e4959bbdb,p5head_ex,2,495244.5826285237
0.5888876551150071,0.4661763139245964,True,0.17203529888877075,0.1307796556122449,False,0.3731066645408163,0.9439195367266078,3,1d763b86-e7dc-4db1-ae16-601d80d36c5e,p5head_ex,3,495244.5826285237
0.7957237283933954,0.7903885551546881,False,0.0806018315858591,0.03979990433673469,False,0.47831632653061223,1.0,3,1db7e52d-7a40-49ff-9f24-bc72a33f9c23,p5head_ex,3,495244.5826285237
0.8204120602398933,0.6934043417801204,False,0.27528206385899195,0.17119738520408162,False,0.37300701530612246,0.9080325960419092,3,1e1c3b02-27fa-42a2-b51b-f46378e09fde,p5head_ex,2,495244.5826285237
0.9733543171793959,0.9220935567576769,True,0.04552611305937199,0.015904017857142856,False,0.2729392538265306,1.0,3,1f0a35e1-1cd4-4d07-bacc-f22368f3cd08,p5head_ex,1,495244.5826285237
0.46549839979733726,0.332020631490904,False,0.009307963975239015,0.02383609693877551,False,0.2875876913265306,0.06939799331103678,3,1f45c8c0-4475-45e9-85e5-0cf139d0572b,p5head_ex,1,495244.5826285237
0.8441072881572488,0.7667283392241976,False,0.17956201854431672,0.08808992346938775,False,0.2742944834183674,0.9217194570135746,3,1ffee791-10f6-4b8f-bfcd-35220e8e0003,p5head_ex,2,495244.5826285237
0.28860445912469035,0.3716977588581445,False,0.0,0.010463169642857142,False,0.32882254464285715,1.0,3,20d3f1cf-6f6b-4119-8008-bc5c6e105464,p5head_ex,1,495244.5826285237
0.9267710747473616,0.9269229019111305,False,0.20455316017831254,0.07884247448979592,False,0.3165656887755102,0.8048533872598584,3,229c584f-7174-4fcf-b740-7127cbf53525,p5head_ex,2,495244.5826285237
0.8390562935730401,0.8474317897700273,True,0.1386413528657357,0.06959502551020408,False,0.3262515943877551,0.7041809851088202,3,2348e8ba-483f-476d-b29d-5ba8398d7abc,p5head_ex,2,495244.5826285237
0.47152629328740336,0.4430885156040731,False,0.02696269528569618,0.11796476403061225,False,0.32704878826530615,0.8692346680182463,3,238e2a87-d6ef-48ec-961a-54ab1e947878,p5head_ex,2,495244.5826285237
0.8171489730819633,0.7513069880785473,False,0.12084833540304224,0.04545998086734694,False,0.27250079719387754,0.8803156510302499,3,23ca0450-4138-4e7a-9489-0f5b6a91031d,p5head_ex,2,495244.5826285237
0.9931585491347829,0.9735160730628327,True,0.11736886560123291,0.019770408163265307,False,0.24563536352040816,0.9657258064516129,3,23f653b7-5388-4213-98c6-418aa9eb980d,p5head_ex,1,495244.5826285237
0.7221887632526689,0.789475937445245,False,0.05091567063118758,0.03587372448979592,False,0.3228236607142857,0.5522222222222222,3,25310577-2bea-495f-b73c-7eff7954571e,p5head_ex,2,495244.5826285237
0.7601163792985904,0.747944339599429,False,0.06289289218399335,0.03627232142857143,False,0.3454440369897959,0.9956043956043956,3,25b15466-0151-43e1-b52a-830905c853d4,p5head_ex,1,495244.5826285237
0.7446788043746188,0.7123644486100377,False,0.16618455835127915,0.08701371173469388,False,0.19316007653061223,0.6191021530004581,3,261341d3-1df2-4cf4-b9a8-b1e02a124900,p5head_ex,3,495244.5826285237
0.8981811663483911,0.8638056221896123,True,0.09106438663283106,0.03708944515306122,False,0.26767777423469385,0.7802256851155293,3,2635357b-8865-4551-9ed8-3f90b996c982,p5head_ex,2,495244.5826285237
0.9920584649864486,0.9687634156923639,True,0.23463368368297452,0.016741071428571428,False,0.2661033163265306,1.0,3,26408db2-e7f0-47de-96d8-5aa9c2b47153,p5head_ex,1,495244.5826285237
0.9936045664965893,0.9818219252108085,False,0.10573130768727441,0.028698979591836735,False,0.3703563456632653,1.0,3,26aa5215-a443-459f-9aeb-976e65c11261,p5head_ex,1,495244.5826285237
0.8098363139668316,0.8802861119360839,True,0.2639605118120656,0.14616549744897958,False,0.3164859693877551,0.8838287428415599,3,26d622c4-c7ec-4952-9210-7b2a2144cb79,p5head_ex,2,495244.5826285237
0.3895645028759244,0.4140423967651023,False,0.0,0.029815051020408163,False,0.34103954081632654,0.5280748663101604,3,26f62d1f-5b9f-4eed-af49-d6a48e8ff3f7,p5head_ex,1,495244.5826285237
0.7276693661355514,0.4761325916169128,False,0.14785824447486867,0.10200095663265306,False,0.28647161989795916,0.7135599843688941,3,27205fb6-5f28-4fc5-a9d8-c6748b97f4f7,p5head_ex,2,495244.5826285237
0.7773219810826176,0.716981826010884,False,0.2527704278851082,0.1428172831632653,False,0.3420958227040816,0.8586380128384036,3,27532c20-7a0b-45b2-b229-496126a327ad,p5head_ex,2,495244.5826285237
0.926181186146192,0.7978325251861691,True,0.27217889886471935,0.13024154974489796,False,0.2840202487244898,0.8918133129303749,3,27775937-404e-4e1a-bef0-af5d63fc0b3b,p5head_ex,2,495244.5826285237
0.8854187790646607,0.7333097138032054,True,0.2530533293369564,0.14128268494897958,False,0.3115234375,0.905346311186345,3,27b32500-40ef-4c14-ab88-ace5e9ceea27,p5head_ex,2,495244.5826285237
0.8194235842580981,0.6512963232195681,True,0.397250470213919,0.2619579081632653,False,0.30606265943877553,0.8304930006086427,3,28a2d8aa-9e29-48d4-b1e3-029e3451ce0b,p5head_ex,2,495244.5826285237
0.681852593952921,0.5918417714624004,False,0.17766394071037386,0.10106425382653061,False,0.23411591198979592,0.889568132518241,3,28ba0617-0cac-4198-8b8a-c35fde545ace,p5head_ex,2,495244.5826285237
0.9899527761084869,0.9960229727325862,False,0.08040669334946846,0.01696029974489796,False,0.2854153380102041,0.2291421856639248,3,29000617-ac33-40a4-ac5c-19fb586edb69,p5head_ex,1,495244.5826285237
0.9229524578964501,0.9557378679033921,True,0.08926063614900744,0.030612244897959183,False,0.2265027104591837,0.9811197916666666,3,2a15b6f2-2a17-454d-b14c-ba1bb4bd79f4,p5head_ex,1,495244.5826285237
0.29621092734403365,0.3611635189647875,False,0.006558370615584866,0.08547911352040816,False,0.2985889668367347,0.9925390533923991,3,2aae181e-a4b7-47f4-ac47-e99001b9008b,p5head_ex,2,495244.5826285237
0.825194668041727,0.6963413685716121,False,0.12385421488649515,0.05512595663265306,False,0.23869977678571427,0.6261749819233551,3,2ac47932-d7e2-4ac2-a7c6-6a9be0c4abcd,p5head_ex,3,495244.5826285237
0.5578019383443769,0.30779305828421744,False,0.005486853892364918,0.014508928571428572,False,0.27431441326530615,0.028846153846153848,3,2c9a388f-0042-4b88-b52b-ea0b21fb7960,p5head_ex,1,495244.5826285237
0.7474729862178681,0.6200740154218759,False,0.055027326280448305,0.03138950892857143,False,0.29994419642857145,0.9415873015873016,3,2c9c7310-1292-4b46-ba75-f1eacd3d5074,p5head_ex,1,495244.5826285237
0.9783467412610258,0.9975482895634087,True,0.07506436822034492,0.02391581632653061,False,0.3035913584183674,0.6516666666666666,3,2cfbc16c-f1e4-4ed2-b9eb-4d0c40b90800,p5head_ex,1,495244.5826285237
0.7342215060826813,0.5398227171631188,False,0.3307619751689559,0.2116749043367347,False,0.30502630739795916,0.9014217117032295,3,2e853bc6-714b-4092-b570-ec70dcc13911,p5head_ex,2,495244.5826285237
0.819557097146755,0.719859609812683,False,0.16077389955035262,0.06618702168367346,False,0.19144610969387754,0.6112616681722373,3,2f6374c9-baec-4236-acb4-a3815dc8243a,p5head_ex,2,495244.5826285237
0.985434770541767,0.9596780523772905,True,0.05127108095254694,0.017916932397959183,False,0.36812420280612246,1.0,3,3036ca10-8d42-4749-81e2-8ed235a6a567,p5head_ex,1,495244.5826285237
0.319234571388222,0.5,False,0.0,0.012137276785714286,False,0.20436065051020408,0.9474548440065681,3,3041969c-8db3-448c-98fd-10ff11dd59d4,p5head_ex,1,495244.5826285237
0.8764076669712557,0.7510312429353418,False,0.15764265422856227,0.06337691326530612,False,0.3256337691326531,1.0,3,306ff5d4-1ea2-4ce1-9fc7-25a98fac5148,p5head_ex,2,495244.5826285237
0.226317504276289,0.4687806793638327,False,0.0,0.021285076530612245,False,0.12055564413265306,0.8951310861423221,3,314f6860-4382-4ccd-a787-34b388e673f1,p5head_ex,2,495244.5826285237
0.45220664606122546,0.2566582840870141,False,0.08743062971150138,0.09034199617346939,False,0.35429288903061223,0.8360908890359585,3,316eed14-0f52-44f9-8be0-12e045324a4a,p5head_ex,3,495244.5826285237
0.8562519221337342,0.8362075813574574,False,0.13361050009680114,0.03268494897959184,False,0.5118183992346939,1.0,3,31a115d1-ad82-4fd8-be3d-76d918338afa,p5head_ex,1,495244.5826285237
0.6023468615574585,0.5853557736891353,True,0.1617926169324146,0.11322146045918367,False,0.4443957270408163,1.0,3,31ea34d0-7ac3-4069-85ce-641bb524ec63,p5head_ex,2,495244.5826285237
0.7298800876196416,0.6155165018910133,True,0.2518178149987201,0.1331513073979592,False,0.3721500318877551,0.7995809010627152,3,320fb85d-09c5-4c0b-be25-91c0086c2c51,p5head_ex,3,495244.5826285237
0.9019877666312772,0.7837984900802198,False,0.18465103191385288,0.10224011479591837,False,0.3627830038265306,1.0,3,323d4055-2830-433c-8585-e02ff7821a17,p5head_ex,2,495244.5826285237
0.8035608724276194,0.8472617871773578,True,0.1621106713659597,0.06696428571428571,False,0.31837930484693877,0.9625,3,3247efbe-0804-4aa6-865b-155e6b9bbb86,p5head_ex,2,495244.5826285237
0.3745328677326472,0.4362263559410597,False,0.0,0.02405532525510204,False,0.40547273596938777,1.0,3,32a5977f-f8ab-41c9-9b51-5387248e4675,p5head_ex,2,495244.5826285237
0.49836842796577824,0.5611550020267957,False,0.033348125132458245,0.07415896045918367,False,0.42637914540816324,0.8820209621069605,3,32dbe7f3-6c0d-4320-9c89-775dbbb933e8,p5head_ex,2,495244.5826285237
0.7593905160147704,0.611467134198642,True,0.19140790474430236,0.10935507015306123,False,0.23084741709183673,0.8973938399854201,3,32f1f953-db5b-459c-bb4f-4b785ee2c3a2,p5head_ex,2,495244.5826285237
0.6813556245204845,0.7326094749215393,True,0.20211494905868832,0.08846859056122448,False,0.3526586415816326,0.61567920702861,3,32fbc636-5413-419b-8539-6e6a7cca9f4b,p5head_ex,2,495244.5826285237
0.3451380059877784,0.43626680635585824,False,0.0,0.02810108418367347,False,0.25063775510204084,0.7957446808510639,3,338019e9-6ee8-47cc-b49f-32dd39c0adbc,p5head_ex,2,495244.5826285237
0.4152462728010594,0.416699123661149,False,0.0,0.06692442602040816,False,0.258968431122449,0.8111971411554497,3,338a1c2f-60a7-4656-ba2c-8c99103da696,p5head_ex,3,495244.5826285237
0.7506059465619844,0.584128035953041,True,0.3420522565452763,0.24938217474489796,False,0.35477120535714285,0.864540877487413,3,33b72cc6-9c86-4664-91f9-df8bb63e349e,p5head_ex,2,495244.5826285237
0.5,0.5,False,0.0,0.024872448979591837,True,0.3621452487244898,0.9855769230769231,3,33d18acf-9ad3-4441-9167-e23bf9a3022f,p5head_ex,1,495244.5826285237
0.8453010793378579,0.6813128504776629,True,0.1633706434301198,0.07641103316326531,False,0.320491868622449,0.7626499739175796,3,33d2956a-0501-471e-847f-ef9a0f4a18d2,p5head_ex,2,495244.5826285237
0.8435602387334079,0.7356907857900993,True,0.49387158304774065,0.2916733099489796,False,0.2318439094387755,0.6787837376153057,3,340244af-50e9-405f-85af-7fe6c8e0f838,p5head_ex,2,495244.5826285237
0.7926136245287342,0.8868895734793794,False,0.039974098490090836,0.01865433673469388,False,0.32657047193877553,1.0,3,34411756-b5ea-47b6-bcb4-3dd037d95eba,p5head_ex,1,495244.5826285237
0.40728476821192056,0.45202594276544533,False,0.0,0.036989795918367346,False,0.33506058673469385,1.0,3,34858b4b-37ff-4130-be8f-7075f3f3b056,p5head_ex,1,495244.5826285237
0.9672861504842689,0.9514451145998012,False,0.16737947696013608,0.034837372448979595,False,0.5000398596938775,1.0,3,348699f9-4eb2-42b7-b9e8-8bc3230b32a5,p5head_ex,1,495244.5826285237
0.8633330260269018,0.7028710523441104,True,0.34966880618751145,0.21936782525510204,False,0.24111128826530612,0.8112110475152176,3,34873b9f-5305-404e-b7f7-5105feede48a,p5head_ex,2,495244.5826285237
0.6657519970161372,0.6263802507318234,True,0.4143746358905903,0.2579719387755102,False,0.2835220025510204,0.8191440049443758,3,34956207-2ebf-4a47-bc56-faf23701adf2,p5head_ex,2,495244.5826285237
0.6673773384322125,0.5795676794711216,True,0.2292914761223563,0.15098852040816327,False,0.3147122130102041,0.9297782470960929,3,3496cccd-1600-4ae9-920f-a5bf7919801c,p5head_ex,2,495244.5826285237
0.9606286212957176,0.9607801593965801,True,0.23438927742601431,0.06457270408163265,False,0.2141063456632653,0.8243827160493827,3,349f45a5-625e-4332-9f9e-93c781f9dacf,p5head_ex,1,495244.5826285237
0.6397173031801496,0.6948895774237825,False,0.1154228337242934,0.07011320153061225,False,0.23455436862244897,0.9977259806708357,3,34aba493-c3b3-49db-a2fa-b65345248969,p5head_ex,2,495244.5826285237
0.5,0.5,False,0.0,0.024274553571428572,True,0.3544921875,1.0,3,34d37f0b-6aeb-4af0-b0cf-f4516a3035af,p5head_ex,1,495244.5826285237
0.4167830916207173,0.5320310223214947,False,0.03354976745302934,0.14518893494897958,False,0.2680564413265306,0.8365133836650652,3,34dde192-6b08-405f-9672-60e19c896d28,p5head_ex,2,495244.5826285237
0.9925989686610763,0.9776881112717192,True,0.06601813954335968,0.018494897959183673,False,0.3043885522959184,0.9859913793103449,3,34fdff09-5bc2-4df5-b8cf-3c37662037c8,p5head_ex,1,495244.5826285237
0.6002287639888755,0.5694487042583726,True,0.518639554089503,0.39742107780612246,False,0.4029017857142857,0.7699714156762449,3,351d5ab2-c3a6-40ed-baf5-b4a68f45eb4e,p5head_ex,2,495244.5826285237
0.8515936103995043,0.781989710629701,True,0.38400022785188975,0.1483577806122449,False,0.30044244260204084,0.9763567974207416,3,3560b1b0-6f5d-4439-b9ca-2043e8cbecd9,p5head_ex,2,495244.5826285237
0.7948958294099336,0.6019299376041325,True,0.3179251663156517,0.1700015943877551,False,0.22279575892857142,0.7858147713950762,3,3588a0b5-1a41-4afc-a5c9-56d37548bae2,p5head_ex,2,495244.5826285237
0.8848176102451994,0.8151865751565972,True,0.38454103604535755,0.21603954081632654,False,0.33336654974489793,0.8617158671586715,3,35ab0be2-1772-4ef7-b8f9-45e5e371ac11,p5head_ex,2,495244.5826285237
0.9790058450629024,0.9479780970086814,True,0.1431573160880606,0.03419961734693878,False,0.3626235650510204,1.0,3,35bdb4ca-55d0-4d4c-b2e6-ea721f24d985,p5head_ex,1,495244.5826285237
0.5748239820404696,0.6055096842118592,True,0.3520551816467628,0.19128667091836735,False,0.4216358418367347,0.9102938112106689,3,35c45480-3cfc-4988-8bd7-4c1ee56ed88b,p5head_ex,2,495244.5826285237
0.8196520089933427,0.9226458383295076,False,0.5268989010870937,0.35275829081632654,False,0.2992665816326531,0.391864406779661,3,35dd41bb-baee-48e7-a450-95532043dc36,p5head_ex,2,495244.5826285237
0.9242951202249082,0.8378980776881372,True,0.5186472748425567,0.2889030612244898,False,0.5402184311224489,0.9869619205298014,3,35ef8c74-74d5-49ae-8b45-98d349344628,p5head_ex,2,495244.5826285237
0.38379436939034073,0.30436067034962405,False,0.010689865949310364,0.05151865433673469,False,0.41250797193877553,0.9876208897485493,3,36698ec6-be46-4899-9465-2bfe70780ba2,p5head_ex,1,495244.5826285237
0.986274759926873,0.9448298475780745,True,0.14217732943397865,0.05058195153061224,False,0.2718032525510204,1.0,3,3690bde1-7419-46a5-baa2-14b88feed1ea,p5head_ex,1,495244.5826285237
0.8855309875580331,0.8640544032011236,True,0.18527939600258708,0.0760921556122449,False,0.35313695790816324,0.9937139863803038,3,36c3ea72-267d-4eb7-a0b2-a3e34acd2d07,p5head_ex,1,495244.5826285237
0.6478252860986542,0.582973060495498,True,0.46361802004651564,0.29886798469387754,False,0.3002431441326531,0.7543344891971192,3,370e4257-86fb-40b7-a4df-b8a3a7b25226,p5head_ex,2,495244.5826285237
0.5528764123380492,0.5952136985466688,False,0.20245968113980092,0.16224888392857142,False,0.2677375637755102,0.9375998034639479,3,37261c45-c1d3-4e6b-9d3a-a2ca48b99db8,p5head_ex,2,495244.5826285237
0.6875964827861659,0.6533914150274233,False,0.47623166809317513,0.24681122448979592,False,0.27943638392857145,0.8168604651162791,3,3730cf87-f147-4872-8885-44700d3eacaf,p5head_ex,2,495244.5826285237
0.9105199405510711,0.7999722529267379,True,0.2869625844628566,0.10923549107142858,False,0.22102200255102042,0.8633461047254151,3,376a6f4e-a470-48e7-9092-b6179f296e46,p5head_ex,2,495244.5826285237
0.6220222764799687,0.5377075154212806,True,0.5691266239571041,0.458984375,False,0.40334024234693877,0.7836300477637864,3,379b5fc2-ad30-4dd5-be88-a633ff87649c,p5head_ex,2,495244.5826285237
0.7631121041330862,0.649495314950719,True,0.4530189797705204,0.3096500318877551,False,0.33701371173469385,0.8289245027997683,3,37a63005-ac07-4f34-a770-3ffa029478c6,p5head_ex,2,495244.5826285237
0.8984736462994127,0.8017266500159203,True,0.46381375872300923,0.26028380102040816,False,0.3973812181122449,0.888208269525268,3,37abb6cd-4189-4750-bfdf-faf6bad1b233,p5head_ex,2,495244.5826285237
0.7016441365362797,0.7702977079731228,True,0.191751462090537,0.11025191326530612,False,0.32686941964285715,0.6480477223427332,3,37da4826-2d0a-41dc-8a81-720bef416a37,p5head_ex,2,495244.5826285237
0.8235873542860136,0.6586217225684766,True,0.3977287886122832,0.22706074617346939,False,0.309390943877551,0.9290792591942421,3,3810c7be-ecfe-47f6-bdf9-39fcb52e9c6f,p5head_ex,2,495244.5826285237
0.7393736015281228,0.719285868877568,False,0.08482719160565892,0.031568877551020405,False,0.2975924744897959,1.0,3,38395193-8ed1-4d49-9f3e-4d9a2418eaed,p5head_ex,1,495244.5826285237
0.16599239420665102,0.16960414703110274,False,0.0,0.014748086734693877,False,0.22620376275510204,1.0,3,386334b4-06db-4a66-a7f1-9d0a6d9f2cdb,p5head_ex,1,495244.5826285237
0.5,0.5,False,0.0,0.07928093112244898,True,0.2823062818877551,0.8288084464555053,3,388cc388-c2aa-4bfe-8a63-4565c626d951,p5head_ex,2,495244.5826285237
0.9327949318006759,0.8404579684830655,True,0.14751307559774396,0.06680484693877552,False,0.3387476084183674,0.9985083532219571,3,388d9b4f-6c31-44ac-b878-8f5c3843fd1f,p5head_ex,2,495244.5826285237
0.8715621763211917,0.8433303809889964,True,0.4656529139829788,0.3013193558673469,False,0.3443080357142857,0.8515113433428136,3,3892a267-e293-471a-b15f-ba5d2e453f64,p5head_ex,2,495244.5826285237
0.7993716082423225,0.6823137435068032,True,0.40095485263832725,0.23441485969387754,False,0.3861607142857143,0.9694779799353851,3,389628be-67a0-4854-a44e-0c4e2df93b04,p5head_ex,2,495244.5826285237
0.6237089378193126,0.7051454716045551,False,0.0732403362717946,0.0498046875,False,0.44882015306122447,1.0,3,38c31493-fc1c-49e2-8e16-88abd447dcfe,p5head_ex,1,495244.5826285237
0.43969172780507504,0.458706250454777,False,0.0,0.11170679209183673,False,0.37137276785714285,0.872613737734166,3,38dee80a-f2e3-41f4-8a72-1f89f4a9c003,p5head_ex,2,495244.5826285237
0.8100736059910941,0.5377489126225223,False,0.056815647031417324,0.03170838647959184,False,0.2132294323979592,1.0,3,38dee97d-933d-48f7-8f77-dbb7bc9b2776,p5head_ex,1,495244.5826285237
0.8752734780858789,0.8685644979775944,False,0.15528783955500913,0.08149314413265306,False,0.38478555484693877,0.7767180239667401,3,393b8e45-6d97-4013-8100-27ebf07a1dad,p5head_ex,2,495244.5826285237
0.9879873393981657,0.986421130752325,True,0.19453264643930884,0.047353316326530615,False,0.41153140943877553,0.8863636363636364,3,393e9541-7b37-47cb-a706-a3e518f440af,p5head_ex,1,495244.5826285237
0.5869188296194646,0.6304769376096364,False,0.04162393167649021,0.0738998724489796,False,0.38319116709183676,0.947680690399137,3,394e0236-0dbc-47a4-8da7-0e4e5311f690,p5head_ex,2,495244.5826285237
0.6302340488900244,0.5442285682996312,True,0.2671249531722494,0.15443638392857142,False,0.34500558035714285,0.8303006839592205,3,39be0109-70d7-4bec-a59e-970da31447b2,p5head_ex,2,495244.5826285237
0.701018672404821,0.5661947369216823,True,0.1101800085879653,0.055564413265306124,False,0.32108976403061223,0.9784791965566715,3,39d6260d-397c-46cc-bdac-c8e908a91f6e,p5head_ex,2,495244.5826285237
0.5014716117932875,0.3826785423664852,True,0.42150293454137155,0.39150191326530615,False,0.3774513711734694,0.8114436978212177,3,39d69ac2-14d7-4659-af55-125893812ad8,p5head_ex,2,495244.5826285237
0.6769827516260151,0.6077969447690884,True,0.2386906531545739,0.08093510841836735,False,0.3612683354591837,0.881310022162029,3,39d8b259-c37f-4e07-b128-b768d8d7a010,p5head_ex,2,495244.5826285237
0.9962018545873866,0.9892940891239406,True,0.1973363909302857,0.06457270408163265,False,0.34225526147959184,0.9944444444444445,3,3a03d95c-fea8-471e-b7b8-e8efef2fd4a9,p5head_ex,1,495244.5826285237
0.9912621382635024,0.9704548152946036,True,0.13998047529993543,0.042490433673469385,False,0.31774154974489793,1.0,3,3a0c1a58-6d13-43f3-a5a0-07d8ecdf7fd5,p5head_ex,1,495244.5826285237
0.8666360317179018,0.6162945150894789,True,0.37509041043115765,0.18062420280612246,False,0.19838169642857142,0.8184927728125345,3,3a0c80db-3411-4547-8822-01f6e746bc51,p5head_ex,2,495244.5826285237
0.9462902617033839,0.9124811329009218,True,0.3298550443807181,0.16386320153061223,False,0.27146444515306123,0.8365361225979081,3,3a4bdc29-1bbf-4dd9-9fe7-00c42a081bc1,p5head_ex,2,495244.5826285237
0.7201819487360749,0.6850817400085231,False,0.2484813246480107,0.09155771683673469,False,0.5444036989795918,1.0,3,3a510377-9cb0-4fa2-97fd-3c663e64ec9f,p5head_ex,3,495244.5826285237
0.8610955163476595,0.7507709433367962,True,0.5611888372805017,0.36838329081632654,False,0.41890545280612246,0.8550097381519152,3,3a7cb9dd-169c-467e-a5f7-c179a6459d80,p5head_ex,2,495244.5826285237
0.9929415272183273,0.9860537012309608,True,0.21018028324515325,0.055564413265306124,False,0.4358059630102041,0.9652080344332855,3,3a9196af-16e0-4a6a-95e4-426614770eb2,p5head_ex,1,495244.5826285237
0.8384373448930204,0.8390611221188703,True,0.35905204557878234,0.12252869897959184,False,0.36856265943877553,0.929733246584255,3,3abb7176-035d-46cc-844e-820870e8154b,p5head_ex,1,495244.5826285237
0.8346481342339027,0.777575940286836,False,0.2856020556643823,0.14407286352040816,False,0.26297433035714285,0.7667727209849219,3,3b1a0e72-4870-4927-8171-293f1a767bde,p5head_ex,2,495244.5826285237
0.8812813217698005,0.943972388406406,True,0.10917991137345578,0.04591836734693878,False,0.3780492665816326,0.7026909722222222,3,3b2cd577-6e31-4b41-8349-dacac273aadf,p5head_ex,1,495244.5826285237
0.7975845684097719,0.6781319372998866,True,0.15079013751503148,0.08071588010204081,False,0.35202088647959184,0.9990123456790123,3,3b75d0e1-a430-4d1e-a89e-672d25ca6953,p5head_ex,2,495244.5826285237
0.7452272120492806,0.6605495451133173,True,0.4618181590926922,0.2641501913265306,False,0.3724888392857143,0.8646446355817112,3,3b8f18ac-4583-4d1f-b3d5-27b8ee43f5e2,p5head_ex,2,495244.5826285237
0.7516533811947073,0.7278633169029999,True,0.34987461222872607,0.15760522959183673,False,0.33418367346938777,0.8132271117855336,3,3bb0913d-db75-4c66-81bd-fdd9143eef15,p5head_ex,2,495244.5826285237
0.9151456815847338,0.9609101183142669,True,0.22074348561200222,0.06684470663265306,False,0.3328882334183674,0.7191413237924866,3,3bb9b9b3-b086-4083-ae6f-d1f86c3eb089,p5head_ex,2,495244.5826285237
0.9208921443095008,0.9184885465869856,False,0.1376654674173824,0.07053172831632654,False,0.3758569834183674,0.6756145803899407,3,3bd214a7-b62f-4e31-93c5-9cea5c2a8a30,p5head_ex,2,495244.5826285237
0.5571847716949488,0.62949402622805,False,0.14166512951078986,0.09946986607142858,False,0.45936304209183676,1.0,3,3bdf49c0-0eed-4b48-b831-1510cffd2d04,p5head_ex,2,495244.5826285237
0.7105299630018911,0.6275599315255679,True,0.4126427359568349,0.28065210459183676,False,0.34610172193877553,0.8875869904843062,3,3be59bb1-6183-4c8d-9ac8-4591b6ab90d0,p5head_ex,2,495244.5826285237
0.37085083601021335,0.3421237940990071,False,0.0,0.032126913265306124,False,0.3072983099489796,0.7555831265508685,3,3c2270fa-2323-48c2-a341-1ea0d84d7cee,p5head_ex,1,495244.5826285237
0.9126056196728869,0.8497555636984996,True,0.2676599992221148,0.07168765943877552,False,0.22195870535714285,0.8668334723380595,3,3c239733-d999-4dad-ab3b-3b5bf7b893b7,p5head_ex,2,495244.5826285237
0.7204493391375153,0.624031604210751,True,0.40498132329318265,0.15886080994897958,False,0.25649713010204084,0.9209634926608957,3,3c4945ed-5abe-46b4-ad72-8377685fa14e,p5head_ex,2,495244.5826285237
0.4488485528028688,0.5163050257594517,False,0.009723633942300922,0.12858737244897958,False,0.3246372767857143,0.884221946683199,3,3c806302-fbec-46b7-aa1c-62e06ac85cd3,p5head_ex,2,495244.5826285237
0.6732598411338244,0.7207979436987374,False,0.0707288801980013,0.03892299107142857,False,0.4116310586734694,1.0,3,3c8e008b-261a-4f4e-bbb3-d3651cfd7dfa,p5head_ex,1,495244.5826285237
0.31853670563579956,0.2890854572713643,False,0.0,0.029994419642857144,False,0.36232461734693877,1.0,3,3c8ebe92-dc43-48b9-bbfd-03dbc128d2af,p5head_ex,1,495244.5826285237
0.7691935741821484,0.5958924603566101,True,0.43498631673818966,0.2833625637755102,False,0.3496691645408163,0.828527219018146,3,3c9b55d0-d7a4-4ece-99e0-3393bf619e70,p5head_ex,2,495244.5826285237
0.616889930860826,0.5311034606544155,True,0.5719138574397176,0.48399633290816324,False,0.5071548150510204,0.8557134033353923,3,3ca6661a-ffbd-4d4d-b49b-c96cfd218307,p5head_ex,2,495244.5826285237
0.8001563990886656,0.6413405245737006,True,0.3643244190970162,0.244140625,False,0.285953443877551,0.8734693877551021,3,3d04aef0-2bb8-4de2-a871-4c814bca5d9b,p5head_ex,2,495244.5826285237
0.7911800411925193,0.7040867063965376,True,0.21764035403235255,0.10503029336734694,False,0.3544323979591837,0.9943074003795066,3,3d0b66d4-1954-4454-95e6-e3888e596bac,p5head_ex,2,495244.5826285237
0.6756335486807872,0.5744979529225428,False,0.14733814992056793,0.09799505739795919,False,0.265445631377551,0.9896278218425869,3,3d2acab8-4160-4aa6-8071-4ab0fa1313ef,p5head_ex,2,495244.5826285237
0.8842063693108602,0.8402492187058788,False,0.45503305351030676,0.2014110331632653,False,0.2852758290816326,0.5519493370275084,3,3d33aaf8-2163-4126-888b-1596478fe2be,p5head_ex,2,495244.5826285237
0.9887778507867263,0.986714087046605,True,0.146608555236328,0.05082110969387755,False,0.4321189413265306,0.9905882352941177,3,3d341003-fe1c-4709-a20a-0a543a3e3743,p5head_ex,1,495244.5826285237
0.6991073236316883,0.6663846802328756,True,0.3519374157124729,0.11551339285714286,False,0.22684151785714285,0.9137336093857833,3,3d62329f-40d2-41e5-bcdd-c7eabc33f516,p5head_ex,2,495244.5826285237
0.9609196585967916,0.9545328348802706,True,0.4723304803643458,0.11935985331632654,False,0.3499083227040816,0.8839539155117716,3,3d643bc7-85ea-4684-88f6-4e2ee36ff46d,p5head_ex,1,495244.5826285237
0.5264086829811011,0.4578443137475494,False,0.09208350976884307,0.04743303571428571,False,0.29398517219387754,0.973109243697479,3,3d7cde16-cbce-4a84-997c-11b9befe3f23,p5head_ex,2,495244.5826285237
0.7247953632134683,0.5412588412697736,True,0.4879808319810865,0.3315927933673469,False,0.33565848214285715,0.8019593701166006,3,3db4f481-4e2e-4dd0-a191-a807ee22a39b,p5head_ex,2,495244.5826285237
0.49599506781381897,0.5735390517457307,False,0.0015959757815128435,0.013452646683673469,False,0.38089923469387754,0.7437037037037038,3,3dc73486-dbf7-4b9d-9e26-fb24848b16a2,p5head_ex,1,495244.5826285237
0.22528103019613677,0.49494032174364294,False,0.0,0.06212133290816327,False,0.13538345025510204,0.942893808148861,3,3e2db6da-3b64-4388-8098-1c4c037ec03a,p5head_ex,2,495244.5826285237
0.37090663120123496,0.45529870418278146,False,0.009720994142824442,0.04165338010204082,False,0.4384167729591837,1.0,3,3e2fa4f1-9513-41c6-b520-43154569f8cc,p5head_ex,1,495244.5826285237
0.9902461837503865,0.9810367350578534,True,0.16345864235706267,0.03186782525510204,False,0.2249481823979592,0.9643527204502814,3,3e37afc9-f726-407c-84d0-df382e141721,p5head_ex,1,495244.5826285237
0.875768830137954,0.8417318641263412,True,0.37635962770842396,0.19626913265306123,False,0.3327686543367347,0.8318440292445166,3,3e80e9c7-8f9a-4da5-b084-6f3d364d6010,p5head_ex,2,495244.5826285237
0.5494718190031491,0.5085707295980274,False,0.2077563620384349,0.16248804209183673,False,0.1911670918367347,0.5799092358640991,3,3ecaa81f-9128-4e65-951a-091280adb30d,p5head_ex,2,495244.5826285237
0.832488674527148,0.7410616682586821,False,0.03268941353418166,0.015625,False,0.32816485969387754,1.0,3,3ed830ca-6746-47e8-b91e-0cfeeff9f9d2,p5head_ex,1,495244.5826285237
0.9680749800454336,0.9283274483726291,True,0.29222133596467953,0.1319953762755102,False,0.28896285076530615,0.8182092707232372,3,3ee66e0c-e360-4e76-ba81-b65f8600ae32,p5head_ex,2,495244.5826285237
0.2754337325911326,0.3626781922960267,False,0.0,0.07985889668367346,False,0.47403140943877553,0.99900174694285,3,3f167f68-6cde-478d-8e78-9ae22529c22f,p5head_ex,3,495244.5826285237
0.5202492354966678,0.595738951533938,False,0.004994821952113525,0.11858258928571429,False,0.4529655612244898,0.9489075630252101,3,3f20c5bb-e534-42fe-b3f7-b6c3c4ec01ed,p5head_ex,2,495244.5826285237
0.8238652113258382,0.8648959403087467,False,0.45555183300039814,0.258968431122449,False,0.4201809630102041,0.8598583961828536,3,3f21e402-4cf3-451e-bb19-f28bfbd1796a,p5head_ex,2,495244.5826285237
0.12090961809295005,0.08309787522603979,False,0.0,0.03770727040816327,False,0.38968829719387754,0.9815010570824524,3,3f25e62e-b79f-4cdd-8607-adc010808d4c,p5head_ex,1,495244.5826285237
0.9006738135113821,0.729648257541101,False,0.06804907652552496,0.02574936224489796,False,0.28579400510204084,1.0,3,3f283405-31fa-4865-acbc-0be1e297546d,p5head_ex,1,495244.5826285237
0.883505829677587,0.8782792234998631,True,0.3701257258272731,0.12416294642857142,False,0.3662906568877551,0.8971107544141252,3,3f350a20-291b-4a3c-8e7b-72b885f19ec9,p5head_ex,2,495244.5826285237
0.5916422926582375,0.49256051129943546,True,0.3508022308664982,0.25314891581632654,False,0.31056680484693877,0.855849472524012,3,3f79f27a-6d84-4ff1-88a2-eb05ff9a5f57,p5head_ex,2,495244.5826285237
0.3681050617206065,0.4586033700583279,False,0.0,0.05227598852040816,False,0.29823022959183676,0.9988562714449104,3,3f7e55d4-fa63-42d3-8732-98d16f2e34be,p5head_ex,1,495244.5826285237
0.950928782628302,0.9345220043496058,True,0.36027487062777264,0.16282684948979592,False,0.38779496173469385,0.9826193390452876,3,3fa13d7f-8b18-443d-8dfe-2b098bfec24a,p5head_ex,2,495244.5826285237
0.5913607346107448,0.6092755165065865,False,0.12566687754830996,0.09273357780612244,False,0.26743861607142855,0.9871050934880722,3,3fa7ddd4-6491-4809-8a46-fdfc6931ca22,p5head_ex,2,495244.5826285237
0.59507265772782,0.5477154534590559,False,0.07030047122002482,0.11527423469387756,False,0.24342315051020408,0.7131742738589212,3,3fb60904-497c-4009-94cd-aa4e28ecc854,p5head_ex,2,495244.5826285237
0.6125046107673806,0.5287479024644922,True,0.5770738338238611,0.41922433035714285,False,0.31455277423469385,0.671404801521274,3,3ff0bd8f-7257-4ba9-a4ae-ae0c9f9138d7,p5head_ex,2,495244.5826285237
0.8826069058205432,0.6926277626237983,True,0.3047962454688294,0.13639987244897958,False,0.13374920280612246,0.7367036820572764,3,3ff3fc6e-bef0-4d90-a4a5-0eb40c1f7710,p5head_ex,2,495244.5826285237
0.7546330845683725,0.6533369885094803,False,0.18640576895076846,0.12047592474489796,False,0.35788026147959184,0.8239867659222498,3,407bc983-cb9f-4559-9e82-8b559e466042,p5head_ex,2,495244.5826285237
0.8852126131304167,0.7968595887239149,True,0.31016237270694763,0.11019212372448979,False,0.47265625,0.9998191354675349,3,40ef3f33-d990-4a08-b652-ed4e02e84159,p5head_ex,1,495244.5826285237
0.8923348293629415,0.6439782408371861,True,0.4348828622954543,0.23580994897959184,False,0.2914341517857143,0.8221771467207573,3,41159056-4cb8-4937-aa38-ad56a362c673,p5head_ex,2,495244.5826285237
0.7426448912153069,0.6206620683909089,True,0.24810330939886102,0.15473533163265307,False,0.16159119897959184,0.35922205048943845,3,41560731-6e3f-44b9-b951-e789bb8e0cc8,p5head_ex,2,495244.5826285237
0.9825473739989875,0.9796989419596893,True,0.18954946285226856,0.035235969387755105,False,0.3580994897959184,0.918552036199095,3,41c35afe-fac7-4688-943c-7127cd7dd136,p5head_ex,1,495244.5826285237
0.5441075645359581,0.7788891447510743,False,0.05311252651169933,0.10186144770408163,False,0.28316326530612246,0.6237526902758755,3,4217397c-f5d1-4890-8d71-5c6eebf8340e,p5head_ex,2,495244.5826285237
0.9089773551920202,0.6484078604051453,True,0.3831387910429171,0.14034598214285715,False,0.17574139030612246,0.8368361261005396,3,42900731-1044-4fca-9641-96c7dd02625c,p5head_ex,2,495244.5826285237
0.7567548877485148,0.8044153757195021,True,0.3798036394990133,0.25779257015306123,False,0.24306441326530612,0.6360262852725165,3,42c53ccc-0051-4682-83f4-9c1bb3cc175a,p5head_ex,2,495244.5826285237
0.9460683362200023,0.896222666153315,True,0.14733170351513877,0.037109375,False,0.25125558035714285,0.7030075187969925,3,42da1a6f-7984-4d82-b10a-603b8e3724c5,p5head_ex,1,495244.5826285237
0.8818824606783671,0.8250654200800152,True,0.3723621735051233,0.22899394132653061,False,0.3754185267857143,0.8599651871192341,3,431e971a-2b49-460f-a870-57aa856e56d2,p5head_ex,2,495244.5826285237
0.9056265703651112,0.8675729732702947,True,0.5801302758971265,0.0778061224489796,False,0.3311742665816326,0.8691086065573771,3,442882b2-28f4-4994-9ae2-5072b566687b,p5head_ex,1,495244.5826285237
0.9306187166050005,0.6974304135542294,True,0.22710230348546592,0.09375,False,0.16657366071428573,0.985969387755102,3,446ed45f-a926-45ab-a93e-3e047c2c7440,p5head_ex,2,495244.5826285237
0.8545807980779702,0.5815183796871763,False,0.049079283173474694,0.02391581632653061,False,0.280452806122449,1.0,3,44b2c703-136a-4e7f-936e-5b9bde44251e,p5head_ex,1,495244.5826285237
0.7999378277421126,0.9570804094242495,False,0.06820172379745978,0.029137436224489797,False,0.27529097576530615,1.0,3,44da3869-4815-4f7c-9350-a396d9961443,p5head_ex,1,495244.5826285237
0.598180841297996,0.5486332941413636,True,0.2937960650932948,0.21364795918367346,False,0.3807397959183674,0.9506529850746268,3,4586263a-a2e0-4484-ac01-968b45a3b897,p5head_ex,2,495244.5826285237
0.9824502600027734,0.9741763772135237,True,0.18600437094754294,0.04645647321428571,False,0.3535754145408163,0.9845559845559846,3,45e92e87-9e8e-4783-ba97-c032c17864da,p5head_ex,1,495244.5826285237
0.5,0.5,False,0.0,0.19975685586734693,True,0.36501514668367346,0.8537364062655891,3,464d7389-cbe4-46df-a2fe-b5c9bfca664e,p5head_ex,2,495244.5826285237
0.6721074264093746,0.6003029346410494,False,0.2030026869753968,0.13259327168367346,False,0.3533960459183674,0.9971441454982715,3,4668a90c-d352-47d0-a3ac-a54aa8ce053b,p5head_ex,3,495244.5826285237
0.7917827717064853,0.7662158151641141,True,0.4313825144277536,0.1659359056122449,False,0.3242785395408163,0.9503963487869325,3,469ee828-7b1a-436b-accb-f928582d1330,p5head_ex,2,495244.5826285237
0.856484323665012,0.5944867489604498,False,0.23942445267877388,0.13111846301020408,False,0.2439014668367347,0.9857121143030856,3,46e6b4be-e2aa-4b5a-8917-9c0846ac0430,p5head_ex,2,495244.5826285237
0.9786648433087269,0.9648567872317518,True,0.30644725891035246,0.11270328443877552,False,0.3130580357142857,0.8141467727674624,3,473f3632-c6d0-4a5b-9cab-f1c6d24a7424,p5head_ex,1,495244.5826285237
0.2646661031276416,0.28950264981655116,False,0.0,0.056919642857142856,False,0.5434669961734694,0.9590336134453782,3,474c28ea-3798-48df-b93c-c90472423623,p5head_ex,1,495244.5826285237
0.8821919210723205,0.6867893107378369,True,0.3880655357823351,0.22205835459183673,False,0.31680484693877553,0.9718183450008975,3,47ec1b70-a18d-4c98-a313-4999a4059742,p5head_ex,2,495244.5826285237
0.41734005752924597,0.44544772905481805,False,0.02194493723736338,0.061443718112244895,False,0.13743622448979592,0.9620499513460915,3,48e264dc-d8d4-4e82-aa62-ed0174d321ea,p5head_ex,2,495244.5826285237
0.39776374153035693,0.36967456308931596,False,0.0023398984522939653,0.08203125,False,0.3264708227040816,0.9159378036929058,3,497a4c59-3101-4257-8c12-f052cb1aa116,p5head_ex,1,495244.5826285237
0.919183566718842,0.8271888695991841,True,0.36676065527843577,0.17763472576530612,False,0.5352957589285714,0.9909121507909795,3,4a2078dc-3789-43b2-a31e-19014d4fe3eb,p5head_ex,2,495244.5826285237
0.822449119441815,0.7357248485846898,True,0.43696088362291274,0.20918367346938777,False,0.4118104272959184,0.9692263719512195,3,4a2fec02-fe01-42cc-a1fb-a1588b147f60,p5head_ex,2,495244.5826285237
0.9148748362937027,0.9195367773755845,True,0.1436013360064044,0.05022321428571429,False,0.3471181441326531,0.8396825396825397,3,4aa7db1e-ea71-4b63-ae8a-877244ae1e06,p5head_ex,1,495244.5826285237
0.789522705967926,0.69113734714089,True,0.43448922812192875,0.2926698022959184,False,0.377132493622449,0.8074225400068097,3,4b8b9a8e-c100-46ad-9a21-5699b33656bf,p5head_ex,2,495244.5826285237
0.8673817264270212,0.6744085632196148,True,0.2940200273112058,0.17299107142857142,False,0.2589485012755102,0.8509216589861751,3,4c75d5dd-63d8-4678-9f22-61340ca246db,p5head_ex,2,495244.5826285237
0.9829050521497676,0.9689790088668283,False,0.1387107515056032,0.03264508928571429,False,0.3316127232142857,0.9993894993894994,3,4d5ca402-e14a-4b6c-86cd-d25512b31047,p5head_ex,1,495244.5826285237
0.9968303664360291,0.9925909633944748,True,0.2538341417646025,0.052734375,False,0.23977598852040816,0.8582766439909297,3,4d64af6e-6810-4ca7-9b78-c8868a6ba248,p5head_ex,1,495244.5826285237
0.8319165480092249,0.7761293632272006,False,0.4289750932420267,0.2669005102040816,False,0.3380102040816326,0.8039874551971327,3,4dbc44ca-694a-4814-9a24-bc60c8d8d611,p5head_ex,2,495244.5826285237
0.9462140550852003,0.8270210723199751,False,0.606827321088125,0.32198660714285715,False,0.33017777423469385,0.8362837335974251,3,4de71e08-58a2-4780-bf0f-24cd2ffaa6b2,p5head_ex,2,495244.5826285237
0.977791983204335,0.9782549649617787,True,0.4046229074282007,0.1114078443877551,False,0.41537786989795916,0.8354203935599285,3,4de82994-1662-4fd2-ae76-e70667dab381,p5head_ex,1,495244.5826285237
0.9417789855302072,0.911210026227935,True,0.4768025351481795,0.2666613520408163,False,0.38651945153061223,0.877204783258595,3,4edadee3-ed63-4cb8-bced-20db6b38d0cc,p5head_ex,2,495244.5826285237
0.9837007683852399,0.9665271883999734,True,0.33116190757749825,0.0975765306122449,False,0.2831234056122449,0.957312091503268,3,4fa69712-d57b-4ea9-bdf3-40cdc03f02ff,p5head_ex,1,495244.5826285237
0.8540018994649295,0.881142227033839,True,0.26106297630609915,0.11790497448979592,False,0.3930165816326531,0.9846179851250845,3,4ff92c49-7068-4dc6-8cc5-8e551e7f8db8,p5head_ex,1,495244.5826285237
0.8002423664570978,0.5288875501956714,True,0.3695979561429077,0.22901387117346939,False,0.27736367984693877,0.9122791750065269,3,5003f421-e6d3-4c2c-b713-eba27a9078c2,p5head_ex,2,495244.5826285237
0.8707930844427839,0.6014532463557252,True,0.47520416827462014,0.18746014030612246,False,0.21452487244897958,0.770890920688922,3,50533ed3-bfb4-4e56-82f7-678e03864265,p5head_ex,2,495244.5826285237
0.8091460310898457,0.6397095755019175,True,0.34836813879975487,0.21287069515306123,False,0.21462452168367346,0.7314858159348375,3,5065efd1-6ffd-4c35-9833-53f7885c3808,p5head_ex,2,495244.5826285237
0.4123400248255789,0.46371368607091573,False,0.0,0.06875797193877552,False,0.24360251913265307,0.9188405797101449,3,50cb1cac-baba-4a4a-bad1-d12cee21b2ca,p5head_ex,2,495244.5826285237
0.8278046790167066,0.7395192344029788,False,0.08560629380953653,0.03786670918367347,False,0.2592673788265306,0.5468421052631579,3,514fbabf-3986-421f-81dd-fa99d8040082,p5head_ex,1,495244.5826285237
0.8839699018561479,0.7741258067260562,True,0.3475091040623075,0.20701132015306123,False,0.32539461096938777,0.858091845576201,3,515ceb83-83d3-4d20-944d-14394023a5d3,p5head_ex,2,495244.5826285237
0.6931529543213027,0.5058236164041852,False,0.23685494390853623,0.17438616071428573,False,0.31680484693877553,0.8881142857142857,3,51c42643-1a55-4d9f-b9cb-1fd6846b22d3,p5head_ex,2,495244.5826285237
0.8350916619226538,0.763012561268666,True,0.3815691255399627,0.22863520408163265,False,0.3828722895408163,0.893305439330544,3,51fbcba7-7bdb-49de-818c-066ec4ff155f,p5head_ex,2,495244.5826285237
0.9155090667987991,0.9464223621249581,True,0.3345846382941899,0.1421795280612245,False,0.3734853316326531,0.8881412952060556,3,520d385d-0571-4204-86d5-15d7b63f04b9,p5head_ex,2,495244.5826285237
0.8302731597742896,0.8486799145276251,True,0.36639021055272386,0.20276626275510204,False,0.4584861288265306,0.9786711224690388,3,52c8dcfc-eb27-449f-aeda-b14412989a4a,p5head_ex,2,495244.5826285237
0.9875971592707246,0.9856743135752183,True,0.20508853620330725,0.06744260204081633,False,0.3381297831632653,0.8259456264775413,3,5388b543-b3cc-4d17-b620-e9defedd7715,p5head_ex,1,495244.5826285237
0.9888287134509632,0.9668151640153532,True,0.2636133884603567,0.078125,False,0.26817602040816324,0.8334183673469387,3,53e69b04-f8ec-467c-911d-a039065ec631,p5head_ex,1,495244.5826285237
0.7849914502766087,0.7986238604870901,True,0.2654843365070539,0.13950892857142858,False,0.4526267538265306,0.9272857142857143,3,549ee5af-e19d-4483-9f7b-d3025dbb1979,p5head_ex,1,495244.5826285237
0.9882917932382099,0.9894167163357284,True,0.31678607082295834,0.0751953125,False,0.38809390943877553,0.7590776570368407,3,55891cc7-b8ed-4b22-8bf0-a6039dc53727,p5head_ex,1,495244.5826285237
0.9956066193699121,0.9893866285994072,True,0.04370888913425196,0.007653061224489796,False,0.38416772959183676,1.0,3,55bf30ae-819a-4d20-816c-d45615df0688,p5head_ex,1,495244.5826285237
0.9731427542486635,0.9353477688584072,False,0.06057102360256687,0.014508928571428572,False,0.3938735650510204,1.0,3,55bf665e-e53b-4320-baa7-4fdaa54447db,p5head_ex,1,495244.5826285237
0.5879018267029733,0.4206609686792418,False,0.02517540956986797,0.024872448979591837,False,0.41328523596938777,1.0,3,56a60039-bf00-44ea-aaf2-ea50b68c4dbc,p5head_ex,1,495244.5826285237
0.9603455394135447,0.9460028580235873,False,0.16082964750522596,0.05311304209183673,False,0.32822464923469385,1.0,3,56f5bc59-c8a4-4cca-85b9-7b704532b3bd,p5head_ex,1,495244.5826285237
0.7216910998036181,0.5315875375579906,False,0.20018274846323608,0.11108896683673469,False,0.3205516581632653,1.0,3,5711b0c6-2b21-4b72-b036-c1b3160cb6b4,p5head_ex,2,495244.5826285237
0.26055998069032105,0.35874016771761036,False,0.0,0.009167729591836735,False,0.3157485650510204,1.0,3,575014d8-3cea-4d15-9c5b-5b7323131fca,p5head_ex,1,495244.5826285237
0.9805477750920861,0.9733725722034472,True,0.08953647667469282,0.017697704081632654,False,0.37440210459183676,1.0,3,57d11808-6e38-442d-b908-b5da489f73e3,p5head_ex,1,495244.5826285237
0.7847795306907066,0.8150906335065577,False,0.023918105050375105,0.010981345663265306,False,0.15232382015306123,0.8330308529945554,3,591142fb-40d8-4c86-81e3-f6437d671c37,p5head_ex,1,495244.5826285237
0.6921790457709733,0.61434330054421,False,0.26495971082783837,0.17450573979591838,False,0.4379783163265306,0.9994289629968022,3,591ef0ea-6a2f-4079-9bc2-20c988507809,p5head_ex,2,495244.5826285237
0.9290196778697052,0.8255909984438177,True,0.18336787256763967,0.07828443877551021,False,0.29978475765306123,0.9455193482688391,3,59aa41cb-ece4-46c3-8ded-a26ed0284271,p5head_ex,2,495244.5826285237
0.6872918965968516,0.9361516390132077,False,0.12743848664404162,0.029296875,False,0.260921556122449,0.20476190476190476,3,59f84187-780f-424e-a5fa-0cd4f4098e5e,p5head_ex,1,495244.5826285237
0.46047430830039526,0.43826385677479024,False,0.0,0.03188775510204082,False,0.3335658482142857,1.0,3,5a884330-8bda-4ec7-a502-677150e3d5f7,p5head_ex,1,495244.5826285237
0.9403446493817454,0.9290435010410169,True,0.47764412745781476,0.04771205357142857,False,0.24599410076530612,0.8939014202172096,3,5b19a5a1-d627-495e-80dd-c367f34a448c,p5head_ex,1,495244.5826285237
0.9921827435963316,0.9787572702920359,True,0.16042999121670648,0.06451291454081633,False,0.38620057397959184,1.0,3,5b795813-0205-4879-9bcb-69b7a417316f,p5head_ex,1,495244.5826285237
0.23584897206196367,0.31934633194210843,False,6.805707571024228e-06,0.007772640306122449,False,0.3277064732142857,1.0,3,5b924690-7a86-49b8-b36e-1d12d5f4fff6,p5head_ex,1,495244.5826285237
0.8914587729084291,0.7868685205696146,True,0.29575202503830955,0.16930404974489796,False,0.32872289540816324,0.9650382577987051,3,5bad55a2-06e1-4ee9-8fbd-555a1f75e647,p5head_ex,2,495244.5826285237
0.9935626428789337,0.9858660779158346,True,0.2572662421332048,0.04185267857142857,False,0.31307796556122447,0.8804761904761905,3,5bcc2f5b-46d9-4e87-bfc5-b4808ec4f13a,p5head_ex,1,495244.5826285237
0.9974040844799177,0.9951348187136952,True,0.11661931720385864,0.028778698979591837,False,0.3718311543367347,0.567174515235457,3,5bd3e1eb-3b86-4531-8b6c-049a37fdd8ad,p5head_ex,1,495244.5826285237
0.7126172865572301,0.554192551143077,False,0.35126088536111494,0.2660634566326531,False,0.34745695153061223,0.7436704119850187,3,5bfdc9ee-e21d-46e5-bbfc-20cea10c3175,p5head_ex,2,495244.5826285237
0.40764790764790765,0.2752203721841332,False,0.0,0.11607142857142858,False,0.3440090880102041,0.8600618131868132,3,5cf12272-d4ee-4ac7-a6dc-278500dfd009,p5head_ex,1,495244.5826285237
0.947934679416468,0.8423301176330129,True,0.15648261104567457,0.07545440051020408,False,0.26428970025510207,0.9759640781827786,3,5da671da-84f7-4847-9995-334ecf044f86,p5head_ex,2,495244.5826285237
0.4344853001392187,0.4369654805689724,False,0.0,0.02654655612244898,False,0.4763034119897959,1.0,3,5ddf194a-9266-4248-90a2-ddf0573aa569,p5head_ex,1,495244.5826285237
0.9559621295376677,0.9452929392980692,True,0.10321562352572523,0.01544563137755102,False,0.3633410395408163,1.0,3,5e36040b-0804-4c66-a879-32afdacf18ce,p5head_ex,1,495244.5826285237
0.24346100898858208,0.09360433604336044,False,0.0,0.015545280612244899,False,0.19862085459183673,0.95,3,5e3d34c0-03f0-4c4e-86b3-ecffbc624f87,p5head_ex,1,495244.5826285237
0.9959453444542465,0.9535356811862836,False,0.028531213989350438,0.005978954081632653,False,0.09199617346938775,1.0,3,5e3da45b-f7b6-4948-aad4-7a37cf9cae5b,p5head_ex,1,495244.5826285237
0.796696923127406,0.7095352599587103,True,0.2618770144030707,0.13368941326530612,False,0.3311742665816326,0.7596899224806202,3,5ed67fd4-8c5e-45ef-9d0c-1f8fef1e2fc2,p5head_ex,2,495244.5826285237
0.8319900549369696,0.6577118432446393,True,0.1739846868934203,0.059072066326530615,False,0.3140146683673469,1.0,3,5f52ae89-20ba-4536-8313-4395f5742f49,p5head_ex,1,495244.5826285237
0.8624070052907439,0.6433605215981286,True,0.08048620605401315,0.028738839285714284,False,0.14128268494897958,1.0,3,5f8240fa-94df-47ed-8f8c-3eca1f92bc28,p5head_ex,2,495244.5826285237
0.899831536169213,0.8348795224852992,True,0.25133277106251484,0.11342075892857142,False,0.36680883290816324,0.995079950799508,3,5fe137e2-d416-4f49-b685-6a3fe5367910,p5head_ex,2,495244.5826285237
0.9969829525978546,0.9897164288645018,True,0.10287922600451238,0.027981505102040817,False,0.3129185267857143,1.0,3,5feccc14-e51d-4c12-bc60-4cdf83014ee2,p5head_ex,1,495244.5826285237
0.5160315285004919,0.5341642449054629,False,0.004368340690788151,0.029057716836734693,False,0.3383689413265306,1.0,3,60a5f9e2-e144-4804-be95-0c7634cf889a,p5head_ex,1,495244.5826285237
0.7898635947845905,0.6949098016590773,True,0.15922265322917625,0.087890625,False,0.28212691326530615,0.9634920634920635,3,60ae6dde-b322-4c93-ad89-1b061fa48098,p5head_ex,2,495244.5826285237
0.981332379511916,0.9583833367933015,False,0.10007547589421083,0.02491230867346939,False,0.3129185267857143,1.0,3,60c027e6-b1fc-4064-9e9a-2301d520a19a,p5head_ex,1,495244.5826285237
0.9487815356341658,0.9965251754445732,True,0.16401964957622653,0.04448341836734694,False,0.2958984375,0.07616487455197132,3,61ce0cf3-07e0-4969-b724-beecc01f8447,p5head_ex,1,495244.5826285237
0.2431472488662359,0.2445694437244025,False,0.0,0.006816007653061225,False,0.39124282525510207,1.0,3,62bfeec8-bc21-4903-adf0-5aeff23ede5b,p5head_ex,1,495244.5826285237
0.9360971105448541,0.8035761185926399,True,0.21678152457606917,0.09363042091836735,False,0.2802734375,0.9987228607918263,3,62f42357-5ae3-4eed-a5b2-f189b545e579,p5head_ex,2,495244.5826285237
0.9372140643149846,0.8806875139918047,False,0.15963977836407808,0.04974489795918367,False,0.46291055484693877,1.0,3,647b7bbc-5cfb-4776-b157-838a4264d318,p5head_ex,1,495244.5826285237
0.9734853608308822,0.9655826285118506,False,0.09488932821410939,0.0243343431122449,False,0.3940529336734694,1.0,3,649895e4-23f6-4e75-baad-3210eadbd9fd,p5head_ex,1,495244.5826285237
0.9580002035231169,0.9087229091094811,True,0.2423952475456631,0.09693877551020408,False,0.3757174744897959,0.97265625,3,652b519d-5eb4-4abc-93f7-15ae661a431f,p5head_ex,2,495244.5826285237
0.9738486435718187,0.9403011050755355,True,0.1591382435116728,0.03551498724489796,False,0.3014588647959184,1.0,3,657e2cb9-e776-4aad-80a4-f3826adb26eb,p5head_ex,1,495244.5826285237
0.7226140977056371,0.7832162897011267,True,0.23382697920870937,0.12436224489795919,False,0.43680245535714285,0.8716346153846154,3,65b5430c-faff-4993-a138-f2cb1fb2ad06,p5head_ex,2,495244.5826285237
0.8656034502090125,0.7801415713447757,False,0.3473508082246467,0.18443080357142858,False,0.4412866709183674,0.9384050140479793,3,67b858ef-f3ff-4c13-b473-3d8ec8ef889a,p5head_ex,2,495244.5826285237
0.9817634109731249,0.9574657035020727,False,0.10385768278017321,0.03471779336734694,False,0.325992506377551,0.9890929965556832,3,67bc7433-4582-493a-af6b-82d0383d9c32,p5head_ex,1,495244.5826285237
0.9522111352837621,0.8866648363939121,True,0.1665969250640502,0.07680963010204081,False,0.31776147959183676,0.9911779968863519,3,686f3f50-0432-4f11-9bd8-63dd369af840,p5head_ex,2,495244.5826285237
0.9790948431614176,0.9601639280900292,True,0.16678251430101634,0.044642857142857144,False,0.42906967474489793,1.0,3,687fbf95-5c46-4699-8b54-ee8e947226ca,p5head_ex,1,495244.5826285237
0.9787344496077143,0.9606345461099641,True,0.07835711632516434,0.020926339285714284,False,0.25404575892857145,0.6914285714285714,3,68eede7b-2f55-4d00-8158-a0801fa7193b,p5head_ex,1,495244.5826285237
0.9947510500646582,0.9872740105729128,True,0.10247348574664239,0.025829081632653062,False,0.42763472576530615,1.0,3,6951acfe-67a2-4dcf-a1a7-638dbd3ed528,p5head_ex,1,495244.5826285237
0.9801862952421008,0.9730954295902398,True,0.2544338292300652,0.0703125,False,0.2830436862244898,0.8681972789115646,3,697ba0dd-6546-43b5-bfe6-f331fb96e0fe,p5head_ex,1,495244.5826285237
0.6707737429663829,0.38000523192517927,False,0.0065107925362836985,0.009247448979591837,False,0.25290975765306123,1.0,3,69b6a3c9-16d2-4936-bf61-4ca8a10722c6,p5head_ex,1,495244.5826285237
0.7255171642934076,0.4618633928690831,False,0.0186812846386499,0.011798469387755101,False,0.29374601403061223,1.0,3,6a078738-03df-4e3f-adb3-d203baef1e1c,p5head_ex,1,495244.5826285237
0.8819312115828278,0.7829985700745133,False,0.08679779426523213,0.04974489795918367,False,0.2639708227040816,0.8517628205128205,3,6a377640-4f7d-4f15-868a-91dfca7d6651,p5head_ex,1,495244.5826285237
0.9914664934506143,0.9685968471233638,False,0.030897845133849324,0.0067362882653061226,False,0.27664620535714285,1.0,3,6a5d55af-fc99-4957-9404-f08e4150dc55,p5head_ex,1,495244.5826285237
0.98920290706848,0.9675022610302491,False,0.039395130153655845,0.009466677295918368,False,0.33189174107142855,1.0,3,6a82ef54-9e27-4c55-afba-47298ad088c9,p5head_ex,1,495244.5826285237
0.7846204363028513,0.7310169052409483,True,0.44178312363445355,0.2505580357142857,False,0.33384486607142855,0.883868915049316,3,6ae4184c-07b8-456d-8a73-e204b7a3cf6f,p5head_ex,2,495244.5826285237
0.8119403040333791,0.7009804817424936,True,0.32333613354008145,0.21799266581632654,False,0.33412388392857145,0.7580910586944597,3,6cba26dc-51c2-4a3a-bbd7-3af8dd5bfd65,p5head_ex,2,495244.5826285237
0.7385034135717242,0.6408817686695272,True,0.31657833119755674,0.2317841198979592,False,0.4663185586734694,0.9999140154772141,3,6ccf77da-c917-4fc1-8bf7-f0e7bfd3acf4,p5head_ex,2,495244.5826285237
0.9417219534197147,0.972617331661627,True,0.264315931849819,0.06529017857142858,False,0.28609295280612246,0.9096459096459096,3,6ce856cb-8c76-4ab6-ae18-d1afea549f94,p5head_ex,1,495244.5826285237
0.9092505394270538,0.9077934828547414,False,0.07733701851662321,0.016063456632653062,False,0.28683035714285715,1.0,3,6dad7d7d-5e28-408b-9315-a74c48d88097,p5head_ex,1,495244.5826285237
0.5474186417711328,0.7987958616942745,False,0.16055077449163216,0.16745057397959184,False,0.2913145727040816,0.8706260414187098,3,6db32359-5e81-4f10-b509-5c55e1f27654,p5head_ex,2,495244.5826285237
0.8293425714320614,0.7527982533711516,True,0.3377825437594331,0.16749043367346939,False,0.2450374681122449,0.55140409328891,3,6dec415e-7e38-493d-b5e3-bd8bbb476984,p5head_ex,2,495244.5826285237
0.8469763828041981,0.6950533702788212,True,0.27082556320209905,0.13161670918367346,False,0.25354751275510207,0.9067231980617807,3,6df82c7a-a91e-487c-ae3a-9022b17d7c7a,p5head_ex,2,495244.5826285237
0.971905775391552,0.9520660879790996,True,0.1128718970886122,0.04017857142857143,False,0.38733657525510207,1.0,3,6ec8cf52-32f7-4995-91d2-07b4d6bd9d1f,p5head_ex,1,495244.5826285237
0.9224655449705811,0.9301248538863054,True,0.23723583188639938,0.11212531887755102,False,0.29262994260204084,0.7520440810522574,3,6f3177d5-1942-460b-aece-51414a64ed5b,p5head_ex,2,495244.5826285237
0.5845662377065868,0.510429431686912,True,0.056187631016241434,0.04645647321428571,False,0.33165258290816324,0.7623337623337624,3,6f4c4632-50d2-4ba9-8a75-0c651f66a096,p5head_ex,2,495244.5826285237
0.8074691847213853,0.8027310543694185,False,0.5441284168235901,0.04575892857142857,False,0.45308514030612246,0.9895470383275261,3,6f648895-e84d-40a7-a8cd-b3c0d9677a91,p5head_ex,1,495244.5826285237
0.9536484207935638,0.9649643873111377,True,0.27343964966019957,0.07366071428571429,False,0.4160953443877551,0.9572510822510822,3,6fce7a48-4cdc-4bbb-a702-2b0af9ff3498,p5head_ex,1,495244.5826285237
0.980792736991991,0.9648916727015986,True,0.17626758519969554,0.05787627551020408,False,0.2961375956632653,0.8591597796143251,3,6fe4d086-05ee-4b7c-887b-58954b0c5e6d,p5head_ex,1,495244.5826285237
0.9441077531035045,0.9849526238832756,True,0.5184074491213256,0.1774952168367347,False,0.37773038903061223,0.8795194251066697,3,702dd374-879d-4b8e-ad5b-7729f16a9ae2,p5head_ex,1,495244.5826285237
0.7107774456204655,0.522685059612958,True,0.43304924118623944,0.27841996173469385,False,0.21045918367346939,0.638940586972083,3,703bcb21-559a-4c64-9d9b-6ff164c06218,p5head_ex,2,495244.5826285237
0.982196910547621,0.9655107874395862,True,0.24247272899073732,0.05189732142857143,False,0.4086814413265306,1.0,3,70c1019f-e519-4bc3-9769-1344e65e3b38,p5head_ex,1,495244.5826285237
0.9293239071948002,0.8339140734794072,True,0.3858136550930816,0.1838329081632653,False,0.2242705676020408,0.7406764960971379,3,70e3331c-8717-4ff6-b2b5-0fefe6336bdc,p5head_ex,2,495244.5826285237
0.9756434930768113,0.9718284441245745,True,0.12058706489184146,0.030133928571428572,False,0.39724170918367346,0.9246031746031746,3,71212080-ccc5-4e0f-bfc1-95710057baea,p5head_ex,1,495244.5826285237
0.9612222449107415,0.9516631872612829,False,0.10132636931955859,0.010044642857142858,False,0.5123764349489796,1.0,3,7188416c-2072-418f-a1b0-acee21705cad,p5head_ex,1,495244.5826285237
0.9607105505619752,0.9274038182304737,False,0.08944397186693506,0.022122130102040817,False,0.35289779974489793,1.0,3,719a4121-a78a-468d-b175-5b0f5fcc992b,p5head_ex,1,495244.5826285237
0.8453263909950164,0.8360524010306734,True,0.3012959134534478,0.13227439413265307,False,0.43339445153061223,0.7173421726683743,3,719bb18b-a428-4fd8-9338-46f1187ffa5c,p5head_ex,2,495244.5826285237
0.445736751212932,0.39597553078390835,False,0.03969431587417373,0.06110491071428571,False,0.33516023596938777,1.0,3,727fd52e-3999-4f15-a113-8af93d60e1de,p5head_ex,1,495244.5826285237
0.9757997334819408,0.9817812007589156,True,0.14710058360729683,0.02499202806122449,False,0.3067004145408163,1.0,3,72848196-fd24-4106-9c33-9c29b7a66a04,p5head_ex,1,495244.5826285237
0.792019531399726,0.7811176622452968,False,0.15393159840283385,0.0712890625,False,0.46303013392857145,0.9493989376572547,3,72c531c7-1323-413e-ae4a-ee0f5ba791ae,p5head_ex,1,495244.5826285237
0.40329752614800063,0.2844651078482469,False,0.007201433253298344,0.07539461096938775,False,0.28366151147959184,0.9904837430610627,3,7307c83f-63e1-46e1-9400-8d1eac241510,p5head_ex,1,495244.5826285237
0.8118191819504114,0.9911804309722652,False,0.14643755102763664,0.060048628826530615,False,0.19292091836734693,0.1759044142051112,3,73212dc5-6535-4837-838b-f08aff61c1a3,p5head_ex,2,495244.5826285237
0.747282776805415,0.9257208010120922,True,0.14506532521759874,0.05584343112244898,False,0.26442920918367346,0.5738758029978587,3,73247e1a-000f-4d41-825f-c8a0d2162007,p5head_ex,2,495244.5826285237
0.9828717300332305,0.9256405805199972,True,0.08065252309747459,0.027204241071428572,False,0.24041374362244897,1.0,3,732836e0-76c6-4bd9-9798-b7039f6b6e14,p5head_ex,1,495244.5826285237
0.8127331291940001,0.7892118492217002,True,0.34928974581182715,0.23580994897959184,False,0.4513313137755102,0.9290060851926978,3,7342f4bc-2ce8-4d13-b820-7d90f8804a1b,p5head_ex,2,495244.5826285237
0.546005009175059,0.5303445627393336,False,0.005283985190679944,0.016222895408163265,False,0.2936862244897959,1.0,3,738524e2-9e98-43cb-8c56-b480a2a0ae2f,p5head_ex,1,495244.5826285237
0.9101103640663932,0.886737673484567,True,0.19186922043816934,0.08906648596938775,False,0.5011559311224489,0.9534571492503916,3,74457e4b-4059-4ba4-959a-3a8e12b7d5f8,p5head_ex,2,495244.5826285237
0.885230061393344,0.8111237118978079,False,0.05199688553227498,0.021683673469387755,False,0.2709462691326531,1.0,3,74480045-29f4-478e-b1c0-322b2f4ccdc2,p5head_ex,1,495244.5826285237
0.8767288865760234,0.7143519983989385,False,0.2471070976680575,0.1324139030612245,False,0.29653619260204084,0.928055388320289,3,74a8f43c-5b4c-4da8-8117-36f475dc1634,p5head_ex,2,495244.5826285237
0.9262973608456482,0.8448920902407703,True,0.2600370789338664,0.09996811224489796,False,0.33053651147959184,0.8925438596491229,3,755c7169-e84a-4327-a4d6-b0ff906a88f8,p5head_ex,1,495244.5826285237
0.7632523465462712,0.7165845383603632,False,0.08326004059077918,0.04739317602040816,False,0.39377391581632654,1.0,3,767b5c8d-d09b-4d2c-97ea-17dea981a4e4,p5head_ex,1,495244.5826285237
0.941846656136309,0.8923599690634315,True,0.21647362332163178,0.07435825892857142,False,0.4186264349489796,1.0,3,76c05ccc-eaf3-467b-abae-7f8f1a4aa6c9,p5head_ex,2,495244.5826285237
0.990878878357212,0.9688554594551899,True,0.041628522187945126,0.011160714285714286,False,0.29952566964285715,1.0,3,76c091fb-7149-448c-bf1d-ae3320317b33,p5head_ex,1,495244.5826285237
0.8375029201399665,0.7240323582400969,True,0.18951570779621876,0.08615672831632654,False,0.28023357780612246,0.9127920425630349,3,772e6245-dac6-4f17-999c-368d4593f98b,p5head_ex,2,495244.5826285237
0.8101255228128165,0.8018735603574543,False,0.1561274260412176,0.08352598852040816,False,0.3819953762755102,0.9923645907897877,3,777a8a88-5c76-4de9-96fa-7cdd9149e59e,p5head_ex,2,495244.5826285237
0.9439206267209482,0.8859407707862798,True,0.12511690948061677,0.04647640306122449,False,0.36170679209183676,1.0,3,7798d157-4dbf-402c-8b93-d3b97cb29d64,p5head_ex,1,495244.5826285237
0.9967258523872539,0.9915362474581833,False,0.10577530880942218,0.023716517857142856,False,0.3983777104591837,1.0,3,77b4e9ec-9002-444f-b3a5-9e5ab9dacaa5,p5head_ex,1,495244.5826285237
0.3671875,0.4044618880396612,False,0.0,0.02040816326530612,False,0.30984933035714285,1.0,3,77bcb2f3-2dfb-4ed7-b88a-b21ad2c87df3,p5head_ex,1,495244.5826285237
0.8589924506671189,0.8094170890658943,True,0.19417154558215097,0.06816007653061225,False,0.34339126275510207,1.0,3,7894c061-9fc1-4226-83b9-4f22483a02b1,p5head_ex,2,495244.5826285237
0.9570763381042819,0.9058922769673677,True,0.37121454123761943,0.049705038265306124,False,0.2861926020408163,0.8773055332798717,3,78b8f6bc-96ba-4528-b6b7-39d1a140ce07,p5head_ex,1,495244.5826285237
0.8153453998057962,0.7830055915589564,True,0.2784440767950163,0.1756218112244898,False,0.44405691964285715,0.9842260553790286,3,78c33a1a-8f22-476c-ae97-8190192102df,p5head_ex,2,495244.5826285237
0.8050827505880938,0.7601800938540231,True,0.2887018174228888,0.18662308673469388,False,0.40784438775510207,0.9906023067065357,3,78c9b88e-a134-4470-b161-22e4a698206c,p5head_ex,3,495244.5826285237
0.9420158621021244,0.8917045783837818,True,0.19044813461037174,0.0556640625,False,0.3520408163265306,0.9881847475832438,3,78dba4d7-e138-4d40-b6a5-ac2d8c65dcf5,p5head_ex,1,495244.5826285237
0.842428115303829,0.7704863917839594,True,0.20931814687390082,0.09542410714285714,False,0.2623963647959184,0.87531328320802,3,79319bc4-8e67-469b-8b9c-5ddfb2444749,p5head_ex,2,495244.5826285237
0.6820939298807975,0.5540317030389814,True,0.14470346961345654,0.05765704719387755,False,0.2848971619897959,1.0,3,79397fb3-fbe9-4b1d-baec-a934f2825e25,p5head_ex,2,495244.5826285237
0.9977153720222234,0.9944726070444878,True,0.10890185392660133,0.028599330357142856,False,0.4186264349489796,1.0,3,793a56ab-71fd-4bce-b9fe-d25c63d93459,p5head_ex,1,495244.5826285237
0.996212951778173,0.9900707817216613,True,0.10538625656353955,0.019690688775510203,False,0.38789461096938777,1.0,3,7944ddb2-ca88-4e4f-8311-65aa85ee58bd,p5head_ex,1,495244.5826285237
0.9691354315656703,0.9365144047828123,False,0.054022795498670485,0.021524234693877552,False,0.3241390306122449,1.0,3,7971ccf5-18a3-47d3-a2ea-eea88033404e,p5head_ex,1,495244.5826285237
0.9938051230751633,0.9859310911879575,True,0.13650289144208627,0.020926339285714284,False,0.44106744260204084,1.0,3,79956cb1-e48b-4b95-92f0-c4f41a6bd1f5,p5head_ex,1,495244.5826285237
0.8392126076459708,0.7929803827646468,True,0.24752663577374168,0.1298230229591837,False,0.32362085459183676,0.9201719373656739,3,79df0c01-2397-4d31-8318-435a1c80ae47,p5head_ex,2,495244.5826285237
0.7509534411277163,0.5895862879507251,False,0.243357422176297,0.14857700892857142,False,0.27794164540816324,0.8014755197853789,3,7a8dd22c-7af7-428c-a043-578390fc6fa1,p5head_ex,2,495244.5826285237
0.8770765876800221,0.8266962060371088,False,0.05459361297755435,0.01558514030612245,False,0.3018176020408163,0.8951406649616368,3,7aa7ec60-510d-4ed9-94cf-da1fa6f1f2e5,p5head_ex,1,495244.5826285237
0.7239054235450241,0.5932876279621464,False,0.034781873483655426,0.027802136479591837,False,0.3823939732142857,1.0,3,7ac15ebd-be55-4c7a-9035-34645d0cc1fd,p5head_ex,1,495244.5826285237
0.9958215690441494,0.985021467377906,False,0.08023926370186484,0.015306122448979591,False,0.28477758290816324,1.0,3,7adb12c0-b1b2-402e-9c58-5a8873eef61d,p5head_ex,1,495244.5826285237
0.9521851838524196,0.8799072998462123,False,0.1156608025712433,0.03372130102040816,False,0.35056600765306123,1.0,3,7ae2ae8d-3370-4e6a-b1db-8ab3ac862ce3,p5head_ex,1,495244.5826285237
0.4427917152956643,0.46910962158737474,False,0.0019300645164611343,0.009566326530612245,False,0.3555883290816326,1.0,3,7b4f5dc1-3585-4cf8-83f9-39df3101feb4,p5head_ex,1,495244.5826285237
0.19603313434217223,0.2358746256654836,False,0.00018460776102734256,0.0244140625,False,0.49380181760204084,1.0,3,7b7d7bf3-0684-465d-9a74-f51887685387,p5head_ex,1,495244.5826285237
0.9580044735274854,0.959848235859683,False,0.1389097221373898,0.042689732142857144,False,0.3518813775510204,0.5859010270774977,3,7bb1c647-d8d1-4640-b495-f41c4d2a34ca,p5head_ex,1,495244.5826285237
0.9729862214494942,0.9326126281327546,True,0.17120465017552527,0.05560427295918367,False,0.2682955994897959,0.9734767025089606,3,7bca5ce8-2b0c-4fcb-95b5-f43470092618,p5head_ex,1,495244.5826285237
0.882264386987943,0.8497413523662146,True,0.23122907499752746,0.11742665816326531,False,0.4570910395408163,0.9760692464358453,3,7c6ddc4e-9859-43a4-bb33-33e9efa42685,p5head_ex,2,495244.5826285237
0.8854312120492259,0.9374966040497035,True,0.2975247829745373,0.10267857142857142,False,0.22373246173469388,0.5025232919254659,3,7c9248d5-b2bc-4359-9667-108109a2de2e,p5head_ex,1,495244.5826285237
0.9747546061892863,0.9369912787480354,False,0.08084531265159095,0.027283960459183673,False,0.2903579400510204,1.0,3,7d1b94bf-9fb6-4191-bf69-09549b4a3b96,p5head_ex,1,495244.5826285237
0.8698275650964362,0.81409798466329,True,0.22445953965596052,0.09219547193877552,False,0.39584661989795916,0.9729788153912667,3,7d3f2d28-c21b-4a64-940c-c635176f35e1,p5head_ex,2,495244.5826285237
0.9689812545532482,0.945809283836752,False,0.03347278281652098,0.012555803571428572,False,0.3192761479591837,0.9968253968253968,3,7d5f828f-5c6a-4898-a64f-8364339f35cd,p5head_ex,1,495244.5826285237
0.9107659797761394,0.8003240370040023,True,0.33172382488586083,0.17177535076530612,False,0.3028938137755102,0.9106624898480102,3,7d80378b-b46b-4dbc-a8b5-70982536ea06,p5head_ex,2,495244.5826285237
0.9887295795743495,0.9815972078508534,True,0.1436334371710077,0.03635204081632653,False,0.36581234056122447,1.0,3,7e7765a1-8baa-4c1b-abdd-34113781994d,p5head_ex,1,495244.5826285237
0.8501836411632261,0.8279122684101505,False,0.053299583440574276,0.0272640306122449,False,0.35439253826530615,1.0,3,7e81f530-2762-4af9-997a-914d24e3ea6f,p5head_ex,1,495244.5826285237
0.8436363809082595,0.9345921907699086,True,0.13468252330202926,0.07740752551020408,False,0.3408801020408163,0.3964984552008239,3,7f011de2-72be-480f-b9aa-4967985778f0,p5head_ex,3,495244.5826285237
0.564003800242524,0.27679003812719444,False,0.04416046685989937,0.045599489795918366,False,0.3444076849489796,0.9934440559440559,3,7f0f9abd-a95f-43d7-9d27-d15926e055d9,p5head_ex,1,495244.5826285237
0.9295838945500948,0.8983515992293016,True,0.30779779191305323,0.09685905612244898,False,0.367984693877551,0.9386831275720164,3,7f9623a6-510f-4e84-8e58-12b65a5e9dfc,p5head_ex,2,495244.5826285237
0.5591278453396769,0.2891443968699247,False,0.10722198680093202,0.06483179209183673,False,0.30923150510204084,0.6055948355364279,3,7fa10f67-8c38-4027-b7f6-50887f85ad43,p5head_ex,2,495244.5826285237
0.7929633893889703,0.7237861321087808,True,0.20879936948694083,0.10080516581632654,False,0.3415577168367347,0.9049031237643337,3,7fb3e6fd-596b-41e7-815b-b2be3f856184,p5head_ex,2,495244.5826285237
0.6148261543403009,0.5144527572069011,True,0.28513855749715705,0.21986607142857142,False,0.3442482461734694,0.7292422044960116,3,810b8ef8-f65f-4f24-9798-aa13ed4fc828,p5head_ex,2,495244.5826285237
0.9863418348158117,0.9675645371332396,True,0.29442005198365867,0.07318239795918367,False,0.3326889349489796,0.7475490196078431,3,815a3c1b-f88e-4853-80a0-15d0f0cddf4c,p5head_ex,1,495244.5826285237
0.9792156531247173,0.9865677317354234,True,0.3305519779149737,0.06457270408163265,False,0.3605110012755102,0.8401234567901235,3,81638698-2938-4b4c-8c47-729da3b5c37b,p5head_ex,1,495244.5826285237
0.6781367246852164,0.5922183316065311,False,0.16234667004229797,0.11599170918367346,False,0.3274473852040816,0.7374570446735396,3,8192a218-3ed8-450a-bb3e-052e36567763,p5head_ex,1,495244.5826285237
0.9307050099654701,0.851048814482246,True,0.2190755388366188,0.0594108737244898,False,0.31327726403061223,0.9168064407916806,3,81936d3e-4dda-44c0-9de4-66af23839677,p5head_ex,2,495244.5826285237
0.5,0.5,False,0.0,0.1649792729591837,True,0.2565768494897959,0.8608359507127326,3,819d6b1a-4e49-4fd6-8ac1-f7a9f355617e,p5head_ex,2,495244.5826285237
0.9386104681746789,0.9433487567159924,True,0.22526480826339948,0.08035714285714286,False,0.5737603635204082,0.9990079365079365,3,81b3ca12-841a-4c71-8fde-7fbcb835b6c9,p5head_ex,1,495244.5826285237
0.8619087648061764,0.7789765559384364,True,0.4646601372848533,0.20292570153061223,False,0.29111527423469385,0.8276370064820271,3,81c5f05c-0a87-4db7-b2fa-6b930ac99b49,p5head_ex,2,495244.5826285237
0.7673738077107306,0.6320460218408009,True,0.4662057362682434,0.28085140306122447,False,0.3428531568877551,0.8300454158387738,3,81da1196-4ca8-4c29-b0cf-6c6cf6386a6f,p5head_ex,2,495244.5826285237
0.16142588050099632,0.05084106230238675,False,0.00043243195231430824,0.11997767857142858,False,0.33500079719387754,0.373421926910299,3,828bb06d-7e5e-487c-833e-110be1a4b7d0,p5head_ex,1,495244.5826285237
0.9334583998933697,0.8428156967320769,True,0.40854442309948746,0.17131696428571427,False,0.25167410714285715,0.9063517915309446,3,82b9a505-f0ed-4bdd-a3d8-be9b13d720d7,p5head_ex,2,495244.5826285237
0.5824299112360768,0.36359102650752095,False,0.4316626288548725,0.36244419642857145,False,0.3039500956632653,0.6131639722863741,3,833d97e7-d927-4ff8-b7ff-6a28f629b6a9,p5head_ex,2,495244.5826285237
0.6963240986030459,0.3870573219408279,True,0.557454444960364,0.42151626275510207,False,0.4069674744897959,0.8398581560283688,3,8359edc2-7296-4807-91f2-97b6fa47bc7b,p5head_ex,2,495244.5826285237
0.8675618074195599,0.8281915838907395,False,0.08091935187690308,0.033880739795918366,False,0.343929368622449,1.0,3,8375d80e-2122-4b60-811d-0da040f6b68e,p5head_ex,2,495244.5826285237
0.861030523619454,0.5993456009696654,False,0.11025358570265857,0.05026307397959184,False,0.24230707908163265,1.0,3,83a9ae1b-36be-4a4c-a0cf-00e76a4f0463,p5head_ex,2,495244.5826285237
0.7593870893836216,0.7085331236755718,True,0.5255430062787486,0.3893494897959184,False,0.3850845025510204,0.6945638820638821,3,83d25ba1-ba1c-4d32-b505-5cf0cffeff4c,p5head_ex,2,495244.5826285237
0.7773520500104885,0.4821378107142658,True,0.5292115020164444,0.3442881058673469,False,0.2787388392857143,0.73794500723589,3,83f0d9e7-520b-41ee-a7c0-f93713784281,p5head_ex,2,495244.5826285237
0.991157922731457,0.9798900321987633,True,0.18387612165899658,0.041334502551020405,False,0.4180484693877551,1.0,3,84102d80-4e38-4676-8012-1e76204dcefc,p5head_ex,1,495244.5826285237
0.9321301013322728,0.9402293498939255,True,0.4681497192699018,0.15357940051020408,False,0.534538424744898,0.7997664157799118,3,847f25e9-6983-4c5f-a1e6-f3629557f1a3,p5head_ex,2,495244.5826285237
0.9255492778357522,0.9085692716418828,False,0.2452739906492085,0.11266342474489796,False,0.43397241709183676,0.8950999469308332,3,8502b7bb-f681-47a1-aa45-06f6b692841a,p5head_ex,2,495244.5826285237
0.7679572535118304,0.6814489816515125,True,0.5292290441153105,0.35313695790816324,False,0.3875757334183674,0.8905694452282861,3,85682fd3-9d19-4b37-a663-6071cbfb82af,p5head_ex,2,495244.5826285237
0.81368925834778,0.839355341116789,True,0.3018775149912892,0.1227279974489796,False,0.3809191645408163,0.8338746346216304,3,856db494-ff64-4ead-a9c3-b4ac4d7256b5,p5head_ex,2,495244.5826285237
0.8980937370278124,0.8160949788524101,True,0.24242876853390577,0.10379464285714286,False,0.3200733418367347,0.5733486943164362,3,85ae17cb-e7dd-4d77-9bf5-8bccdae0f9a4,p5head_ex,2,495244.5826285237
0.7527479471471885,0.7931016874418373,True,0.2742735566420828,0.14475047831632654,False,0.324398118622449,0.829133966680435,3,8732a404-be54-4ab6-809f-b92b3dde6e63,p5head_ex,2,495244.5826285237
0.9175260702972748,0.900751989850142,True,0.40642109362438367,0.19770408163265307,False,0.39797911352040816,0.9395161290322581,3,8768a800-28e8-4ae4-83ba-2f4326b2d3ac,p5head_ex,2,495244.5826285237
0.8506497249714783,0.6896702945949712,False,0.0693367898332743,0.026426977040816327,False,0.36098931760204084,0.9992458521870287,3,87ddbd40-b218-4bfd-9a82-2ea252e08c1e,p5head_ex,1,495244.5826285237
0.9816354553311748,0.9698586620506807,True,0.23854876789840748,0.09215561224489796,False,0.3374720982142857,0.9338235294117647,3,87e4af8b-1110-481d-86de-f315ca03936d,p5head_ex,1,495244.5826285237
0.97027514391006,0.9815439568821797,True,0.2728675484390919,0.08842873086734694,False,0.37089445153061223,0.824430921794005,3,881171f8-f1ea-4740-89f2-52fbc63fc2d2,p5head_ex,1,495244.5826285237
0.9885847901910261,0.9763142303941942,True,0.27651637044087446,0.08155293367346939,False,0.3374521683673469,0.9863147605083089,3,88655da0-c331-4400-aedc-de357b57b35b,p5head_ex,1,495244.5826285237
0.6056451537455743,0.3291434150237971,False,0.2617570894306989,0.2183514030612245,False,0.2932676977040816,0.627692588535962,3,8893aab9-24ab-4e67-8610-826f483a7145,p5head_ex,1,495244.5826285237
0.6432854977270023,0.44719286819043963,True,0.5056931360688187,0.3537547831632653,False,0.28152901785714285,0.6316056338028169,3,88c25715-03f5-474e-9cee-5ad1f7beb4ce,p5head_ex,2,495244.5826285237
0.8744723157400524,0.8383716089570178,True,0.33018071378793834,0.11160714285714286,False,0.35738201530612246,0.7478571428571429,3,892ff532-34fc-4006-8af2-8d914136848d,p5head_ex,1,495244.5826285237
0.4855903383069382,0.4508245679424361,False,0.06414962901106093,0.07704878826530612,False,0.4724968112244898,0.9997413347128815,3,8944679f-3dd1-4a34-95d5-322efd9c0764,p5head_ex,2,495244.5826285237
0.5,0.5,False,0.0,0.04392538265306122,True,0.4350685586734694,1.0,3,899a3c1f-3355-4092-88a6-67848ecc137d,p5head_ex,1,495244.5826285237
0.6031245330968411,0.538479474340827,False,0.23290702856134515,0.19383769132653061,False,0.4014867665816326,0.9875591198848448,3,89b98f9a-d4e7-4234-a047-2e3874155181,p5head_ex,2,495244.5826285237
0.8389219858987895,0.8199284572406091,True,0.2409845239049459,0.12545838647959184,False,0.3454639668367347,0.9378872120730739,3,89c65de0-3fdb-4eb0-bd98-3456a244bfd9,p5head_ex,2,495244.5826285237
0.460704408570854,0.6495996164083969,False,0.0667196837608448,0.10088488520408163,False,0.23417570153061223,0.8779138680363493,3,8a0d16d4-5824-4bd6-a6b9-987e2bf71f3c,p5head_ex,2,495244.5826285237
0.9729477721847997,0.9736893485183986,True,0.2041856316494182,0.05432876275510204,False,0.3850047831632653,0.9882611885546588,3,8a283d3e-888f-4b6a-ae13-200b21f9e69a,p5head_ex,1,495244.5826285237
0.9276485652313917,0.8580855716584013,False,0.17518581274749853,0.06277901785714286,False,0.2797751913265306,0.8892063492063492,3,8a4673b4-243c-432d-b2d6-fbc7500c2cd9,p5head_ex,1,495244.5826285237
0.7521420989129407,0.6131339085663596,True,0.3371183416393614,0.21223294005102042,False,0.23533163265306123,0.7220396281340971,3,8a504f1d-b42c-4328-8571-f4e0a8e0fb5a,p5head_ex,2,495244.5826285237
0.891543850807667,0.8251942121493651,True,0.3431493158915626,0.19690688775510204,False,0.38853236607142855,0.8209514170040486,3,8a5bf4fb-a18a-4dd3-b611-10ef3cc79b19,p5head_ex,2,495244.5826285237
0.8492744894012485,0.841639337273638,True,0.4852179443688872,0.2871890943877551,False,0.31236049107142855,0.8440666204024982,3,8a5cff4d-53d2-4a42-94da-e4b3f2008b1d,p5head_ex,2,495244.5826285237
0.9666055846898144,0.9588161513491201,True,0.32228464609337887,0.07565369897959184,False,0.4698461415816326,1.0,3,8a61a6c6-b600-4eb4-9bec-ea32804c03b2,p5head_ex,1,495244.5826285237
0.8759238009429567,0.8937701912053301,True,0.24224409132035665,0.07051179846938775,False,0.3335060586734694,0.723855285472018,3,8a7d2eff-9c77-461e-b50b-b6dac8e54ba7,p5head_ex,2,495244.5826285237
0.8687365412526271,0.7334765700058249,True,0.19897785833926937,0.08067602040816327,False,0.16651387117346939,0.9120553359683794,3,8a90ffce-3f6e-4d49-8307-0351381be2ee,p5head_ex,2,495244.5826285237
0.2364357836912143,0.25590528721651723,False,0.0004460367894976701,0.03762755102040816,False,0.35811941964285715,1.0,3,8a9eb130-2d16-4a85-9f57-c8795d068f01,p5head_ex,1,495244.5826285237
0.5,0.5,False,0.0,0.07724808673469388,True,0.35841836734693877,0.9311145510835913,3,8ace1a2f-7c08-4bc3-88dc-50e2ea032056,p5head_ex,1,495244.5826285237
0.5247117697988928,0.543096127286314,False,0.028976148824858845,0.058673469387755105,False,0.33866788903061223,0.9942255434782609,3,8b31fa8e-9b16-4185-b7e3-2cead2a6f4ea,p5head_ex,1,495244.5826285237
0.8515102255075613,0.6411378764582171,False,0.5869903838451419,0.37779017857142855,False,0.3352798150510204,0.7799641274530492,3,8bb961eb-7baa-4bcc-b92b-bce2538f7cf6,p5head_ex,2,495244.5826285237
0.9547273452431919,0.9619309918099348,True,0.3465418470337442,0.1412029655612245,False,0.4573501275510204,0.9326746647847566,3,8bd092f3-8098-4b44-b0e5-72f8449df38b,p5head_ex,1,495244.5826285237
0.808769864315352,0.8685875622625691,True,0.4858538604428066,0.2993064413265306,False,0.3190170599489796,0.7541616726594753,3,8c68ceb7-2d5c-450e-bfda-052b862de063,p5head_ex,2,495244.5826285237
0.9496493016631097,0.9710570877487165,True,0.39758691388094414,0.1377551020408163,False,0.33107461734693877,0.7254050925925926,3,8c984367-b094-429a-b8cf-a9aba99e8ff9,p5head_ex,1,495244.5826285237
0.911450895263007,0.912014484142306,True,0.5129912488072466,0.16573660714285715,False,0.3450255102040816,0.7051467051467052,3,8ccd3bde-4f32-4339-a35f-74918a8ff1b4,p5head_ex,1,495244.5826285237
0.7413316365742456,0.7491083299853137,True,0.5245128465479567,0.2746731505102041,False,0.39903539540816324,0.6747206501233493,3,8da6abd4-8940-4696-bc43-6f0891cb7493,p5head_ex,2,495244.5826285237
0.43005518587379804,0.15538202361250447,False,0.1341987959445202,0.256656568877551,False,0.32748724489795916,0.6428016772790806,3,8e4e52f9-8212-4a0a-bafa-85cdf3859e5f,p5head_ex,2,495244.5826285237
0.7924288545632141,0.9021338628627867,True,0.4255298133934313,0.2447783801020408,False,0.31839923469387754,0.7111219671063345,3,8ee69af3-04f7-4fb3-96a9-775c37234c4f,p5head_ex,2,495244.5826285237
0.6087332713299377,0.5802770298148049,False,0.395440966424283,0.1976044323979592,False,0.35592713647959184,0.8134140191628845,3,8f1e9f08-630d-4ea4-b448-1d465801d7e4,p5head_ex,2,495244.5826285237
0.7220664905174095,0.6496865758808841,True,0.21312806525162636,0.14554767219387754,False,0.21833147321428573,0.5931808845679858,3,8f1ebcac-42fc-458b-9f4d-c678698c3bdc,p5head_ex,2,495244.5826285237
0.8200672715411912,0.6742668238754501,True,0.4838420680737009,0.22799744897959184,False,0.37129304846938777,0.8076923076923077,3,8f202a05-d9d3-43c2-aa4b-0ab8939f0607,p5head_ex,2,495244.5826285237
0.4612180428721852,0.42278091083765634,False,0.23780541810793848,0.2551817602040816,False,0.3192761479591837,0.630506091846298,3,8f88e942-6de5-4c75-96eb-edff7ded7a8d,p5head_ex,1,495244.5826285237
0.632641125527997,0.44157055152674524,False,0.26409018090947667,0.22741948341836735,False,0.36216517857142855,0.6510384716501622,3,9012a0fd-7354-4934-8a18-de81af9a153a,p5head_ex,2,495244.5826285237
0.7625269122159032,0.691289899198184,True,0.29206983744746934,0.1552136479591837,False,0.26395089285714285,0.8633795582948125,3,908a9eb7-dc6d-4113-ba9a-28a50140563f,p5head_ex,2,495244.5826285237
0.8625592635275366,0.7825582874555533,True,0.27006597463306914,0.12392378826530612,False,0.28712930484693877,0.8311354133161788,3,909719b9-a1af-41a2-8ce3-bb99200a5cb0,p5head_ex,2,495244.5826285237
0.8763747150783958,0.8343407600346677,True,0.29539492100656234,0.11059072066326531,False,0.3735251913265306,0.9958551090286538,3,90b1ce86-6956-4957-a33f-280c1354db0d,p5head_ex,2,495244.5826285237
0.7973130242562939,0.8231767258019983,True,0.34467102390730314,0.1433155293367347,False,0.4790736607142857,0.6694479210123766,3,90f6ccf4-8b05-40d9-bc14-66fe5ac54b4d,p5head_ex,2,495244.5826285237
0.6685051759297483,0.4899399806442055,True,0.40959931098891333,0.28744818239795916,False,0.39724170918367346,0.8755460029120156,3,9115e87c-7fc1-4d6b-9cdf-436ea13c8c33,p5head_ex,2,495244.5826285237
0.9943238742787931,0.9866648218654757,True,0.20271191001951847,0.06702407525510204,False,0.38755580357142855,1.0,3,914dae25-a1f2-4a77-a368-2d5d5907ac74,p5head_ex,1,495244.5826285237
0.851302830457364,0.8408456241369832,True,0.5284541848683695,0.31929607780612246,False,0.22098214285714285,0.5939704138318457,3,91671d38-4311-4998-85d5-870181df120d,p5head_ex,2,495244.5826285237
0.832991425021302,0.8113892288023133,True,0.607566115731864,0.39235889668367346,False,0.46033960459183676,0.8595519886219333,3,91d27278-e329-4065-bc04-1e69f9ee2db0,p5head_ex,2,495244.5826285237
0.7574551009492425,0.5747491243321192,True,0.5711515295053953,0.37936463647959184,False,0.34279336734693877,0.7300236406619386,3,92a0f940-652a-4a9e-aeee-26f003abda25,p5head_ex,2,495244.5826285237
0.6863876126892803,0.5619326676286783,False,0.6762464781018191,0.5415736607142857,False,0.45446029974489793,0.7709207330536543,3,92a2dfab-f33a-4324-953a-afe96680c541,p5head_ex,2,495244.5826285237
0.7906622351314511,0.8025709759676206,True,0.3158118075826211,0.17867107780612246,False,0.38791454081632654,0.7902955939765756,3,92d7540d-db17-4fa8-814a-3d719157928c,p5head_ex,2,495244.5826285237
0.9819972070215787,0.9744619613535047,True,0.32206927593465534,0.0940688775510204,False,0.5415736607142857,0.9995762711864407,3,93059609-6473-4853-9413-7ecd7d3dae96,p5head_ex,1,495244.5826285237
0.5932984436715278,0.5193649113158825,True,0.3894070234559206,0.23579001913265307,False,0.2733179209183674,0.8225847350181726,3,93351a14-30a7-494c-a02b-7f2d72c724c8,p5head_ex,2,495244.5826285237
0.6719904657433123,0.8186698349204101,False,0.05332984770893314,0.03730867346938776,False,0.4703842474489796,1.0,3,93550df9-7f67-404f-a974-516acecd5c48,p5head_ex,1,495244.5826285237
0.9740919158772782,0.9473874383278023,False,0.15285224804418684,0.03659119897959184,False,0.32704878826530615,0.8616557734204793,3,93708fca-e95a-40b8-9c7f-e99c8ccf10fd,p5head_ex,1,495244.5826285237
0.7619028341416694,0.7542820035606257,True,0.26557839591934296,0.12846779336734693,False,0.2917530293367347,0.9131244182438721,3,93eb36cf-5356-4be3-b740-1c4d7a842741,p5head_ex,2,495244.5826285237
0.7891647875791297,0.6924550464072329,False,0.35600530079748116,0.10267857142857142,False,0.24392139668367346,0.7762034161490683,3,94ce6989-c700-4a9c-b3c6-8c5a512b6ff1,p5head_ex,2,495244.5826285237
0.9710004997078489,0.9474926268458099,True,0.19500120690908837,0.0545280612244898,False,0.4647640306122449,1.0,3,9569c848-ec76-418d-b8f4-6fe8cf77d882,p5head_ex,1,495244.5826285237
0.9959811884705667,0.988166410994694,True,0.20238416951459948,0.03696986607142857,False,0.33494100765306123,1.0,3,958ef5a8-9119-4b34-b009-6a3fa8abff64,p5head_ex,1,495244.5826285237
0.7890470154042318,0.7401709248567395,True,0.31653019225371826,0.17753507653061223,False,0.3920798788265306,0.9928154467894028,3,960e8747-cfc9-49d5-8bb5-47513f50be0c,p5head_ex,2,495244.5826285237
0.9802103189081213,0.9373149573995734,True,0.20816150295117683,0.055963010204081634,False,0.31172273596938777,0.9953703703703703,3,963b58ae-2175-4aa5-90be-c37d44809c91,p5head_ex,1,495244.5826285237
0.9662907965757628,0.9441376703854643,True,0.26988222685027324,0.07892219387755102,False,0.36122847576530615,1.0,3,967f0c4d-8ce5-4c1a-b1c3-5c8603b63c4f,p5head_ex,1,495244.5826285237
0.9192140877387324,0.8764974217178652,True,0.4020555387963318,0.14540816326530612,False,0.3784080038265306,0.9333881578947368,3,9683c5bf-fd40-4716-b7a2-1927b1f13319,p5head_ex,1,495244.5826285237
0.7844800232354042,0.8089332106461162,True,0.34058999297529785,0.15623007015306123,False,0.5194316007653061,0.9854573287409109,3,96d2413d-d424-43ea-8d6b-f2e861c2773e,p5head_ex,2,495244.5826285237
0.6677998241888911,0.8237290110646779,False,0.26851665192773594,0.2637316645408163,False,0.3185188137755102,0.8774276430136779,3,96f4aeed-716c-4db1-9f81-a186c991855e,p5head_ex,2,495244.5826285237
0.07686360931432729,0.021095589296819473,False,0.005589220714568698,0.1018813775510204,False,0.5379464285714286,0.8763693270735524,3,9760925f-858b-4470-aaeb-5908bf03672a,p5head_ex,1,495244.5826285237
0.9855479840219676,0.9833614765880293,True,0.47350388650174224,0.07659040178571429,False,0.31943558673469385,0.8524590163934426,3,97a91432-e516-425b-adf2-260b743f588c,p5head_ex,1,495244.5826285237
0.9892028684796944,0.9705414478002974,True,0.18460995105509195,0.043845663265306124,False,0.32955994897959184,0.9340909090909091,3,97b01ec0-6e26-4e8d-a486-7a078d44b42d,p5head_ex,1,495244.5826285237
0.8409154157880786,0.8581993542572904,True,0.45952503650317245,0.19712611607142858,False,0.4301658163265306,0.9260944292791427,3,97d7ab4c-257f-4cf1-b582-d37ff1e2fb4e,p5head_ex,2,495244.5826285237
0.7201275941655811,0.4763228163086802,False,0.07968400953416528,0.06010841836734694,False,0.3554089604591837,0.9734748010610079,3,98325e35-8c87-418b-a7c3-81b1180e85ea,p5head_ex,1,495244.5826285237
0.8825129534596399,0.7835284641429009,False,0.12772389575943366,0.07254464285714286,False,0.4864875637755102,0.9851648351648352,3,98692be3-a420-4f98-bffb-4f98187059a8,p5head_ex,1,495244.5826285237
0.6586699988798769,0.662719094459197,True,0.1912936562407537,0.12691326530612246,False,0.3666294642857143,0.7027324120603015,3,988a4bbd-3a14-4b4b-b846-6729e35fcd91,p5head_ex,2,495244.5826285237
0.9737307384838169,0.9895020960901154,True,0.2676587726431939,0.07700892857142858,False,0.3956273915816326,0.885351966873706,3,98d96d73-2a33-45a0-a242-dbbad2f2e579,p5head_ex,1,495244.5826285237
0.9954172878583277,0.9922205216798778,True,0.224518967001255,0.049525669642857144,False,0.393375318877551,0.903420523138833,3,98eca0bb-08a1-4063-beb0-0b35819e93b2,p5head_ex,1,495244.5826285237
0.9717127064540998,0.9624873955662544,True,0.32906252055388224,0.08912627551020408,False,0.40517378826530615,0.9792039355992844,3,9937dc6d-2541-4b08-90c9-7d9e5231d6b0,p5head_ex,1,495244.5826285237
0.3500317231165762,0.37622936424306286,False,5.000890728421148e-07,0.0389030612244898,False,0.2438018176020408,0.4328893442622951,3,9960c058-8c83-46c9-b311-5dd7e927eb34,p5head_ex,1,495244.5826285237
0.7227876928233818,0.43262518030463326,False,0.10636972130247072,0.06917649872448979,False,0.33069595025510207,0.972054163065399,3,99772300-b5be-44cf-b8a9-682247e5e8c7,p5head_ex,1,495244.5826285237
0.9450275238384698,0.9542393094322211,False,0.12872404444996466,0.0458984375,False,0.36776546556122447,0.9496309161962657,3,99b9190e-c092-4d21-bc5f-d6c82c513c92,p5head_ex,1,495244.5826285237
0.8005023860672412,0.8654601277351887,True,0.48440126877975787,0.3314732142857143,False,0.25719467474489793,0.6197089947089947,3,99f99868-4c89-47f0-adbb-5a9ca675002d,p5head_ex,2,495244.5826285237
0.8896767761771408,0.7573571364661035,True,0.36450323585042305,0.2306281887755102,False,0.42247289540816324,0.9221396474248186,3,9a05ffb1-0988-4f71-89a3-2eac51deb62e,p5head_ex,2,495244.5826285237
0.9174195579313319,0.8598240078174076,True,0.2021213917435102,0.06255978954081633,False,0.3478156887755102,0.9955399808856323,3,9a8d4c24-8275-4805-ab84-9ae850c7ac32,p5head_ex,1,495244.5826285237
0.7299598705692367,0.6415557221773217,True,0.3589451611906804,0.1923828125,False,0.2421875,0.8094892779446804,3,9a9cec58-b096-4661-8a89-f536aa33adcd,p5head_ex,2,495244.5826285237
0.7968786741569224,0.8551624553390549,True,0.4127431709147237,0.2127311862244898,False,0.3624242665816326,0.7480794453813003,3,9b218763-f3a6-48fb-b17d-50d25cf9bdb8,p5head_ex,2,495244.5826285237
0.7797686107548669,0.7697141094784026,True,0.4187886279219348,0.23594945790816327,False,0.4003308354591837,0.7695751330348847,3,9b90c3f5-5126-4ef4-b109-244c88676697,p5head_ex,2,495244.5826285237
0.9857172103825438,0.9839590354945544,True,0.30524686131960826,0.08490114795918367,False,0.4377989477040816,0.8701877934272301,3,9bb53dc0-28ed-47ed-bff3-9e6cc3c03d62,p5head_ex,1,495244.5826285237
0.9809054173430235,0.9724053629654659,True,0.15526683459767185,0.0333625637755102,False,0.48240194515306123,1.0,3,9c025c17-e81d-4e8a-b466-01a4d1c0d553,p5head_ex,1,495244.5826285237
0.9378489844785466,0.9764920584852748,True,0.4328416907401384,0.12595663265306123,False,0.4446348852040816,0.8055379746835443,3,9c28904a-278c-44ad-b4a9-7f5bc3ae58a6,p5head_ex,1,495244.5826285237
0.9684563576711298,0.9351991105448447,True,0.17771171579890194,0.044921875,False,0.2764269770408163,0.9840283939662822,3,9c3ec0a7-6816-46e0-b797-8412bacea535,p5head_ex,1,495244.5826285237
0.9924889400024849,0.9947461041141376,True,0.42091638001082887,0.10028698979591837,False,0.28649154974489793,0.46124801271860094,3,9c67f8fa-acdf-4c93-b250-cf0c053b47b6,p5head_ex,1,495244.5826285237
0.5642474697463415,0.5024786142501457,True,0.44150206251648644,0.28146922831632654,False,0.31953523596938777,0.7527437513276216,3,9c6b1f79-c2e8-497a-88aa-34af955ce666,p5head_ex,2,495244.5826285237
0.8420985841853847,0.9068294518339522,True,0.6113163587121484,0.4049545599489796,False,0.5298947704081632,0.7522515871844087,3,9d5031cd-338b-45b9-8bf0-2cf09f3b8e52,p5head_ex,2,495244.5826285237
0.8407124034789106,0.6280736516216634,False,0.06421092896117202,0.03985969387755102,False,0.26869419642857145,0.365,3,9dbb7a32-14df-40ca-871e-410111c45c05,p5head_ex,1,495244.5826285237
0.40170462019150655,0.2347397578625841,False,0.019472751479909796,0.08816964285714286,False,0.329280931122449,0.34132007233273054,3,9de7304a-bda3-4aa7-8002-c7b1b662745d,p5head_ex,1,495244.5826285237
0.8012472120894238,0.9618192802055248,False,0.17226696199428854,0.08344626913265306,False,0.34054129464285715,0.8270838309051827,3,9def0034-2612-4df3-9fa9-d5677dbae95e,p5head_ex,1,495244.5826285237
0.5153746379926053,0.337216088978718,False,0.03964266534846154,0.059072066326530615,False,0.34313217474489793,0.8890013495276653,3,9e250ad1-581b-402a-a7df-dece604e7764,p5head_ex,1,495244.5826285237
0.7775376528863808,0.6448572150542853,True,0.6687418411427262,0.25259088010204084,False,0.27407525510204084,0.7591131450213034,3,9e61c568-6559-4634-b4af-7f1bbd8d39f0,p5head_ex,2,495244.5826285237
0.8809777267067451,0.8589783901351855,True,0.3586937539120417,0.1768176020408163,False,0.2447783801020408,0.8495266005410279,3,9e6eb4fa-abd5-40a7-bd06-5ca016b16021,p5head_ex,2,495244.5826285237
0.8652977704280512,0.8910177327774569,True,0.3315635125851702,0.15489477040816327,False,0.37350526147959184,0.8266855378281008,3,9e7bd306-471d-4c5c-aa53-a9d24e0779bc,p5head_ex,2,495244.5826285237
0.2784766045461261,0.35384180334491394,False,0.0,0.05570392219387755,False,0.26656170280612246,0.3570661896243292,3,9edc8604-a965-4eb7-a5d0-61df8a9ae45d,p5head_ex,1,495244.5826285237
0.8487061503694255,0.7540918799136417,True,0.5063525039326687,0.348812181122449,False,0.3754384566326531,0.8509313221346132,3,9ee07fd5-612d-4a33-89a6-12fa8ce9bb48,p5head_ex,2,495244.5826285237
0.9891637445446548,0.9690987052382396,True,0.2459572114096501,0.06983418367346939,False,0.2866908482142857,0.863013698630137,3,9ee3b37b-f1e7-4b02-8f8f-a8af4ce3990e,p5head_ex,1,495244.5826285237
0.6534305535723511,0.4529335859611444,False,0.10201301658775307,0.07384008290816327,False,0.32384008290816324,0.6866396761133603,3,9f2cf186-cae2-4b29-8312-d20cd1df7d25,p5head_ex,1,495244.5826285237
0.9750519272301185,0.9832996927167389,True,0.37378930230485347,0.10881696428571429,False,0.441585618622449,0.9615384615384616,3,9fa17c26-8aae-4dd6-af8a-5750f042adf9,p5head_ex,1,495244.5826285237
0.7575334209758744,0.5470420180732702,True,0.22409410556315792,0.09024234693877552,False,0.3875757334183674,0.9997791519434629,3,9fae656b-cf66-4c4b-a5ed-1962ebcafb7d,p5head_ex,2,495244.5826285237
0.9836726095527655,0.9898760060356212,True,0.3441958088553891,0.0940688775510204,False,0.3071388711734694,0.8697033898305084,3,a0a7949a-d305-40f8-a8a4-3cfcb773f3df,p5head_ex,1,495244.5826285237
0.8142149037738038,0.8267966174516047,False,0.06158159167830817,0.0272640306122449,False,0.3950693558673469,0.9853801169590644,3,a0a8370a-dc3f-4f70-a440-e3fa9827928a,p5head_ex,1,495244.5826285237
0.9320843630966666,0.9885128869708885,True,0.3726218010323211,0.09088010204081633,False,0.2916733099489796,0.23728070175438595,3,a0c6c07c-17b8-4d76-9c54-e88deb2b5039,p5head_ex,1,495244.5826285237
0.9411126713441145,0.9394292065107722,True,0.21302505571242364,0.08549904336734694,False,0.32314253826530615,0.8722610722610723,3,a0f962a9-f02a-47ed-894b-392e571994e8,p5head_ex,1,495244.5826285237
0.8093155947588555,0.5553138321821577,False,0.28461721444591404,0.15066964285714285,False,0.255062181122449,0.8834656084656085,3,a1538feb-5647-463b-9876-ca6e5ff00f48,p5head_ex,2,495244.5826285237
0.8842679982986342,0.8977146073804787,True,0.32613554970651676,0.15880102040816327,False,0.34703842474489793,0.8416164658634538,3,a16c339d-0eb4-4010-87a0-f422a08a00bb,p5head_ex,2,495244.5826285237
0.5,0.5,False,0.0,0.07318239795918367,True,0.36953922193877553,0.352124183006536,3,a195a887-4e7e-44d9-b9d0-a2a72b1c243c,p5head_ex,1,495244.5826285237
0.8799417801762532,0.8251258942721102,True,0.458118426637834,0.26149952168367346,False,0.5367904974489796,0.9198993979117446,3,a1d846a0-7213-4eff-a9b2-f0adc352aa47,p5head_ex,2,495244.5826285237
0.32464029091155044,0.21860925140352042,False,6.242761863658723e-05,0.06050701530612245,False,0.3139150191326531,0.6389986824769434,3,a20667cb-b7b3-454c-8fa8-2acdd4bd0604,p5head_ex,1,495244.5826285237
0.991364415006934,0.9929871481548119,True,0.14494063375127028,0.04771205357142857,False,0.2568957270408163,0.3316624895572264,3,a20def8d-de06-427e-8416-09ae16bbaadc,p5head_ex,1,495244.5826285237
0.7398836132430457,0.7676120293673908,False,0.10124789770221254,0.025111607142857144,False,0.25093670280612246,1.0,3,a223ebef-86b2-49e2-b3e1-bfc1bf957b6a,p5head_ex,1,495244.5826285237
0.9727244625835391,0.9620331764176302,True,0.28466853351165605,0.0797592474489796,False,0.39377391581632654,1.0,3,a2269867-3a23-4cd4-80ec-8c0f917f5986,p5head_ex,1,495244.5826285237
0.8342800167170608,0.8918960211924057,True,0.4473999403902292,0.2117546237244898,False,0.4462890625,0.824564705882353,3,a23ac27d-83b3-48b7-837a-dbbe83752ce3,p5head_ex,2,495244.5826285237
0.4130988246276573,0.5,False,0.0,0.060626594387755105,False,0.17257254464285715,0.9362261669953977,3,a23f2117-8ee1-475e-aa06-e74f6b6118d7,p5head_ex,2,495244.5826285237
0.7910308866873816,0.754253672533172,True,0.42426841302210344,0.2598453443877551,False,0.35459183673469385,0.8907807946003988,3,a281a261-8435-4861-bea0-0bca497dc5a2,p5head_ex,2,495244.5826285237
0.9866671781377688,0.9879408405349412,True,0.17030750690889834,0.057138871173469385,False,0.28200733418367346,0.7872340425531915,3,a2907d58-d777-4ddc-8877-f784f14c0c27,p5head_ex,1,495244.5826285237
0.9892382693330967,0.9672326749126335,True,0.23379109472602724,0.07043207908163265,False,0.3063217474489796,0.9997170345217884,3,a29d2f91-e135-4810-b896-ee443666df54,p5head_ex,1,495244.5826285237
0.9605505288382439,0.956436628635434,True,0.43416324723653965,0.12771045918367346,False,0.49575494260204084,0.9213483146067416,3,a3215a02-302a-40c7-ab0e-e1159cce77f6,p5head_ex,1,495244.5826285237
0.6066652306116861,0.6274825706222464,False,0.10605225906973562,0.07366071428571429,False,0.48824139030612246,0.9959415584415584,3,a3330875-c899-4f4f-81e7-40eea365b08f,p5head_ex,1,495244.5826285237
0.8044592496865947,0.8716813522161743,True,0.4128118571164237,0.20232780612244897,False,0.3502670599489796,0.7588652482269503,3,a35df48c-325d-4b85-8f4d-5b96e886634e,p5head_ex,2,495244.5826285237
0.8304965045393967,0.8490418295814792,True,0.38930177443596375,0.16326530612244897,False,0.3585180165816326,0.7486572265625,3,a36d17af-dcd7-4414-a701-3ef7c462e05e,p5head_ex,2,495244.5826285237
0.9281325585247258,0.846126171321986,True,0.19814084597883302,0.06098533163265306,False,0.3869778380102041,1.0,3,a37b8547-1850-4d8c-940e-cc9d74e0798f,p5head_ex,1,495244.5826285237
0.2866550084704082,0.07424281871040528,False,0.0,0.27060746173469385,False,0.40238360969387754,0.6383119752540874,3,a3ac5fe9-431c-4c10-8691-d0d26e6a0edd,p5head_ex,1,495244.5826285237
0.6842957365880643,0.83647095803717,True,0.24207872867013147,0.11643016581632654,False,0.2469905931122449,0.5900376583361863,3,a3f5a3d9-78a1-4689-8b1e-15f146e14b4a,p5head_ex,2,495244.5826285237
0.86171287927472,0.8696301306473785,True,0.12459255478852153,0.052734375,False,0.34048150510204084,0.9338624338624338,3,a3ff8160-0b83-4f41-9880-201c7981a2e5,p5head_ex,1,495244.5826285237
0.6294720545167798,0.5190415364018175,True,0.3307858737636864,0.2592873086734694,False,0.3581592793367347,0.8524980784012298,3,a41f6e40-d536-46d9-8d24-4948704d5972,p5head_ex,2,495244.5826285237
0.7339699715501348,0.763871590362596,True,0.5462112791357869,0.45200892857142855,False,0.3825534119897959,0.7340388007054673,3,a445b3e6-a5ab-4eda-93d8-7f26d4076748,p5head_ex,2,495244.5826285237
0.6696554527301871,0.5278646778073819,True,0.3399994059878932,0.21839126275510204,False,0.2572743941326531,0.6638072640992881,3,a46cc8cc-8314-443f-a7b6-c16eb68a4a3f,p5head_ex,2,495244.5826285237
0.3807337949780821,0.49287110966270165,False,0.0007447568196379256,0.10267857142857142,False,0.3149513711734694,0.6849767080745341,3,a472a01d-2145-4d5f-bee6-588b785bf036,p5head_ex,1,495244.5826285237
0.4251189942769334,0.4005057210846364,False,0.10148046298087227,0.15455596301020408,False,0.4345105229591837,0.9032882011605415,3,a47895dd-28f9-43b2-9214-a4e55fcf92e5,p5head_ex,3,495244.5826285237
0.8831275163248908,0.9445044709375399,True,0.1655158724332145,0.06301817602040816,False,0.339664381377551,0.5695762175838077,3,a47bcc17-20c6-4144-aca7-6032540b33e9,p5head_ex,1,495244.5826285237
0.8461825901916714,0.6850966500204417,False,0.3621039219256629,0.23082748724489796,False,0.2478077168367347,0.7925228803315489,3,a48c5a65-73cd-49a1-9a23-13e56e3138db,p5head_ex,2,495244.5826285237
0.8851440141444115,0.7469707952117671,True,0.5141547683650444,0.3190768494897959,False,0.263671875,0.6728294815740162,3,a4a5cd1a-bd42-42e2-89f9-b1617da60a68,p5head_ex,2,495244.5826285237
0.6641582007062531,0.6805199439156494,True,0.18826423459563327,0.10825892857142858,False,0.3444076849489796,0.8772091310751104,3,a4a95682-8ee5-42a1-a957-a4e8a924da2f,p5head_ex,2,495244.5826285237
0.9441632346122617,0.9068907743463531,True,0.3236308368990304,0.16198979591836735,False,0.31979432397959184,0.8721702755905512,3,a4b7d67d-7e52-4b14-9897-4fa498b25d0a,p5head_ex,2,495244.5826285237
0.9075177477590978,0.9928863810080005,False,0.157439993844762,0.04823022959183673,False,0.3035514987244898,0.6892561983471074,3,a55c56f0-ed46-4761-80cb-5472187e70cb,p5head_ex,1,495244.5826285237
0.9925004594885772,0.9879937188296278,True,0.36388586333986855,0.07760682397959184,False,0.33205117984693877,0.8762198253723678,3,a563cfdb-338f-491e-b370-10a7b2e36982,p5head_ex,1,495244.5826285237
0.7689122942982912,0.7414066646578316,True,0.6082602955435344,0.41458067602040816,False,0.35762117346938777,0.7388231900778771,3,a59835f0-1e71-46fc-b68f-2a16ca414b4b,p5head_ex,2,495244.5826285237
0.5,0.5,False,0.0,0.06505102040816327,True,0.25027901785714285,0.39736519607843135,3,a5ca0085-546e-4939-beee-25f87a033093,p5head_ex,1,495244.5826285237
0.9577034354458984,0.9893303512145928,True,0.441855618333745,0.08729272959183673,False,0.27377630739795916,0.4121004566210046,3,a5de312f-1c37-451a-9d60-2089e0227b97,p5head_ex,1,495244.5826285237
0.46722850437379987,0.48499866059469593,False,0.0,0.06588807397959184,False,0.35997289540816324,0.9467634603750756,3,a6148502-53a7-4916-93c1-9fa49c9a953b,p5head_ex,1,495244.5826285237
0.7367088930745175,0.5360985698093272,True,0.2996250948840795,0.06505102040816327,False,0.2198062818877551,0.3783700980392157,3,a65ddf29-a6d5-430b-8096-4528c45b47b1,p5head_ex,1,495244.5826285237
0.9182842751144993,0.8026237586220554,True,0.2764398313242406,0.13751594387755103,False,0.29512117346938777,0.7481159420289855,3,a662a526-362a-4c97-9407-3ac207c5ba81,p5head_ex,2,495244.5826285237
0.9798342726872354,0.9649483663191523,True,0.14350332893316917,0.04591836734693878,False,0.23307955994897958,0.9978298611111112,3,a68a107d-2929-430e-bcab-d68d6de7802a,p5head_ex,1,495244.5826285237
0.9930630341419199,0.9972644413586739,True,0.20855325167342514,0.07653061224489796,False,0.35899633290816324,0.7640625,3,a6a38450-9151-4178-a830-a08e0223f8a5,p5head_ex,1,495244.5826285237
0.4844708718011087,0.5224075322540427,False,0.1515179343118832,0.16424186862244897,False,0.27991470025510207,0.7590098289042592,3,a6a420f8-b676-49e1-9273-fd1b9f9fdfc9,p5head_ex,1,495244.5826285237
0.8757115686038484,0.8149264100680198,True,0.5266668823968746,0.34159757653061223,False,0.30000398596938777,0.7782380396732789,3,a6c364d2-b2d6-4b0b-a439-40b992ff65c7,p5head_ex,2,495244.5826285237
0.9928915773425433,0.988726105492445,True,0.2450565984428225,0.07724808673469388,False,0.3138950892857143,0.9625902992776058,3,a7714d9a-c359-4edd-94a4-c6943c437021,p5head_ex,1,495244.5826285237
0.6425535770763339,0.5774050263551517,True,0.44297274040815426,0.3750797193877551,False,0.3457629145408163,0.7549415515409139,3,a797f1b9-aa61-4ee3-91f2-e8a823d42b1a,p5head_ex,2,495244.5826285237
0.8747999324039483,0.8017974905282617,True,0.34652081692391357,0.14303651147959184,False,0.30147879464285715,0.9368817054479588,3,a7c69985-832e-4c35-810c-6578955cec97,p5head_ex,2,495244.5826285237
0.6653027174641712,0.5419366563464362,False,0.09157559225698958,0.08609693877551021,False,0.38261320153061223,0.9787037037037037,3,a83f3266-8fe1-4d4f-86a9-94ee9b7e8c4a,p5head_ex,1,495244.5826285237
0.7811477417841449,0.5934655430404674,True,0.230582555364866,0.1270328443877551,False,0.27780213647959184,0.9061813617822404,3,a8caec22-eaf7-4acf-bbb8-fa3cdf4f69d5,p5head_ex,2,495244.5826285237
0.7199512819154765,0.6264257714484613,False,0.08335713842779792,0.06654575892857142,False,0.40605070153061223,0.6235399820305481,3,a8d39eb7-7495-410b-8c23-0723b5245dae,p5head_ex,1,495244.5826285237
0.9097343043572118,0.9733055762026234,True,0.314967281586425,0.09845344387755102,False,0.29928651147959184,0.8362348178137652,3,a940da0e-5033-4069-9318-0f675dfcfc16,p5head_ex,1,495244.5826285237
0.9278236382353472,0.8476583129372306,True,0.2603944682896623,0.15138711734693877,False,0.3975805165816326,0.9745918904686677,3,a94b358c-1e82-484b-a36b-462bd297f9d6,p5head_ex,2,495244.5826285237
0.9561742641613584,0.9386534274791469,True,0.3528082839092731,0.095703125,False,0.7359494579081632,1.0,3,a9883ad6-826d-4257-bd75-504e2cc7b497,p5head_ex,1,495244.5826285237
0.7998345793400564,0.6036267753502154,False,0.2507722159224973,0.1556122448979592,False,0.3431919642857143,0.8652663934426229,3,a9a0308c-67af-4872-89f6-e9ecb5390ada,p5head_ex,1,495244.5826285237
0.7941041164587432,0.6940980492995446,True,0.31313010630595983,0.1380939094387755,False,0.35263871173469385,0.9220666762880646,3,a9c3b3d8-0e8a-4b5f-b05d-d66f5f8fe2ad,p5head_ex,2,495244.5826285237
0.9937934098865044,0.9915209376041256,True,0.41639028968884556,0.08498086734693877,False,0.3233219068877551,0.9514540337711069,3,aa19d527-3efa-4e82-bc1c-74c450386423,p5head_ex,1,495244.5826285237
0.9681643536124099,0.9845757679519946,True,0.31061499310780766,0.08131377551020408,False,0.27535076530612246,0.8477941176470588,3,aa1ab66a-081e-4c5f-a6b8-791a5182466e,p5head_ex,1,495244.5826285237
0.9709741213647464,0.9629671644831493,True,0.39748717894904406,0.11607142857142858,False,0.41191007653061223,0.9989697802197802,3,aa2b8e03-8968-4d9d-a783-e64d9bca1d15,p5head_ex,1,495244.5826285237
0.7824027474026126,0.6760527692360382,True,0.5153829489161736,0.34183673469387754,False,0.41214923469387754,0.8843866604477612,3,aa9ee7e3-71ef-48e3-9eac-46955dca641b,p5head_ex,2,495244.5826285237
0.3018812304436778,0.37023968042609856,False,0.0008086387799058442,0.006377551020408163,False,0.32069116709183676,1.0,3,aac0f44c-3942-460a-8d75-ece0ac88ab0f,p5head_ex,1,495244.5826285237
0.6602503587668793,0.5127689580322491,True,0.5298299787477435,0.3497688137755102,False,0.41523836096938777,0.885014245014245,3,aac5e3c9-f621-4193-8818-ca6ca3ba8320,p5head_ex,2,495244.5826285237
0.45258600731583093,0.47437206452930364,False,0.0,0.13915019132653061,False,0.3100486288265306,0.8254081924949871,3,ab173751-9a1a-491c-9cb0-404922df4a1d,p5head_ex,2,495244.5826285237
0.9868807350093808,0.9747516160530014,True,0.29615642919374163,0.11509486607142858,False,0.26698022959183676,0.9374891774891775,3,ab212af5-998c-44bd-8581-b608b6545855,p5head_ex,1,495244.5826285237
0.9425183317992877,0.6462632471372582,False,0.19620277679596063,0.08133370535714286,False,0.15945870535714285,0.8221024258760108,3,ab6f5973-db3c-4c21-8981-189792ea16ee,p5head_ex,1,495244.5826285237
0.8551858210294403,0.7886336997133981,False,0.052523658755771016,0.027981505102040817,False,0.43508848852040816,1.0,3,ab940f3f-3e24-4923-9907-17b3507157be,p5head_ex,2,495244.5826285237
0.5,0.5,False,0.0,0.01721938775510204,True,0.3379703443877551,1.0,3,aba529f7-0175-4d1c-b3df-601c95cec965,p5head_ex,1,495244.5826285237
0.8054385346851144,0.6510534731944015,True,0.4546490784456114,0.14734135841836735,False,0.2139269770408163,0.8417421885567429,3,abc5356a-b8b2-4a0b-9dab-14c54efb4f29,p5head_ex,2,495244.5826285237
0.545658860849952,0.4737080504591096,True,0.39674326569447194,0.3163464604591837,False,0.39706234056122447,0.8757638757638757,3,abda22a1-7761-4590-a1a8-132e093c54f2,p5head_ex,2,495244.5826285237
0.7182947838578148,0.6842404780168874,True,0.23712874592171573,0.1252391581632653,False,0.34729751275510207,0.8282940802036919,3,abe4dcac-25e1-40f1-9deb-0a18079fff6c,p5head_ex,2,495244.5826285237
0.8949861573686246,0.9860278408727629,True,0.5660702847034732,0.23515226403061223,False,0.28946109693877553,0.6057292990931434,3,ac1c77f9-db17-4bb4-886f-718a265eaa4d,p5head_ex,1,495244.5826285237
0.38670452816551526,0.31581502084457724,False,0.03440976533756328,0.06285873724489796,False,0.36069036989795916,0.9980976537729866,3,ac3e813f-0c91-461e-83eb-e3bdac5bb756,p5head_ex,2,495244.5826285237
0.7266887626751246,0.6938120531420828,False,0.15335946104484666,0.08035714285714286,False,0.5477718431122449,1.0,3,ac69e22d-1383-4d35-841b-c2da8b402469,p5head_ex,1,495244.5826285237
0.9243332125654887,0.8519229430744355,True,0.1801879208606984,0.07214604591836735,False,0.24515704719387754,0.6941988950276243,3,ac7a86f8-447e-4062-9ed3-2361a6ea7fdc,p5head_ex,2,495244.5826285237
0.7974208933522404,0.6300421360285653,True,0.25821569305965214,0.14498963647959184,False,0.21689652423469388,0.6640549828178695,3,acc73b01-9373-405f-8684-64e29541d69e,p5head_ex,2,495244.5826285237
0.3347347639685525,0.13578348033492169,False,0.008668082256486952,0.025111607142857144,False,0.2657047193877551,1.0,3,acee926a-5141-461f-b0c7-edbbf8bf51c8,p5head_ex,1,495244.5826285237
0.6694552601336654,0.49207504442208255,True,0.2805284301904296,0.18191964285714285,False,0.24611367984693877,0.9680105170902716,3,acfec3cb-9511-4f09-977c-87b061bd50dd,p5head_ex,2,495244.5826285237
0.8923431928652069,0.881467826410853,True,0.2645616837789549,0.10720264668367346,False,0.5071747448979592,0.8583379810373676,3,ad07e798-4dea-419f-94c3-f6ae51875465,p5head_ex,2,495244.5826285237
0.755553078929632,0.8215311694349781,True,0.5003570780022731,0.269710618622449,False,0.4645448022959184,0.8860563068055863,3,ad217b8d-1a8a-4347-871c-812febbde1e4,p5head_ex,2,495244.5826285237
0.39586723071916696,0.4744414592760181,False,0.0,0.020089285714285716,False,0.30197704081632654,1.0,3,ad233e1a-853b-4ad8-951f-a756c3cf2d53,p5head_ex,1,495244.5826285237
0.4712649591165527,0.43958855947521946,False,0.058039796690638114,0.0546875,False,0.27792171556122447,0.9872448979591837,3,ad49beb0-b610-4b07-adf1-60b4a6413159,p5head_ex,2,495244.5826285237
0.6438288417437731,0.5964396752651722,True,0.20479765353423637,0.09101961096938775,False,0.38637994260204084,0.9842347273921611,3,ad4d16e5-a851-4327-b9fe-5977da445669,p5head_ex,2,495244.5826285237
0.42219300501210716,,False,0.005441351530586703,0.08912627551020408,False,0.2541653380102041,0.0,3,ad50d85f-8915-4dc4-b048-74de08e2059b,p5head_ex,1,495244.5826285237
0.6313461698315975,0.5822322123112043,False,0.1923112378577169,0.12093431122448979,False,0.28691007653061223,0.9421555702043507,3,ad731170-1388-4ee3-89f9-786322217fc3,p5head_ex,2,495244.5826285237
0.6590935418859524,0.6842043932088914,True,0.3085928926136409,0.18893494897959184,False,0.2979711415816326,0.7891350210970464,3,ad87f2f3-94d1-459a-83de-fe597d9f5d13,p5head_ex,2,495244.5826285237
0.8371454093776514,0.6975544122100968,False,0.24499128698087666,0.15290178571428573,False,0.26662149234693877,0.8703076120959332,3,ad8fbdf0-b0df-4e0d-8fae-0ba105c81cc1,p5head_ex,3,495244.5826285237
0.5805005942560479,0.5507461199495174,False,0.03981216055542711,0.032306281887755105,False,0.36252391581632654,1.0,3,add35dae-274e-4e32-acd7-babdcb3e390f,p5head_ex,2,495244.5826285237
0.7450712389262836,0.6180572408927996,False,0.3447353105562996,0.2245296556122449,False,0.3062220982142857,0.8679211787679745,3,adde381e-2a52-410c-9e75-3481e0fc8f18,p5head_ex,2,495244.5826285237
0.9428643467161948,0.9032116231409065,False,0.0751254517376213,0.026506696428571428,False,0.3175422512755102,0.9977443609022556,3,ade6a8d3-7d45-4e17-9784-5a04e6f16b76,p5head_ex,1,495244.5826285237
0.6849362372005955,0.6979839617139714,True,0.43438058032946975,0.27670599489795916,False,0.3682836415816326,0.8331892826274849,3,adf7dc8f-19dc-4543-8aea-982cfa21629b,p5head_ex,2,495244.5826285237
0.6880555002980062,0.6367937124625374,True,0.42750873449468435,0.30434869260204084,False,0.42809311224489793,0.8645144391329972,3,ae03e3f2-a0e7-4c1e-a2b4-1d9463a86d2e,p5head_ex,2,495244.5826285237
0.7579795718439758,0.6731987474776766,True,0.3695839762679165,0.19599011479591838,False,0.39945392219387754,0.9835265405735204,3,ae06ef31-ae55-4e3c-9460-ae5c3733bedb,p5head_ex,2,495244.5826285237
0.7653214854797721,0.8275955930355909,True,0.4746533051184695,0.2471301020408163,False,0.3295400191326531,0.7554838709677419,3,ae3ec9ec-d945-49c3-8172-d815347858d1,p5head_ex,2,495244.5826285237
0.8531589029140592,0.6317523395404787,True,0.499628379842326,0.28176817602040816,False,0.3883529974489796,0.9477295232706182,3,ae3f4d88-7880-40a1-aa43-4481dbc330ea,p5head_ex,2,495244.5826285237
0.5,0.5,False,0.0,0.025111607142857144,True,0.3737244897959184,1.0,3,ae909ea7-5fde-4d40-8295-337f5fe62d29,p5head_ex,1,495244.5826285237
0.4702569027857671,0.44281687092990335,False,0.0003732298650970117,0.029894770408163265,False,0.35837850765306123,1.0,3,aef66833-841d-40c8-84f8-acfc81c2f9b8,p5head_ex,1,495244.5826285237
0.23501590396458558,0.322176433519774,False,0.00017617222426439085,0.029496173469387755,False,0.3564453125,1.0,3,aef87dc2-a097-4683-9fb1-d1af6838a16a,p5head_ex,1,495244.5826285237
0.45902879680012676,0.5685270701572034,False,0.037312852781981105,0.060267857142857144,False,0.49123086734693877,1.0,3,af0894a8-0a8b-4327-add9-a3bdcb425b76,p5head_ex,1,495244.5826285237
0.9314124371257994,0.9354210182370991,False,0.053018602744391005,0.01544563137755102,False,0.28292410714285715,0.9380645161290323,3,af0cb664-287b-47b7-b7f6-55518a510ebf,p5head_ex,1,495244.5826285237
0.6742626818584541,0.5259279774981195,True,0.39525801027716956,0.2726203762755102,False,0.3781688456632653,0.8712625191899993,3,af126ce1-a5d6-43bb-b5d1-5fef9bcbeda2,p5head_ex,2,495244.5826285237
0.6838668499398158,0.7000042214828889,True,0.452040666136883,0.3383290816326531,False,0.35560825892857145,0.8216894439208294,3,af33db14-7cd0-4a94-90a3-6d912c1b2d1f,p5head_ex,2,495244.5826285237
0.5123573331231349,0.513341576343679,False,0.09430477389549213,0.16513871173469388,False,0.3000438456632653,0.9581221337195269,3,af45702a-fad7-4664-8094-df145d2e7622,p5head_ex,2,495244.5826285237
0.7629968848774226,0.5821810079438376,False,0.610658911982115,0.2920519770408163,False,0.34450733418367346,0.8253719121059097,3,af75eb61-1bdf-4562-8ac6-c1ea4f344073,p5head_ex,2,495244.5826285237
0.9890562541945694,0.9821654834283394,True,0.12374673092974803,0.028280452806122448,False,0.4613560267857143,1.0,3,af83a7a6-dfe2-4419-a4fa-a0090858f8bd,p5head_ex,1,495244.5826285237
0.4452787751408471,0.42126651497413287,False,0.005489572351713291,0.08968431122448979,False,0.3068997130102041,0.9906666666666667,3,afe29620-410d-4491-999e-470040899f0e,p5head_ex,1,495244.5826285237
0.5599177380921025,0.4869157973334534,True,0.3040909616306679,0.23955676020408162,False,0.28535554846938777,0.7692179700499168,3,afff57ee-fdb2-408a-a01e-7814931892e0,p5head_ex,2,495244.5826285237
0.8339101362164916,0.7906558830936117,True,0.5293502525412809,0.3402822066326531,False,0.3606704400510204,0.7902659013705049,3,b006df68-f367-4949-b94b-9351a99cb343,p5head_ex,2,495244.5826285237
0.6387625987555755,0.6156233700235073,True,0.1877278123712915,0.07075095663265306,False,0.28298389668367346,0.8090140845070423,3,b0502b9f-b85c-4cac-9e8f-325ed59315e0,p5head_ex,2,495244.5826285237
0.31945632997800916,0.20058521616094444,False,0.002782201657181958,0.015904017857142856,False,0.23943718112244897,1.0,3,b086dfcf-4704-41a5-bdf7-22139c5d0711,p5head_ex,1,495244.5826285237
0.7102241131063886,0.4486524066598702,True,0.3725887318829183,0.1892936862244898,False,0.309390943877551,0.6226574015582228,3,b090dd7d-b4d9-4ebe-b36d-95f83510e955,p5head_ex,2,495244.5826285237
0.7646138376062762,0.6414587735639488,True,0.4233286149412737,0.24507732780612246,False,0.321109693877551,0.8798080832723428,3,b0c0a6a2-cbd3-4aae-b488-e871db0b78b7,p5head_ex,2,495244.5826285237
0.7937753049939441,0.6690335408311515,True,0.3358384324958072,0.20735012755102042,False,0.2891422193877551,0.8526528258362168,3,b0e2b584-8e6f-4849-88ad-778a07abc055,p5head_ex,2,495244.5826285237
0.8372461233162173,0.7183555951276016,False,0.15614967975764604,0.04862882653061224,False,0.2238719706632653,0.6799180327868852,3,b1129974-9d1d-4329-bb38-9979786102ca,p5head_ex,2,495244.5826285237
0.6875925238053164,0.639673478228453,True,0.22159486276792034,0.13073979591836735,False,0.3463608099489796,0.7391768292682926,3,b1185bf9-79d4-4497-ac44-cd2581128f5b,p5head_ex,2,495244.5826285237
0.3012097433382377,0.3102964863091332,False,0.0,0.024713010204081634,False,0.35879703443877553,1.0,3,b11a86fc-8db1-4a1e-90f5-8c07ab29cd99,p5head_ex,1,495244.5826285237
0.7230975569768925,0.6539530931613763,True,0.4233588303840299,0.15563217474489796,False,0.46193399234693877,0.9551799206044308,3,b1243623-70de-4b30-884c-775a3edd978e,p5head_ex,2,495244.5826285237
0.837198999965161,0.6730692722720272,False,0.2221727627084982,0.10118383290816327,False,0.3075374681122449,0.805199921213315,3,b1323e3e-2460-4db7-a98e-f810c0004836,p5head_ex,2,495244.5826285237
0.6654921464290031,0.7424786140525773,True,0.43973723702871237,0.33494100765306123,False,0.3973812181122449,0.7807330715220755,3,b16bcbb6-570b-450b-a9e5-b1e3663205bb,p5head_ex,2,495244.5826285237
0.4594902523419698,0.494550408719346,False,0.0,0.05540497448979592,False,0.24467873086734693,0.8517985611510791,3,b181eb13-a6b0-4576-afcd-0e23c90723ba,p5head_ex,2,495244.5826285237
0.9606738376559145,0.9862246257706248,False,0.28939296877955395,0.04858896683673469,False,0.44961734693877553,0.36505332239540605,3,b18e4375-e20d-42e9-a545-a62294135c07,p5head_ex,1,495244.5826285237
0.8779863280174489,0.9018838376395274,True,0.49913418043038477,0.19949776785714285,False,0.7329799107142857,0.9997002997002997,3,b18f7658-00da-4668-bfe8-9a3d2b2d2c33,p5head_ex,2,495244.5826285237
0.5555754199668812,0.5847949649908455,False,0.06204735611350582,0.08669483418367346,False,0.31816007653061223,0.9804597701149426,3,b19a9422-a790-4a43-b59f-65a3bf0f16be,p5head_ex,3,495244.5826285237
0.9854133145206783,0.9701036346841819,False,0.08558595018333817,0.022600446428571428,False,0.49948182397959184,1.0,3,b1a8c34d-b577-45d2-8f8e-9190e2cefb4a,p5head_ex,1,495244.5826285237
0.8003562981615967,0.5874156854616002,True,0.4329148694694898,0.19826211734693877,False,0.295101243622449,0.9166666666666666,3,b1a975a0-4a69-4c65-b761-44a506b86be6,p5head_ex,2,495244.5826285237
0.6141632151891834,0.6841146963098182,False,0.23043823216590414,0.06831951530612244,False,0.290836256377551,0.7167444574095683,3,b1b9f018-bc87-4f21-af0e-d56a58eb27fb,p5head_ex,2,495244.5826285237
0.9681805214239316,0.9796348108151237,True,0.3167833671754884,0.07563376913265306,False,0.39652423469387754,0.7565217391304347,3,b1cd1f20-1ea8-4520-8875-97fa8c83dd9f,p5head_ex,1,495244.5826285237
0.8360852144916828,0.797427071048208,False,0.3521467800951391,0.14903539540816327,False,0.4358657525510204,1.0,3,b217cb57-c3f5-4fab-a81f-48425916ba54,p5head_ex,2,495244.5826285237
0.8179744168678197,0.72693037890728,True,0.5462619370323684,0.28952088647959184,False,0.3043885522959184,0.843945756178151,3,b24d51ce-7415-4784-9748-7a239428ae3b,p5head_ex,2,495244.5826285237
0.28233926167122075,0.1888071249083594,False,0.01084894016225737,0.056560905612244895,False,0.3868781887755102,1.0,3,b255cf25-6d4d-438d-af57-95f8e8f3654d,p5head_ex,1,495244.5826285237
0.5,0.5,False,0.0,0.033482142857142856,True,0.23975605867346939,0.9720238095238095,3,b273a85e-eacc-4bee-b534-5ee42cf1300f,p5head_ex,1,495244.5826285237
0.7028470165755045,0.6711478447610726,False,0.14317160837244014,0.05488679846938776,False,0.3361965880102041,0.9825708061002179,3,b2b28a22-97fa-48e6-995f-1fe04f72497a,p5head_ex,2,495244.5826285237
0.8863072950490462,0.6987607070667124,False,0.18423424518667594,0.04994419642857143,False,0.16717155612244897,0.9680766161213089,3,b2d5a048-01c8-4140-9f32-822db6e813c5,p5head_ex,2,495244.5826285237
0.21930808653617676,0.3137723511381001,False,0.0001892274826979642,0.08340640943877552,False,0.38755580357142855,0.9777777777777777,3,b2dab5c5-79bb-44c1-9051-7189d2a9aab9,p5head_ex,1,495244.5826285237
0.5655497641367961,0.4441936366043189,False,0.3537657087073006,0.25288982780612246,False,0.43955277423469385,0.9270234060997714,3,b30acc47-d394-4a42-aeaf-17527f15dd62,p5head_ex,2,495244.5826285237
0.7660911820862336,0.6117842383103538,True,0.2962669118586897,0.1753826530612245,False,0.29984454719387754,0.8902272727272728,3,b32508d0-975d-4b74-8233-174fef34684c,p5head_ex,2,495244.5826285237
0.28569213915128466,0.33288446000538646,False,0.0,0.035813934948979595,False,0.10881696428571429,0.9721758486366165,3,b35d57ee-f22b-4c8c-b959-3ee8eecef555,p5head_ex,2,495244.5826285237
0.9874911397622124,0.9648813010650404,True,0.11359859106617606,0.035076530612244895,False,0.31825972576530615,0.9846590909090909,3,b364396e-eb60-471b-9065-1eac897e5d69,p5head_ex,1,495244.5826285237
0.523850069058206,0.5333984179876271,False,0.0848232267966395,0.111328125,False,0.2915736607142857,0.9665234514858575,3,b3db4730-7c2d-4b91-b09b-2346fef7dc58,p5head_ex,2,495244.5826285237
0.372569536154737,0.33705475810738966,False,0.0,0.019072863520408163,False,0.35646524234693877,1.0,3,b3dd5571-cf7a-4538-bb22-12ab1d62cc90,p5head_ex,1,495244.5826285237
0.36239227673539043,0.4396030058171641,False,0.025320394929728218,0.24376195790816327,False,0.34287308673469385,0.9121903360313957,3,b3e2ba43-87f4-4137-b21b-b9d6e853e9c2,p5head_ex,2,495244.5826285237
0.5095511710467548,0.5503110119400956,False,0.13894379840448134,0.15232382015306123,False,0.3109853316326531,0.8567316498757033,3,b406e391-9f28-4f26-a71f-285d5e3f488c,p5head_ex,2,495244.5826285237
0.689128700664553,0.6661360484703308,True,0.34172681570751723,0.11790497448979592,False,0.3207908163265306,0.8319810682893847,3,b4158c24-1186-4d75-8b45-6c0c378a8ac5,p5head_ex,2,495244.5826285237
0.9500297413340302,0.9802727107562353,True,0.443264072786264,0.14995216836734693,False,0.3354591836734694,0.7776448697501329,3,b435cc3a-cc81-4361-ac91-235b4150265e,p5head_ex,1,495244.5826285237
0.9833165713109364,0.9705155237305351,True,0.3006493839310806,0.083984375,False,0.3164859693877551,0.9719981015662079,3,b45197ea-5abe-4fb2-8cd9-40ab9771fac0,p5head_ex,1,495244.5826285237
0.5899567062643242,0.4890514664938543,False,0.1875645326353092,0.14887595663265307,False,0.32541454081632654,0.9560910307898259,3,b45e1b50-d497-4b91-9b79-5050fd0e6800,p5head_ex,2,495244.5826285237
0.8966368735604566,0.8090797883936275,True,0.3578296219282338,0.12541852678571427,False,0.3766541772959184,1.0,3,b4686a9f-c3a6-4cba-9400-b35ba566b74e,p5head_ex,2,495244.5826285237
0.7760722985140156,0.7238686175931617,False,0.3247498554182245,0.1973453443877551,False,0.3485132334183674,0.8060997778226621,3,b481fe48-80c2-4a74-9c1a-ad907dd1f7b6,p5head_ex,2,495244.5826285237
0.8631527324651129,0.8279115778378455,True,0.40954933107608166,0.18474968112244897,False,0.2345344387755102,0.8941747572815534,3,b4a86f67-272e-4204-9dab-749ec2ec627f,p5head_ex,2,495244.5826285237
0.9313193096262504,0.9365103334178201,True,0.22264287555982457,0.11876195790816327,False,0.3706552933673469,0.9803658331934888,3,b52244ed-5e8f-4ab6-a2b0-9bed4ab0ff2a,p5head_ex,1,495244.5826285237
0.6604126624696641,0.622268061903819,True,0.3783838563056784,0.23449457908163265,False,0.3592155612244898,0.789308176100629,3,b539db75-809d-4c0c-8b9f-b0e934ed740e,p5head_ex,2,495244.5826285237
0.7744037866443031,0.7335669418809583,True,0.42705107212599763,0.22090242346938777,False,0.33183195153061223,0.9183507758931794,3,b541091c-8437-407d-be64-2440a01b33e8,p5head_ex,2,495244.5826285237
0.8728347932790941,0.823501070772196,True,0.1960707303797488,0.09115911989795919,False,0.39194036989795916,0.885002186270223,3,b54f130a-94fc-49ae-a6b2-5e1c870720a7,p5head_ex,2,495244.5826285237
0.5,0.5,False,0.0,0.034658003826530615,True,0.2382015306122449,0.9551466359976998,3,b59a6d82-6686-4691-917e-8c98b6752b01,p5head_ex,1,495244.5826285237
0.726751695007048,0.6960552449027017,True,0.5161266011332751,0.3874362244897959,False,0.3549705038265306,0.7409465020576131,3,b5df5721-d026-4638-8b8d-67260798f6a7,p5head_ex,2,495244.5826285237
0.5,0.5,False,0.0,0.03188775510204082,True,0.2566764987244898,0.990625,3,b60cbe83-66f7-44c1-b5c6-a407e3e2f930,p5head_ex,1,495244.5826285237
0.9187407960637328,0.9700704225352113,True,0.5176915057171576,0.18461017219387754,False,0.2146045918367347,0.5518730432905107,3,b617818a-6a54-4dbd-997f-26723bb46634,p5head_ex,1,495244.5826285237
0.5026024928677312,0.5362020062762646,True,0.2827076615114208,0.1484375,False,0.46707589285714285,0.9926154672395274,3,b61e3955-0a8d-4678-9746-b7202fd6d777,p5head_ex,2,495244.5826285237
0.3871483638153039,0.43851195065535853,False,0.0,0.027981505102040817,False,0.33816964285714285,1.0,3,b623e856-e328-4396-a01c-4d6210c2dd53,p5head_ex,1,495244.5826285237
0.5,0.5,False,0.0,0.06297831632653061,True,0.22287547831632654,0.9120253164556962,3,b625110c-330c-47f9-aa5a-31adaad56151,p5head_ex,1,495244.5826285237
0.8884169484033654,0.8103456715274623,True,0.40054087804192134,0.19363839285714285,False,0.25306919642857145,0.8646562371346233,3,b64e0ee1-82db-47fa-a91a-f1e187f84696,p5head_ex,2,495244.5826285237
0.774269828648857,0.7222760859723203,False,0.27210652417357273,0.16179049744897958,False,0.2963169642857143,0.8154717910815472,3,b64e24e7-8428-446a-8b07-918715b55b7b,p5head_ex,2,495244.5826285237
0.8561101559011755,0.798910613348559,True,0.4290486547067976,0.2617785395408163,False,0.38173628826530615,0.877198325085649,3,b64f53f6-a558-4d6c-99d7-50287d3b3773,p5head_ex,2,495244.5826285237
0.8077966317617156,0.6827288481927883,False,0.38993938912525283,0.24338329081632654,False,0.4374402104591837,0.9194235178512938,3,b67345a4-9c06-46c0-b0a0-303cee1cc19c,p5head_ex,2,495244.5826285237
0.3817441586193097,0.4127465971013123,False,0.05371064312053615,0.23297991071428573,False,0.3022361288265306,0.9159110350727118,3,b680c111-22a5-4ad1-94b7-34e866815e79,p5head_ex,2,495244.5826285237
0.8009961119249405,0.7921652730580242,True,0.3779069180153575,0.25912786989795916,False,0.3185985331632653,0.8615597600369174,3,b6862fc0-31f9-4091-b8b1-256192168a0f,p5head_ex,2,495244.5826285237
0.41419798469056784,0.47234392113910184,False,0.0,0.07832429846938775,False,0.3330676020408163,1.0,3,b6b209c2-1090-4d22-89bc-a9e65d500dc9,p5head_ex,2,495244.5826285237
0.8491146743277865,0.8233638468363313,True,0.3287277187877191,0.16545758928571427,False,0.3789660395408163,0.8847265719103831,3,b724406f-51b8-4134-a9eb-2185696cbbfb,p5head_ex,2,495244.5826285237
0.4542622003891191,0.4960674557856037,False,0.007511580395379224,0.05570392219387755,False,0.38681839923469385,0.9953488372093023,3,b73735b9-8b15-4def-9131-891baa6f64a9,p5head_ex,1,495244.5826285237
0.8693971635483143,0.7649640065013159,True,0.38446577436660007,0.1522640306122449,False,0.3315529336734694,0.9739528795811518,3,b73ed36a-96ce-4124-b9cd-a74d883e9bfd,p5head_ex,2,495244.5826285237
0.5548102173137176,0.41567855864575615,True,0.276597090466511,0.2540656887755102,False,0.3696189413265306,0.9295575776592406,3,b7a29be3-3972-4b09-8b41-04e6bc2d96d8,p5head_ex,2,495244.5826285237
0.3866375772238303,0.3903443986628314,False,0.0,0.07736766581632654,False,0.314273756377551,0.7485832045337455,3,b7d0cb5e-5594-41f1-9426-c7aa2cfd945c,p5head_ex,2,495244.5826285237
0.6383614130262629,0.5526881548489833,True,0.21176975099739612,0.1292450573979592,False,0.3116031568877551,0.9241326137239784,3,b7e58e65-9a85-47e0-a45c-6b943e01f726,p5head_ex,2,495244.5826285237
0.7561281917268303,0.7782846005960088,False,0.26728822001132546,0.1532605229591837,False,0.362125318877551,0.9902470741222367,3,b7f61871-5e78-4b27-bcc8-7c452c4c746a,p5head_ex,2,495244.5826285237
0.8679175292687522,0.6570820863021213,False,0.42430260810561765,0.24388153698979592,False,0.30056202168367346,0.9306202500612896,3,b804f8cc-64b3-4a06-8929-7f12138fc625,p5head_ex,2,495244.5826285237
0.4187318786903981,0.4789036832094069,False,0.0,0.058294802295918366,False,0.4040377869897959,0.9996581196581197,3,b815bf0c-9150-4a9f-acd5-d278a35e505d,p5head_ex,1,495244.5826285237
0.6408555284031285,0.5788956790677557,False,0.48376777221700656,0.38193558673469385,False,0.4095982142857143,0.8376643706950532,3,b82d06aa-4036-4ad0-acf1-99b127f2ce17,p5head_ex,2,495244.5826285237
0.7440361956061642,0.5495658099453138,True,0.3045122146445132,0.18056441326530612,False,0.28079161352040816,0.9324503311258279,3,b852bc3c-0de5-4448-aff8-f96b2cc13d51,p5head_ex,2,495244.5826285237
0.568199603236597,0.5981454500051053,True,0.32316143906993255,0.15001195790816327,False,0.4555763711734694,0.8591736415570612,3,b864ec3f-158d-42f2-a8e3-2f093c9b2345,p5head_ex,2,495244.5826285237
0.7010204451498465,0.6521192643251744,True,0.3066461875246728,0.1904894770408163,False,0.4462093431122449,0.9315756434400502,3,b8962707-6434-48dd-bd1c-5ba0164a3a22,p5head_ex,1,495244.5826285237
0.9096519476509294,0.9305442959604445,False,0.16537525533221725,0.05943080357142857,False,0.3938137755102041,0.8058350100603622,3,b8a8a107-1797-4437-b71a-ed1f980fa4a6,p5head_ex,2,495244.5826285237
0.33037047591906527,0.4085816665709262,False,0.003293631959824507,0.020926339285714284,False,0.24703045280612246,0.9866666666666667,3,b8d5cabd-d5b5-4ac4-b1d1-f0f80be47619,p5head_ex,1,495244.5826285237
0.46844181459566075,0.4787234042553192,False,0.0,0.029974489795918366,False,0.30068160076530615,1.0,3,b93bc9fc-3863-4ac7-a097-c8977df98d4b,p5head_ex,1,495244.5826285237
0.7901040889219052,0.7341294386390436,True,0.24666136533597377,0.10512994260204081,False,0.35965401785714285,0.9967772511848341,3,b952a239-6b35-4d06-981b-4361d4bb8a9f,p5head_ex,2,495244.5826285237
0.46639023216122183,0.48091410197519524,False,0.0,0.0891860650510204,False,0.5206273915816326,0.9727374301675977,3,b96a158e-00ce-4b22-8431-05a30448d7f5,p5head_ex,2,495244.5826285237
0.926531110933161,0.9208602117402142,True,0.22487116040052996,0.09123883928571429,False,0.31618702168367346,0.8073394495412844,3,b97dadd7-8a4f-4bdf-898e-c59489b8add0,p5head_ex,2,495244.5826285237
0.9957695137325158,0.9854545194067014,True,0.16506740560602334,0.044921875,False,0.3140146683673469,1.0,3,b97e765e-a0c1-4f91-b62f-07df0bae33a7,p5head_ex,1,495244.5826285237
0.2240184032843655,0.21221908287866978,False,0.0005952528461701404,0.024872448979591837,False,0.2805723852040816,1.0,3,b98df72f-9bd3-4523-940a-b4075f1ff311,p5head_ex,1,495244.5826285237
0.9852069659012694,0.9772039298548141,False,0.24406379005812207,0.0693359375,False,0.30994897959183676,0.8841621155504455,3,b9cd9ce8-2450-44bc-8e83-9cab6b7b35ef,p5head_ex,1,495244.5826285237
0.45333609949328196,0.49812173848144325,False,0.004534908274150056,0.14540816326530612,False,0.2766063456632653,0.8301809210526315,3,ba07f107-5f57-4c63-8d82-e19b30e3e72d,p5head_ex,2,495244.5826285237
0.8729524444346457,0.8553032449794845,True,0.42189525887244633,0.18317522321428573,False,0.38608099489795916,0.9277554129039277,3,ba16fe59-6c9f-42ed-8138-ae8dc68c99e9,p5head_ex,2,495244.5826285237
0.9506062288476499,0.9284162027260511,True,0.4644035887504263,0.07772640306122448,False,0.3891701211734694,1.0,3,ba66a843-4afd-473a-82a6-7cc80bb74757,p5head_ex,1,495244.5826285237
0.7347677255218179,0.7770104017160787,True,0.2932764900846696,0.08805006377551021,False,0.4119499362244898,0.7754640108646447,3,ba6ce5ed-7b5d-4104-9050-967df0dbd928,p5head_ex,2,495244.5826285237
0.8358673034830721,0.8271063522898732,True,0.31565189446159303,0.15646922831632654,False,0.2842594068877551,0.8141638007897083,3,ba8d3130-4063-4339-bbfa-474259060f5b,p5head_ex,2,495244.5826285237
0.7863530511708704,0.6720050455913091,True,0.3169086552217374,0.20348373724489796,False,0.257633131377551,0.8845249755142017,3,ba9148d0-12d5-4333-9b5f-bb32c687ed66,p5head_ex,2,495244.5826285237
0.9525137677810318,0.9063886134599738,False,0.1724563157181685,0.05313297193877551,False,0.29982461734693877,0.677794448612153,3,bad052e9-4ac1-4412-87cb-5cb92b55027b,p5head_ex,1,495244.5826285237
0.6264375657218721,0.48851010545206464,False,0.07919290881724854,0.06588807397959184,False,0.43020567602040816,0.9936479128856625,3,bad209bb-8814-4a94-9e27-4370052e3b85,p5head_ex,1,495244.5826285237
0.6467944325821257,0.6285083251359137,True,0.446499770348909,0.31967474489795916,False,0.41611527423469385,0.8632793017456359,3,baf86877-7802-4dff-8870-cf2f38bc082a,p5head_ex,2,495244.5826285237
0.989125869735156,0.9636241031196521,True,0.144453458412999,0.03766741071428571,False,0.3063217474489796,1.0,3,bb0e4a7c-5f47-4c43-892c-2ab317601edf,p5head_ex,1,495244.5826285237
0.8196184997960583,0.7702347228690937,True,0.24585806360733087,0.10985331632653061,False,0.34281329719387754,1.0,3,bb1648ed-992f-482f-b3a7-0a21237c8972,p5head_ex,2,495244.5826285237
0.9447650599099313,0.9463812283128521,True,0.32779497827101817,0.13962850765306123,False,0.3024752869897959,0.7819012275192692,3,bb37b213-279c-4162-b3fe-db014c01ed83,p5head_ex,1,495244.5826285237
0.7700510255244163,0.5853440984307513,False,0.36862416671781173,0.25906808035714285,False,0.3485530931122449,0.9300715439649204,3,bb509940-e147-4ff1-806b-a82890182d5b,p5head_ex,2,495244.5826285237
0.7465736913509827,0.5998892253389918,True,0.42871791594706155,0.24412069515306123,False,0.2355110012755102,0.7944321985468201,3,bb6164ee-9b30-4b94-85ca-5f9d94b2ce4a,p5head_ex,2,495244.5826285237
0.933225722157084,0.8658478771625633,True,0.4980476791977317,0.24469866071428573,False,0.22638313137755103,0.8015149047076071,3,bb7dca62-6180-4e52-81b6-8a9e09a4bfae,p5head_ex,2,495244.5826285237
0.7042115970252346,0.6854485728781677,False,0.36906881043073314,0.2019889987244898,False,0.31734295280612246,0.8375925012333498,3,bbdd8674-c782-4ac8-a20d-4baef4afa895,p5head_ex,2,495244.5826285237
0.45277550655654863,0.4389397464674821,False,0.030284175681399992,0.0745376275510204,False,0.474609375,1.0,3,bbdf6d54-a58a-40f7-b7fa-8f3eaf22e414,p5head_ex,1,495244.5826285237
0.7411361046583975,0.7713409586830786,True,0.07284088412427216,0.03513632015306122,False,0.32710857780612246,0.7441860465116279,3,bbecaf72-370b-4667-a4bf-088091cfae00,p5head_ex,1,495244.5826285237
0.3763310446902109,0.48235026189933955,False,0.0,0.03049266581632653,False,0.20551658163265307,1.0,3,bc2a8121-cccd-47d8-8289-2dbfacf6b94f,p5head_ex,1,495244.5826285237
0.7243179981604319,0.6360961704768179,False,0.19976531537431022,0.10429288903061225,False,0.3063815369897959,0.9541372061914771,3,bc45556d-61f2-43c6-b886-21bdc59542e7,p5head_ex,2,495244.5826285237
0.7232808954455838,0.5521055373306815,True,0.4272622423694952,0.31361607142857145,False,0.39981265943877553,0.9232333502796136,3,bc54c1d6-8a51-4bae-adaf-d2b7ec7c4323,p5head_ex,2,495244.5826285237
0.9874065092659031,0.9807642592981263,True,0.1788020780565773,0.048828125,False,0.4422233737244898,1.0,3,bc6dd946-0b3f-445f-8d78-3cc39a0b14ae,p5head_ex,1,495244.5826285237
0.5982623855185948,0.6555831360250362,False,0.49985861283516464,0.42647879464285715,False,0.4536033163265306,0.7613907191924856,3,bca62fcd-acd1-4ffb-8e1e-fabd4f7c400f,p5head_ex,2,495244.5826285237
0.8116339728694036,0.7061534785099506,True,0.1668436683730669,0.08822943239795919,False,0.26291454081632654,0.8229049017393268,3,bca65bc9-adf1-402b-96b8-cfe195b7969d,p5head_ex,2,495244.5826285237
0.7628472813671289,0.7904724644342165,False,0.05132024330960763,0.027981505102040817,False,0.14512914540816327,0.8717948717948718,3,bca6d69c-5695-4660-bcc2-2e5f4e479135,p5head_ex,1,495244.5826285237
0.9070626962639436,0.826645072052522,True,0.3795802073114938,0.21560108418367346,False,0.2928093112244898,0.889351081530782,3,bcc24ec7-8a99-4dcf-ba71-ac73659e2ac1,p5head_ex,2,495244.5826285237
0.9756575840582271,0.9681919498158204,True,0.47989190911908036,0.13251355229591838,False,0.3936742665816326,0.9302150699353287,3,bce0b118-a130-47a3-bfa6-d5b68ac6b8e2,p5head_ex,1,495244.5826285237
0.355488037062,0.4760784571906158,False,0.004278489485306702,0.14044563137755103,False,0.2752710459183674,0.7533702284660139,3,bce23f47-7e90-48be-ab13-be220200fba0,p5head_ex,2,495244.5826285237
0.5509581538896764,0.4885810553246936,True,0.3492493554679395,0.19730548469387754,False,0.28649154974489793,0.8348484848484848,3,bcee03c8-2ff9-4b01-a6d6-a4ee99565d81,p5head_ex,2,495244.5826285237
0.9704408625120757,0.9546651897016484,True,0.2392031947120185,0.05102040816326531,False,0.24019451530612246,0.984765625,3,bd20a471-4892-4763-ae4a-936878eefede,p5head_ex,1,495244.5826285237
0.8925750529634648,0.7076077918992755,True,0.21077602598860046,0.09153778698979592,False,0.25388632015306123,0.9405617243631613,3,bd449993-b9a0-4cad-8cbf-780ad345c3f9,p5head_ex,2,495244.5826285237
0.2444894915451121,0.28452381922653736,False,0.0018836993125305416,0.06337691326530612,False,0.47861527423469385,1.0,3,bd56f37d-5561-40f9-bd09-1363786eab67,p5head_ex,1,495244.5826285237
0.5,0.5,False,0.0,0.07539461096938775,True,0.4443957270408163,1.0,3,bd6d6284-0c13-454a-a41f-c84ee6c1dde4,p5head_ex,2,495244.5826285237
0.8482663365340697,0.6530634108420912,True,0.5200205660386438,0.24661192602040816,False,0.28689014668367346,0.8621302731533861,3,bd7be642-660a-4c53-9125-303be8fb9659,p5head_ex,2,495244.5826285237
0.5427384402830804,0.6319850893236262,False,0.12629029874792924,0.14040577168367346,False,0.3411391900510204,0.9572746628814762,3,bda1d8b6-2a74-41c3-8cef-3ff7864e4613,p5head_ex,2,495244.5826285237
0.8878837377687911,0.7365973256025091,True,0.2121048072620902,0.09614158163265306,False,0.2593470982142857,0.8341625207296849,3,bda64685-d0c5-4f57-920b-4fa3eaa9bc6b,p5head_ex,2,495244.5826285237
0.9909912459812843,0.9749923768078897,True,0.10832535462017163,0.03256536989795918,False,0.2634127869897959,0.9957160342717258,3,bda78d8f-77ca-4806-a095-e0df852f821f,p5head_ex,1,495244.5826285237
0.570575288654732,0.6133828577001432,False,0.07991698116494143,0.09626116071428571,False,0.33882732780612246,0.8687370600414078,3,bdb79995-00a2-4b13-bfc7-6f06f8639498,p5head_ex,2,495244.5826285237
0.6363639573827445,0.5200937125478264,True,0.28283187062939363,0.11009247448979592,False,0.34084024234693877,0.7264663287472846,3,bdb97b05-a8f7-4cdc-852f-f5398582eeb8,p5head_ex,2,495244.5826285237
0.5628524378005405,0.532870742390361,False,0.1567984178397409,0.20830676020408162,False,0.3790258290816326,0.9904324531190203,3,bdbba1b5-1a3f-4ee4-9044-565baba3f976,p5head_ex,2,495244.5826285237
0.5335142418783912,0.30151317055340515,True,0.22261564968786599,0.10048628826530612,False,0.3289819834183674,0.7397857992859976,3,bdbf26d1-2706-49bf-9554-84a881440880,p5head_ex,2,495244.5826285237
0.8770257983719766,0.8575046515295246,True,0.26660007715367606,0.14317602040816327,False,0.30221619897959184,0.9685412026726058,3,bdd44f36-4634-44d1-b90f-3cbc8dc639f1,p5head_ex,2,495244.5826285237
0.7216484999710948,0.6431071165586582,True,0.5264237048331315,0.10152264030612244,False,0.3151108099489796,0.9232430310168827,3,bdfd8e85-cf42-4353-add4-2cb713d87bd5,p5head_ex,2,495244.5826285237
0.8039061117489948,0.6113049094227913,False,0.4142779057088539,0.19084821428571427,False,0.24842554209183673,0.8872180451127819,3,be108ff0-e920-4b6e-901d-ce8a800f6191,p5head_ex,2,495244.5826285237
0.8669742472019835,0.7098483895110874,True,0.33977459299526724,0.1792889030612245,False,0.2936463647959184,0.8328145842596709,3,be2edd9b-3f12-4399-bec5-9371c8920a29,p5head_ex,2,495244.5826285237
0.9287574476516799,0.79583001519272,True,0.327674244063513,0.1505500637755102,False,0.3264110331632653,0.9809372517871326,3,be35c13b-705d-4466-ae3f-ed690080ac9d,p5head_ex,2,495244.5826285237
0.6920133059125565,0.6387308763542155,True,0.23758102874565593,0.08523995535714286,False,0.3799426020408163,0.9796586392331074,3,be653a8a-5978-48b3-9101-91e35a15e6d2,p5head_ex,2,495244.5826285237
0.7001566260786797,0.7295419569394486,False,0.12815129746525816,0.08266900510204081,False,0.3294005102040816,0.6593539054966249,3,be9d0ed7-00ce-44b5-a83c-8a9796be8ea6,p5head_ex,2,495244.5826285237
0.7268751013765445,0.6079481265057153,True,0.15289240160546302,0.08822943239795919,False,0.3234813456632653,0.7284843008809577,3,becefa4b-f719-48c6-a903-85e391e026a4,p5head_ex,2,495244.5826285237
0.5191279867667727,0.5343895524546018,False,0.026270093931357687,0.05755739795918367,False,0.2650868941326531,0.5955678670360111,3,bee78c8a-8a21-49b3-b1d5-93c93ccf300c,p5head_ex,2,495244.5826285237
0.730596064635222,0.7221814059655849,True,0.25421670410281505,0.10855787627551021,False,0.352718431122449,0.9172021296126308,3,beea0aeb-4a7b-47c3-928a-e45f40bcfa53,p5head_ex,2,495244.5826285237
0.8167959811864055,0.6519822427441181,True,0.17476895227628975,0.06778140943877552,False,0.23034917091836735,0.9532490443987063,3,bef1fdfe-b4a3-4170-88de-d57338d602ac,p5head_ex,2,495244.5826285237
0.5,0.5,False,0.0,0.05102040816326531,True,0.40353954081632654,0.999609375,3,bf0e824a-1729-46a2-b1cb-13eedd6fe3d1,p5head_ex,1,495244.5826285237
0.7575320572566955,0.5859844677867646,True,0.45620483501031367,0.2844387755102041,False,0.4092992665816326,0.9483604260089686,3,bf10ff6e-fc24-4cfc-9b5f-7a156608dc1a,p5head_ex,2,495244.5826285237
0.51051064685506,0.5183974148373109,False,0.2581746583969542,0.2957788584183674,False,0.4271763392857143,0.893201266761,3,bf3d7cc5-cde5-494f-ab8f-e33660767f18,p5head_ex,2,495244.5826285237
0.44623014746233625,0.4699673827855418,False,0.03375111191125346,0.09155771683673469,False,0.5522361288265306,0.9895515890291685,3,bf506a9c-19c7-4dd8-acb4-b8d6569091d8,p5head_ex,2,495244.5826285237
0.9939922601570281,0.9886828747686155,True,0.16819394869299747,0.05181760204081633,False,0.41579639668367346,0.9834615384615385,3,bf70e20e-09a8-484a-83a2-2cc2d9bd9a4b,p5head_ex,1,495244.5826285237
0.9614638673786174,0.9405633547934089,False,0.1351515216607811,0.03443877551020408,False,0.4753467793367347,0.9612268518518519,3,bfa2adda-f302-4447-8c47-85eea0839526,p5head_ex,1,495244.5826285237
0.7845289791780136,0.8455931142677076,True,0.4038427940511832,0.29591836734693877,False,0.30008370535714285,0.8278556034482759,3,bfd795ae-7656-40fc-b44e-566515e52ed2,p5head_ex,2,495244.5826285237
0.673440377161993,0.5435362422957531,True,0.2757422280693433,0.11075015943877552,False,0.36585220025510207,1.0,3,bfefcd13-122d-4c6f-8f4f-5c53417165db,p5head_ex,2,495244.5826285237
0.6114899345727443,0.5591156351485673,False,0.20231434458680975,0.20268654336734693,False,0.42550223214285715,0.9708947885939037,3,bffeb7c8-e4e5-4d12-a45e-d4c3fc5b5867,p5head_ex,2,495244.5826285237
0.9117555647424079,0.9034699475568724,True,0.2496868425556779,0.1031967474489796,False,0.2596859056122449,0.6796060254924682,3,c0018701-b726-4c75-b5fb-686be2d8b00d,p5head_ex,2,495244.5826285237
0.991009482460124,0.9837130384707715,True,0.29808274296697407,0.1016422193877551,False,0.3322704081632653,0.9350980392156862,3,c02e993c-7642-4d8a-aace-988c416ec09a,p5head_ex,1,495244.5826285237
0.9139510589907284,0.9383779210504276,True,0.14228757939048203,0.04705436862244898,False,0.2970344387755102,0.8005082592121983,3,c0608b6d-a375-4cda-8133-b5ec73217435,p5head_ex,2,495244.5826285237
0.44899564617341947,0.46241320837250954,False,0.020722766807095085,0.07587292729591837,False,0.19288105867346939,0.7415287628053585,3,c12aafdd-4d21-4cd3-a2ae-007bce2e2fc0,p5head_ex,1,495244.5826285237
0.8060935926091151,0.7282317919057054,False,0.24121920542088118,0.10646524234693877,False,0.30604272959183676,0.9466491950580307,3,c14d9ceb-019f-45f6-9299-281b58de57df,p5head_ex,2,495244.5826285237
0.3881436994226437,0.28080365915507377,False,0.0015236179595935796,0.03946109693877551,False,0.26072225765306123,0.8651515151515151,3,c20862cf-d556-41a3-9acd-2c254144b396,p5head_ex,1,495244.5826285237
0.9720768733850129,0.9634087759935829,True,0.13549291791560059,0.034279336734693876,False,0.2998844068877551,0.37093023255813956,3,c21d6e3f-a2c5-409b-88f0-8b4c82398d3a,p5head_ex,1,495244.5826285237
0.9111118418456926,0.8639260909645459,True,0.21039669642189385,0.10827885841836735,False,0.2968152104591837,0.9902448002944966,3,c21d91c2-1444-4398-a5f7-4044d8e7f75c,p5head_ex,2,495244.5826285237
0.419475617428009,0.43187516209907495,False,0.0,0.017916932397959183,False,0.2484454719387755,1.0,3,c21ec0de-755f-433f-be49-e6ccdc94a735,p5head_ex,1,495244.5826285237
0.590381553806498,0.5219601356785556,False,0.00047241034240058953,0.02311862244897959,False,0.32485650510204084,0.9905172413793103,3,c21ee14a-8962-4406-b685-7888806a0a01,p5head_ex,1,495244.5826285237
0.707252740275899,0.6485515499144957,True,0.22473373002477848,0.13213488520408162,False,0.36092952806122447,0.8966817496229261,3,c21fd129-8438-42d2-9a6c-1284fecb4338,p5head_ex,2,495244.5826285237
0.6328811204238312,0.6013542535657395,True,0.2897241409090075,0.2300701530612245,False,0.30662069515306123,0.8575883575883576,3,c236d6e2-1fca-40c5-a0fe-a91ff60883c9,p5head_ex,2,495244.5826285237
0.7048137105297744,0.7032537319458697,True,0.27074886148999583,0.12183115433673469,False,0.2866709183673469,0.6932766235890725,3,c252072c-c7c9-40a8-819b-5c7952d10bf2,p5head_ex,3,495244.5826285237
0.9641385412427332,0.9819504732203727,True,0.41341452658239847,0.12364477040816327,False,0.33872767857142855,0.8417150225660864,3,c2565641-00af-46a3-8328-4d9c8f319446,p5head_ex,1,495244.5826285237
0.8134850274860186,0.7466294860305955,True,0.4227014289447176,0.20591517857142858,False,0.45565609056122447,0.9876113046844754,3,c2657014-120e-456e-97e5-1adcdb908b73,p5head_ex,2,495244.5826285237
0.9747890552448873,0.9725138183997635,True,0.10002365198042203,0.03268494897959184,False,0.27744339923469385,0.8408536585365853,3,c28f7725-70a7-4b55-953a-44d28ecdd4fb,p5head_ex,1,495244.5826285237
0.8140629534728161,0.7083639192555202,True,0.38101343912151253,0.2688137755102041,False,0.5117785395408163,0.9727906287069988,3,c2abea3d-e666-4be3-a0d9-352e980c13c8,p5head_ex,2,495244.5826285237
0.9307048079716823,0.9387703661263993,True,0.2074658097656318,0.04771205357142857,False,0.4169921875,0.9022556390977443,3,c2cd822c-a98e-451d-8600-e52f50d65c28,p5head_ex,1,495244.5826285237
0.7782635198766649,0.6920419646441685,True,0.4419955751010535,0.27487244897959184,False,0.38636001275510207,0.8728248259860789,3,c2ed72cd-0390-46c3-ac73-601b1a875d5d,p5head_ex,2,495244.5826285237
0.807739008165507,0.662893438475273,True,0.2905578657743766,0.1485172193877551,False,0.1825573979591837,0.5983628556092324,3,c2f9dac8-75f2-44ec-b89a-04a0f8492a6a,p5head_ex,2,495244.5826285237
0.951311758503414,0.9482948873731158,True,0.18805059859944265,0.08252949617346939,False,0.36983816964285715,0.9512195121951219,3,c361c9ca-75e4-438b-a021-3c3d4af33a83,p5head_ex,1,495244.5826285237
0.8204217470277397,0.6159478632472034,False,0.3925979312024959,0.20896444515306123,False,0.28848453443877553,0.9190271816881259,3,c38ac8c2-2de1-4e9c-8c38-1b09d89dec5e,p5head_ex,2,495244.5826285237
0.8301889111404971,0.6317272003773334,True,0.2814465319495008,0.11658960459183673,False,0.15919961734693877,0.8617094017094017,3,c39c065c-40fb-4920-9f9a-36ccbb212c0d,p5head_ex,2,495244.5826285237
0.8046843669305725,0.7436338920073048,False,0.30097840058170555,0.17494419642857142,False,0.37364477040816324,0.8860788334472545,3,c3a56044-440d-4163-a813-3c3f6fd5b68b,p5head_ex,2,495244.5826285237
0.8261182986104773,0.7627092205623311,False,0.38503005434725746,0.2609813456632653,False,0.2946029974489796,0.8038182512409316,3,c3d5552f-483e-4ae0-a40c-0ca9ea34bc00,p5head_ex,2,495244.5826285237
0.24202815997918223,0.2904199878162721,False,3.5872272485070895e-05,0.024214764030612245,False,0.37009725765306123,0.9975308641975309,3,c3e28b77-4477-4e36-89a7-ec0713349d4b,p5head_ex,1,495244.5826285237
0.8956011243930236,0.9038374980177073,True,0.43409616000181517,0.27208227040816324,False,0.3618861607142857,0.763184881336068,3,c48ee568-69ac-49f0-92c4-36129b1414b1,p5head_ex,2,495244.5826285237
0.669931683559057,0.2233007996237065,False,0.02433899581044323,0.017538265306122448,False,0.18702168367346939,1.0,3,c4beaa39-4902-43c5-a7e0-179e6e8bbe28,p5head_ex,1,495244.5826285237
0.9621666771001032,0.891972117434435,True,0.2639093781596069,0.11868223852040816,False,0.3515625,0.9931150293870696,3,c4e96c53-34f7-4607-bab4-45e982079b2b,p5head_ex,2,495244.5826285237
0.8870526049333805,0.8954972631791753,False,0.13968097559732115,0.035076530612244895,False,0.4322983099489796,0.9994318181818181,3,c510db11-bc09-47e0-b144-a70a96b8d7bc,p5head_ex,1,495244.5826285237
0.6107699520263385,0.47147638945471315,False,0.17160057754590305,0.16727120535714285,False,0.3430923150510204,0.9568688192541404,3,c5c30350-993f-4a9a-9d1a-c7f8ddca0537,p5head_ex,2,495244.5826285237
0.8600003490870928,0.8064742819403296,True,0.3886884516251372,0.2125518176020408,False,0.3657326211734694,0.8496952648851384,3,c5d0608a-f8b0-4ac6-8dd7-56763aefd75e,p5head_ex,2,495244.5826285237
0.9676138052899442,0.9822478556804662,True,0.3314778117580922,0.09086017219387756,False,0.20274633290816327,0.699934196095635,3,c5e9b1c8-4a98-4ea6-b918-b1621ecf0ddd,p5head_ex,1,495244.5826285237
0.9613707900893521,0.9476331087529014,False,0.10631925899782121,0.044921875,False,0.38285235969387754,1.0,3,c60a0502-26cb-40a1-8343-43625a3c4e3f,p5head_ex,1,495244.5826285237
0.977906153238821,0.9729911657718429,False,0.060748672922018986,0.016741071428571428,False,0.29944595025510207,0.780952380952381,3,c69a011e-1c12-4866-96f3-8a692ff2763f,p5head_ex,1,495244.5826285237
0.4290808225642147,0.4519211052510486,False,0.003141455623129043,0.06277901785714286,False,0.309390943877551,0.9926984126984127,3,c7e641a6-a80b-4314-961d-d63e4a54d5bc,p5head_ex,1,495244.5826285237
0.9498184629273244,0.8794537950163193,True,0.14284608927736378,0.03850446428571429,False,0.21037946428571427,0.8623188405797102,3,c8aa0068-f21c-442c-9487-afbea7b126a3,p5head_ex,1,495244.5826285237
0.9184612951783896,0.5693841548121396,True,0.357798889353784,0.15915975765306123,False,0.15431680484693877,0.7778612572001001,3,c98faad9-6dd2-45fe-87af-63bbb94eeb77,p5head_ex,2,495244.5826285237
0.7255515723539333,0.6749633924462286,True,0.3816127500898078,0.26004464285714285,False,0.31008848852040816,0.8818209687308399,3,c9bfd9f3-6044-48cf-a1ed-382adb2ee4e4,p5head_ex,2,495244.5826285237
0.9931404564060161,0.9889267861416344,True,0.13748410617303622,0.04376594387755102,False,0.28356186224489793,0.8911657559198543,3,c9ed35c2-1563-47e5-9411-b34f2e9f36ca,p5head_ex,1,495244.5826285237
0.8498382740066561,0.5940396752439356,False,0.22551367773132758,0.1251594387755102,False,0.21691645408163265,0.8171974522292994,3,ca390006-726d-4c9c-975b-616f135d0aee,p5head_ex,2,495244.5826285237
0.9344815429546034,0.960947867379606,True,0.3248917969346542,0.08978396045918367,False,0.35744180484693877,0.951165371809101,3,ca4b1bf3-ff54-41ca-ae22-6cb515114030,p5head_ex,1,495244.5826285237
0.9656672231425374,0.9764601187691698,True,0.5168908285863022,0.1946747448979592,False,0.37422273596938777,0.842035217035217,3,caa5f43e-2050-41a6-b0d5-2775d1fa6cb2,p5head_ex,1,495244.5826285237
0.8217642674456352,0.7543501256155838,False,0.44237746261481087,0.2959582270408163,False,0.3430125956632653,0.7795286195286195,3,cab22af6-a77e-4c81-91c0-b41fe7d6e1ec,p5head_ex,2,495244.5826285237
0.6745486151021127,0.5165977122234621,True,0.36911841136416174,0.2852160395408163,False,0.4098971619897959,0.8759695339249528,3,cb510a17-89c1-4fad-9a47-89952abd7aae,p5head_ex,2,495244.5826285237
0.7196390607448672,0.6127616833411403,True,0.3112317222929082,0.16814811862244897,False,0.38998724489795916,0.9721464975702264,3,cb815f3a-5014-4bbe-9e34-828149ba9f6e,p5head_ex,2,495244.5826285237
0.9184109005810593,0.8400085727072826,True,0.33920008324433076,0.17805325255102042,False,0.21219308035714285,0.6686814416834564,3,cb82576d-18f0-4116-83a4-97098a6d42ee,p5head_ex,2,495244.5826285237
0.800679411251936,0.7362201085989567,True,0.4857552952517782,0.32148836096938777,False,0.3669483418367347,0.8362159816502387,3,ccee655e-89d0-4ff8-b16e-33b214b08daf,p5head_ex,2,495244.5826285237
0.6967254781888645,0.8123788544869373,False,0.28855789184008096,0.20609454719387754,False,0.33884725765306123,0.788028237114399,3,cd064f36-a22d-4614-a4c5-96c2d36bbe7c,p5head_ex,2,495244.5826285237
0.9641608112179048,0.9790406496832073,True,0.40278446444140387,0.12755102040816327,False,0.40262276785714285,0.785,3,cd3ae8e4-09a2-4da8-a028-8b54b0b8591a,p5head_ex,1,495244.5826285237
0.6453033604314891,0.5742784240005516,True,0.5208669577725477,0.17869100765306123,False,0.44186463647959184,0.9987731429846085,3,cd544eaa-5084-4bd3-81d1-8d02da582260,p5head_ex,2,495244.5826285237
0.8066920815333383,0.6220483066622664,True,0.3788416768913098,0.19200414540816327,False,0.29892777423469385,0.8594560930039443,3,cd9d2d22-4395-4e4d-8837-cfb33c2bdaab,p5head_ex,2,495244.5826285237
0.630736397188205,0.6226466799528658,True,0.25273692244595614,0.13225446428571427,False,0.397640306122449,0.9142555756479807,3,ceb903e7-cdbd-4e62-aca0-00c255736807,p5head_ex,2,495244.5826285237
0.8053563658886452,0.7339022059026925,True,0.3612310309201993,0.25197305484693877,False,0.3961654974489796,0.9307917424661868,3,cf1fc4a2-aa47-4662-9118-9da725a17e84,p5head_ex,2,495244.5826285237
0.9872524216041008,0.9257241390103855,True,0.1355628384597378,0.038584183673469385,False,0.16278698979591838,0.9860537190082644,3,d00de1f7-b96a-4d00-8e22-bc0a6ac67d44,p5head_ex,1,495244.5826285237
0.7464393633349046,0.5958785162009889,True,0.4041537777405986,0.23142538265306123,False,0.2548230229591837,0.8290561488115742,3,d03f855d-a0b8-45b9-afdb-8844186c11eb,p5head_ex,2,495244.5826285237
0.8741182244140258,0.6850531359708761,True,0.3239976574588835,0.19138632015306123,False,0.27200255102040816,0.9189836509424139,3,d0d7dab6-1938-4859-beca-987458d20699,p5head_ex,2,495244.5826285237
0.8666384162390088,0.6849635828865929,True,0.34091280066731905,0.20774872448979592,False,0.22317442602040816,0.8420951650038373,3,d0eddd98-9377-475a-94d8-6c9663fa8396,p5head_ex,2,495244.5826285237
0.9328694491125809,0.9715622376120331,True,0.1903764753628039,0.06686463647959184,False,0.30428890306122447,0.911177347242921,3,d17c8ec3-cff1-4976-b83f-ba808e6a1428,p5head_ex,1,495244.5826285237
0.9188936434618048,0.8772924455532748,True,0.39572441094050215,0.19682716836734693,False,0.36752630739795916,0.9229445119481572,3,d18074c3-5ac2-46d4-91e4-f13f9284115f,p5head_ex,2,495244.5826285237
0.9138539920944604,0.876628165930105,True,0.4527886831693178,0.22150031887755103,False,0.3831114477040816,0.9347669605902466,3,d187294d-3dff-4de1-9bef-90a4f4c76cef,p5head_ex,2,495244.5826285237
0.9824188217323172,0.9882501517718842,True,0.3655424210624528,0.10471141581632654,False,0.2731784119897959,0.6273315569090216,3,d20338e0-8ae9-4a30-9a0e-8225aae32073,p5head_ex,1,495244.5826285237
0.9935724798030344,0.9820837869912177,True,0.13650470572190124,0.03459821428571429,False,0.2523716517857143,0.8980414746543779,3,d20eab1c-69ed-486e-826c-7c0b15dd61b3,p5head_ex,1,495244.5826285237
0.7565055812920953,0.4158776645037506,False,0.10863594500259502,0.06341677295918367,False,0.2557995854591837,0.8117536140791954,3,d21e78db-5c06-4927-b177-54c4b33144ca,p5head_ex,1,495244.5826285237
0.9092217893291551,0.7728467559847931,True,0.5109722565285818,0.2132892219387755,False,0.26010443239795916,0.8476920201831434,3,d230bf50-e18f-4b8a-bc79-678edb4e1261,p5head_ex,2,495244.5826285237
0.7300397092442323,0.6619457153091322,False,0.14936731066836276,0.10255899234693877,False,0.36635044642857145,0.8231636222308589,3,d27e22bc-ba0f-434f-a4f5-cdd9a24e598f,p5head_ex,1,495244.5826285237
0.9884766065645186,0.985543224199264,True,0.25959364752090947,0.07397959183673469,False,0.3474968112244898,0.8933189655172413,3,d2bc881e-3183-4c82-9852-26ee582b5764,p5head_ex,1,495244.5826285237
0.6607202904955994,0.6784051377451258,True,0.3189019901508343,0.24260602678571427,False,0.2733577806122449,0.7281688983816643,3,d2e16b46-2400-4ff1-bdec-3ed42e49155b,p5head_ex,2,495244.5826285237
0.9050173341777566,0.6830471964137708,True,0.42497301225271156,0.208984375,False,0.25119579081632654,0.9085447263017357,3,d471c394-f44a-47a4-9e41-6a651b8916cc,p5head_ex,2,495244.5826285237
0.8360424158688814,0.7896174153423097,True,0.587145636090088,0.24147002551020408,False,0.2572743941326531,0.7060085836909872,3,d4a41252-bd49-47db-ae15-e6e489271b82,p5head_ex,2,495244.5826285237
0.9919171787826675,0.9571990226402806,True,0.09764743901664875,0.0243343431122449,False,0.20432079081632654,1.0,3,d4b3478b-d430-4c89-95b5-1c1c27c8eb71,p5head_ex,1,495244.5826285237
0.9382375285063151,0.6211739244082417,True,0.23742515850149928,0.1071029974489796,False,0.16312579719387754,0.9242649795310756,3,d57802e4-da7a-4a7b-b5ca-c662ab5b1411,p5head_ex,2,495244.5826285237
0.9667835030108485,0.9780382740396661,True,0.15701740459955693,0.027901785714285716,False,0.24296476403061223,0.22714285714285715,3,d58012a2-a845-472d-8f49-336a3cc977c1,p5head_ex,1,495244.5826285237
0.8910077102926689,0.7934893155944228,False,0.11417807859666482,0.062001753826530615,False,0.3752989477040816,1.0,3,d585321b-d6a9-4a7a-ac36-c95234f61cd2,p5head_ex,1,495244.5826285237
0.9901995190584476,0.9726784377976463,False,0.04479921948755108,0.0146484375,False,0.294921875,1.0,3,d58a922b-97c8-4ee8-ad84-1c4c6c883c86,p5head_ex,1,495244.5826285237
0.967270727021104,0.9339065698625014,True,0.03800419638542637,0.012914540816326531,False,0.27084661989795916,1.0,3,d59c097e-726a-415f-961b-803b10aa43ed,p5head_ex,1,495244.5826285237
0.7079197139584974,0.5593744431575196,False,0.033328718202763036,0.027503188775510203,False,0.2220184948979592,1.0,3,d5cbd64c-322b-4460-ad0e-c9a23e781f3e,p5head_ex,1,495244.5826285237
0.800695775525803,0.8375139126421804,False,0.010727440598917812,0.006277901785714286,False,0.3325693558673469,1.0,3,d5d46405-ff85-46fa-9c3b-2c21ad366f76,p5head_ex,1,495244.5826285237
0.8058401429325854,0.6721583232380743,True,0.163418196624311,0.06582828443877552,False,0.28615274234693877,1.0,3,d60b0cba-c1bd-4741-86ef-c24760605b03,p5head_ex,2,495244.5826285237
0.9952538571079117,0.9911208168778073,True,0.09424526513161972,0.022321428571428572,False,0.4318000637755102,1.0,3,d640b82b-9fa6-49ad-9139-d1a0f1f8c7e8,p5head_ex,1,495244.5826285237
0.93837766656988,0.9018148343471762,True,0.17021931630260784,0.052256058673469385,False,0.39194036989795916,1.0,3,d6e82de1-190e-45d8-8a10-8d920b054661,p5head_ex,1,495244.5826285237
0.9870376398311588,0.9897694138131031,True,0.11002561517848858,0.025809151785714284,False,0.32579320790816324,0.8679536679536679,3,d727db91-5f22-424f-8f18-3f8c7de40869,p5head_ex,1,495244.5826285237
0.872480552496544,0.7017737431491912,False,0.08122942894810849,0.027901785714285716,False,0.32816485969387754,1.0,3,d82f792f-6240-4dbe-9a1a-6e3f60129828,p5head_ex,1,495244.5826285237
0.9600358602907613,0.8860504361524371,True,0.11192363879784573,0.042091836734693876,False,0.24629304846938777,0.993844696969697,3,d8348637-b16f-40d0-93d3-d27e4051ce6d,p5head_ex,1,495244.5826285237
0.9197340251766154,0.8929819001078826,True,0.2388909311148185,0.08161272321428571,False,0.4190051020408163,0.9782661782661782,3,d8d319c8-394a-4d6f-9a96-ff94d3ab2e06,p5head_ex,1,495244.5826285237
0.9477829238873615,0.9647667690321106,False,0.23173890959538063,0.07172751913265306,False,0.5099051339285714,1.0,3,d98964c9-e676-4e33-a456-27cea6ff007a,p5head_ex,1,495244.5826285237
0.9858505158502116,0.9607047837310995,False,0.07997164887812758,0.017697704081632654,False,0.35849808673469385,1.0,3,d9c868ad-52d6-4d3d-9b2b-05534e1cee81,p5head_ex,1,495244.5826285237
0.9664689301453832,0.9385520354708661,True,0.1871618728905044,0.033502072704081634,False,0.33553890306122447,1.0,3,da0d705d-7722-43d1-a880-a34c553f0719,p5head_ex,1,495244.5826285237
0.96177570789831,0.9212003068574502,False,0.11000432376567677,0.020806760204081634,False,0.36704799107142855,1.0,3,dafc817f-dcd4-41f8-9e0c-9f7ee41d1cf4,p5head_ex,1,495244.5826285237
0.9665426804646334,0.9660930685496294,True,0.07683459064139932,0.013811383928571428,False,0.4129663584183674,1.0,3,db32f09d-b7f5-424b-a393-a10cab691038,p5head_ex,1,495244.5826285237
0.9928458478983261,0.9832869084686807,True,0.10473294277664946,0.02744339923469388,False,0.34267378826530615,0.9803921568627451,3,db3c8b2a-797b-4178-9b68-09863e1a45a3,p5head_ex,1,495244.5826285237
0.9838377888487992,0.9704524186987294,True,0.09984902695618546,0.019690688775510203,False,0.19533242984693877,1.0,3,db4414d8-4ce8-4e92-b543-e9d42883f58b,p5head_ex,1,495244.5826285237
0.9852521587759224,0.9816785544022681,True,0.16133894582163472,0.04392538265306122,False,0.38779496173469385,0.9968239564428312,3,db7bce8f-978c-47b1-8b74-7640f7c3625e,p5head_ex,1,495244.5826285237
0.9859512617618542,0.9596734172380172,True,0.2488172038173678,0.07102997448979592,False,0.2606823979591837,0.9436026936026936,3,dbafd69b-c2d5-44f5-a3f2-6c347ce377d2,p5head_ex,1,495244.5826285237
0.8339457306662975,0.7920117057463137,True,0.11016084572527221,0.04017857142857143,False,0.3311144770408163,0.9781746031746031,3,dbc1e726-39b3-4df1-988e-ed7119a4eaa0,p5head_ex,2,495244.5826285237
0.901774267308413,0.8115317885696319,True,0.184503561634226,0.0576171875,False,0.3955875318877551,1.0,3,dbc5db8f-3ec9-4906-8afe-2969e096b6a6,p5head_ex,1,495244.5826285237
0.9771298870220403,0.9681346080080258,True,0.22582347008938006,0.061423788265306124,False,0.20535714285714285,0.6664503569110967,3,dbea4851-d8c8-435f-834d-b0895ab0475b,p5head_ex,1,495244.5826285237
0.9877161782206414,0.9760588295956655,True,0.1614392235963044,0.02654655612244898,False,0.5018534757653061,1.0,3,dbfdfa23-441c-4f30-b386-ecc3276d5552,p5head_ex,1,495244.5826285237
0.9704173988831889,0.9447333094892307,True,0.23687961909800254,0.05590322066326531,False,0.4987045599489796,1.0,3,dc3f50d6-3e8c-4c5b-814b-3f2043165556,p5head_ex,1,495244.5826285237
0.8060254277871607,0.7295987870990887,True,0.14179844395238886,0.08434311224489796,False,0.36453683035714285,1.0,3,dc8826ad-9cdb-424f-9896-ec55bcaaffd6,p5head_ex,1,495244.5826285237
0.8026394338766278,0.7412996913069335,True,0.11852207160563995,0.05650111607142857,False,0.33169244260204084,1.0,3,dc995045-8ec6-4cef-ba20-350c66732a9b,p5head_ex,2,495244.5826285237
0.9586699894618618,0.9304204900825733,True,0.2204311190873888,0.052853954081632654,False,0.5414740114795918,1.0,3,dd400306-5e55-42d5-8177-673d1e207600,p5head_ex,1,495244.5826285237
0.8747440007960202,0.6810344165661536,True,0.11893928837500284,0.057517538265306124,False,0.20994100765306123,0.9407484407484408,3,dd4d6a4c-1e67-4911-bda2-7d8af75b1b19,p5head_ex,2,495244.5826285237
0.9182049852070485,0.8760406430558241,False,0.08851024363611822,0.036411830357142856,False,0.30082110969387754,0.9808429118773946,3,de3de48d-1810-4676-bf95-a88305034724,p5head_ex,2,495244.5826285237
0.8527189788395869,0.810003819563301,True,0.17692582566516438,0.07148836096938775,False,0.2918327487244898,0.9339280735991079,3,de5d15a5-7c00-45b0-a783-71f5184b84a4,p5head_ex,2,495244.5826285237
0.9301576775273077,0.8920241334938314,True,0.1673640237595543,0.0682796556122449,False,0.30275430484693877,0.8920023350846468,3,de9d40a1-45ac-4ec0-a9ad-7c3da394fbfb,p5head_ex,2,495244.5826285237
0.8384532681880308,0.6947870419549309,True,0.04968684926843459,0.018494897959183673,False,0.32126913265306123,1.0,3,dee34d09-f146-45ec-a1c1-4cb4686878b8,p5head_ex,1,495244.5826285237
0.9798143635945751,0.9680363896178683,True,0.059641779391795165,0.023676658163265307,False,0.45663265306122447,0.9991582491582491,3,df21b6dd-32b7-4edd-8b7b-fa1a35e0c043,p5head_ex,1,495244.5826285237
0.5735194872214022,0.6035497896842709,False,0.0398827596132652,0.03599330357142857,False,0.3270886479591837,1.0,3,df976027-3267-46e9-8833-9f5f50534969,p5head_ex,1,495244.5826285237
0.7662648059600882,0.689847226381326,False,0.07624445130898576,0.044025031887755105,False,0.3271484375,0.4703485740153916,3,e0091a61-2aa3-42f5-8a0e-ad47a9ff7c80,p5head_ex,1,495244.5826285237
0.9962494267250556,0.9905436524496914,True,0.06961607428917324,0.019909917091836735,False,0.35634566326530615,0.9569569569569569,3,e0a1ffef-682a-4d15-a232-46439d4e4d9c,p5head_ex,1,495244.5826285237
0.9975659301800187,0.9936732467485238,True,0.12692216877227855,0.028280452806122448,False,0.40212452168367346,1.0,3,e13739bf-ff9c-44eb-8839-fa8c61bf8a14,p5head_ex,1,495244.5826285237
0.9084406967614552,0.8574790882678851,True,0.1882517022832168,0.07868303571428571,False,0.340999681122449,0.9536474164133738,3,e191c1c9-94e8-48fe-8ad3-bda04a74a905,p5head_ex,2,495244.5826285237
0.2723002719601482,0.18175021670974909,False,0.006004765022411804,0.036830357142857144,False,0.4025031887755102,1.0,3,e1a10525-e325-40e1-8709-2a9bcf7ad290,p5head_ex,1,495244.5826285237
0.31634096558414,0.3519229376403274,False,0.0,0.013811383928571428,False,0.2889827806122449,1.0,3,e1e66bd5-538f-4df2-a386-153645f88ea0,p5head_ex,1,495244.5826285237
0.981036190741412,0.951016316745217,True,0.12871339297158102,0.03354193239795918,False,0.3897082270408163,1.0,3,e2e0accf-73b4-4cc4-bc85-2066f1fa4762,p5head_ex,1,495244.5826285237
0.9418755157341764,0.9055275929737625,False,0.1428279667843437,0.05317283163265306,False,0.33950494260204084,0.8699400299850075,3,e30028a5-ccf1-4afa-8cd8-5b6129483e96,p5head_ex,1,495244.5826285237
0.7834940878804459,0.7401276159955485,False,0.038900376094334034,0.021763392857142856,False,0.3030532525510204,1.0,3,e38ab400-f316-4091-8316-ddaf0b75f4dc,p5head_ex,1,495244.5826285237
0.6905608029871709,0.7628764726025977,True,0.17641067187315587,0.07346141581632654,False,0.2596061862244898,0.7441671188279978,3,e3a576a6-2c29-483d-be9d-4a6a3327a0cf,p5head_ex,2,495244.5826285237
0.9654303934377774,0.9194286113356304,True,0.16501351399194747,0.05825494260204082,False,0.2963767538265306,1.0,3,e3b1e7ed-b9ae-4061-a210-5444b7a9c9b1,p5head_ex,1,495244.5826285237
0.7862575851869631,0.5998248673262061,True,0.07167632023493004,0.032724808673469385,False,0.3374720982142857,1.0,3,e3dc00b7-5675-4ebf-88ac-42a60e2ed893,p5head_ex,2,495244.5826285237
0.9084643016892209,0.8451348029170846,False,0.04312638022570839,0.012376434948979591,False,0.46813217474489793,1.0,3,e5368a74-3005-4ebb-94a3-6e859b9ef3fe,p5head_ex,1,495244.5826285237
0.7919483512252571,0.712364520764246,False,0.036595568553724374,0.02224170918367347,False,0.30580357142857145,1.0,3,e58662f6-d072-464c-ba02-bd9631a74973,p5head_ex,1,495244.5826285237
0.998497448157257,0.9958698617869867,True,0.04542098908490071,0.015784438775510203,False,0.3709741709183674,1.0,3,e5e4f0cf-58ec-4442-a54c-96d5d29d8f0b,p5head_ex,1,495244.5826285237
0.8630966390375373,0.7135641848391733,True,0.2582933713940252,0.12332589285714286,False,0.3647959183673469,0.9959599224305107,3,e5ee965b-7a79-4ceb-986c-a775a3c1d7a8,p5head_ex,3,495244.5826285237
0.950420065057956,0.9686691046931641,True,0.19448776455947603,0.041673309948979595,False,0.3575414540816326,0.44428503108560496,3,e65529f2-45df-4020-adcc-7de1996c38e8,p5head_ex,1,495244.5826285237
0.9920134536699482,0.9803643765616222,True,0.09541537357192177,0.026905293367346938,False,0.3409398915816326,1.0,3,e678a93a-0519-420a-9b4b-4f9ae4e0a006,p5head_ex,1,495244.5826285237
0.9783173985577625,0.9650290337557231,False,0.18155110159895682,0.028698979591836735,False,0.5283203125,1.0,3,e6dfc127-5e23-4a60-b784-efa008f59587,p5head_ex,1,495244.5826285237
0.9941393854276768,0.9894523073395562,True,0.20043819497129237,0.05590322066326531,False,0.33603714923469385,0.9475935828877006,3,e6e93d3a-571d-4c1c-9c62-cbb043d9cc49,p5head_ex,1,495244.5826285237
0.9547339663356315,0.8930475257552877,False,0.15270883602165647,0.028698979591836735,False,0.22301498724489796,0.7888888888888889,3,e782f1a7-23b3-4167-be7f-1a959259af87,p5head_ex,1,495244.5826285237
0.9700135773156487,0.9473225087020091,False,0.11952920408732196,0.026307397959183673,False,0.3518016581632653,1.0,3,e7975e46-ac5c-4225-ba05-6e0b5b1ba917,p5head_ex,1,495244.5826285237
0.6135255398883595,0.5530666245235207,True,0.20668376685488563,0.16318558673469388,False,0.3792251275510204,0.995114802149487,3,e7b3fd9c-d51f-42dd-9f90-25160990faa8,p5head_ex,2,495244.5826285237
0.4616153538584566,0.4597571661033922,False,0.0,0.0031090561224489796,False,0.3215481505102041,1.0,3,e7f64666-2118-4f2f-a1e9-86d9f1eb7573,p5head_ex,1,495244.5826285237
0.4043309631544926,,False,0.0,0.013392857142857142,False,0.38889110331632654,0.0,3,e821a416-aed0-411d-ab8a-7813185384b9,p5head_ex,1,495244.5826285237
0.9612262658973765,0.9077292899764691,False,0.07800497504132224,0.0204280931122449,False,0.323062818877551,1.0,3,e87d8111-5071-446b-82f6-00a55f338954,p5head_ex,1,495244.5826285237
0.9161009799652463,0.7817434420265394,True,0.2219415671750019,0.1214126275510204,False,0.2737364477040816,0.8745896257386737,3,e92d7e53-f191-41af-a86b-8da6c7734386,p5head_ex,2,495244.5826285237
0.8530219253933178,0.7658690668374476,False,0.32553084055733483,0.21954719387755103,False,0.4748684630102041,0.9256535947712419,3,e9390be0-f3e1-4cd9-a3b9-72a80884caf1,p5head_ex,2,495244.5826285237
0.9542238418200797,0.8381339095073966,True,0.12426366526280719,0.0322265625,False,0.2131297831632653,1.0,3,ea3d1dcb-9222-4e66-b7e6-a45e78bd339e,p5head_ex,1,495244.5826285237
0.9822630240826107,0.954710953753703,False,0.055645736621705064,0.01482780612244898,False,0.3647361288265306,1.0,3,ea3f3fb8-d6dc-41c8-9bdf-a67b43570477,p5head_ex,1,495244.5826285237
0.5,0.5,False,0.0,0.00932716836734694,True,0.31204161352040816,1.0,3,ea5c8b30-582c-471c-afd3-f569f52d5baa,p5head_ex,1,495244.5826285237
0.7212151239884728,0.6347371031232419,False,0.09619316361473812,0.05990911989795918,False,0.3097297512755102,0.9793745841650033,3,ebdc4168-7cd3-477a-8a94-b768c41a9f8e,p5head_ex,2,495244.5826285237
0.841946933812994,0.6997981524442608,True,0.24555727003893107,0.12854751275510204,False,0.30568399234693877,0.9365891472868217,3,ec494de2-73b0-4ec6-9038-217175b06392,p5head_ex,2,495244.5826285237
0.9711855379806196,0.9505703840732911,True,0.09626564193721202,0.03770727040816327,False,0.3596141581632653,1.0,3,ec81f707-4d7c-4a97-ab27-048c805f5395,p5head_ex,1,495244.5826285237
0.8097947983812482,0.7716773784084282,False,0.1786960461412797,0.07318239795918367,False,0.322444993622449,0.8107298474945533,3,ec93d206-ec61-4e16-afc4-898f754916fa,p5head_ex,2,495244.5826285237
0.7681810042541827,0.7535492110155606,True,0.12697182708282778,0.06383529974489796,False,0.40507413903061223,1.0,3,ecc176d8-c3c7-43d8-bcd8-355bbfb84971,p5head_ex,2,495244.5826285237
0.9907686152970685,0.9718758706771657,True,0.19462501752149014,0.029137436224489797,False,0.3463807397959184,1.0,3,ed37211b-bc6e-41b2-b246-e47707a07687,p5head_ex,1,495244.5826285237
0.926683282279226,0.8695645999029007,True,0.22487425461448735,0.10471141581632654,False,0.37246890943877553,1.0,3,ee5842e0-5bd3-4e4b-9aea-cb94b6402fdb,p5head_ex,2,495244.5826285237
0.6418056222235594,0.5774979580256171,False,0.16936562195751995,0.11973852040816327,False,0.3531967474489796,0.90745672436751,3,ee820aa5-4804-4984-97b3-f0a71d69702f,p5head_ex,4,495244.5826285237
0.7668938783727067,0.8113779198695319,True,0.30660774173395716,0.2007732780612245,False,0.3258729272959184,0.7435973793924955,3,ef0fe9c2-fb59-4631-86ec-c47020ff231b,p5head_ex,2,495244.5826285237
0.9935776326274129,0.9859463274318935,True,0.17151051715794977,0.04274952168367347,False,0.47285554846938777,1.0,3,ef21f886-1959-463c-845c-bc55181a19f5,p5head_ex,1,495244.5826285237
0.9871165141413177,0.958537637285139,True,0.1360823727256527,0.030970982142857144,False,0.33011798469387754,1.0,3,ef7cd600-75c9-4b07-bb0e-f66e857fdafa,p5head_ex,1,495244.5826285237
0.4042226176994014,0.45764956526746126,False,0.0,0.014508928571428572,False,0.36063058035714285,1.0,3,ef8cb906-acdc-44ac-bb8d-05f17b86c3b3,p5head_ex,1,495244.5826285237
0.7375668257752898,0.7136356854347342,False,0.1040311917601506,0.05327248086734694,False,0.2674186862244898,0.9783015338570894,3,f02b6a5c-f922-4334-ac80-99d7418c41f0,p5head_ex,2,495244.5826285237
0.6424266170200831,0.6977705847830981,False,0.11038233638629945,0.052614795918367346,False,0.5033482142857143,1.0,3,f02b8370-0e08-47af-b4d4-6dbb681f219e,p5head_ex,1,495244.5826285237
0.9878278818531208,0.9838264417996374,True,0.3811106189794681,0.10439253826530612,False,0.37448182397959184,0.9056891943489882,3,f058ba1f-6cf1-4127-9372-d93a5459a339,p5head_ex,1,495244.5826285237
0.8747813589992648,0.7571648875929038,True,0.30986608677718874,0.1305205676020408,False,0.35770089285714285,0.936478851733089,3,f0646657-7174-461b-9ab4-07242c759384,p5head_ex,2,495244.5826285237
0.604312111438706,0.4888600246663761,False,0.09178782824803675,0.0778061224489796,False,0.4121890943877551,1.0,3,f11abf44-b267-458c-ae67-e1167124f5e3,p5head_ex,2,495244.5826285237
0.9515809535369566,0.9333055265901982,True,0.15502860222745715,0.046755420918367346,False,0.34765625,0.8951406649616368,3,f145236e-77ef-4cc3-8289-85a020b56c5e,p5head_ex,1,495244.5826285237
0.7441423250749268,0.5302606954513274,False,0.13474308558650072,0.05269451530612245,False,0.22829639668367346,0.762481089258699,3,f14916d0-2dab-4a08-b306-7ef36fee8fb6,p5head_ex,2,495244.5826285237
0.9850294246462907,0.9572847105712867,True,0.09773741621299853,0.031210140306122448,False,0.36122847576530615,1.0,3,f16b2e43-66e6-4e8d-9879-63e5f0e36b48,p5head_ex,1,495244.5826285237
0.6887752260457055,0.6794341335990466,True,0.32743784863944303,0.24613360969387754,False,0.4188655931122449,0.9492307692307692,3,f1ba9810-861e-4ffc-8fbf-242d5da8e80d,p5head_ex,2,495244.5826285237
0.9796286653443472,0.9700809027066478,True,0.22344269699912073,0.057138871173469385,False,0.38022161989795916,1.0,3,f1d4a238-6cfc-4875-843a-3b5044c7cdf7,p5head_ex,1,495244.5826285237
0.7081859133450188,0.465098453800744,False,0.029265254067358575,0.024394132653061226,False,0.2433235012755102,0.9934640522875817,3,f218fda3-c484-4836-867d-b7ad037bfe4e,p5head_ex,1,495244.5826285237
0.9078000479582469,0.8131664247428937,True,0.24577939678436375,0.14261798469387754,False,0.3114636479591837,0.9727501397428732,3,f27e1121-c394-4577-80c6-762f47e916b2,p5head_ex,2,495244.5826285237
0.7921181550297108,0.6785488724056506,True,0.28593781628024856,0.1398078762755102,False,0.316226881377551,0.9764789736279401,3,f29da87d-abd4-4141-96d9-e48f95ca67ab,p5head_ex,2,495244.5826285237
0.9471227815503378,0.929001503868613,False,0.10582254940052697,0.02170360331632653,False,0.42185507015306123,1.0,3,f2d58e86-1fcb-48c5-9a6d-a23966e7720b,p5head_ex,1,495244.5826285237
0.7748655599828805,0.7077164635766153,True,0.3737698975854797,0.24358258928571427,False,0.4410873724489796,0.9782359679266895,3,f2fda506-7c73-4746-a7a6-59968f1e8de2,p5head_ex,2,495244.5826285237
0.9944010714433215,0.9837884234458523,True,0.17320315610217019,0.034877232142857144,False,0.1976642219387755,0.848,3,f3088d94-d727-4381-ab83-1b2bc54c2505,p5head_ex,1,495244.5826285237
0.990688677839758,0.9809771041873225,True,0.21343367752672285,0.06098533163265306,False,0.2532286352040816,0.9967320261437909,3,f5544779-e6b9-456b-a475-867e41212602,p5head_ex,1,495244.5826285237
0.9870463555483175,0.9731702700926813,True,0.29999869998190987,0.07282366071428571,False,0.4682716836734694,1.0,3,f556368d-3eb0-4b06-bc4d-535acc1ea1ad,p5head_ex,1,495244.5826285237
0.9475320979407826,0.9123937074520009,True,0.26914475943492305,0.14502949617346939,False,0.41541772959183676,0.9446200357290092,3,f696261f-49c1-4274-81be-4e6b9e8c5602,p5head_ex,2,495244.5826285237
0.9829758534680367,0.9679934384926911,True,0.24409171522945122,0.0623405612244898,False,0.38400829081632654,0.9948849104859335,3,f6b16a6d-345a-4348-93ba-48c69ac76822,p5head_ex,1,495244.5826285237
0.8992201655059414,0.8845543064271644,True,0.24025423822720843,0.12677375637755103,False,0.36722735969387754,0.7558559974846722,3,f743c21e-5876-460b-bbd6-2e2dcca41baa,p5head_ex,3,495244.5826285237
0.7212831885439288,0.5815695203504817,False,0.05188879008630938,0.0322265625,False,0.38113839285714285,0.948051948051948,3,f759e4b7-21fe-4f3a-aaeb-0b8b99cb103c,p5head_ex,1,495244.5826285237
0.9102452194089893,0.7769782937424085,True,0.325542306841159,0.1389110331632653,False,0.3051060267857143,0.9833572453371593,3,f760c946-a103-4991-a6e5-ff60c24cd99f,p5head_ex,2,495244.5826285237
0.9804691477653537,0.9307115780756086,True,0.09655663195564192,0.03685028698979592,False,0.30277423469387754,1.0,3,f76c9846-d88a-4d7c-b887-2759a4333f7c,p5head_ex,1,495244.5826285237
0.9818606578606579,0.9781034648665053,True,0.2003230000896893,0.0647720025510204,False,0.3628029336734694,0.815076923076923,3,f7f3e746-b2d6-47e8-87fd-e7d9db9b1836,p5head_ex,1,495244.5826285237
0.3061836262814348,0.34682096738892537,False,0.0,0.02600845025510204,False,0.39024633290816324,1.0,3,f8850ac3-bde9-473c-aca8-095f16193071,p5head_ex,1,495244.5826285237
0.9479207561862084,0.9113092561818984,False,0.2510561126105832,0.05102040816326531,False,0.31074617346938777,1.0,3,f89cdd03-5ea2-4e80-98fb-1d2e57686638,p5head_ex,1,495244.5826285237
0.9867802526018701,0.9663460891433576,True,0.13610959116350876,0.03455835459183673,False,0.4137436224489796,1.0,3,f8a015d6-f7e6-4dd6-8984-6db9ae4c556b,p5head_ex,1,495244.5826285237
0.920864337146913,0.7030737565332384,True,0.2861385659784842,0.12960379464285715,False,0.26327327806122447,1.0,3,f8b2aff8-bcb0-4a58-a3e6-7c52e2334032,p5head_ex,2,495244.5826285237
0.9309392242371297,0.9060239201948741,True,0.19581713737384535,0.09038185586734694,False,0.45731026785714285,1.0,3,f8cadc7e-6554-4967-89f3-d22e7bce757b,p5head_ex,2,495244.5826285237
0.8921213771850185,0.8107357664520116,True,0.3923160078848379,0.2401546556122449,False,0.3819156568877551,0.9425726141078838,3,f919d3cb-dc68-46b6-8c29-2d3914fbaec0,p5head_ex,2,495244.5826285237
0.8130064286080625,0.7681622670295712,True,0.2825481273850149,0.09502551020408163,False,0.4400111607142857,1.0,3,f9230537-bb87-4de7-90f1-73bc730d4b3b,p5head_ex,3,495244.5826285237
0.686309735884545,0.4811323513225441,False,0.2360379642124287,0.17402742346938777,False,0.3088926977040816,0.8851351351351351,3,f92ddac9-aba6-4607-ba72-6ab7e8776fef,p5head_ex,2,495244.5826285237
0.9756250369436927,0.9565037690904332,True,0.13189217714942142,0.03431919642857143,False,0.3862802933673469,1.0,3,f979069d-6915-4f84-9b97-345f35ad2083,p5head_ex,1,495244.5826285237
0.7369619471056351,0.724061061630638,True,0.14414806069039016,0.06951530612244898,False,0.2985889668367347,0.9277522935779816,3,f9a3c734-1483-4385-ab4f-e45853f3f00e,p5head_ex,2,495244.5826285237
0.991790304599494,0.977877731741409,True,0.07141261603819207,0.018176020408163265,False,0.33260921556122447,1.0,3,f9b9a4ee-49bd-4054-9a60-03c771aac376,p5head_ex,1,495244.5826285237
0.914270131041768,0.918130582361883,True,0.13368301414117545,0.04862882653061224,False,0.27226163903061223,0.8184426229508197,3,f9c99896-bcb6-45b4-9128-528f695e3628,p5head_ex,2,495244.5826285237
0.20949069254153999,0.18813953488372093,False,0.0,0.042849170918367346,False,0.47134088010204084,1.0,3,f9cddf36-c6d7-4936-87b3-e307a77dbbf2,p5head_ex,1,495244.5826285237
0.9227898667885619,0.7197793749120778,False,0.2572751412045555,0.11798469387755102,False,0.22594467474489796,0.8819256756756757,3,fa2e48d0-4326-48e9-bb10-9ee2d6600f9e,p5head_ex,2,495244.5826285237
0.8841988233993491,0.775807573031105,True,0.321307173486804,0.17428651147959184,False,0.3514827806122449,0.9744997141223556,3,fa493720-2b2a-456e-a8a8-6ba60e90fb8b,p5head_ex,2,495244.5826285237
0.9440101290730899,0.8771177660280505,True,0.22529454739208502,0.09293287627551021,False,0.11240433673469388,0.6187004074630067,3,fa532a37-779b-4d09-af50-553d103ff4d2,p5head_ex,2,495244.5826285237
0.4657337110759026,0.5456465842126644,False,0.00921427147664568,0.03392059948979592,False,0.5019132653061225,1.0,3,fbab1671-b256-4cc5-9219-79fb47ef75c5,p5head_ex,1,495244.5826285237
0.8220562150666163,0.7335429211255323,True,0.2651214556221725,0.12733179209183673,False,0.3130580357142857,0.9427140397558303,3,fbd80ae9-ddf4-414f-a6ab-77da639c33c1,p5head_ex,2,495244.5826285237
0.8024977469977466,0.6265095531602433,True,0.28899745864394816,0.13978794642857142,False,0.2015106823979592,0.6749358426005133,3,fcd6452c-680d-40a6-9fc6-1793eb3ca0a8,p5head_ex,2,495244.5826285237
0.9272454279576117,0.9167187499539575,True,0.11400658595284906,0.04545998086734694,False,0.2327606823979592,0.9351161771153003,3,fcf5cd90-1a5d-4e45-925e-ff82dcbdc0ad,p5head_ex,2,495244.5826285237
0.8545490490971892,0.8646199069450928,True,0.2529569789266893,0.12830835459183673,False,0.37340561224489793,0.983224603914259,3,fe16b6d8-add2-4d0d-b052-96b1986b67e0,p5head_ex,2,495244.5826285237
0.9273549990370664,0.8758163752909511,True,0.13075009357367998,0.04998405612244898,False,0.3382095025510204,1.0,3,fe2e6108-895f-4469-8712-7965544dd47c,p5head_ex,1,495244.5826285237
0.8963668390025742,0.964281539848225,False,0.05937316882831295,0.024872448979591837,False,0.18445073341836735,0.6530448717948718,3,fe5e5a88-1f1d-4abf-9a40-03517c3260ba,p5head_ex,1,495244.5826285237
0.7644708341956962,0.5260089500314539,True,0.18126877678883638,0.1035953443877551,False,0.32290338010204084,0.9563293574451712,3,ff3258f3-2c66-40cf-9d5d-fe77f8036fa6,p5head_ex,2,495244.5826285237
