point_auc,point_auc_lung,hit,mass,area,degenerate,lung_area,box_in_lung,fold,patientId,arm,n_boxes,fingerprint
0.7414699354107166,0.6029135790832972,True,0.16626329175044544,0.08233019770408163,False,0.28537547831632654,0.9673202614379085,2,010ccb9f-6d46-4380-af11-84f87397a1b8,p5head_ex,2,447028.86502196634
0.7778588448374842,0.7095518124510198,True,0.1844101618175534,0.08205117984693877,False,0.28455835459183676,0.9281029876123391,2,020380f8-5c5a-4ded-bdf3-9ce3036945b4,p5head_ex,2,447028.86502196634
0.6361239243034574,0.5967543200340271,False,0.39066165202308045,0.11439732142857142,False,0.48451450892857145,1.0,2,020a16e3-baf9-4cf0-859c-c79b5253d717,p5head_ex,2,447028.86502196634
0.8284626398358202,0.7391588209859347,True,0.19778782935844677,0.10833864795918367,False,0.34817442602040816,0.9036055923473142,2,0232c2b8-f7ac-4f42-84be-510ccb7cf351,p5head_ex,2,447028.86502196634
0.9591639059436462,0.9320308269207219,True,0.17545511588712012,0.07401945153061225,False,0.33163265306122447,0.8758750673128702,2,02c34d5b-16e9-412e-a385-ccd8cbceae16,p5head_ex,2,447028.86502196634
0.8765229481051913,0.7796500954221088,True,0.21741798435647028,0.11276307397959184,False,0.4733139349489796,1.0,2,02cfa7d1-61e0-4d9e-8664-9a7469ccab76,p5head_ex,2,447028.86502196634
0.9941348449129674,0.9852031611942098,False,0.04131912661046314,0.00430484693877551,False,0.3471779336734694,1.0,2,03a512bc-1162-404e-8c71-dc9e0dc7258f,p5head_ex,1,447028.86502196634
0.9265632943821296,0.8094174608993158,True,0.18390856390193427,0.08769132653061225,False,0.29528061224489793,1.0,2,03edb5ed-9e76-4abe-bc35-7bc95fea7e6a,p5head_ex,2,447028.86502196634
0.803701662399051,0.626701573219121,False,0.2722487350451725,0.1423389668367347,False,0.29235092474489793,0.8608232987958555,2,04ce0574-5d18-4661-973f-7bfbb0707a1c,p5head_ex,2,447028.86502196634
0.7116755494370212,0.6201795011049477,True,0.454270698387837,0.27584901147959184,False,0.4099968112244898,0.9140958023264215,2,05b91b32-5635-4071-b45d-6a73f8eea918,p5head_ex,2,447028.86502196634
0.7661364388584532,0.7630797417885977,True,0.2708663942950017,0.12513950892857142,False,0.4174306441326531,0.9961777353081701,2,05bb6f8d-453b-4e56-ae92-2600e058ba65,p5head_ex,2,447028.86502196634
0.7262120944322087,0.7066323618344729,True,0.5414623825378803,0.3748804209183674,False,0.23423549107142858,0.5874003189792664,2,05d3817a-5535-4e77-8dda-d4412e496c81,p5head_ex,2,447028.86502196634
0.952684427179032,0.9627909469517301,False,0.2573136395562725,0.07908163265306123,False,0.2780213647959184,0.6887600806451613,2,0620afa3-b2ea-442e-9e4f-c854086ca763,p5head_ex,1,447028.86502196634
0.8900023537331379,0.862782986453018,True,0.6142085853324871,0.3329280931122449,False,0.3067602040816326,0.6726728524393895,2,0638709c-d31d-4a59-a9e4-fc408ae36145,p5head_ex,2,447028.86502196634
0.5,0.5,False,0.0,0.08583785076530612,True,0.4109733737244898,0.834687717668911,2,066d9e27-e48f-4453-b1e1-d73c34910722,p5head_ex,1,447028.86502196634
0.9953128175301218,0.9883028676286041,True,0.2886733511466972,0.0538703762755102,False,0.32704878826530615,1.0,2,06c3e09b-341b-4fb9-9e28-bfd9cf298c6d,p5head_ex,1,447028.86502196634
0.9083814245148885,0.9016549320042194,True,0.5310118746454142,0.30117984693877553,False,0.2559191645408163,0.7090391741662255,2,06d6e209-0bd4-45d4-81b4-4b97546d57fa,p5head_ex,2,447028.86502196634
0.5686829701938888,0.5770575547677111,False,0.04602930428804077,0.057138871173469385,False,0.3336654974489796,0.9766306243460062,2,06ec9278-5144-4b88-87f4-c195bb24857d,p5head_ex,1,447028.86502196634
0.7463361912284312,0.7962377018088093,True,0.5829366191635197,0.4402702487244898,False,0.3684231505102041,0.6369562265175863,2,06f35e64-4b8b-404e-933a-c98f0b5614cc,p5head_ex,2,447028.86502196634
0.8331581789474612,0.7019305964796365,True,0.3438943301142681,0.1369579081632653,False,0.23963647959183673,0.6669091967403958,2,07464097-0781-4632-90ee-39b0e53cd72c,p5head_ex,2,447028.86502196634
0.8273230350920077,0.8817186545423612,True,0.45355783758553964,0.2420280612244898,False,0.4850326849489796,0.7132740447957839,2,074f8729-c5ea-4830-8249-9a04208eab5e,p5head_ex,2,447028.86502196634
0.9220908658693724,0.9126887018376185,True,0.5624198771966896,0.31700414540816324,False,0.28097098214285715,0.6877279014208475,2,0798f0c3-bf7d-4f04-bd5e-b119163ea1b0,p5head_ex,2,447028.86502196634
0.8617010934737275,0.9413671045662823,True,0.5491575136950974,0.28437898596938777,False,0.3267299107142857,0.5002452869857733,2,07b7b9b0-718a-4750-b1f4-5af45c5607f2,p5head_ex,2,447028.86502196634
0.8189535062632319,0.7565714391226988,True,0.35762321453089385,0.1867625956632653,False,0.2724011479591837,0.8705581047913776,2,080f2b35-fcd5-473e-864b-a7dea3054cc7,p5head_ex,2,447028.86502196634
0.8493650964592042,0.7226878542489735,True,0.42775783280954477,0.23842075892857142,False,0.24394132653061223,0.6765025495277105,2,082fb468-30f1-43c1-ac04-62d16fdd883b,p5head_ex,2,447028.86502196634
0.6328175574908579,0.5327726800740403,True,0.426681254594841,0.2895009566326531,False,0.36525430484693877,0.869131212997384,2,0862f2ff-7e56-4cd1-8c26-c3f25a86d257,p5head_ex,2,447028.86502196634
0.9823064332093187,0.9754691098356535,True,0.38749114792051276,0.12555803571428573,False,0.4548389668367347,0.8871428571428571,2,087bcaa5-2477-4111-8390-fa5f2dec4852,p5head_ex,1,447028.86502196634
0.7804689088314878,0.7279162180598818,True,0.5347547698513754,0.3684231505102041,False,0.26963089923469385,0.6558476685058964,2,088d4414-e057-45cb-a206-4dd3bb02dd6c,p5head_ex,2,447028.86502196634
0.8346954623973588,0.6879951486286655,True,0.3921851115977713,0.2209422831632653,False,0.36625079719387754,0.8649648204943171,2,08f1b734-cd93-42c0-b978-9e1e1021bb55,p5head_ex,2,447028.86502196634
0.8101879019663314,0.8416735226180577,True,0.3107440233136914,0.08525988520408163,False,0.5010762117346939,0.9883122954651706,2,09326eb7-f4cb-4d8f-83c6-8ba7fb8b5ac7,p5head_ex,1,447028.86502196634
0.8364135531105887,0.792769833143808,True,0.31545154101776807,0.0556640625,False,0.49033402423469385,1.0,2,095edab1-09c6-4f83-931e-f0a33b77639c,p5head_ex,1,447028.86502196634
0.883747836215447,0.8348985436672661,True,0.45952967766646907,0.24776785714285715,False,0.31230070153061223,0.8047779922779923,2,09a22f6d-5717-4c48-bf4c-531db698aaac,p5head_ex,2,447028.86502196634
0.9719839343214578,0.9216565935432522,True,0.08724333407258164,0.021763392857142856,False,0.28886320153061223,1.0,2,09bfe52b-201a-435a-b04f-ada40a64b5b5,p5head_ex,1,447028.86502196634
0.414198332565252,0.4369777465036503,False,0.0,0.04858896683673469,False,0.2531688456632653,0.5471698113207547,2,09d2a8d3-3ef9-4e91-8abe-d1c127747905,p5head_ex,1,447028.86502196634
0.7953567437347929,0.45263724064534183,True,0.41032538189382267,0.228515625,False,0.19142617984693877,0.655590441304727,2,09f0ac0a-2933-45fc-a937-c0da67f5fd0d,p5head_ex,2,447028.86502196634
0.37550404247127717,0.4076128426366144,False,0.0,0.016442123724489797,False,0.35598692602040816,1.0,2,0a374967-8ef8-4d34-94cc-a06929836723,p5head_ex,1,447028.86502196634
0.5447959645058712,0.5684037851567028,False,0.0843233699380067,0.07198660714285714,False,0.24045360331632654,0.8048172757475083,2,0a46eca3-e577-4c7f-a782-9d54754bf096,p5head_ex,2,447028.86502196634
0.8171556017993027,0.8509354313841268,True,0.32557023601560003,0.11802455357142858,False,0.5077925701530612,0.9403917595406958,2,0a578f72-dced-4550-8851-d8005549b724,p5head_ex,1,447028.86502196634
0.9551499844498608,0.9707204353319498,True,0.3704650923829509,0.1075015943877551,False,0.3567641900510204,0.8717093066370041,2,0a6a5956-58cf-4f17-9e39-7e0d17310f67,p5head_ex,1,447028.86502196634
0.876191065738826,0.7352666790529043,True,0.5390842675004224,0.33059630102040816,False,0.3491111288265306,0.8309018567639257,2,0a9c4c04-5918-48da-9ba1-b2a3add66ae9,p5head_ex,2,447028.86502196634
0.8469520705909481,0.8633085843290774,False,0.1818034371806515,0.0869937818877551,False,0.24647241709183673,0.8465063001145475,2,0a9fd225-a33a-47de-849e-156933b21296,p5head_ex,2,447028.86502196634
0.9518756392990715,0.9342267351570303,True,0.34186900210826804,0.10064572704081633,False,0.2285754145408163,0.9506930693069306,2,0b202292-a925-4706-963f-28fd16cef0c2,p5head_ex,1,447028.86502196634
0.9812726087602976,0.9685041674917824,True,0.28389347493123085,0.078125,False,0.3526985012755102,0.9262755102040816,2,0b5fa34f-5c96-4cc5-becc-317acdff3221,p5head_ex,1,447028.86502196634
0.9659221582814439,0.957567739665598,True,0.28604595048196296,0.09715800382653061,False,0.32093032525510207,0.8676923076923077,2,0b8f8765-0406-447c-b873-7ac5ce8884aa,p5head_ex,1,447028.86502196634
0.5,0.5,False,0.0,0.027204241071428572,True,0.43102279974489793,0.9948717948717949,2,0beac0c9-331a-4aad-9cec-099aff98c399,p5head_ex,1,447028.86502196634
0.9826823715795319,0.9732665772119815,True,0.23790219581612906,0.052256058673469385,False,0.2612802933673469,0.7814645308924485,2,0befe74c-5802-4fd4-aa1a-e5487d685558,p5head_ex,1,447028.86502196634
0.7768487522814191,0.3940255751843029,True,0.5782124212489322,0.4221141581632653,False,0.3127989477040816,0.7026912181303117,2,0c0da1cf-9514-4c21-9988-fb53c52528d1,p5head_ex,2,447028.86502196634
0.5,0.5,False,0.0,0.04767219387755102,True,0.4389748086734694,0.9573578595317725,2,0c122fd9-6dc8-4224-baae-812ed5c4bd12,p5head_ex,1,447028.86502196634
0.9944973560999414,0.9909273741693553,True,0.4455685220790641,0.04767219387755102,False,0.440250318877551,1.0,2,0c1d54d9-0197-40d9-9b07-d99b1e8aa8db,p5head_ex,1,447028.86502196634
0.9199334971199986,0.9854711534372184,True,0.19092939260809705,0.038404815051020405,False,0.2741549744897959,0.5236118318629995,2,0c24e2a2-9fca-463a-a1fa-fbcda2712260,p5head_ex,1,447028.86502196634
0.5946190417916675,0.6026396471642764,False,0.1448682976151158,0.10752152423469388,False,0.5478714923469388,0.830398517145505,2,0c2e5286-bb2c-427f-98be-8fc3796383d5,p5head_ex,2,447028.86502196634
0.9727157305667861,0.9789169519874161,True,0.16453213892231291,0.046755420918367346,False,0.34707828443877553,0.9863597612958227,2,0c523b07-6025-4d80-9de3-f435fd92002a,p5head_ex,1,447028.86502196634
0.7795266118181786,0.5903946637181487,False,0.08651288632937383,0.04819036989795918,False,0.24093191964285715,0.9288668320926385,2,0ca3f31a-ace5-4bd2-9900-b152cc212c8e,p5head_ex,1,447028.86502196634
0.87541073552249,0.7777638970136286,True,0.403091676289038,0.17207429846938777,False,0.29360650510204084,0.7740328932128793,2,0cd3f245-763a-4db0-870d-3ee1a3c6bdcb,p5head_ex,2,447028.86502196634
0.8251523959302726,0.8590009021474585,False,0.2778579457851508,0.13819355867346939,False,0.33115433673469385,0.9919238534756274,2,0cde91a5-9428-4746-8240-f34c720e24cd,p5head_ex,2,447028.86502196634
0.7888987573913334,0.7347245212305137,True,0.5110075464279354,0.30349170918367346,False,0.3663703762755102,0.8335303388494878,2,0d45f420-10d0-41a2-9b87-f5ea81c28599,p5head_ex,2,447028.86502196634
0.7681698814871283,0.5023828980843339,False,0.06101615117044589,0.03685028698979592,False,0.2134685905612245,0.8555976203353164,2,0d9b1283-fc24-4fd3-a520-bc5d563e13e1,p5head_ex,1,447028.86502196634
0.4763420544625621,0.4975377135020571,False,0.0,0.029536033163265307,False,0.3387077487244898,0.6430499325236168,2,0db8b03b-efb4-4a92-9c82-39a5bfecb689,p5head_ex,1,447028.86502196634
0.7715580557842551,0.6454687690710128,True,0.09853895940866879,0.03415975765306122,False,0.2298309948979592,0.9964994165694282,2,0ecd37a6-c1bb-40cf-8e48-1020140ae173,p5head_ex,2,447028.86502196634
0.9081753301417318,0.8166069036814035,True,0.24465575834602382,0.1384327168367347,False,0.3579201211734694,0.9844514828678376,2,0f1a4a99-3a8a-4d4b-be2c-8a003274ed53,p5head_ex,2,447028.86502196634
0.8072863605890575,0.7592676476470824,True,0.43684210347528746,0.16729113520408162,False,0.42354910714285715,0.9529425780319276,2,0f45a78f-d20b-4370-b0c9-00da4e9a8a05,p5head_ex,2,447028.86502196634
0.49234070877816183,0.5238780290937055,False,0.0018045902395910764,0.024274553571428572,False,0.37675382653061223,0.6863711001642037,2,0fcd1318-e6ae-4d14-b466-769128285665,p5head_ex,1,447028.86502196634
0.8229713033400561,0.779746885366413,True,0.275903746098002,0.15409757653061223,False,0.44300063775510207,0.9738748060010347,2,100fb3d8-99c5-4723-9385-11b236f9aae4,p5head_ex,2,447028.86502196634
0.9561987327706986,0.9466589506021065,True,0.33595117911068434,0.09823421556122448,False,0.4614357461734694,0.9793061472915399,2,1015e103-bda6-4664-978d-f761cd2982cb,p5head_ex,1,447028.86502196634
0.7175422669365401,0.6450396492885219,True,0.17349539836161182,0.05899234693877551,False,0.20041454081632654,1.0,2,103451bb-1f8c-4209-abce-0be7e9a6c8fb,p5head_ex,2,447028.86502196634
0.8600318698995871,0.7773263102933602,False,0.08175347832498066,0.035833864795918366,False,0.29091597576530615,0.6446051167964405,2,10f2cb81-ad90-4857-a2f7-18e7d8f66907,p5head_ex,2,447028.86502196634
0.8106715399448895,0.7320415165551553,False,0.1870031764252182,0.07676977040816327,False,0.15076929209183673,0.6087746625129803,2,1101cedc-35e2-483c-9326-1f3232b88f06,p5head_ex,2,447028.86502196634
0.610022806042599,0.6293054979024186,True,0.21887213351178847,0.11467633928571429,False,0.24754862882653061,0.856795272853667,2,115bf7b6-065a-46eb-bd14-f4afbc8384f3,p5head_ex,2,447028.86502196634
0.941083241680823,0.8860186810693448,True,0.372261010237892,0.17568160076530612,False,0.2421277104591837,0.8120249574588769,2,11a4ad3f-7899-4c3c-a88d-f1c799ec04df,p5head_ex,2,447028.86502196634
0.7855834287226431,0.6382217126648426,True,0.4616842172999519,0.3146125637755102,False,0.39082429846938777,0.8832509818826808,2,11e0e617-cc49-478e-bcba-209866654fde,p5head_ex,2,447028.86502196634
0.5,0.5,False,0.0,0.027622767857142856,True,0.3538345025510204,0.7236652236652237,2,11e431ff-c6b8-45f1-9635-a055fbc90111,p5head_ex,1,447028.86502196634
0.30292382726532,0.1993783849945679,False,0.008719862210660788,0.05542490433673469,False,0.4686902104591837,0.997482919813017,2,12c0fe21-2770-49eb-8aa1-c4aca13c1712,p5head_ex,2,447028.86502196634
0.779454126080344,0.6856164348109334,True,0.49556579007563917,0.345882493622449,False,0.5838647959183674,0.9138000576202824,2,12ee00f1-d4ea-4546-a07c-d43280aca538,p5head_ex,2,447028.86502196634
0.9522812866720713,0.9499141070194648,True,0.2275011323565827,0.0673828125,False,0.384944993622449,1.0,2,12fd0651-0275-4d15-8868-35ba85ea70f0,p5head_ex,1,447028.86502196634
0.5,0.5,False,0.0,0.019072863520408163,True,0.2940648915816326,1.0,2,131dd766-23cb-43e2-9653-13033d70765c,p5head_ex,1,447028.86502196634
0.873352715246372,0.8276162891774691,True,0.28838334217760375,0.14433195153061223,False,0.4629703443877551,0.9694835680751174,2,1328013e-dca0-497b-9523-072bc6b23e17,p5head_ex,2,447028.86502196634
0.6642426465412391,0.6027798791580683,True,0.21120535097817827,0.10249920280612244,False,0.40589126275510207,0.9741396072331324,2,13aa11f7-b15f-47d4-94c1-4ded9bc8ab16,p5head_ex,2,447028.86502196634
0.7469714592988116,0.7047719234501082,False,0.17332575717150808,0.1096938775510204,False,0.40904017857142855,0.9705668604651163,2,1414c7d6-dff3-453c-8322-b25bb5899d78,p5head_ex,2,447028.86502196634
0.9474540617932075,0.9619461879958406,False,0.12275112739446888,0.03419961734693878,False,0.3669483418367347,1.0,2,14996682-7fb0-42e1-a925-ab2a639bae18,p5head_ex,1,447028.86502196634
0.3765847454150084,0.4010173941581884,False,0.0,0.02849968112244898,False,0.33005819515306123,0.9272727272727272,2,14b2868e-e0fc-40f2-a54e-609bf24da493,p5head_ex,1,447028.86502196634
0.9765052774271695,0.9584661896836586,True,0.2602317959493018,0.06919642857142858,False,0.37242904974489793,1.0,2,1551a600-9f33-4837-b932-7514feac3789,p5head_ex,1,447028.86502196634
0.9798162087453577,0.9741614859069199,True,0.146511079432994,0.0421516262755102,False,0.45878507653061223,1.0,2,1563a4ed-d5f5-4e31-8818-c5417109d403,p5head_ex,1,447028.86502196634
0.930028128478019,0.8205927741785884,False,0.10847633321225796,0.04496173469387755,False,0.34669961734693877,1.0,2,158aa1e6-0e62-4e5c-acf3-10bb8882025a,p5head_ex,2,447028.86502196634
0.847819496333363,0.8418574772056467,False,0.02358167121228275,0.009247448979591837,False,0.3331273915816326,1.0,2,15965584-26e8-450b-823d-030d71049494,p5head_ex,1,447028.86502196634
0.9825877692720079,0.994076706496537,True,0.3124839076714264,0.06349649234693877,False,0.32858338647959184,0.4905838041431262,2,15de0e36-aad2-49f5-b797-dba25cc0c500,p5head_ex,1,447028.86502196634
0.6827078323303779,0.581897331690781,False,0.3525149395750457,0.264469068877551,False,0.4475047831632653,0.9140165787490581,2,15df7a1f-a2a4-4d5e-8771-3280fa1184c3,p5head_ex,2,447028.86502196634
0.8403649375050737,0.8363383472087186,True,0.21468306838115,0.10903619260204081,False,0.34373007015306123,0.7157740815207457,2,15f49c72-0702-472d-aff2-4582682392f2,p5head_ex,2,447028.86502196634
0.9895580790513445,0.9863779110819675,True,0.23291959540505283,0.04884805484693878,False,0.3286830357142857,0.580579355365157,2,160d4148-6c88-47fb-ad49-b4965eb8a931,p5head_ex,1,447028.86502196634
0.9131714759437035,0.9625853431294847,False,0.23433446616812184,0.06313775510204081,False,0.4150988520408163,0.9955808080808081,2,16105557-552b-498e-af02-9f0285876567,p5head_ex,1,447028.86502196634
0.9612934000713755,0.9742518003711386,True,0.27188766658631025,0.06967474489795919,False,0.31594786352040816,0.7542906178489702,2,161cacb1-dcdd-45f7-bfb6-3281fe82203d,p5head_ex,1,447028.86502196634
0.8323398574878773,0.7540565317035905,True,0.4988728527583835,0.1945750956632653,False,0.37693319515306123,0.9141657277476185,2,162c2fa0-aa64-4cc8-aacd-930750957868,p5head_ex,2,447028.86502196634
0.7921297496806707,0.6379769830010883,True,0.4319527057265437,0.2526705994897959,False,0.3036511479591837,0.8047799337434927,2,1636e48a-74eb-48d3-9a84-83f99af0a1fc,p5head_ex,2,447028.86502196634
0.6556762020965788,0.5432528841884069,True,0.4056945838560432,0.29296875,False,0.34353077168367346,0.789795918367347,2,16f07d74-df3a-4436-86bd-31041b0af6c3,p5head_ex,2,447028.86502196634
0.789387811527658,0.9480938011834774,True,0.4762603779495866,0.2814891581632653,False,0.3211296237244898,0.39478901161144153,2,16f580c9-9242-4535-8fb6-a1724f4bbf34,p5head_ex,2,447028.86502196634
0.8267830372252977,0.5871401392795211,False,0.1245891175286281,0.0723453443877551,False,0.3461216517857143,0.7267217630853995,2,1748e4e2-5c73-4794-81fe-2c5fe4af8cdd,p5head_ex,1,447028.86502196634
0.815270161796396,0.6400865707801284,False,0.13882024726415898,0.07055165816326531,False,0.42434630102040816,0.9661016949152542,2,17802f46-96cb-4658-ae3d-16be89ac69f5,p5head_ex,1,447028.86502196634
0.9338238312826639,0.9305519375248079,True,0.2572040460873894,0.07533482142857142,False,0.34438775510204084,0.44312169312169314,2,17d34b01-a492-4764-9ee7-1403ed7a3f97,p5head_ex,1,447028.86502196634
0.9562279585509026,0.9567457565026255,False,0.19745313366224237,0.05996890943877551,False,0.38620057397959184,0.9970089730807578,2,17da6531-1b17-43c8-b052-c5e75b582730,p5head_ex,1,447028.86502196634
0.8922819501208349,0.7981383020836245,False,0.20392851301968695,0.08145328443877552,False,0.3116031568877551,0.8698311720088084,2,17ec1772-41a6-4bd6-a2a0-b9d45599eb28,p5head_ex,1,447028.86502196634
0.8517229723863551,0.8892405284203697,True,0.6978515142232292,0.5047034438775511,False,0.3752590880102041,0.6309429789922603,2,18230da7-8929-47fa-97bd-0c4f570867ca,p5head_ex,2,447028.86502196634
0.8386668794241678,0.7039880296858358,True,0.47569449698898253,0.3059630102040816,False,0.29213169642857145,0.7883663366336634,2,18494f9c-d897-4af4-aa20-e0517395ac49,p5head_ex,2,447028.86502196634
0.7672985754811479,0.46042191224495366,True,0.4241342369497553,0.2553013392857143,False,0.2315250318877551,0.6956284153005464,2,1851dff6-31ec-4453-9ddc-95c0aedace5b,p5head_ex,2,447028.86502196634
0.2976242484761489,0.3502100840336134,False,0.0,0.0419921875,False,0.37045599489795916,0.9150450878025629,2,18792f05-1f16-4343-884c-c33420e6b104,p5head_ex,1,447028.86502196634
0.5401802370604486,0.5883404540352656,False,0.034305599216539064,0.07294323979591837,False,0.2347735969387755,0.42513661202185793,2,188218bc-84f2-4103-8e34-0dd6d3103b2f,p5head_ex,1,447028.86502196634
0.9485248167268444,0.9462599736256629,True,0.4455280960948511,0.13303172831632654,False,0.41396285076530615,0.8049438202247191,2,18cded58-0cce-4b19-93de-48082a7b7d4c,p5head_ex,1,447028.86502196634
0.9846449553501706,0.9892129269067214,True,0.3947379159328924,0.13201530612244897,False,0.48782286352040816,0.928743961352657,2,1923df31-e23a-4ee4-86f8-35d124af2f61,p5head_ex,1,447028.86502196634
0.8792374101855677,0.9467577401013496,True,0.5543580598388687,0.3369738520408163,False,0.365055006377551,0.8176602791577952,2,192f8bc4-1d12-4b3e-84a6-d94f77928faf,p5head_ex,2,447028.86502196634
0.6622426766235432,,False,0.1904488355857314,0.14433195153061223,False,0.37081473214285715,0.0,2,193ebe3c-905d-4ee0-87c0-b72999547d3b,p5head_ex,1,447028.86502196634
0.5,0.5,False,0.0,0.04005899234693878,True,0.35239955357142855,1.0,2,195ddf15-9620-4827-97da-01a44d5842f7,p5head_ex,1,447028.86502196634
0.27956063342714327,0.3093527231251782,False,0.0,0.051060267857142856,False,0.39969308035714285,0.9836065573770492,2,19720da5-a262-4c83-9ae9-fe6f7f5cc5fb,p5head_ex,1,447028.86502196634
0.8592810156547962,0.8556477222713593,True,0.2021415921442768,0.1057876275510204,False,0.3446667729591837,0.9189902034664658,2,1a04f083-d880-4493-87be-68521bc197c1,p5head_ex,2,447028.86502196634
0.8338911579514725,0.8137812475511323,False,0.07811423604930791,0.05488679846938776,False,0.41466039540816324,0.9353667392883079,2,1a2dc891-713d-4253-ad19-a1e7910ee2eb,p5head_ex,2,447028.86502196634
0.7932223944247432,0.7450353239872874,True,0.5492824098148968,0.3936742665816326,False,0.4850924744897959,0.8870551308661976,2,1a557ac7-3f9e-4750-9d36-1c311cad8a6f,p5head_ex,2,447028.86502196634
0.9617153834470147,0.9175941902914837,False,0.08609647434109688,0.021683673469387755,False,0.37107382015306123,1.0,2,1ae12f84-02bb-426f-84b1-81a6c552ce4e,p5head_ex,1,447028.86502196634
0.9756461823883347,0.9554078210507205,True,0.03797532730175293,0.0067362882653061226,False,0.1654376594387755,0.7366863905325444,2,1b0b9b81-dc8b-4b22-aaea-1a985009a522,p5head_ex,1,447028.86502196634
0.8256329314916938,0.7777950288326276,True,0.195291687250502,0.08729272959183673,False,0.46865035076530615,1.0,2,1b2aefc5-a9dd-4f84-a314-3acec56df761,p5head_ex,2,447028.86502196634
0.5,0.5,False,0.0,0.08525988520408163,True,0.3854233099489796,0.8800841514726507,2,1b57f09b-5884-48b6-b7b5-2b3a323280b7,p5head_ex,2,447028.86502196634
0.971595850720236,0.9414517397006053,True,0.18246213322802995,0.04352678571428571,False,0.3923190369897959,0.9986263736263736,2,1b7f9ebf-bd1c-4195-9186-d6adb65945ee,p5head_ex,1,447028.86502196634
0.6674059143420695,0.5891918124751788,False,0.16328097171889763,0.09873246173469388,False,0.3526586415816326,0.8360920468308438,2,1c44e0a4-4612-438f-9a83-8d5bf919cb67,p5head_ex,4,447028.86502196634
0.8301069828376907,0.7978575509166033,True,0.19354132045483302,0.09986846301020408,False,0.40842235331632654,0.8662941528636998,2,1c6867ff-939e-4096-9738-322c4c2a02bf,p5head_ex,2,447028.86502196634
0.7510796809983187,0.7823805335796232,True,0.099832731371338,0.03561463647959184,False,0.34468670280612246,0.6955791829882485,2,1d193b54-7f79-4a6a-bcaf-352a03025019,p5head_ex,2,447028.86502196634
0.9185698693272389,0.8766124619922384,False,0.08834454533661562,0.03756776147959184,False,0.25566007653061223,0.803183023872679,2,1d1c51b5-1cc9-4d0c-8073-5f1cfd598f76,p5head_ex,2,447028.86502196634
0.8817259238440798,0.7816774911732296,False,0.16440239200374784,0.08223054846938775,False,0.4136439732142857,0.963402811439651,2,1dad3414-88c9-4c56-af5d-3a1488af452c,p5head_ex,2,447028.86502196634
0.8884233159309456,0.43173510826323663,False,0.21947300682240728,0.10602678571428571,False,0.12358498086734694,0.7847744360902256,2,1dfd8737-ff04-49c6-bd1a-808d682ddc19,p5head_ex,2,447028.86502196634
0.9266324811285231,0.9279577937108174,True,0.3322727904642831,0.060068558673469385,False,0.35879703443877553,0.971134704711347,2,1e70a641-8faa-4436-a075-8193b3b541e1,p5head_ex,2,447028.86502196634
0.9500445550854185,0.953584331108048,False,0.04238979920552664,0.015126753826530613,False,0.33095503826530615,0.2134387351778656,2,1eef9264-e6e3-41ba-b5fa-6a2ab638a7c9,p5head_ex,1,447028.86502196634
0.950005139701869,0.9529980235223882,False,0.11678545312793337,0.03180803571428571,False,0.28958067602040816,0.543233082706767,2,1ef28712-7b54-49de-838a-3a56326d26a0,p5head_ex,1,447028.86502196634
0.6939207283044847,0.6745908582746175,False,0.2553026037536348,0.05197704081632653,False,0.3886120854591837,1.0,2,1f458170-a4e7-447f-a157-2b44e85f1e6c,p5head_ex,2,447028.86502196634
0.9809572464355152,0.985361406904137,False,0.0654700927821533,0.01594387755102041,False,0.2871890943877551,0.895,2,1f4741e6-a0ae-41b2-8b70-bf7e927f1b13,p5head_ex,1,447028.86502196634
0.9626611521420622,0.9101343131484253,True,0.11360661126896207,0.047353316326530615,False,0.23351801658163265,0.9473905723905723,2,209147a3-a77b-4b6f-b2be-b74e38355bcf,p5head_ex,1,447028.86502196634
0.7326874572681242,0.796633527312343,True,0.5272092350580603,0.38229432397959184,False,0.4873644770408163,0.8059117923052862,2,20f39b8e-be82-4f24-8791-651533a73184,p5head_ex,2,447028.86502196634
0.9959531737319617,0.9824760553714498,True,0.12026485432279634,0.0408561862244898,False,0.25193319515306123,1.0,2,2178c094-b206-4fe5-a9ef-d84540996b89,p5head_ex,1,447028.86502196634
0.9875939477898311,0.9879312259920974,True,0.2657073655764387,0.08179209183673469,False,0.38649952168367346,0.8428362573099415,2,21dc80a4-e6b7-4cfc-9463-3fc2f660833f,p5head_ex,1,447028.86502196634
0.9573967386454648,0.9651324015523194,False,0.07441199801495353,0.022122130102040817,False,0.30333227040816324,0.9990990990990991,2,22f2d3ec-f7ea-4778-850d-bb111590202f,p5head_ex,1,447028.86502196634
0.6422848256183811,0.6131971160776835,False,0.05048294602416457,0.04823022959183673,False,0.3608298788265306,0.9995867768595041,2,231de9e8-63d9-4093-9d57-2bdcdee49225,p5head_ex,2,447028.86502196634
0.6233515733025884,0.639455763280549,False,0.05819423200538173,0.04185267857142857,False,0.43014588647959184,0.9371428571428572,2,239e9d1c-e5c1-4798-a6ba-64fd64e7c486,p5head_ex,1,447028.86502196634
0.8234851428824699,0.9328589086070073,False,0.06735335594478613,0.025330835459183673,False,0.3481943558673469,1.0,2,239f7e39-e679-4892-9c87-04d1e4fd240f,p5head_ex,1,447028.86502196634
0.7279516794229394,0.7109356238614957,True,0.17310611065518292,0.08805006377551021,False,0.2344547193877551,0.7754640108646447,2,242a6f0b-fc6e-42e6-84c9-f74e3d33372b,p5head_ex,2,447028.86502196634
0.9693009022615697,0.9544382897420057,True,0.13079289607828862,0.05835459183673469,False,0.2893215880102041,0.8449453551912568,2,245d1104-6524-4d44-ace9-e54f0645a46e,p5head_ex,2,447028.86502196634
0.9761142421502492,0.9578468594828142,False,0.07655102347800027,0.01913265306122449,False,0.5342195471938775,1.0,2,24bc6cbc-3ed9-455a-8fbf-f106ce3e1e59,p5head_ex,1,447028.86502196634
0.9551647906628858,0.9721648225348503,True,0.19445340305559347,0.05839445153061224,False,0.3883729272959184,0.7378839590443687,2,24c876fa-93e4-4dd6-b1f1-a6f5f4aab729,p5head_ex,2,447028.86502196634
0.8310415471284072,0.8217004511176764,False,0.30326518117564033,0.10249920280612244,False,0.23292012117346939,0.7639510013610733,2,24cb4fd3-7f4b-4bc7-a9c1-24be6c6e09de,p5head_ex,2,447028.86502196634
0.4351386411545322,0.4712858926342072,False,0.0,0.016741071428571428,False,0.2989477040816326,0.6928571428571428,2,24dba8ea-22b9-4a3c-84ce-6bafeab8e6d1,p5head_ex,2,447028.86502196634
0.7117498044523255,0.7031650462622633,False,0.16332864639017242,0.06684470663265306,False,0.3367944834183674,0.8932617769827073,2,25ba8a50-bc9a-4ca8-81c3-9f635f52243b,p5head_ex,2,447028.86502196634
0.38312874099624633,0.4634812901675776,False,0.0,0.01775749362244898,False,0.34956951530612246,1.0,2,26ae031c-b211-45f4-ac4d-b2983db93aa6,p5head_ex,1,447028.86502196634
0.9655907469612136,0.9393590632420094,True,0.222390536542699,0.05699936224489796,False,0.44638871173469385,1.0,2,270d287b-5f32-469d-9f88-f4a87f27ef47,p5head_ex,1,447028.86502196634
0.5,0.5,False,0.0,0.07124920280612244,True,0.47205835459183676,0.9815384615384616,2,28775c77-80e8-4f8c-be85-7a44162b5c28,p5head_ex,1,447028.86502196634
0.9842625637096518,0.9693685352367909,True,0.14425179968908283,0.038564253826530615,False,0.31435347576530615,0.9989664082687338,2,29576186-ed47-4331-8ea0-08d899822c1f,p5head_ex,1,447028.86502196634
0.875868928969634,0.7190024543696528,True,0.19458119934380388,0.09775589923469388,False,0.27646683673469385,0.8852191641182466,2,2c0efede-becf-44a0-b762-10e97cf178de,p5head_ex,2,447028.86502196634
0.59254712191992,0.5448527504103997,False,0.09629488102787746,0.05530532525510204,False,0.32481664540816324,0.8554954954954955,2,2c68016e-5a63-4430-a834-efe5d43edd0e,p5head_ex,2,447028.86502196634
0.8707280932226379,0.8322448796873867,True,0.08215065760329493,0.03218670280612245,False,0.363101881377551,0.5021671826625387,2,2c781913-5f24-4b0e-959c-6b7385c6fce0,p5head_ex,2,447028.86502196634
0.7024996717039472,0.6268081616480181,True,0.31135593307123927,0.22825653698979592,False,0.49037388392857145,0.9447306382607177,2,2c917d3a-95cb-4c11-802c-f83e28cb37bc,p5head_ex,2,447028.86502196634
0.7445784848283649,0.668834771163517,True,0.19035008186616945,0.09877232142857142,False,0.3264110331632653,0.9118240516545602,2,2cc72d62-1144-4fe9-a4ab-da083ad11392,p5head_ex,2,447028.86502196634
0.6195480578609244,0.6254548416529675,False,0.029301469181936973,0.02570950255102041,False,0.398258131377551,0.627906976744186,2,2d370cb1-791e-407e-9408-9156664de6b6,p5head_ex,1,447028.86502196634
0.9655067185260837,0.922706401515374,False,0.031500194759736734,0.008709343112244899,False,0.35817920918367346,1.0,2,2d5d4cc5-5633-4718-ac7a-61bd0c7dbf4f,p5head_ex,1,447028.86502196634
0.760091310367651,0.9650487317924441,False,0.3039547506231411,0.03591358418367347,False,0.4275749362244898,0.4450610432852386,2,2dd692a5-a60c-443e-8299-af5d03949b60,p5head_ex,1,447028.86502196634
0.6824582609043085,0.4668754536986223,False,0.10300028304904524,0.061025191326530615,False,0.39026626275510207,1.0,2,2ef4cfe7-bbc1-4ce2-ba1e-6df54a94252c,p5head_ex,2,447028.86502196634
0.888703712081171,0.8580929744574087,True,0.276300132045898,0.14375398596938777,False,0.3369738520408163,0.8613614307500347,2,2f200e3f-8e4c-4675-948c-8226cd65163a,p5head_ex,2,447028.86502196634
0.8348702632286363,0.8289430608538632,False,0.016764063314282318,0.007952008928571428,False,0.3123405612244898,1.0,2,2f42fe81-bd2a-4b14-966b-589873d13663,p5head_ex,1,447028.86502196634
0.8027699666174379,0.5300303105272282,False,0.020259401572566015,0.010881696428571428,False,0.22448979591836735,0.09706959706959707,2,2f55c07d-beb7-4b5f-9e9d-18d4fed5ae27,p5head_ex,1,447028.86502196634
0.7187112085787779,0.8096797888099647,False,0.14103617912165403,0.04711415816326531,False,0.33589764030612246,0.6484771573604061,2,2f9c1b97-74a7-4781-bad3-c46cc08c69c8,p5head_ex,2,447028.86502196634
0.5851309604080553,0.5788155024313055,False,0.14596535839185543,0.09933035714285714,False,0.26893335459183676,0.8892455858747994,2,3011a504-67f0-4bda-b774-46cb7c38b839,p5head_ex,2,447028.86502196634
0.8527423900559037,0.8795776397065089,True,0.17629550104751865,0.053392059948979595,False,0.2982900191326531,0.7275102650242627,2,30181ed4-6337-47e1-89b7-9dfe63c95131,p5head_ex,2,447028.86502196634
0.9681118482186268,0.9723330292670522,True,0.21422470624794154,0.04145408163265306,False,0.24808673469387754,0.6432692307692308,2,3040d9d7-d895-453f-887c-616c10531960,p5head_ex,1,447028.86502196634
0.467983991995998,0.49345335515548283,False,0.0,0.043845663265306124,False,0.41501913265306123,0.855909090909091,2,307e9bfc-29b2-4d3a-9a39-2ac51d7b13f6,p5head_ex,1,447028.86502196634
0.7842898672604537,0.6429940741984206,False,0.12052694098373334,0.05795599489795918,False,0.34486607142857145,0.8380330123796423,2,31102758-a5ba-44c9-b480-b744bcfcb861,p5head_ex,3,447028.86502196634
0.8035995930291764,0.7113786703381221,False,0.14590911768681908,0.0731624681122449,False,0.39002710459183676,1.0,2,311a559e-bed5-478a-94f5-c1bcf1df939a,p5head_ex,2,447028.86502196634
0.6763994036008055,0.7128340067354897,False,0.24520070964846175,0.06457270408163265,False,0.28047273596938777,0.6429012345679013,2,315b5137-1117-4090-9329-d6a6fff607ef,p5head_ex,2,447028.86502196634
0.9681826315113233,0.9554150693047712,False,0.15415345942415415,0.047532684948979595,False,0.3045280612244898,0.7828092243186583,2,3162d754-7972-47b0-ae60-1ae6e2bb4150,p5head_ex,1,447028.86502196634
0.9217783142009262,0.8901859625889883,False,0.13969596927189104,0.06134406887755102,False,0.14381377551020408,0.6283300844704354,2,3164b8ce-f84e-47db-9c14-e78890c955ed,p5head_ex,2,447028.86502196634
0.8980040213306982,0.8393506995466801,True,0.20524948538370436,0.09661989795918367,False,0.17426658163265307,0.7603135313531353,2,31692137-f770-4cfe-a02e-fd207ce813ac,p5head_ex,2,447028.86502196634
0.8900797323200661,0.7540687585791539,False,0.1410699375761417,0.06588807397959184,False,0.4240872130102041,1.0,2,3173b82f-569b-43e6-aecc-b4fb6a14466f,p5head_ex,1,447028.86502196634
0.9299479995085291,0.8380907123395308,True,0.18246834529225414,0.058274872448979595,False,0.28041294642857145,0.8074555403556771,2,317a2577-b48c-4dac-bd52-31286c7546af,p5head_ex,2,447028.86502196634
0.7620822826032084,0.7680880625473484,False,0.127840980675892,0.06419403698979592,False,0.3528380102040816,0.9658491151816206,2,3198c328-990e-452c-81d3-4b149f54421a,p5head_ex,2,447028.86502196634
0.6283481174236522,0.5662052780394611,False,0.1024539707459641,0.08490114795918367,False,0.3026745854591837,0.8683098591549295,2,319e7123-a32b-4971-acd0-975c52958411,p5head_ex,2,447028.86502196634
0.6580514896961299,0.6925371348769679,True,0.21777688609767046,0.055544483418367346,False,0.3039700255102041,0.6397560100466452,2,31b33ec5-c46a-462c-a933-36a361673a2b,p5head_ex,2,447028.86502196634
0.5,0.5,False,0.0,0.052056760204081634,True,0.37587691326530615,0.9996171516079633,2,31d34fd3-7d8f-4b3d-86bc-6b060f20d8ee,p5head_ex,2,447028.86502196634
0.7393991894306263,0.8046406813025949,True,0.24182310113039962,0.1092952806122449,False,0.2756497130102041,0.6068563092633115,2,31e4e2fe-9d21-4cf9-ba57-3174ebc32a43,p5head_ex,2,447028.86502196634
0.7466245622442549,0.7293345224361503,False,0.1726594000416748,0.08801020408163265,False,0.3301578443877551,0.9017210144927537,2,31f4be2a-eb24-4816-8766-56ff59314cc9,p5head_ex,2,447028.86502196634
0.9198187230199821,0.837279684777542,True,0.1831518405656847,0.09498565051020408,False,0.36001275510204084,0.9370541334452371,2,31fde4e6-d2f5-4467-aa7b-e6bb2e2738d1,p5head_ex,2,447028.86502196634
0.9563640192348912,0.9679247149851928,True,0.14418513640619673,0.03342235331632653,False,0.499820631377551,1.0,2,3208e231-f146-41b6-b726-1d4267728342,p5head_ex,1,447028.86502196634
0.7217646774980238,0.5993539573103329,False,0.320838040414814,0.20087292729591838,False,0.4735730229591837,0.9303502331580514,2,32408669-c137-4e8d-bd62-fe8345b40e73,p5head_ex,4,447028.86502196634
0.8438257530903518,0.868656890930165,True,0.1923196767095168,0.0703125,False,0.15244339923469388,0.4770408163265306,2,32827da4-939c-46de-85db-a2d75cb0dfad,p5head_ex,2,447028.86502196634
0.8050214336457175,0.8014799564662706,True,0.2212373222768016,0.09183673469387756,False,0.3870176977040816,0.7738715277777778,2,32b9ab38-2dc3-471b-87d8-4a67f49bfb7c,p5head_ex,2,447028.86502196634
0.8587952588417287,0.7918503670124367,False,0.21374833561288767,0.07766661352040816,False,0.35054607780612246,0.8126764177572492,2,32bac08d-957e-44e0-9c11-26657e24170b,p5head_ex,2,447028.86502196634
0.869341326632133,0.7587382537402564,True,0.18860929802978807,0.09410873724489796,False,0.27379623724489793,1.0,2,32ceee8d-3208-4abc-b329-55f7d2264398,p5head_ex,2,447028.86502196634
0.7007148661276561,0.7959463906127202,False,0.01869767631820419,0.018933354591836735,False,0.357242506377551,0.9442105263157895,2,32e8b837-8656-47e1-87ec-b365c7670984,p5head_ex,1,447028.86502196634
0.7811583664598214,0.8874685825429374,True,0.1696069992371115,0.07146843112244898,False,0.35646524234693877,0.5858895705521472,2,32f3d89e-418f-4146-8036-7583ad6f1f0a,p5head_ex,2,447028.86502196634
0.6983690537844598,0.6792966063436087,False,0.017279283423919236,0.025111607142857144,False,0.27407525510204084,0.24841269841269842,2,3352dd2e-717c-4a5a-ad4b-81315818b351,p5head_ex,1,447028.86502196634
0.9765125903485875,0.9651847177826988,True,0.17593398452567033,0.04065688775510204,False,0.30197704081632654,0.8254901960784313,2,335ee631-5d9a-464c-8fdd-fa759b5c9fe0,p5head_ex,1,447028.86502196634
0.5952576999872871,0.5557084171896691,True,0.4522291741365698,0.24659199617346939,False,0.35072544642857145,0.7824294835528974,2,336622cd-55bc-4404-beb1-8c75de224d0a,p5head_ex,2,447028.86502196634
0.788007864463262,0.9025560587598088,True,0.42804399526856596,0.2612802933673469,False,0.43233816964285715,0.8102212051868802,2,336c9afc-e140-4d5e-ab50-7b11809dbc1f,p5head_ex,2,447028.86502196634
0.9500385235247252,0.8561953163113,False,0.19370728721641256,0.07653061224489796,False,0.1673907844387755,0.8182291666666667,2,338907f5-8c8c-47e7-a57d-6c9eb5b4529b,p5head_ex,2,447028.86502196634
0.7044030245044973,0.7569356782220882,True,0.4101842603494174,0.29749282525510207,False,0.26560507015306123,0.681583707375896,2,33c80447-e65b-41f8-ad03-523b78048641,p5head_ex,2,447028.86502196634
0.8709874875465623,0.9142696721013049,True,0.33097115339749733,0.13719706632653061,False,0.4045559630102041,0.90746658919233,2,33d21874-f7b1-413c-8013-0b4a98d12fb9,p5head_ex,2,447028.86502196634
0.7540729311582902,0.6921692505595506,True,0.4821361719270056,0.2855947066326531,False,0.40268255739795916,0.894347522679693,2,33e18761-b2d9-43d1-a9f4-b16a99a2664e,p5head_ex,2,447028.86502196634
0.7780269891160396,0.8941162240868389,True,0.43648370012649473,0.2526905293367347,False,0.318538743622449,0.7620474800851802,2,34591201-fa13-4dfc-809f-bb3cb8ca7665,p5head_ex,2,447028.86502196634
0.9790919451695012,0.935610318291538,True,0.25204492155207336,0.04472257653061224,False,0.3275669642857143,0.9679144385026738,2,345d1a85-8d32-4e43-8e9f-dfb0048da3fe,p5head_ex,1,447028.86502196634
0.7600286819078633,0.705931780319967,False,0.13348551647476634,0.05825494260204082,False,0.3823142538265306,0.9302086897023606,2,34aca5a7-7786-4060-afea-cf31d8fc05d6,p5head_ex,2,447028.86502196634
0.797268970969529,0.8948826279641884,False,0.18547574678833834,0.08729272959183673,False,0.42771444515306123,0.8534246575342466,2,34e19eb5-78d1-42b9-bc47-b043d97feefb,p5head_ex,2,447028.86502196634
0.9527018203744647,0.9112104599097,False,0.1533869550789301,0.04928651147959184,False,0.3496691645408163,1.0,2,34fbff70-fa6e-4709-ab07-17f739fce394,p5head_ex,2,447028.86502196634
0.7110659697758092,0.5800591933894973,True,0.5905173947677453,0.356624681122449,False,0.44876036352040816,0.8579412093439142,2,3502cf28-bcc2-4cf4-84bc-749ccc2dd222,p5head_ex,2,447028.86502196634
0.6455879163280224,0.6146580963407129,True,0.37605650083917647,0.08882732780612244,False,0.33529974489795916,0.9421135292797846,2,35147425-e8f1-494b-8cce-74252c0578d6,p5head_ex,2,447028.86502196634
0.7918978320013531,0.7057248082452358,True,0.31876083702411345,0.18777901785714285,False,0.3876355229591837,0.9522394396094247,2,351a2161-64fb-41c0-889f-653d320a406f,p5head_ex,2,447028.86502196634
0.8650353681285745,0.8613417930984489,True,0.18303352000172476,0.04984454719387755,False,0.4596619897959184,1.0,2,356b2d20-3a74-4628-8652-cb7800eddc3e,p5head_ex,1,447028.86502196634
0.6013286711306819,0.5748474113202784,True,0.485005180195174,0.18662308673469388,False,0.3436702806122449,0.8153566851772747,2,3574c226-b39c-48d4-ab38-362c4e52ee82,p5head_ex,2,447028.86502196634
0.8158812515619855,0.7285493898004438,True,0.320496659207926,0.13309151785714285,False,0.43203922193877553,0.975591494459419,2,3576b088-b3b9-40f2-bd44-de169e3e82f7,p5head_ex,2,447028.86502196634
0.6812322342353071,0.6780154836407245,True,0.4857709505172204,0.3567442602040816,False,0.40074936224489793,0.8794413407821229,2,3580d303-401f-4f0b-ac88-0729834349a8,p5head_ex,2,447028.86502196634
0.6480373585107192,0.6172768339458163,True,0.24628536723551667,0.13121811224489796,False,0.28334263392857145,0.8898845686512759,2,3592ae43-bcf5-48e8-9cca-680c9a724831,p5head_ex,2,447028.86502196634
0.8695336852892547,0.9526934486401041,True,0.3200213033578616,0.13209502551020408,False,0.2588488520408163,0.5227821363910682,2,359ce100-a41f-40e2-ba95-c91b83725a35,p5head_ex,2,447028.86502196634
0.6409631217957112,0.5393881641131884,False,0.009871946582615043,0.015525350765306123,False,0.22630341198979592,0.9987163029525032,2,35a9fe12-15e7-46d5-9095-529d5298ca70,p5head_ex,1,447028.86502196634
0.6245769367402495,0.4359592660697024,True,0.5563400095144468,0.42665816326530615,False,0.3868781887755102,0.7770459641255605,2,362642f9-cda6-438a-8672-935c6191220c,p5head_ex,2,447028.86502196634
0.6826368541146867,0.7512595493921911,False,0.019614016003205836,0.020926339285714284,False,0.2898796237244898,1.0,2,36283110-2808-4ac2-9dc7-c8e2a6754c83,p5head_ex,1,447028.86502196634
0.7384609430415605,0.6806067220151559,True,0.5204602281303343,0.35997289540816324,False,0.3470982142857143,0.8211715203189016,2,3642d117-1150-46a2-9e21-1cc388f1db2f,p5head_ex,2,447028.86502196634
0.9909315760973688,0.9973668084397177,True,0.25027176058722483,0.06377551020408163,False,0.27596859056122447,0.445625,2,3647d0dd-fcf0-4606-bddc-ba872f5f7ccb,p5head_ex,1,447028.86502196634
0.8573170626656926,0.8125284903168288,True,0.5499399338463291,0.21368781887755103,False,0.4128268494897959,0.8750233165454206,2,36994bd6-13dc-405e-9f98-680a0e5b2eea,p5head_ex,2,447028.86502196634
0.41517330276684095,0.4184636374426462,False,0.0024391718448351063,0.03372130102040816,False,0.3235012755102041,1.0,2,36a9f078-981f-47fd-87eb-e8be3ac35082,p5head_ex,1,447028.86502196634
0.43771415826929705,0.49102518623625396,False,0.0,0.017040019132653062,False,0.29795121173469385,1.0,2,36ab4430-59ea-442a-9968-9329b3c93954,p5head_ex,1,447028.86502196634
0.7962627514308992,0.8437149176081428,True,0.2947626393808817,0.18474968112244897,False,0.22385204081632654,0.8512405609492988,2,36b750d4-ac1c-4301-addb-bb00f6edad82,p5head_ex,2,447028.86502196634
0.5,0.5,False,0.0,0.016183035714285716,True,0.32607222576530615,0.9568965517241379,2,36bd8ee6-cfb2-48ae-a57d-dcea7ba8deec,p5head_ex,1,447028.86502196634
0.8799627061392775,0.8314835059851301,True,0.21934770771067372,0.06654575892857142,False,0.42109773596938777,0.9538784067085954,2,36c50ee5-7885-4c34-8f24-829f85cea256,p5head_ex,2,447028.86502196634
0.36366602750056637,0.39534259801114424,False,0.0016272597227648834,0.07509566326530612,False,0.38169642857142855,0.8320063694267515,2,36ca4185-52e1-4cf3-b007-5c7680d2ae74,p5head_ex,2,447028.86502196634
0.9901362779923036,0.9761514266333071,True,0.1480839428800302,0.031568877551020405,False,0.38247369260204084,0.9728535353535354,2,36da2e3e-cd74-48f5-89bb-00cd186f4de9,p5head_ex,1,447028.86502196634
0.9352063628742733,0.9754118042746232,True,0.2398492247859207,0.06529017857142858,False,0.4586854272959184,0.9532967032967034,2,36f775ee-d044-43a3-bbe5-000ed7b498b8,p5head_ex,1,447028.86502196634
0.5104334855763837,0.5053697242278784,False,0.0037229061245856233,0.027204241071428572,False,0.33125398596938777,1.0,2,37290d29-2a81-4c9d-aef6-15eea1376e0c,p5head_ex,1,447028.86502196634
0.8740612129698371,0.8095939612427574,True,0.14670479299959266,0.04876833545918367,False,0.2940051020408163,0.8304045770331018,2,37296532-0632-40c6-ba5c-377e4d12cacd,p5head_ex,2,447028.86502196634
0.6170247337047297,0.6283988081291475,True,0.2802290151919345,0.2122528698979592,False,0.41149154974489793,0.9364319248826292,2,3748c51e-06c7-488e-97be-dac0614f5c17,p5head_ex,2,447028.86502196634
0.5,0.5,False,0.0,0.14564732142857142,True,0.31483179209183676,0.7542419266557198,2,37a3ae61-b059-4972-9e28-c7bc02cd1ada,p5head_ex,2,447028.86502196634
0.8587146207164521,0.8102456285723356,True,0.2665748022494093,0.12083466198979592,False,0.25669642857142855,0.8579910935180604,2,37c377d9-a4f9-4b58-82b5-42c1624e2d57,p5head_ex,2,447028.86502196634
0.6386162425513885,0.5619856604140056,True,0.13558878636097044,0.060267857142857144,False,0.3936144770408163,1.0,2,37c9c0cb-0536-4056-a7c6-98a37569e1cb,p5head_ex,2,447028.86502196634
0.8938373936929487,0.7570862585406578,True,0.42183285465854997,0.21807238520408162,False,0.25376674107142855,0.8067994882105648,2,38016466-59bb-4364-a099-03813dd09f46,p5head_ex,2,447028.86502196634
0.7514034361227989,0.8013592657697884,True,0.14934237708754314,0.06451291454081633,False,0.33456234056122447,0.7330861909175163,2,383e9756-7d45-4289-b35a-9fb2a5108e81,p5head_ex,2,447028.86502196634
0.8487979469221489,0.8541907527545112,True,0.4016406445290141,0.20942283163265307,False,0.4209781568877551,0.952797868290826,2,3858239f-f7ce-4858-94fb-095174a6c0e8,p5head_ex,2,447028.86502196634
0.6420576623424022,0.6634478802362856,True,0.5057461108198664,0.3930165816326531,False,0.38614078443877553,0.8080121703853955,2,3862449a-cc8b-40da-91a0-a1437618e65c,p5head_ex,2,447028.86502196634
0.3921953622455974,0.2629521730402489,False,0.022641445775117126,0.045200892857142856,False,0.2903380102040816,1.0,2,3866065a-3fb7-4253-97ef-930ab899a723,p5head_ex,2,447028.86502196634
0.9311326646574923,0.8791075110127115,False,0.21853183758068315,0.06088568239795918,False,0.3671077806122449,1.0,2,387126a9-0e30-4e23-94cf-e2a6811e6d47,p5head_ex,1,447028.86502196634
0.7888190650495338,0.6920837416428872,True,0.33192007183166927,0.09119897959183673,False,0.27307876275510207,0.8275786713286714,2,387a5aa5-1494-4955-8c5a-a44ecb695a54,p5head_ex,2,447028.86502196634
0.41684142138698577,0.19736893074170475,False,0.007303620398879326,0.06686463647959184,False,0.3530173788265306,0.9722801788375559,2,38be1bd3-9535-4c1d-ad3b-65e8caebfce9,p5head_ex,1,447028.86502196634
0.5,0.5,False,0.0,0.04400510204081633,True,0.4069276147959184,0.9968297101449275,2,38e001a1-f518-4dc3-bdf7-b568ba90f512,p5head_ex,1,447028.86502196634
0.7285352908953323,0.8156947630106263,True,0.2990430733836355,0.1314373405612245,False,0.2777822066326531,0.5717968157695223,2,3912ec76-6f03-4ce6-8065-8e5f442a2437,p5head_ex,2,447028.86502196634
0.8961474782164413,0.8667240811591311,True,0.3769823664756484,0.19094786352040816,False,0.2489636479591837,0.49963469366454444,2,393288db-4195-4b6b-a380-053c20aecf81,p5head_ex,2,447028.86502196634
0.9656451038142411,0.8768707323627465,False,0.06248124236922129,0.014508928571428572,False,0.23537149234693877,1.0,2,39709c3d-8105-442a-bf70-22a4319b1f47,p5head_ex,1,447028.86502196634
0.981456971476993,0.9890109605001202,True,0.1396832269429007,0.0390625,False,0.19698660714285715,0.7474489795918368,2,39895c94-84ec-46b6-8a39-f57c99abdbca,p5head_ex,1,447028.86502196634
0.7449540692734874,0.6985437429111894,False,0.3596504934316307,0.2531887755102041,False,0.33408402423469385,0.8788570528967254,2,39a52f1d-c8ca-4d68-8b84-817f382febdc,p5head_ex,2,447028.86502196634
0.7866564249481368,0.6378455498909062,True,0.2724020604272128,0.1681281887755102,False,0.25978555484693877,0.8540777619724989,2,39a5e461-791e-45f0-a4a9-2f4d06c8eca8,p5head_ex,2,447028.86502196634
0.374950632937704,0.4364153727253566,False,0.0,0.04119499362244898,False,0.3247568558673469,0.9975810353168844,2,39ced0d0-246c-430d-9bea-efc60bfa487c,p5head_ex,1,447028.86502196634
0.7714092324789829,0.7345345700050814,True,0.28886021640616977,0.07314253826530612,False,0.3596938775510204,0.8166212534059946,2,3a453242-5b12-4bd3-967c-5974d429ac05,p5head_ex,2,447028.86502196634
0.9842325971840391,0.9712190949592077,True,0.17766098366155247,0.0372688137755102,False,0.3630420918367347,1.0,2,3a5b4890-bfe1-4953-add3-a1bb443d862b,p5head_ex,1,447028.86502196634
0.8379968995806109,0.8998205741626795,False,0.03607396076408864,0.015784438775510203,False,0.14756058673469388,1.0,2,3a8937d5-ef45-4b0a-99f0-3cc01ba6901e,p5head_ex,1,447028.86502196634
0.8803594574232145,0.8969326131449913,True,0.2012773577411797,0.07362085459183673,False,0.3155094068877551,0.8946940985381701,2,3ae783bc-9fd3-4e66-b9cd-101a43f122bd,p5head_ex,2,447028.86502196634
0.9930480520279295,0.9802855614076617,True,0.13564434118845534,0.027901785714285716,False,0.3165656887755102,1.0,2,3ae8caf1-f752-4917-beda-1e34cbc64d00,p5head_ex,1,447028.86502196634
0.7516048727197364,0.7480058551885713,False,0.32762923231687885,0.1920440051020408,False,0.35273836096938777,0.8898920713989207,2,3b0e8d0a-230a-4483-96c9-d91bb17be632,p5head_ex,2,447028.86502196634
0.5,0.5,False,0.0,0.05978954081632653,True,0.35353555484693877,1.0,2,3b12ae6f-0386-45b2-8fab-5ae6b93fbfda,p5head_ex,2,447028.86502196634
0.7472814727780273,0.5106532113003782,False,0.33088230336717217,0.20442044005102042,False,0.24286511479591838,0.8177829774787949,2,3b636d43-b04f-4609-9af5-d987d3e12f98,p5head_ex,2,447028.86502196634
0.896518789121138,0.8499851149692967,True,0.324854684683368,0.1281688456632653,False,0.36170679209183676,0.8812004353910745,2,3b8d4df3-3950-412b-9206-1cbb57c7943e,p5head_ex,2,447028.86502196634
0.8351142686482761,0.9362334735712006,False,0.2166260749512255,0.09062101403061225,False,0.3727479272959184,0.919727292720475,2,3ba80992-3ec3-421a-97b8-354f1a5dbae1,p5head_ex,2,447028.86502196634
0.7706593104268671,0.7747520796673989,True,0.3782847426464026,0.24553571428571427,False,0.3568837691326531,0.8733766233766234,2,3c112c11-3e6a-4105-bcdf-78e146ca8862,p5head_ex,2,447028.86502196634
0.5,0.5,False,0.0,0.04904735331632653,True,0.3094507334183674,1.0,2,3c183f4c-967f-41e5-a87a-d8dd5aac0fde,p5head_ex,2,447028.86502196634
0.7579953317338564,0.633709892923106,True,0.40784273414578015,0.2716039540816326,False,0.35548867984693877,0.8767243909597887,2,3c37c82e-fbd2-41f1-8292-1ff77df2b3fd,p5head_ex,2,447028.86502196634
0.5,0.5,False,0.0,0.14365433673469388,True,0.48196348852040816,1.0,2,3c3edd61-17dd-4ec2-b434-d5bbe0bbb13f,p5head_ex,2,447028.86502196634
0.45312406603393596,0.4647757432191003,False,0.022991285847035272,0.09843351403061225,False,0.4621731505102041,1.0,2,3c8cc0d1-be7f-493d-9570-542d851f623b,p5head_ex,2,447028.86502196634
0.9775057647864857,0.9546036730905844,False,0.0982095460644912,0.025510204081632654,False,0.4353874362244898,0.990625,2,3cc33510-2c4f-4e01-b850-4b66183aa1e9,p5head_ex,1,447028.86502196634
0.9127239315840817,0.9326089199964798,True,0.46676678644579866,0.14508928571428573,False,0.5018335459183674,0.9571428571428572,2,3ccd18df-0b1a-4a0b-ad46-00b602382ba6,p5head_ex,1,447028.86502196634
0.6710793231613424,0.7223431070523203,True,0.42988824961657524,0.27188297193877553,False,0.3614477040816326,0.8800029321213898,2,3cfd007a-77cd-4125-900e-e0e014592a35,p5head_ex,2,447028.86502196634
0.939117413169751,0.9322482760984925,True,0.146322058168556,0.042091836734693876,False,0.24059311224489796,0.9289772727272727,2,3d384d50-e9c5-41d2-ba41-a5437c5dd15a,p5head_ex,1,447028.86502196634
0.6692170721281968,0.6222766841389068,True,0.28558991382512067,0.09689891581632654,False,0.329280931122449,0.9169066227889757,2,3d963020-db86-43c6-8133-21c69cb65df0,p5head_ex,2,447028.86502196634
0.7951413327626558,0.8602178683067997,False,0.08834909800944478,0.04623724489795918,False,0.5380460778061225,1.0,2,3daf4e31-32b6-486d-8091-4747a365cf60,p5head_ex,1,447028.86502196634
0.6253266141180033,0.29716218558149193,False,0.234872303684244,0.19886001275510204,False,0.3537547831632653,0.9085989176187613,2,3db7e979-5f97-4985-bf0c-cdea7951e246,p5head_ex,2,447028.86502196634
0.82952793754995,0.6092327307050232,True,0.2710811511711952,0.14369419642857142,False,0.26797672193877553,0.9080443828016643,2,3dcbf0ea-0175-4f6a-94c3-5cea4380e5f8,p5head_ex,2,447028.86502196634
0.9730856477307255,0.9754477484438016,True,0.1867871135580582,0.05082110969387755,False,0.3337452168367347,0.9878431372549019,2,3df8778b-822d-4cae-8f94-9fe156c601b7,p5head_ex,1,447028.86502196634
0.7727675213551584,0.5470208336070708,True,0.500696092957611,0.34103954081632654,False,0.32979910714285715,0.773492286115007,2,3e05a42a-757f-47bc-b968-acd340e29ec2,p5head_ex,2,447028.86502196634
0.5,0.5,False,0.0,0.026307397959183673,True,0.16541772959183673,0.996969696969697,2,3e28d63e-ac00-4b0f-ac60-c475bcb1bc19,p5head_ex,2,447028.86502196634
0.9282108891218702,0.8885077128066192,False,0.1033034464010691,0.03595344387755102,False,0.35447225765306123,1.0,2,3e310709-b9b9-49c3-b2fc-cc82c5b8018a,p5head_ex,1,447028.86502196634
0.5326078063671046,0.5099905626741977,True,0.15428681147696122,0.07904177295918367,False,0.36935985331632654,1.0,2,3e4ee273-d5ca-4cf8-a75a-05772e0e12fe,p5head_ex,2,447028.86502196634
0.6374690474555085,0.6486454946948258,True,0.686310661032683,0.6024992028061225,False,0.5384646045918368,0.7714597598491615,2,3e62e51c-befb-4a66-b28e-fc469b19e4a8,p5head_ex,2,447028.86502196634
0.8654979428533338,0.793225451316908,True,0.33341410170410246,0.18327487244897958,False,0.4035794005102041,0.9343192692474989,2,3ef72bd8-0acb-4001-a5fe-b16b53318a63,p5head_ex,2,447028.86502196634
0.6362571319055881,0.6410959865349053,True,0.21988413197329007,0.1476203762755102,False,0.32971938775510207,0.797893884163629,2,3f151141-a3bb-47aa-a213-4a90e8c55502,p5head_ex,2,447028.86502196634
0.9248325681582048,0.7938665551350486,True,0.4668425670628975,0.2447185905612245,False,0.2976921237244898,0.7637429758123626,2,3f24788a-dea2-4936-8290-68b53dd532e2,p5head_ex,2,447028.86502196634
0.8167291970047594,0.7121075669925782,True,0.34573149426261535,0.08099489795918367,False,0.42103794642857145,0.5322342519685039,2,3f4eae54-fb2b-4616-a32f-c42f7df570b7,p5head_ex,2,447028.86502196634
0.651052449855373,0.6202722856800091,True,0.5119372481911864,0.41458067602040816,False,0.3573421556122449,0.7483415056244592,2,3f8d726c-6c25-44dd-b9ea-e7138d6ca20f,p5head_ex,2,447028.86502196634
0.9603226071483152,0.9473067956907927,False,0.12213049955693021,0.03125,False,0.38512436224489793,1.0,2,3fa9f026-6175-4e8d-b6eb-e42bf92ba727,p5head_ex,1,447028.86502196634
0.7840118898235188,0.7810687361286192,True,0.4928945468355983,0.23742426658163265,False,0.4221141581632653,0.8983463443297238,2,3fc199bf-56c1-48fe-a00a-7592e3c00e3c,p5head_ex,2,447028.86502196634
0.6941153751204735,0.6707762734999348,True,0.5264970420217969,0.37563775510204084,False,0.3897281568877551,0.8516553480475382,2,3fcd4b0a-c575-40a8-95ce-34eab7025d62,p5head_ex,2,447028.86502196634
0.6374431069273807,0.6029468494502397,True,0.45072929868937484,0.23098692602040816,False,0.34068080357142855,0.8628127696289906,2,400c2833-e303-4822-903a-621dd055712e,p5head_ex,2,447028.86502196634
0.8522792408974528,0.7217254702592781,True,0.42448428794017473,0.26907286352040816,False,0.35728236607142855,0.8741574698170506,2,408d434d-3508-4059-a1d5-2805859bbe46,p5head_ex,2,447028.86502196634
0.9911564682582337,0.9858136881628824,True,0.1221825040944263,0.02236128826530612,False,0.30636160714285715,0.39928698752228164,2,40c31d96-78f1-4d21-984b-db5c143a43e4,p5head_ex,1,447028.86502196634
0.9518847073104688,0.9615223438577681,False,0.1991014567965521,0.03946109693877551,False,0.4266382334183674,0.9494949494949495,2,411a54f5-4dbb-4684-a34a-df300a20f851,p5head_ex,1,447028.86502196634
0.858300190968649,0.8869918655298509,True,0.4643950730646146,0.2377032844387755,False,0.36704799107142855,0.9403873564182108,2,417553fa-ac96-4f78-bb07-e9e0d0c00ff2,p5head_ex,2,447028.86502196634
0.993221603971177,0.9776054607987646,True,0.14735040717846862,0.03138950892857143,False,0.28378109056122447,1.0,2,41abed8d-8781-4564-b0cc-9d4abbfcad5f,p5head_ex,1,447028.86502196634
0.6360875435698218,0.5558348754832358,True,0.2661489938449244,0.18913424744897958,False,0.32425860969387754,0.8778714436248682,2,41b00808-a610-492c-b2f5-82de09d84366,p5head_ex,2,447028.86502196634
0.9864533482746639,0.9817249451116729,True,0.30542948697404154,0.12232940051020408,False,0.4311423788265306,0.989247311827957,2,4240c194-667f-498b-989f-ae7bd19e68a0,p5head_ex,1,447028.86502196634
0.9347078068360134,0.8511658670610713,True,0.1924193108563752,0.08615672831632654,False,0.25306919642857145,0.7173259310663891,2,42705f2c-8bdc-4a9d-8e13-864b0a89be21,p5head_ex,2,447028.86502196634
0.7438977307127566,0.6106878594738971,True,0.2765463816554412,0.19557158801020408,False,0.3192761479591837,0.9077753999796189,2,42765f9e-beea-4f46-8af4-f1282095662d,p5head_ex,2,447028.86502196634
0.9961552043696938,0.9860524295493858,True,0.08473547776366806,0.021763392857142856,False,0.22801737882653061,1.0,2,44b60029-338a-487f-b4a3-7afcaa4f1e41,p5head_ex,1,447028.86502196634
0.9485536966783841,0.9184393511206652,False,0.15819005213792942,0.04352678571428571,False,0.4129663584183674,0.8191391941391941,2,44db1d69-388e-4268-849e-852c1f092a01,p5head_ex,1,447028.86502196634
0.9177146416508494,0.8246009976888827,True,0.30152150347125983,0.11525430484693877,False,0.3229830994897959,0.9925644129344631,2,453a9434-2ca7-4a28-b6f3-833b994e6e73,p5head_ex,2,447028.86502196634
0.8968736293173915,0.8504951883878662,True,0.2501476406722703,0.12087452168367346,False,0.31552933673469385,0.8466611706512778,2,45c7270e-c7ba-45c1-b226-061a83987ae7,p5head_ex,2,447028.86502196634
0.6212418485431038,0.5001631769893773,True,0.3310264514869159,0.19025031887755103,False,0.39773995535714285,0.978629792583281,2,45e18056-b7eb-4477-8eeb-7b740b61e093,p5head_ex,2,447028.86502196634
0.9584083955235497,0.9519977875676829,True,0.2893983615504118,0.051658163265306124,False,0.33591757015306123,0.6558641975308642,2,4637f5df-19c7-406d-829a-aafa747821ec,p5head_ex,1,447028.86502196634
0.8626200498968655,0.7142875163855016,True,0.3937544388925903,0.24986049107142858,False,0.3722297512755102,0.914572864321608,2,463c04a5-94b8-4969-a725-a58c2b6211c1,p5head_ex,2,447028.86502196634
0.612421930742707,0.5286170169133716,True,0.3258944220056041,0.14481026785714285,False,0.35999282525510207,0.9665565648224608,2,4672156e-25e5-4bf4-8891-9e0e4a742c49,p5head_ex,2,447028.86502196634
0.8653449189644176,0.7764610543391024,True,0.4423170297862963,0.27730389030612246,False,0.40443638392857145,0.8973695558430358,2,46b861c5-844c-40be-b390-63008b567261,p5head_ex,2,447028.86502196634
0.8285034572045997,0.7563033781924526,True,0.35725046777412156,0.18359375,False,0.3151905293367347,0.8744029526704299,2,4703da4b-5d0c-416a-9ebe-39d1776bf593,p5head_ex,2,447028.86502196634
0.8852267954752358,0.7714781437526999,True,0.20479164716053322,0.07659040178571429,False,0.2908960459183674,0.8462138953942233,2,472dac2e-aba2-4119-b9f7-37939e23e0b1,p5head_ex,1,447028.86502196634
0.6935212172800633,0.7098816308970769,False,0.30811018982379884,0.23457429846938777,False,0.3869579081632653,0.9889549702633815,2,47761814-5258-4ba7-879c-a60bb9f68029,p5head_ex,2,447028.86502196634
0.9499028972708354,0.9045194190789738,True,0.47321573756160723,0.25257095025510207,False,0.28125,0.8017833188668824,2,47cb6d42-b61b-4cdc-b865-b26f2196f979,p5head_ex,2,447028.86502196634
0.9965979364249717,0.988920185745441,True,0.15712361409665554,0.05173788265306122,False,0.3212093431122449,0.9942218798151001,2,47f08678-452a-458c-9933-ccd0f1126f20,p5head_ex,1,447028.86502196634
0.8048883212407942,0.7225236123093608,True,0.48465193490916353,0.29432397959183676,False,0.4716198979591837,0.932421451787649,2,48eb6bcf-ddda-49f3-9f80-5a7a11b5bccc,p5head_ex,2,447028.86502196634
0.8306290852110104,0.5961413002316526,True,0.36831347784100293,0.19447544642857142,False,0.22082270408163265,0.7117237138757943,2,491ff1d8-9dc1-4855-96b0-874870c611e0,p5head_ex,2,447028.86502196634
0.8066197893603204,0.8349804745621866,False,0.09667003160620995,0.046197385204081634,False,0.3530173788265306,0.9978429680759275,2,4956c94e-ac73-49a1-ac87-f0092e7394d6,p5head_ex,1,447028.86502196634
0.8616983981284272,0.700119076979032,True,0.31404383117702356,0.18827726403061223,False,0.31008848852040816,0.8821848205779612,2,49b95513-daab-49bb-bc6e-c5254ab1bc07,p5head_ex,2,447028.86502196634
0.6637149304112805,0.6288516230856065,True,0.5104546718289564,0.4225526147959184,False,0.47207828443877553,0.8883124233562871,2,4b6f8c4f-f093-4b85-a22f-4e5da0be7eeb,p5head_ex,2,447028.86502196634
0.7846299679130874,0.6653721379859064,True,0.25177004787025536,0.12663424744897958,False,0.2824856505102041,0.8811772112055398,2,4b97fa74-037a-4042-91aa-4c679535b187,p5head_ex,2,447028.86502196634
0.8411700296355139,0.6987783660976778,True,0.41927649715933374,0.1858856823979592,False,0.3381497130102041,0.8394982309424253,2,4bc8ce99-2420-48c2-a768-d067da67ced2,p5head_ex,2,447028.86502196634
0.8257079664111013,0.7695467115766335,True,0.405522413581129,0.21061862244897958,False,0.2354113520408163,0.7928652535957608,2,4ca78474-f750-4feb-adb7-47da99bf4255,p5head_ex,2,447028.86502196634
0.9193023115759673,0.9638503460193335,True,0.4913685445143221,0.2714046556122449,False,0.21498325892857142,0.6386400352474666,2,4cbb68e5-1ca0-4a2a-b3d2-022110364d7c,p5head_ex,2,447028.86502196634
0.751707299211962,0.7704351861439984,True,0.4639465493597322,0.2170360331632653,False,0.3751195790816326,0.8256198347107438,2,4e0296ae-1440-4c05-957e-3177134ee108,p5head_ex,2,447028.86502196634
0.5,0.5,False,0.0,0.28126992984693877,True,0.4016262755102041,0.9448026642103026,2,4e99be88-ebed-4cb1-ab69-09764a51c417,p5head_ex,2,447028.86502196634
0.8345235735032116,0.76732920810565,True,0.43874812624570325,0.2622169961734694,False,0.34297273596938777,0.8340807174887892,2,4ebf1975-7346-4f23-82b2-17f8e18dce6a,p5head_ex,2,447028.86502196634
0.8472411165875954,0.7735576438846633,True,0.45718923084226,0.2791772959183674,False,0.44632892219387754,0.9607367218732153,2,4f34c638-80de-4e77-92c7-87ccd0453b32,p5head_ex,2,447028.86502196634
0.829363520293004,0.7048095001632704,True,0.23322224614703035,0.11170679209183673,False,0.2872289540816326,0.9709188224799287,2,4f91160b-f1f5-4b70-86c0-f820f7d6aec2,p5head_ex,2,447028.86502196634
0.6557028248379135,0.67433761529537,True,0.26614184977899363,0.13123804209183673,False,0.35012755102040816,0.9840546697038725,2,504cbf6f-b20a-4a8b-8d78-e4016bada396,p5head_ex,2,447028.86502196634
0.6685274758328067,0.6128881938136591,True,0.459178094416789,0.28904257015306123,False,0.2497608418367347,0.689857270909467,2,50cbc243-6654-4b10-b063-95b939f9eeca,p5head_ex,2,447028.86502196634
0.8799221456397026,0.6643721267458629,True,0.43129327839481546,0.19557158801020408,False,0.2100207270408163,0.7031488841332926,2,50d01d67-020b-4806-8ceb-b2838fb8709c,p5head_ex,2,447028.86502196634
0.8028863872087594,0.7279946098312292,True,0.44914255801810266,0.24944196428571427,False,0.3786471619897959,0.7735698306168105,2,50d934dd-f974-48c2-b021-f40b9539051e,p5head_ex,2,447028.86502196634
0.7883056197499566,0.6097689753014768,True,0.4095001862851247,0.26468829719387754,False,0.20366310586734693,0.6397108651456969,2,52ec4779-e0e9-4b01-8b61-a2222cb76a10,p5head_ex,2,447028.86502196634
0.7198184556423076,0.5324893897382486,False,0.1255018147497854,0.09885204081632654,False,0.3914819834183674,0.7860887096774194,2,537cd661-6eba-499a-a4bb-2f442897db12,p5head_ex,1,447028.86502196634
0.8822999097598223,0.8934233013613204,True,0.43124751716605936,0.2578125,False,0.35764110331632654,0.8647959183673469,2,53872ba6-efa0-456f-80bd-bdb4ed66fc59,p5head_ex,2,447028.86502196634
0.8236145651111184,0.6190962562971536,True,0.3915593092932744,0.27283960459183676,False,0.3269092793367347,0.8878743608473338,2,543f4f16-4b7f-43bc-8d44-da66513c58b0,p5head_ex,2,447028.86502196634
0.883913519329037,0.9129646541304999,False,0.2669013558307082,0.05915178571428571,False,0.32912149234693877,1.0,2,545eea70-f537-42bc-95e6-79e0c59f4c68,p5head_ex,1,447028.86502196634
0.7538939268643631,0.7024285383564328,True,0.3942289460691151,0.2181122448979592,False,0.3022361288265306,0.5901864035087719,2,55211b4b-62e6-4d9f-8b0b-72525ed68e6f,p5head_ex,2,447028.86502196634
0.8431389961372951,0.7361764098399106,False,0.06802017401132743,0.03746811224489796,False,0.23889907525510204,0.9180851063829787,2,55bc511a-5207-4316-b23b-d7a78a47737f,p5head_ex,1,447028.86502196634
0.9516555548263702,0.918222695591502,False,0.07555970859547233,0.02236128826530612,False,0.38259327168367346,1.0,2,55d5a0b4-ff06-4c41-8aee-d3d49febd027,p5head_ex,1,447028.86502196634
0.9908317147655442,0.9759444677402228,True,0.07219544412562554,0.01721938775510204,False,0.3578404017857143,1.0,2,5623a68b-8f2d-4295-bf4e-2f3a471cb84b,p5head_ex,1,447028.86502196634
0.9390177786216821,0.9713566009780169,False,0.021691481376295677,0.0028698979591836736,False,0.35110411352040816,1.0,2,567f81ac-7be3-4663-9a3b-826319bcd6ba,p5head_ex,1,447028.86502196634
0.9908996164300059,0.9727752529916011,True,0.15910045718463878,0.04119499362244898,False,0.3102877869897959,1.0,2,56b5e2ac-86d7-439e-b061-2ce718710d76,p5head_ex,1,447028.86502196634
0.9960235646104754,0.9921072338069042,True,0.08856013444933414,0.026426977040816327,False,0.5169204400510204,1.0,2,56dd1ee4-9568-4763-9a1f-36b6df629329,p5head_ex,1,447028.86502196634
0.9638941480681404,0.9369434366557114,True,0.09519596923733618,0.026965082908163265,False,0.18070392219387754,1.0,2,56eaec61-0b13-41db-ba1d-85075dbc0b7b,p5head_ex,1,447028.86502196634
0.9979533414484391,0.9909206450594296,True,0.11263051171744208,0.03244579081632653,False,0.24986049107142858,1.0,2,56f44a88-2d8e-4910-9c41-46684fd1fdd4,p5head_ex,1,447028.86502196634
0.9750848499175652,0.9364652413092167,True,0.21840372893588067,0.07318239795918367,False,0.32017299107142855,0.9989106753812637,2,573957bf-09b6-40d0-aca6-389696465e7b,p5head_ex,1,447028.86502196634
0.7924491173873142,0.7039567217820988,True,0.23188514848575345,0.09036192602040816,False,0.423648756377551,0.9894133215703573,2,5776eae9-886b-4027-bcec-4ade9a431014,p5head_ex,2,447028.86502196634
0.9262651424724905,0.8848260825767975,False,0.13137280752379435,0.03256536989795918,False,0.40041055484693877,1.0,2,57906d1b-d8dc-473e-8be1-c0e11e217054,p5head_ex,1,447028.86502196634
0.9791388267979901,0.9689556200216989,True,0.30288548569207496,0.076171875,False,0.4019052933673469,0.9440083725798012,2,5803ec5d-f374-4c19-b7f5-93e12e5a2eb2,p5head_ex,1,447028.86502196634
0.9847606583799636,0.967868676559106,True,0.10110026993960378,0.023417570153061226,False,0.31507095025510207,1.0,2,580ac649-504a-472d-abb8-0d53d82fc801,p5head_ex,1,447028.86502196634
0.9204365698044563,0.8583436504771653,True,0.18284177178610084,0.0778061224489796,False,0.40977758290816324,0.9421106557377049,2,584dfe20-9b9c-476f-80a5-90204394360e,p5head_ex,2,447028.86502196634
0.8987388014139596,0.7510437214707834,True,0.30080584606228306,0.15545280612244897,False,0.34584263392857145,0.9420512820512821,2,584f7e37-6bbf-4194-b671-61bcf49c56e5,p5head_ex,2,447028.86502196634
0.9381954269165537,0.8949498085862556,True,0.16326404590553303,0.0447624362244898,False,0.367008131377551,1.0,2,5893d5cd-50f1-402a-a8ad-55a49f0f5ebf,p5head_ex,2,447028.86502196634
0.9918143845461151,0.9782548718104728,True,0.0724596664359498,0.019770408163265307,False,0.37374441964285715,1.0,2,58aaec2f-31f1-42f3-964f-815347480fb6,p5head_ex,1,447028.86502196634
0.9869672360165602,0.9754103216610578,True,0.09034207830802048,0.02138472576530612,False,0.31546954719387754,1.0,2,58c76b9b-8d86-49b2-8fb1-101e7c6af075,p5head_ex,1,447028.86502196634
0.8106730576204322,0.7216457330261201,True,0.24312570892121316,0.11314174107142858,False,0.3426139987244898,0.9499735775937995,2,58e3c190-8ab1-465c-bf3e-22a2deb0b9f2,p5head_ex,2,447028.86502196634
0.9877525509005237,0.9728670216228915,True,0.13796628715245415,0.010463169642857142,False,0.34574298469387754,1.0,2,59491c73-0991-4643-9ddc-3475e02b14d0,p5head_ex,1,447028.86502196634
0.7927636306825134,0.7386790206182482,True,0.10961832973169107,0.040318080357142856,False,0.32505580357142855,1.0,2,59cdf0f8-72cf-414c-8c16-1140498012c0,p5head_ex,2,447028.86502196634
0.9798136923778609,0.9580733571753883,False,0.09629723975895632,0.024394132653061226,False,0.3055444834183674,1.0,2,5a1edc6c-b8a9-4b7f-870a-4e5f867cca33,p5head_ex,1,447028.86502196634
0.9843323445419648,0.9633240130943822,True,0.19284494571132915,0.0548469387755102,False,0.3068997130102041,1.0,2,5a86544f-f65f-4a0d-b9be-8fe05da50413,p5head_ex,1,447028.86502196634
0.9230196106697875,0.8696050760765418,True,0.24572229865502035,0.07748724489795919,False,0.43247767857142855,0.9899691358024691,2,5acc56a4-1b6e-4394-9364-9772047d583f,p5head_ex,1,447028.86502196634
0.495736565194069,0.33315965925695257,False,0.0008905577490975453,0.02499202806122449,False,0.3389867665816326,0.9752791068580542,2,5b684669-0ee0-44ff-851b-e2f6146c7e30,p5head_ex,1,447028.86502196634
0.6982935219542362,0.8035083198585854,False,0.03250425489325281,0.030133928571428572,False,0.3190967793367347,1.0,2,5ba8be0b-f11b-47c6-a91c-fe62c0ef516c,p5head_ex,1,447028.86502196634
0.941460444452836,0.8346479456094634,True,0.2886077411989222,0.1368781887755102,False,0.2815688775510204,0.9494758299359348,2,5bb67504-f09e-49f7-9c4c-03b43f034fa1,p5head_ex,2,447028.86502196634
0.9064663358391547,0.7940407793420542,True,0.1817069041250225,0.09199617346938775,False,0.380062181122449,1.0,2,5c0e0efc-38f9-4335-8283-77502ffd5738,p5head_ex,2,447028.86502196634
0.9820534105038089,0.9847045820614864,True,0.2735259623935923,0.07288345025510204,False,0.2879264987244898,0.7013945857260049,2,5c26b94b-78f6-49ff-95a7-a2e4fce83778,p5head_ex,1,447028.86502196634
0.991916641863066,0.9850681942171304,False,0.07303572291870798,0.01793686224489796,False,0.21277104591836735,1.0,2,5cb11c59-6ba7-4f94-b9f8-12927ffb8981,p5head_ex,1,447028.86502196634
0.9053330749452745,0.9507972005782103,False,0.03271675259855816,0.01327327806122449,False,0.2918327487244898,0.9624624624624625,2,5d76b90a-e59d-4031-a49a-fca0f14aef78,p5head_ex,1,447028.86502196634
0.5,0.5,False,0.0,0.0234375,True,0.48696588010204084,1.0,2,5d911996-656d-43cb-af29-6ff04cbf752f,p5head_ex,1,447028.86502196634
0.8901815092657781,0.8838746232544161,False,0.10662468016578933,0.04233099489795918,False,0.39750079719387754,1.0,2,5dbb180e-0145-49a7-a6af-dffb8718fb96,p5head_ex,2,447028.86502196634
0.5863863014848221,0.4999959085038652,False,0.11088266511243842,0.028360172193877552,False,0.2953603316326531,1.0,2,5e32bc94-2e3e-4774-8823-a199e26b024a,p5head_ex,2,447028.86502196634
0.9113562541497288,0.803391861618016,True,0.22657423298940738,0.10582748724489796,False,0.37723214285714285,0.9996233521657251,2,5e528963-b34e-4605-be13-8faaa2b0c65b,p5head_ex,2,447028.86502196634
0.7665994567925567,0.7324683306891944,True,0.34656213300154176,0.21875,False,0.5260682397959183,0.982780612244898,2,5ead2889-223f-4fa3-a540-04495121c121,p5head_ex,2,447028.86502196634
0.4612011477993776,0.4846424496006086,False,0.0,0.013751594387755101,False,0.21928810586734693,0.7057971014492753,2,5f1863c0-7804-419a-878d-b9719f354b22,p5head_ex,1,447028.86502196634
0.8464731319987042,0.6991719846989933,False,0.24313080619427063,0.14923469387755103,False,0.3756576849489796,0.9869123931623932,2,5f60e810-6c24-4c0f-b768-ed371e544a10,p5head_ex,2,447028.86502196634
0.9563339481484529,0.9253117649490977,False,0.05437908594763636,0.016043526785714284,False,0.2316047512755102,1.0,2,60370334-2b17-4c9d-a05b-b5746bdaa3b1,p5head_ex,1,447028.86502196634
0.9223109402750522,0.9576200701027778,False,0.04701711248700381,0.019650829081632654,False,0.2673389668367347,1.0,2,6146d693-14d6-4039-951d-3284cb2a034c,p5head_ex,1,447028.86502196634
0.8206145872827089,0.7201185864237261,True,0.21436463884967705,0.12262834821428571,False,0.3684231505102041,0.9967495530635463,2,619f82fc-2d14-469f-8d00-4d7f2db77c1a,p5head_ex,2,447028.86502196634
0.9266937197382437,0.9666763616455231,False,0.06828675722657157,0.011559311224489796,False,0.25257095025510207,1.0,2,631d3a80-b2a4-4230-8d82-d141d3a8f064,p5head_ex,1,447028.86502196634
0.8119788172157394,0.657285547569531,True,0.3224350103649901,0.17930883290816327,False,0.32382015306122447,0.9253084361453818,2,639a7b70-1b46-42c1-bc8d-05b1861292ef,p5head_ex,2,447028.86502196634
0.908429378939265,0.8158999063619712,True,0.29330072858598794,0.13038105867346939,False,0.36953922193877553,0.9980128401100581,2,64422f2f-ef37-4a5b-8f2d-0b3b3d7ccde0,p5head_ex,2,447028.86502196634
0.8251627521490037,0.7258498575549629,True,0.2676737489504653,0.1513073979591837,False,0.3319515306122449,0.9770811380400422,2,648d7073-547d-4ce2-b91d-87436e5e7abf,p5head_ex,3,447028.86502196634
0.9948115112176837,0.985230403851527,True,0.1537883889288079,0.03587372448979592,False,0.3449657206632653,1.0,2,649bf5e9-8164-4a1a-b96f-b9e7475e758b,p5head_ex,1,447028.86502196634
0.8381740184130343,0.8066388246646018,True,0.1889180263254932,0.0686782525510204,False,0.32583306760204084,0.9843296575739988,2,659311dc-e5f9-4150-90c6-65e762f170e6,p5head_ex,2,447028.86502196634
0.9898151214949561,0.9618027323994403,True,0.09215874861946242,0.026307397959183673,False,0.24424027423469388,1.0,2,660f30ba-71a2-4066-a469-0aeacd155d2c,p5head_ex,1,447028.86502196634
0.9608756396203204,0.9538095238095238,False,0.13115397274795543,0.02032844387755102,False,0.37398357780612246,1.0,2,66412414-434a-4a66-97e3-68bf804d8a4a,p5head_ex,1,447028.86502196634
0.9280977186304258,0.809715068667851,True,0.31329450947785875,0.15939891581632654,False,0.29707429846938777,0.9326081520380095,2,6672d139-1fd5-42d4-9c2c-55b25002e6ed,p5head_ex,2,447028.86502196634
0.3470173547568857,0.29385668719753627,False,0.001018151742560192,0.016741071428571428,False,0.46974649234693877,1.0,2,66d6805f-88d7-4f0c-b7c5-7a702c3bd70b,p5head_ex,1,447028.86502196634
0.9883144969084581,0.9571317187438628,True,0.11901027536256698,0.02574936224489796,False,0.29123485331632654,1.0,2,67125768-f10b-4605-8e7d-f0202b32df4a,p5head_ex,1,447028.86502196634
0.9313643576101913,0.9527305231815718,False,0.07406662831509901,0.019371811224489797,False,0.26528619260204084,0.9897119341563786,2,671508a1-7593-4563-904d-d7055e85d809,p5head_ex,1,447028.86502196634
0.928060921747059,0.8112930266370432,True,0.12443344599875744,0.05626195790816327,False,0.3112045599489796,1.0,2,6797dfe0-ba4e-464c-9644-8c1022b68a25,p5head_ex,2,447028.86502196634
0.9930026801522094,0.9933006303610763,True,0.12521291527056175,0.027782206632653062,False,0.46456473214285715,0.9820659971305595,2,67d3851d-3518-4f78-8386-9ef96574e1fc,p5head_ex,1,447028.86502196634
0.9921234378058038,0.9770748677065609,True,0.16047200688379637,0.0517578125,False,0.3700374681122449,1.0,2,6804008c-94eb-4870-ba6e-b06514073e71,p5head_ex,1,447028.86502196634
0.9948302060063408,0.9830602937505055,True,0.10244537922729324,0.022600446428571428,False,0.3024952168367347,1.0,2,686caa6d-9f3c-4a1c-87fb-84063fe336ed,p5head_ex,1,447028.86502196634
0.9535722061731637,0.9327901992628683,False,0.044346919714553165,0.013452646683673469,False,0.3120615433673469,1.0,2,68abf087-9790-4441-b12d-75ebc081ca4b,p5head_ex,1,447028.86502196634
0.808223270831158,0.6518301920937616,False,0.056338751086150655,0.030911192602040817,False,0.29825015943877553,0.5054803352675693,2,695e33f8-31d1-467e-add2-f05041880b28,p5head_ex,1,447028.86502196634
0.9757210728610797,0.9753903272451993,True,0.09091552098417578,0.019650829081632654,False,0.4136439732142857,1.0,2,695fc74e-72d0-4bcf-a9a9-a75e99fb7306,p5head_ex,1,447028.86502196634
0.9829050066394026,0.9390712716585542,True,0.07105973116724817,0.019730548469387755,False,0.18933354591836735,0.9949494949494949,2,6966f0a9-201d-4ec6-a077-fe9d77c199eb,p5head_ex,1,447028.86502196634
0.8786369227744949,0.8762060075056883,False,0.08835665085256496,0.0274234693877551,False,0.41954320790816324,1.0,2,699aa162-5dfe-487a-a8e5-5ca7fa3efa20,p5head_ex,1,447028.86502196634
0.9534868640928318,0.9046649392697399,True,0.22817920608485995,0.11774553571428571,False,0.3190768494897959,0.989844278943805,2,69e484ae-9462-4fc5-bae6-3a71ce35fb94,p5head_ex,2,447028.86502196634
0.9824219990383133,0.9292616537230377,False,0.09462674167691852,0.023676658163265307,False,0.24198820153061223,1.0,2,69ffd6ea-f6f2-408e-a314-eecbd3a3756b,p5head_ex,1,447028.86502196634
0.9574286186400922,0.9136703049727667,False,0.163530325269771,0.060048628826530615,False,0.4475645727040816,1.0,2,6a3f2b9b-ae83-4561-8ad4-069e40152866,p5head_ex,2,447028.86502196634
0.9885485680015518,0.975979602791197,True,0.11079578361009053,0.030133928571428572,False,0.49081234056122447,1.0,2,6aa4fb59-0bea-40b9-9c66-83199d91714e,p5head_ex,1,447028.86502196634
0.9909910014534246,0.9907923080294014,True,0.28991677796394166,0.10618622448979592,False,0.4361049107142857,0.9262387387387387,2,6ad63e9f-6f28-4c3c-8032-26d5bf2fdf95,p5head_ex,1,447028.86502196634
0.9088511537290087,0.7865421051706387,True,0.1558356648508686,0.06762197066326531,False,0.24758848852040816,0.9923371647509579,2,6bf02e28-807b-4020-a18a-3d34fed0d3aa,p5head_ex,2,447028.86502196634
0.9289199561603636,0.9021620348441435,True,0.21779575780588536,0.07981903698979592,False,0.5123963647959183,1.0,2,6c499ba1-df4c-4b47-b81e-34ded09a9dc4,p5head_ex,1,447028.86502196634
0.8746478334892425,0.8463779616515373,True,0.31035577209199017,0.1333904655612245,False,0.3903858418367347,0.9142387569102047,2,6ca7f663-f2ea-467c-baeb-7662614b3484,p5head_ex,2,447028.86502196634
0.8889499689115595,0.842067937116521,True,0.21291576128108727,0.10985331632653061,False,0.3812779017857143,0.8381712626995645,2,6ce63faf-9387-4c60-991b-11771dc50c98,p5head_ex,1,447028.86502196634
0.7728395525157337,0.6557978410796209,True,0.31605168187862076,0.19543207908163265,False,0.32485650510204084,0.9165816846828473,2,6d1efe52-1513-43c8-947f-158a33c0ad81,p5head_ex,2,447028.86502196634
0.5,0.5,False,0.0,0.007952008928571428,True,0.26925223214285715,1.0,2,6d9912ad-e56b-4ff3-931e-75b39df49c0f,p5head_ex,1,447028.86502196634
0.9166462968059081,0.8497070411581531,False,0.057777211779901964,0.02716438137755102,False,0.3974011479591837,1.0,2,6df264b0-ab7f-471c-b371-7c4018fb43a4,p5head_ex,1,447028.86502196634
0.9413353558587099,0.8846226223642971,True,0.2981023051391188,0.15053013392857142,False,0.34388950892857145,0.7735998940818218,2,6e2aacb3-74b4-4909-afd1-5e9765df303a,p5head_ex,2,447028.86502196634
0.3684030157642221,0.48950890838382927,False,0.0,0.01136001275510204,False,0.23172433035714285,1.0,2,6e32b376-5740-4565-abd0-b41035f7db64,p5head_ex,1,447028.86502196634
0.8156022669004742,0.8716337029087017,True,0.47639651913185166,0.3076171875,False,0.33334661989795916,0.4182701652089407,2,6ed32587-0518-4b4b-95e6-a4b0651b1a6d,p5head_ex,2,447028.86502196634
0.45464279395420204,0.4279033427772669,False,0.014562892749967554,0.02903778698979592,False,0.27110570790816324,1.0,2,6ed71d2f-d2e1-40c5-b750-5b25b302915b,p5head_ex,1,447028.86502196634
0.9829553720292755,0.9591819607388605,True,0.19956594794797017,0.08502072704081633,False,0.34022241709183676,0.9538209095171121,2,6f2b836b-d150-45cd-ad9d-2ba6a6d4a508,p5head_ex,2,447028.86502196634
0.7309917714059643,0.5369198479194792,True,0.3801910335280071,0.22122130102040816,False,0.22255660076530612,0.7586486486486487,2,705c3feb-6faa-442a-a321-f8b14d1d2a2a,p5head_ex,2,447028.86502196634
0.9381633995316158,0.9403383248481157,True,0.3371817513356982,0.15969786352040816,False,0.3085339604591837,0.51715961562461,2,70a9e4e6-99a6-4f66-92e2-f1c30c714301,p5head_ex,2,447028.86502196634
0.5358839762561142,0.1583210826875354,False,0.047087971310975654,0.05313297193877551,False,0.2471500318877551,0.7768192048012003,2,70c6d6ca-f753-4860-9479-6f7f235e861f,p5head_ex,1,447028.86502196634
0.7779621011332873,0.7728446600931433,False,0.02013694572826478,0.010762117346938776,False,0.31784119897959184,0.4648148148148148,2,70d2139e-967a-4fa9-b44d-b1515b82af4b,p5head_ex,1,447028.86502196634
0.9788664866696352,0.9564034066344378,False,0.11427035209976896,0.04125478316326531,False,0.31166294642857145,0.8502415458937198,2,71231f52-c755-4f52-956f-eab77b9434f5,p5head_ex,1,447028.86502196634
0.7759984546208717,0.6403766775917192,True,0.18806954345482385,0.10082509566326531,False,0.24912308673469388,0.9405020755089939,2,71576c22-51ce-4510-98d8-6933e0b9b810,p5head_ex,2,447028.86502196634
0.7884080564356862,0.780991929227786,True,0.35735969574478915,0.18391262755102042,False,0.30482700892857145,0.9241439098396186,2,71813eab-6524-4c28-a978-b518a631585c,p5head_ex,2,447028.86502196634
0.9416018231752562,0.9537735313270398,False,0.060020633260418114,0.0166812818877551,False,0.4053332270408163,1.0,2,7181705d-bd1b-4896-94e6-0cc4d7562d56,p5head_ex,1,447028.86502196634
0.8509013713443505,0.8330403418822124,True,0.26955761871467426,0.15108816964285715,False,0.32694913903061223,0.7430418150639757,2,718cee3f-4cff-4edc-92d3-80f0169e3b5c,p5head_ex,2,447028.86502196634
0.7401352791252768,0.733997681330861,False,0.11833211151491994,0.0615234375,False,0.32816485969387754,0.982831227729187,2,7202cb18-cb1d-45eb-9060-207d4cd52b9e,p5head_ex,2,447028.86502196634
0.9767644298098905,0.9657226524306778,True,0.09281480859150168,0.023138552295918366,False,0.3251155931122449,1.0,2,722503cf-a801-415b-a10e-848bfea55911,p5head_ex,1,447028.86502196634
0.8832710606031865,0.7487832114935171,True,0.3366936523581793,0.1397082270408163,False,0.17317044005102042,0.751925820256776,2,7227e6d8-8eb3-40a6-80a5-27950bc9ce97,p5head_ex,2,447028.86502196634
0.43840230991337825,0.49897642679900744,False,0.0,0.006058673469387755,False,0.327327806122449,1.0,2,726fccb9-cfc1-4a53-b948-460b93073dc2,p5head_ex,1,447028.86502196634
0.8079364331514742,0.8024804813859047,True,0.2685853479382735,0.13285235969387754,False,0.4467873086734694,0.9945994599459946,2,729ad38e-12b9-4bc5-8773-cd1615b5bd04,p5head_ex,2,447028.86502196634
0.9577304553725856,0.9446462875332758,True,0.1992538817700507,0.08350605867346939,False,0.2200653698979592,0.9656324582338902,2,72cdac79-3367-4312-8b8f-2da4938b2153,p5head_ex,2,447028.86502196634
0.9030228716023507,0.8161489113582683,True,0.1984900029233904,0.08059630102040816,False,0.22801737882653061,0.8093471810089021,2,72f5ea03-e82b-4062-8e3e-32bdd8d3229c,p5head_ex,2,447028.86502196634
0.5,0.5,False,0.0,0.012715242346938776,True,0.4387157206632653,1.0,2,72fcb14d-5126-4976-b31f-ad2d21d2462e,p5head_ex,1,447028.86502196634
0.8949550690374984,0.8594597281699659,True,0.316154489486065,0.16844706632653061,False,0.2762077487244898,0.7694036914339801,2,73286fe9-2e42-4a75-b071-a4c2173672a4,p5head_ex,2,447028.86502196634
0.7732160166679116,0.7300773227944468,True,0.32044731473498267,0.10596699617346939,False,0.2737364477040816,0.8683468121120933,2,739bd043-d62e-41ef-bf20-20ed762dca13,p5head_ex,2,447028.86502196634
0.8178755274054332,0.7821515749322717,True,0.24539928337188013,0.12149234693877552,False,0.32798549107142855,0.9027230971128609,2,73bc84c5-99b9-4e31-b8db-e3707aaf3576,p5head_ex,2,447028.86502196634
0.8522408544675859,0.7705724222892517,True,0.17635971263789882,0.095703125,False,0.2139269770408163,0.9231570179092045,2,73e02b82-d818-45fe-80bd-3f8fd75bf95d,p5head_ex,2,447028.86502196634
0.9663303658197973,0.9813143478118723,True,0.09903448526306631,0.0234375,False,0.2760483099489796,0.3562925170068027,2,74321b39-3aab-444a-893e-fa743ddc9224,p5head_ex,1,447028.86502196634
0.978152375527726,0.9489359814949854,True,0.21991653681793036,0.06905691964285714,False,0.3158681441326531,0.8588744588744589,2,7471b0e8-8f55-4ced-b8e4-18a7554a0ebe,p5head_ex,1,447028.86502196634
0.9436006067943061,0.8707865567716996,False,0.17725549642670796,0.038404815051020405,False,0.31435347576530615,0.737934613388687,2,747f9c4b-8bba-439f-8e31-d8529cb41850,p5head_ex,1,447028.86502196634
0.854355816785509,0.8121814882548793,True,0.0808460196364899,0.02770248724489796,False,0.3809390943877551,0.7266187050359713,2,74bf0245-0e19-45d6-9f31-65eaff09fb8a,p5head_ex,2,447028.86502196634
0.9506015195614665,0.9102123139357562,False,0.1237176662147975,0.03766741071428571,False,0.31626674107142855,1.0,2,755233cd-2ad2-4cbc-b927-97243e46135f,p5head_ex,1,447028.86502196634
0.9696787048502529,0.946664999660948,True,0.11917793759936401,0.019770408163265307,False,0.31367586096938777,1.0,2,75ca14eb-205b-4ffa-8ac5-fd48aba8dc11,p5head_ex,1,447028.86502196634
0.8736436362101725,0.658250262171127,True,0.16264415629373427,0.08514030612244898,False,0.24069276147959184,0.986189138576779,2,75db7623-17d0-4f7b-9c6b-c7a060f5ac9f,p5head_ex,2,447028.86502196634
0.9179460875084827,0.9060711898832697,True,0.16587599165867364,0.07358099489795919,False,0.29934630102040816,0.9924160346695557,2,75dbc949-4634-4f9c-b3bb-a8c03747e9e1,p5head_ex,2,447028.86502196634
0.9775389194734134,0.9597875012683104,False,0.09183906065170312,0.025809151785714284,False,0.48690609056122447,1.0,2,75e94dfc-7a8b-4c92-b719-8037440fbeab,p5head_ex,1,447028.86502196634
0.9317064833963643,0.7916822165015754,True,0.10342088164844533,0.048329878826530615,False,0.21580038265306123,0.8692783505154639,2,761418cc-7757-4cfe-8b26-9e76c955487a,p5head_ex,2,447028.86502196634
0.8105710502212207,0.7823576438538654,True,0.20088317446425208,0.10224011479591837,False,0.30897241709183676,0.9608187134502923,2,766d8a8b-a2bc-4ca5-b28a-623f62886e9c,p5head_ex,3,447028.86502196634
0.9322112239333429,0.9021505929051786,True,0.2622783303393349,0.08131377551020408,False,0.4946986607142857,1.0,2,77326677-302c-48aa-b578-953e266790d5,p5head_ex,1,447028.86502196634
0.820554694987242,0.7035150173873215,False,0.15760906359420962,0.06367586096938775,False,0.30064174107142855,0.9978090766823161,2,77823cf2-2603-4db9-9c50-ec8ae13674e3,p5head_ex,2,447028.86502196634
0.9762915010178537,0.9519138325703074,True,0.16504482812225454,0.054807079081632654,False,0.4315609056122449,1.0,2,77a50626-2a5d-44a8-8013-af001549b769,p5head_ex,1,447028.86502196634
0.9943852338789416,0.9754006582767372,False,0.04095443594756879,0.00860969387755102,False,0.23489317602040816,1.0,2,77d82c92-f380-4e26-b39d-b43d5c814833,p5head_ex,1,447028.86502196634
0.5,0.5,False,0.0,0.011399872448979591,True,0.2530891262755102,1.0,2,77dc3ec3-a29e-4733-99fc-80b51a76e833,p5head_ex,1,447028.86502196634
0.9928833612772032,0.9781029222864484,False,0.07768193086518203,0.013392857142857142,False,0.3340441645408163,1.0,2,77e3cf70-b78a-42fe-bd17-0ed96618d6b4,p5head_ex,1,447028.86502196634
0.9246179750520971,0.8281086923286647,True,0.2457354816716248,0.11806441326530612,False,0.33557876275510207,0.9974679270762998,2,77f96630-7a12-423e-a4e5-a5c5db11fd8f,p5head_ex,2,447028.86502196634
0.5,0.5,False,0.0,0.024752869897959183,True,0.32455755739795916,0.9830917874396136,2,7860706e-b07d-4c69-b17c-03ca4f8e8a95,p5head_ex,1,447028.86502196634
0.9870269677828543,0.9655575886007195,True,0.2077939107490471,0.061423788265306124,False,0.3428531568877551,1.0,2,787fe62b-0e2b-481a-b1f3-2a3f754ba7dd,p5head_ex,1,447028.86502196634
0.8129837537705763,0.7673711246895152,False,0.020501653039595297,0.010881696428571428,False,0.3798828125,1.0,2,789e8a7a-2ded-466f-8d50-17e8bc955978,p5head_ex,1,447028.86502196634
0.9739237941545634,0.9580819547395808,False,0.052176956305448455,0.013472576530612245,False,0.32577327806122447,1.0,2,78a396fd-20af-4384-acdd-c9a6ddb8c1ad,p5head_ex,1,447028.86502196634
0.47952385572395734,0.45241815891604126,False,0.02412099092863708,0.054009885204081634,False,0.2751514668367347,0.4306273062730627,2,78cc9897-ddd1-4e87-8ce4-c05192891e76,p5head_ex,2,447028.86502196634
0.8030578759239182,0.3816129663778513,False,0.036041644848066025,0.016661352040816327,False,0.20978156887755103,0.3708133971291866,2,791e72c5-ecb4-43bc-aeda-7756af052534,p5head_ex,1,447028.86502196634
0.9733700513636092,0.979530004606067,True,0.18073504248401237,0.05313297193877551,False,0.4572704081632653,0.9969992498124531,2,793b04cc-60bb-4413-a2a7-36c7c56ac05c,p5head_ex,1,447028.86502196634
0.6649913689954615,0.5624653988707717,False,0.12537800102827182,0.0719467474489796,False,0.33242984693877553,0.9110803324099723,2,793c8547-aa10-4a67-88eb-0318ff9a6541,p5head_ex,2,447028.86502196634
0.8650875220593375,0.695150325690289,False,0.05794863857566609,0.022321428571428572,False,0.28256536989795916,0.8017857142857143,2,79858395-3452-426d-bb99-e01af7961b44,p5head_ex,1,447028.86502196634
0.8453821412172414,0.9024387057185294,True,0.2330870867628972,0.12290736607142858,False,0.5167211415816326,0.3714934327874169,2,7999e55b-1fac-4460-b340-2a3003772cf5,p5head_ex,2,447028.86502196634
0.7615522215818541,0.6242050349649431,True,0.15437683903561605,0.07973931760204081,False,0.35365513392857145,0.9955011247188202,2,79f1d59a-1bac-436d-91bc-a4c40c141d5f,p5head_ex,2,447028.86502196634
0.9057630573797788,0.8645458197002694,True,0.12973469463929194,0.04827008928571429,False,0.30349170918367346,0.8228736581337738,2,79f29a4d-fa0a-4977-abae-346d8ee33aa9,p5head_ex,2,447028.86502196634
0.9818499163318949,0.9730907934026338,True,0.1700355746757762,0.044642857142857144,False,0.4273158482142857,0.9995535714285714,2,7a477b7b-f2d2-40ac-a20d-661887491d6b,p5head_ex,1,447028.86502196634
0.9294047767762745,0.9199588852617884,True,0.34091379351099405,0.13243383290816327,False,0.43837691326530615,0.9536493604213695,2,7aaba35a-c23c-4cac-918e-5b94bec6b827,p5head_ex,2,447028.86502196634
0.9806144986592341,0.9653482986559814,True,0.19099946449063523,0.05229591836734694,False,0.35096460459183676,1.0,2,7b3e032d-e3ec-4c61-8a49-785fd6d0d87e,p5head_ex,1,447028.86502196634
0.8652404540347036,0.7702033792022221,True,0.21591980200322167,0.10672433035714286,False,0.3170838647959184,0.9951447245564893,2,7bf09d53-83de-418a-ac0f-1c29a9dcf6fe,p5head_ex,2,447028.86502196634
0.8544764378347219,0.8293431689756943,False,0.25057212703366405,0.14178093112244897,False,0.44762436224489793,0.989879111610908,2,7c735cd9-19d9-4918-a3fc-154c0a5c5d9c,p5head_ex,2,447028.86502196634
0.9905069124873207,0.9840922016209674,True,0.03924048886165664,0.012376434948979591,False,0.3338647959183674,1.0,2,7c909599-24ad-4164-93d2-0adfa96ec86f,p5head_ex,1,447028.86502196634
0.9729045259183999,0.9463692001851242,False,0.11547772895170605,0.03228635204081633,False,0.4155970982142857,1.0,2,7d93788d-2fb5-41f1-ba86-477681241879,p5head_ex,1,447028.86502196634
0.8653589720289819,0.7596130664448689,True,0.20193610117086044,0.10764110331632654,False,0.3858019770408163,0.9848176263654879,2,7e2246e4-8412-4216-af50-7ae8c232f9b9,p5head_ex,2,447028.86502196634
0.9133955747712041,0.7373296158376426,True,0.22875274717685573,0.09066087372448979,False,0.20780851403061223,0.9380083534842822,2,7e4e7293-a984-462e-8d9f-c7a30863dae2,p5head_ex,2,447028.86502196634
0.8312036604472933,0.8228001517026282,True,0.24591249187920003,0.11678890306122448,False,0.33125398596938777,0.8440273037542663,2,7ed87a3f-31d6-4a1e-82d9-01bdb6de0c49,p5head_ex,2,447028.86502196634
0.9841343825289983,0.9564278958954179,True,0.05117659720455274,0.012436224489795918,False,0.37203045280612246,1.0,2,7efe1069-9223-445f-a8d5-64b5a35438d2,p5head_ex,1,447028.86502196634
0.844494542942586,0.730608107158697,True,0.2619282098360928,0.13243383290816327,False,0.41246811224489793,0.928066215199398,2,7faa429d-99b9-485f-8642-c54325982eba,p5head_ex,2,447028.86502196634
0.9072642133991329,0.8004378359016465,False,0.17557498136267227,0.07306281887755102,False,0.3552295918367347,0.4511729405346427,2,7fadaf95-e9fd-46eb-a96f-5d06326690b9,p5head_ex,2,447028.86502196634
0.9816428280713995,0.9745926755651229,True,0.10496399778251479,0.020647321428571428,False,0.4264389349489796,1.0,2,7fc478ab-7eca-454d-885c-6aec22dc6903,p5head_ex,1,447028.86502196634
0.8602144176658979,0.8239980774979984,True,0.2811516548817771,0.11973852040816327,False,0.30496651785714285,0.8240679094540613,2,805a1fbb-fea5-4d9f-8d1d-3bc372e1b24c,p5head_ex,2,447028.86502196634
0.6974055888325419,0.7237033822535944,True,0.32048761700586303,0.16828762755102042,False,0.36427774234693877,0.903008053055424,2,8062dc3e-fc3c-4e7e-b418-96c59942426d,p5head_ex,2,447028.86502196634
0.8122678691957993,0.696255177135819,False,0.18184815592794443,0.10762117346938775,False,0.336734693877551,0.8537037037037037,2,80a57687-c167-429b-84b5-3ed038c18e38,p5head_ex,1,447028.86502196634
0.9507972011202841,0.9562219294761615,True,0.3222259468845314,0.10333625637755102,False,0.4774194834183674,0.9490838958534233,2,80b493e1-a3a6-47a2-ae68-6a502c081507,p5head_ex,1,447028.86502196634
0.6955742942290846,0.7438308038717291,True,0.43619874510037565,0.30211654974489793,False,0.35160235969387754,0.5009565274754272,2,80ef86fd-e36a-4c00-b25a-1101e5d9b2de,p5head_ex,2,447028.86502196634
0.9816999292911138,0.9819779320170698,True,0.2888511290662644,0.08179209183673469,False,0.29733338647959184,0.9480994152046783,2,80ff754b-9ce9-4c0c-8155-f64a5752b0a4,p5head_ex,1,447028.86502196634
0.5274633243717666,0.5351963091603271,False,0.0128874406383374,0.037607621173469385,False,0.22435028698979592,0.918918918918919,2,817c90f1-a049-474e-bfd5-4e937e6fc234,p5head_ex,1,447028.86502196634
0.9407482636457983,0.9442507812181729,True,0.2589081427992765,0.087890625,False,0.3663305165816326,1.0,2,81a51c71-28ab-4a62-bb1b-458117d8234c,p5head_ex,1,447028.86502196634
0.974094316979341,0.9770826299056135,True,0.29983158231067975,0.07274394132653061,False,0.43748007015306123,0.8736986301369863,2,81bbeca6-83e5-41b0-9949-24169a2c8c51,p5head_ex,1,447028.86502196634
0.6345913694470086,0.7110873567766809,False,0.04257342897942489,0.0480110012755102,False,0.35722257653061223,1.0,2,81ebe1ca-04bf-413e-9f69-ed7ee39271fb,p5head_ex,1,447028.86502196634
0.5,0.5,False,0.0,0.07270408163265306,True,0.33516023596938777,0.40789473684210525,2,81fb1d2e-b163-4c60-8c75-9ec4d724285c,p5head_ex,1,447028.86502196634
0.6635393763322074,0.5516745781559519,True,0.4625971428518158,0.303531568877551,False,0.28878348214285715,0.8196979645436638,2,826a4142-b079-4825-85f7-5fd69292e4cf,p5head_ex,2,447028.86502196634
0.7462537849002021,0.6467865650421328,True,0.2880268688163438,0.1536591198979592,False,0.39979272959183676,0.9437094682230869,2,82766337-019a-4846-b06f-4ad97d538f67,p5head_ex,2,447028.86502196634
0.8168138102172089,0.7482485800959217,True,0.27263830195132893,0.1306202168367347,False,0.31680484693877553,0.907995117485505,2,829c0125-36d6-4bce-ae3a-6e1aef128f51,p5head_ex,2,447028.86502196634
0.8223453484129942,0.9008974452192364,True,0.20241270796540675,0.07563376913265306,False,0.28495695153061223,0.7312252964426877,2,835ea6ca-9564-41da-80de-568f18c82ab2,p5head_ex,1,447028.86502196634
0.8701234960899932,0.7328583869250248,True,0.3243957146129137,0.17536272321428573,False,0.26869419642857145,0.9231730878508921,2,83bb8d1a-8486-4ee9-885d-17ddffde40fa,p5head_ex,2,447028.86502196634
0.7477065454007482,0.6698427169864604,True,0.23834381648549516,0.1295440051020408,False,0.375797193877551,0.986,2,83f84af0-3376-4352-8a13-2649e66f35eb,p5head_ex,2,447028.86502196634
0.5410558434300173,0.5748597985414484,False,0.03663635226082341,0.04713408801020408,False,0.33296795280612246,0.9936575052854123,2,84309ddd-319f-4e6d-b312-2bc70537b074,p5head_ex,1,447028.86502196634
0.9016448593923297,0.7685619615140261,True,0.3200972611341349,0.1317761479591837,False,0.29422433035714285,0.867059891107078,2,84321b1c-3284-4ce4-89a7-fa42d6d9f997,p5head_ex,2,447028.86502196634
0.9755119233733691,0.9832040016359174,True,0.19185345654589095,0.053810586734693876,False,0.34317203443877553,0.9892592592592593,2,84c7222e-0f68-4de6-9f85-9e3fd1089f79,p5head_ex,1,447028.86502196634
0.7527055032578409,0.7096497973285992,False,0.2551995936762766,0.07047193877551021,False,0.27696508290816324,0.6479072398190046,2,852156be-0aab-4dc7-95d6-eda950096d0f,p5head_ex,2,447028.86502196634
0.7726734002904346,0.596180633362436,True,0.3416855739150296,0.2033641581632653,False,0.2995655293367347,0.8470207761662093,2,8522f781-3c10-41c5-860b-dcdfb6746bbd,p5head_ex,2,447028.86502196634
0.8655057692465384,0.8304653679814888,True,0.5381164812790777,0.2981505102040816,False,0.33713329081632654,0.8730614973262032,2,85444c90-e9d1-42cf-8ac4-f9968d27473d,p5head_ex,2,447028.86502196634
0.9738115135041926,0.9532179593408997,True,0.22486012585046186,0.06128427933673469,False,0.30357142857142855,1.0,2,854fee36-d54c-4cde-904d-ab77f5e2e091,p5head_ex,1,447028.86502196634
0.9651999266415447,0.9363975824168806,True,0.35689644342799387,0.18977200255102042,False,0.2881656568877551,0.9135685780298257,2,85708ae1-d69e-4153-bdad-ced31dfaf486,p5head_ex,2,447028.86502196634
0.7854827320386394,0.6984144965277778,True,0.27081163046841555,0.13669882015306123,False,0.3673469387755102,0.9377460271176556,2,857c6181-8392-4a98-bb1f-f128c97ada7d,p5head_ex,2,447028.86502196634
0.8611516970489774,0.8952463227051967,False,0.21750958384729072,0.0784438775510204,False,0.4287906568877551,0.8109756097560976,2,85f49d66-c50b-4f89-be34-2aee655583b3,p5head_ex,1,447028.86502196634
0.9265862174074232,0.7688545326603311,False,0.11329350097586612,0.04858896683673469,False,0.19397720025510204,0.8913043478260869,2,86469e34-c9ba-4ec9-bbe0-6d04535122a0,p5head_ex,2,447028.86502196634
0.9812984131210175,0.9750252060357136,True,0.1746781875849213,0.034658003826530615,False,0.30233577806122447,1.0,2,86784b68-1b60-419a-ad02-6db2723902f3,p5head_ex,1,447028.86502196634
0.8779470126121197,0.8477434081687721,True,0.5369966470963928,0.10967394770408163,False,0.26126036352040816,0.9542067962929311,2,86936d5f-73fb-462e-bcbc-5815879cb3d6,p5head_ex,2,447028.86502196634
0.7809107887012823,0.6872962813815825,True,0.5775319052773769,0.44272161989795916,False,0.36403858418367346,0.7641577383631943,2,86f92091-0f8b-400e-9a13-f3d61ad724a5,p5head_ex,2,447028.86502196634
0.8998201376462426,0.9085468891212505,True,0.2836087455081245,0.13267299107142858,False,0.26460857780612246,0.7399729607931501,2,8736a34d-c090-422e-bc99-6281271d6554,p5head_ex,2,447028.86502196634
0.8589788851857291,0.6362990355936925,True,0.510708308845059,0.23509247448979592,False,0.21277104591836735,0.7738216344523567,2,873f4d9b-de57-4129-a83c-0bfc6cdfa313,p5head_ex,2,447028.86502196634
0.9834424478513624,0.9965753856974112,True,0.2524630332567946,0.05915178571428571,False,0.19463488520408162,0.41610512129380056,2,8741ed59-b23a-4b7b-9113-cf359cc2bc41,p5head_ex,1,447028.86502196634
0.9685084213534328,0.9734697421088505,True,0.3823668920908643,0.126953125,False,0.5339006696428571,0.9995290423861852,2,87d4b0be-2d47-4bd5-be11-32cc82345b82,p5head_ex,1,447028.86502196634
0.7935953535997411,0.7345791507480034,True,0.21883800720683808,0.08394451530612244,False,0.3727877869897959,0.9658119658119658,2,8804e7cf-a2d8-496b-92c6-140438823b07,p5head_ex,2,447028.86502196634
0.9662526310537519,0.9899625711876066,True,0.2227346726351134,0.05775669642857143,False,0.27798150510204084,0.7398205659075224,2,880a1959-2f94-4572-8ed9-041d0d85e2dc,p5head_ex,1,447028.86502196634
0.8202571728721898,0.8247595210722187,True,0.4954799064075443,0.34139827806122447,False,0.2770248724489796,0.7325160537069468,2,89306dc8-a4ee-4679-b183-984ddd00f2fc,p5head_ex,2,447028.86502196634
0.6915628557935021,0.7021584113139758,True,0.5320367664355916,0.1353435905612245,False,0.3225645727040816,0.7596819319687822,2,8930e23b-f647-4611-ad5a-fb9fd386e967,p5head_ex,2,447028.86502196634
0.7527535693850795,0.7862778731009686,True,0.5255632593388966,0.31473214285714285,False,0.35568797831632654,0.788563829787234,2,893b6861-0bfc-4e9f-94d4-3a967dda4223,p5head_ex,2,447028.86502196634
0.7775749754187741,0.6915840079132078,True,0.37698677561202787,0.23142538265306123,False,0.38438695790816324,0.9278332759214606,2,89692e2b-c54d-4104-acba-8ff010111524,p5head_ex,2,447028.86502196634
0.9397896129086654,0.8176949056264506,True,0.3052732663443883,0.1275908801020408,False,0.21119658801020408,0.9331458919087785,2,8a108521-47c7-486f-b172-f1c3c3252fc8,p5head_ex,2,447028.86502196634
0.8761265642600995,0.9384258532620071,False,0.47456078975731925,0.06321747448979592,False,0.3706752232142857,0.5838587641866331,2,8a746dc0-cc72-4f17-b0b1-388cecd3022c,p5head_ex,1,447028.86502196634
0.8892607955362459,0.9203715696750612,True,0.4856383844363573,0.21572066326530612,False,0.3056042729591837,0.7951773835920177,2,8ae596ed-a849-4e0d-acf0-5173e0df0d33,p5head_ex,2,447028.86502196634
0.9228809333056534,0.8348239693365941,True,0.1669232707165262,0.05590322066326531,False,0.3587173150510204,0.9340463458110517,2,8b0cf414-03a7-499c-a080-cdc52003c84a,p5head_ex,1,447028.86502196634
0.8406300059228426,0.7368533399951405,True,0.498170860506222,0.321468431122449,False,0.2733577806122449,0.6982641041537507,2,8b252ccb-1a24-47cf-bd2d-b42c6c9a2557,p5head_ex,2,447028.86502196634
0.9329191330436236,0.8895037218028757,True,0.17199354881781173,0.03822544642857143,False,0.382633131377551,1.0,2,8b60f253-6ae0-4b16-89bc-f3e3163dbbae,p5head_ex,2,447028.86502196634
0.9526614856279676,0.9608963092014531,True,0.21570785395353348,0.08910634566326531,False,0.28836495535714285,0.7962424513531648,2,8bc63e87-a51f-445e-a7a3-91014a85b985,p5head_ex,2,447028.86502196634
0.9907851533073063,0.9862600988913429,True,0.13514110882793773,0.027782206632653062,False,0.4243064413265306,0.966284074605452,2,8c0fc3ed-b1c2-4979-bc1e-2568ee6f7887,p5head_ex,1,447028.86502196634
0.8112386269440602,0.7057839311808423,True,0.4563283234164432,0.21595982142857142,False,0.2022281568877551,0.654485049833887,2,8c2f692c-da4d-41d8-9e6d-c558cb5ac6e0,p5head_ex,2,447028.86502196634
0.7067778245155893,0.6211333821489816,True,0.47223509065902475,0.3266103316326531,False,0.355648118622449,0.81632902123505,2,8c6af598-175a-497b-8938-02c432afd70d,p5head_ex,2,447028.86502196634
0.7452935011826598,0.4681729056943539,True,0.49337828305001813,0.3257334183673469,False,0.2916733099489796,0.7890357317670093,2,8ca19865-fd6c-4bcd-a2a0-7f9e9ea4bc5c,p5head_ex,2,447028.86502196634
0.8468835332537136,0.7787731195014508,True,0.5943159344452608,0.35160235969387754,False,0.32491629464285715,0.747137512753656,2,8d48694a-f998-4043-bc98-63a3c18527f2,p5head_ex,2,447028.86502196634
0.7580565944123739,0.6095237955395689,True,0.5343373941960152,0.3849250637755102,False,0.34530452806122447,0.7601739670705188,2,8d4ddcd5-75ce-46b9-acba-f8c7552603df,p5head_ex,2,447028.86502196634
0.9579900176238716,0.9041191276168593,True,0.16975170173906454,0.06726323341836735,False,0.3192562181122449,0.904,2,8d5c67de-61a3-49ee-9f57-49e13ed92ed2,p5head_ex,1,447028.86502196634
0.703397170579283,0.5861816106678868,True,0.5434971795064889,0.25619818239795916,False,0.3035913584183674,0.6808245818747569,2,8d742ab6-06d6-40c8-b843-d9975264f0f1,p5head_ex,2,447028.86502196634
0.5698837180190419,0.56818145969391,True,0.2691601862781683,0.14289700255102042,False,0.46057876275510207,0.996234309623431,2,8d76ff2c-da0c-49dd-95cd-21d753f0495d,p5head_ex,2,447028.86502196634
0.6911779475997655,0.5328774483459898,True,0.40159556389346074,0.2780213647959184,False,0.32651068239795916,0.8284587813620071,2,8dc8e54b-5b05-4dac-80b9-fa48878621e2,p5head_ex,4,447028.86502196634
0.7868501103107106,0.8212579565993686,True,0.4435974529466678,0.23327885841836735,False,0.40322066326530615,0.8133276377616403,2,8dd9cf58-1874-4592-b5aa-f5fd962337fd,p5head_ex,2,447028.86502196634
0.9579678600115997,0.986685927781052,True,0.1972791945471764,0.062420280612244895,False,0.304508131377551,0.8077905491698595,2,8e8955c9-dc5b-4109-80e8-06a714111cb0,p5head_ex,1,447028.86502196634
0.8519064680447119,0.8589808122756207,True,0.6752856240657668,0.4772999043367347,False,0.4756656568877551,0.8997870474758862,2,8f0500c9-dcdd-4c0f-8ba5-452c0af5fc02,p5head_ex,2,447028.86502196634
0.771608259343676,0.6493948594466089,True,0.28293833901896204,0.1379344706632653,False,0.3028140943877551,0.9921976592977894,2,8f0e79ea-5db6-4a83-9886-c7d58f5f4825,p5head_ex,2,447028.86502196634
0.8538505124318293,0.7778403215689905,True,0.47416804279510105,0.24109135841836735,False,0.34663982780612246,0.8961726047780442,2,8f664785-3fed-4146-a80b-e844738feff0,p5head_ex,2,447028.86502196634
0.8310642252892821,0.6708762090017525,True,0.3708027023276028,0.21580038265306123,False,0.25117586096938777,0.8161248614702623,2,8f8d4853-d810-45ce-9673-1fdeeb0d8fd7,p5head_ex,2,447028.86502196634
0.6833558418103832,0.7374340728709518,False,0.22076225233333635,0.1271125637755102,False,0.38374920280612246,0.8432110379429288,2,8fb744d3-d002-4b00-ab8c-fe96d252e1e5,p5head_ex,2,447028.86502196634
0.9774781559007271,0.9628244063789833,False,0.12543536939609368,0.03455835459183673,False,0.2757095025510204,1.0,2,8fefb690-a1b7-4948-98a6-088e5dd8b3da,p5head_ex,1,447028.86502196634
0.9047906469845262,0.7245965445003305,True,0.5538375040748271,0.3263313137755102,False,0.34616151147959184,0.8881153047514352,2,9038b827-4244-4154-bcf3-2d14c486bf54,p5head_ex,2,447028.86502196634
0.6471138732555872,0.5482787727315481,True,0.363853408915071,0.25344786352040816,False,0.2733179209183674,0.650231972949595,2,90ea89b5-c9a8-4147-8882-70e8e656b888,p5head_ex,2,447028.86502196634
0.7864577779486052,0.7205902462214098,True,0.3351824912271106,0.20489875637755103,False,0.2872289540816326,0.7292092208929093,2,91088f01-2556-41de-ad37-fb287b9e793e,p5head_ex,2,447028.86502196634
0.6992506193729914,0.5355448816559873,True,0.4772688460958389,0.31503109056122447,False,0.27632732780612246,0.7382172455241349,2,910ea9c6-196b-47fb-97b1-763ab080fc3b,p5head_ex,2,447028.86502196634
0.7024325834577408,0.40075955011192604,True,0.3233191949240259,0.19583067602040816,False,0.18512834821428573,0.7022186037044575,2,91c00a0a-b2fc-446c-930a-0567100f54e7,p5head_ex,2,447028.86502196634
0.5,0.5,False,0.0,0.043088329081632654,True,0.3627830038265306,0.9759481961147086,2,91fc2006-9134-46f4-819d-24893059183d,p5head_ex,1,447028.86502196634
0.8615096012491825,0.8196093212089556,True,0.5593501472821144,0.30757732780612246,False,0.3352598852040816,0.7797576621525303,2,92dec024-edba-43be-973d-b2d58886e7c3,p5head_ex,2,447028.86502196634
0.4682224428997021,0.49343389061758347,False,0.0,0.03667091836734694,False,0.4145607461734694,1.0,2,931b6fb9-e53d-4748-8d66-0d0cf92c96ce,p5head_ex,1,447028.86502196634
0.8233595053609777,0.6326973731339072,True,0.5050486758807224,0.2866310586734694,False,0.33203125,0.8112223612849395,2,9353a231-323a-469f-a7ad-706f900b1202,p5head_ex,2,447028.86502196634
0.8931467237871987,0.9048474141278018,True,0.6290046206287878,0.37595663265306123,False,0.3340441645408163,0.7761874469889737,2,93870d09-4d81-4d16-b703-791700c8eb57,p5head_ex,2,447028.86502196634
0.9830810230864532,0.9605103289519253,True,0.3252608230528601,0.06891741071428571,False,0.4135642538265306,1.0,2,939d305e-8292-4575-8bdb-d5533fe5312e,p5head_ex,1,447028.86502196634
0.622441937557262,0.576935303930055,True,0.2990516644846444,0.17183514030612246,False,0.3022560586734694,0.9327302250057992,2,93d411f7-22d6-439f-b0f6-ff1ca5a15699,p5head_ex,2,447028.86502196634
0.8026472613634648,0.7921842628853187,True,0.6859459096746344,0.3652941645408163,False,0.40732621173469385,0.7483768890828741,2,93e19d77-ce48-41e4-b78f-b873525673dd,p5head_ex,2,447028.86502196634
0.894510984026119,0.8041070046799712,True,0.5162799603270865,0.27088647959183676,False,0.34745695153061223,0.7905385520894644,2,945a109f-4015-4844-a49a-500b72237ce2,p5head_ex,2,447028.86502196634
0.9011669690889508,0.8795750524109015,True,0.32650414268965056,0.15377869897959184,False,0.23863998724489796,0.8100051840331778,2,949ccbce-b365-46ab-ac0e-c6b633c10e04,p5head_ex,2,447028.86502196634
0.9310390897822111,0.9038570203857376,False,0.13399628183954668,0.04998405612244898,False,0.14885602678571427,0.5538277511961722,2,949d29ea-c8d1-4627-aa46-65aca7112946,p5head_ex,2,447028.86502196634
0.741811459656756,0.6806799119239162,True,0.5418976285000464,0.3168845663265306,False,0.5352359693877551,0.9161635220125787,2,94a7ba94-9251-42c8-84b6-c3cac85a78ec,p5head_ex,2,447028.86502196634
0.5,0.5,False,0.0,0.038584183673469385,True,0.2928491709183674,0.9865702479338843,2,94c389e6-2850-4ce8-994f-11bf91f656e1,p5head_ex,1,447028.86502196634
0.9585221781702016,0.8428514898197791,True,0.23667672534573872,0.0936702806122449,False,0.2508171237244898,0.9976595744680851,2,94c4e247-1228-4f50-b8b4-316754d5828f,p5head_ex,2,447028.86502196634
0.8921007485141842,0.5300511186688338,True,0.5262338796374791,0.3092514349489796,False,0.28549505739795916,0.8126570857768899,2,958f6fd1-f377-4a55-bb38-7a9db2fd79dc,p5head_ex,2,447028.86502196634
0.9088591459990174,0.7834384463914861,True,0.3102937684956206,0.15985730229591838,False,0.2963767538265306,0.8624859743174168,2,961041ed-849e-4253-8d6a-97a8aa29b2d4,p5head_ex,2,447028.86502196634
0.8360277403513163,0.787276665929339,False,0.19974622141412948,0.09056122448979592,False,0.3643176020408163,0.6087147887323944,2,9673d5f3-fc1c-49bc-902a-81ff14db1da0,p5head_ex,1,447028.86502196634
0.7224139011228473,0.4879705705420466,False,0.07697229315498484,0.06020806760204082,False,0.282047193877551,0.8712346904998345,2,97354b7f-c36c-4e81-a6ef-cbce71682715,p5head_ex,1,447028.86502196634
0.7672570577937756,0.6665955446168131,True,0.2751527591141381,0.17574139030612246,False,0.35861766581632654,0.8762757995010206,2,97b7fb68-359d-46f4-b20f-5cb82bb8dd81,p5head_ex,2,447028.86502196634
0.9561710743694551,0.9464002302897085,False,0.3094498344455057,0.08233019770408163,False,0.41858657525510207,0.924715565238441,2,980bedbf-2f34-4596-a7cb-ec66fd1ec4de,p5head_ex,1,447028.86502196634
0.7554536194709865,0.926859106579028,True,0.24216631925938137,0.10224011479591837,False,0.2583506058673469,0.5670565302144249,2,981a2806-2512-4ff1-9c99-2eed4ad32b9c,p5head_ex,1,447028.86502196634
0.898503249760075,0.9332985017120392,True,0.27523590648617924,0.10600685586734694,False,0.4720982142857143,0.9789434104154916,2,987d7028-3873-4b8c-aa45-d3f52f3501ed,p5head_ex,2,447028.86502196634
0.8404403295095021,0.9172164275072279,True,0.4186231530743312,0.20842633928571427,False,0.22439014668367346,0.6507936507936508,2,98b74eb1-7a17-4c4f-ab85-a93ac598c1c1,p5head_ex,2,447028.86502196634
0.6891438161102297,0.617857075043577,False,0.05987121716861953,0.044921875,False,0.25376674107142855,0.1898846495119787,2,99147d86-515a-47f7-a537-1692f2276564,p5head_ex,1,447028.86502196634
0.7460892599419571,0.6965006922296555,True,0.43653314496070184,0.27315848214285715,False,0.3649354272959184,0.9181380417335474,2,995add3b-6d5f-42a4-ac2f-7e46ffe27897,p5head_ex,2,447028.86502196634
0.6763506676640547,0.4756215911474722,False,0.07385809073148993,0.05644132653061224,False,0.24629304846938777,0.3559322033898305,2,99a21978-b49a-403a-9424-5745a90c8018,p5head_ex,1,447028.86502196634
0.9162439400722755,0.9274817310988177,False,0.31054270220777375,0.13018176020408162,False,0.1981624681122449,0.3020514390691978,2,99dfce1b-ea95-4bc5-b162-dd891968dae1,p5head_ex,2,447028.86502196634
0.7336999600896567,0.6289490318793507,False,0.18623821976879623,0.14576690051020408,False,0.40927933673469385,0.5105277549904293,2,9a1a620f-7089-42f3-aff9-4220286b60eb,p5head_ex,1,447028.86502196634
0.9413785909833022,0.9793391418889335,True,0.24204260257774776,0.07537468112244898,False,0.38205516581632654,0.9148598625066102,2,9a1fe07c-88c3-4ec2-9713-09d3beaf9830,p5head_ex,1,447028.86502196634
0.9117204240100425,0.9922816027839866,True,0.33657821904958446,0.08370535714285714,False,0.37886639030612246,0.7030952380952381,2,9a36a93c-00e7-4d9f-aa34-893a92043d52,p5head_ex,1,447028.86502196634
0.8923227849245089,0.49538413680567067,True,0.5195817566985006,0.2991270727040816,False,0.22682158801020408,0.6942501165967087,2,9a5ebaf8-f562-456f-a1fa-e485ee712790,p5head_ex,2,447028.86502196634
0.5,0.5,False,0.0,0.0283203125,True,0.31869818239795916,0.5327234342012667,2,9b16af6c-5f7d-4550-a641-e41460c820c8,p5head_ex,1,447028.86502196634
0.8875710695602893,0.8766061861432928,False,0.09770523611279948,0.03647161989795918,False,0.4175502232142857,1.0,2,9b176562-4004-4e23-965f-ae050251378b,p5head_ex,1,447028.86502196634
0.930776787945479,0.9673674669564718,True,0.3666665127492229,0.18160076530612246,False,0.3871970663265306,0.9318481123792801,2,9b215f1b-5061-457f-acad-471ca01f774c,p5head_ex,2,447028.86502196634
0.8850536906956614,0.8394203068024892,True,0.3326848470194585,0.18403220663265307,False,0.2784797512755102,0.7701970976824778,2,9b2d7e34-af22-45b1-a619-4995b7118919,p5head_ex,2,447028.86502196634
0.9012714299616293,0.9616228622457655,True,0.5404095336252025,0.1974250637755102,False,0.42978714923469385,0.6346658590753079,2,9b4ecc3e-5499-4d0f-a218-0dc17aa963e2,p5head_ex,1,447028.86502196634
0.8697184678326567,0.9201108211862883,True,0.4594445474864579,0.2797353316326531,False,0.36607142857142855,0.7951695639783414,2,9b838133-a269-416a-a0b5-9dc3ea7d585e,p5head_ex,2,447028.86502196634
0.9773230040219644,0.9814815247308086,True,0.3210543692562498,0.14421237244897958,False,0.319156568877551,0.9318684355997788,2,9bc684ec-12a8-4c76-85a3-29a75d550968,p5head_ex,1,447028.86502196634
0.967028387915261,0.941164806011357,True,0.13549678841526322,0.03850446428571429,False,0.39016661352040816,1.0,2,9ce51c73-3da3-475e-ba21-29837e865ff8,p5head_ex,1,447028.86502196634
0.5707077952358907,0.49388526031463953,True,0.26665546412617996,0.15736607142857142,False,0.43247767857142855,0.9509878419452887,2,9d1ea51d-29fc-4aa1-a4b0-fa1f1c979d0f,p5head_ex,2,447028.86502196634
0.9779851135410618,0.9945558437594486,True,0.49549349330251596,0.07744738520408163,False,0.3291015625,0.6394750386001029,2,9d315378-b59f-4999-a993-cc4443925be6,p5head_ex,1,447028.86502196634
0.968222641923024,0.9608608278449041,True,0.2248799046784435,0.08482142857142858,False,0.4102160395408163,0.9856672932330827,2,9d49e8a3-a382-4765-a6e7-1c865d8b7712,p5head_ex,1,447028.86502196634
0.5,0.5,False,0.0,0.05919164540816327,True,0.5536312181122449,0.9996632996632997,2,9d541ed8-0776-4d41-8ffd-4f6bb9c3cf19,p5head_ex,1,447028.86502196634
0.4240774477820616,0.3219097832454599,False,0.0,0.05919164540816327,False,0.3300183354591837,0.9774410774410774,2,9d5a35ff-4644-4f75-91cf-4ed3142af182,p5head_ex,1,447028.86502196634
0.9093237271203373,0.9741327111105006,False,0.2994588233353117,0.08231026785714286,False,0.2351921237244898,0.42033898305084744,2,9d7688a1-8de2-414f-ab31-acb03992c952,p5head_ex,1,447028.86502196634
0.8850134754562143,0.8615820248098376,True,0.29770840780747104,0.1482780612244898,False,0.3637794961734694,0.594489247311828,2,9d78bc61-be12-4f04-a542-ece6d960a05d,p5head_ex,1,447028.86502196634
0.8068846278820273,0.7692849228701234,True,0.3812064018429296,0.21667729591836735,False,0.41914461096938777,0.8601913171449596,2,9e90750a-8dfc-487b-a151-4ccf46ddc765,p5head_ex,1,447028.86502196634
0.9886348821996634,0.9774912324705265,True,0.26681761457033903,0.07623166454081633,False,0.2751315369897959,0.9576470588235294,2,9e98ccb4-e0b8-44de-acd0-4927030264d3,p5head_ex,1,447028.86502196634
0.9557247939268582,0.945335463106987,True,0.2353968865309543,0.07995854591836735,False,0.25918765943877553,0.7582253240279162,2,9eb988cd-aecc-4335-ad09-b580be434377,p5head_ex,1,447028.86502196634
0.8441491942971505,0.798618791398598,True,0.240924897145287,0.09731744260204081,False,0.2841796875,0.6246160147450338,2,9ec108de-18b4-4446-a6e8-4c398f5a6614,p5head_ex,2,447028.86502196634
0.6173861668513605,0.336400473919222,False,0.07694857093688397,0.0790218431122449,False,0.31802056760204084,0.49079445145018913,2,9ed27b99-3235-476c-a752-abdc005fb46b,p5head_ex,1,447028.86502196634
0.6879141686534836,0.4608308582156518,False,0.08711700291222889,0.07013313137755102,False,0.2856345663265306,0.5870986075589656,2,9f377ef1-a9b4-409c-8e6f-94199ac19a75,p5head_ex,1,447028.86502196634
0.9500138945644616,0.9106096890271689,True,0.3011426666004091,0.10475127551020408,False,0.32264429209183676,0.8968797564687976,2,9f3f5192-ef06-4085-bfbe-17ec62087fd4,p5head_ex,1,447028.86502196634
0.9109844445936861,0.9667860322369037,True,0.27977642669009695,0.1288265306122449,False,0.2622169961734694,0.5502784653465347,2,9f586862-a0d0-4980-ac2e-7a82c9d4c30b,p5head_ex,1,447028.86502196634
0.9860741907696973,0.981283332298065,True,0.28106147057608083,0.09339126275510204,False,0.4442163584183674,0.9716175842936406,2,9f756055-99fc-4a80-97b4-f89f98cf92d2,p5head_ex,1,447028.86502196634
0.9920017418737432,0.9835399284227443,True,0.3213131305215341,0.09295280612244898,False,0.28944116709183676,0.9470411663807891,2,9f9e7267-220a-43f8-b222-9a330b08957a,p5head_ex,1,447028.86502196634
0.868174638136638,0.7487189320709424,True,0.2701989968818547,0.11730707908163265,False,0.256038743622449,0.8431872239211688,2,9fd4b2e7-d443-417a-8436-b5921152ddd7,p5head_ex,2,447028.86502196634
0.9798982432751719,0.9639195995952357,False,0.1294354081928979,0.04862882653061224,False,0.28224649234693877,0.5061475409836066,2,a024d155-a276-4395-826b-193fcf6a5b9c,p5head_ex,1,447028.86502196634
0.9768697784334556,0.9952239893636313,True,0.4485667170325264,0.08388472576530612,False,0.4188257334183674,0.33190781658351154,2,a03a2aab-7039-4743-9dab-3870899b1f35,p5head_ex,1,447028.86502196634
0.7068534010680317,0.7745481186418822,True,0.4749573975931837,0.34267378826530615,False,0.3528579400510204,0.7513085960218681,2,a058e58a-be32-4941-86ce-b01a36285658,p5head_ex,2,447028.86502196634
0.9059755599310958,0.8944606264627283,True,0.3315907345988238,0.1837531887755102,False,0.30733816964285715,0.9283080260303688,2,a069b05e-0957-454f-af9b-8daa65d406d1,p5head_ex,2,447028.86502196634
0.9587880733442129,0.9634173095011473,True,0.1357901128980219,0.03687021683673469,False,0.3475366709183674,0.9881081081081081,2,a082d750-3663-46ca-bf52-cc32b2f403c9,p5head_ex,1,447028.86502196634
0.9602795413677799,0.9466942171281002,True,0.5666663178062814,0.09249441964285714,False,0.28160873724489793,0.42232277526395173,2,a0b69080-fb84-49f6-a2ab-e3de1cfd2ad1,p5head_ex,1,447028.86502196634
0.8125651470869105,0.5012300351701273,False,0.13462722308886446,0.08394451530612244,False,0.2553810586734694,0.8784425451092118,2,a0d6fa61-86b5-452b-87e9-a99995c6c4f7,p5head_ex,1,447028.86502196634
0.7795017637260343,0.8424068660120965,True,0.5313620205876262,0.38034119897959184,False,0.46767378826530615,0.879322993083211,2,a14c9773-4ff1-44e2-882d-6e37a1a5af3b,p5head_ex,2,447028.86502196634
0.8001042700219883,0.8820185978114857,True,0.5432151576932515,0.3414779974489796,False,0.41346460459183676,0.8217579082525972,2,a16503fc-2eb7-4a00-b101-2b5d976dc8a9,p5head_ex,2,447028.86502196634
0.8561405915031135,0.696473894351001,True,0.5461860576155666,0.29555963010204084,False,0.32864317602040816,0.8987862440997977,2,a17c5d46-08a6-4fff-ba32-9a658a981e0a,p5head_ex,2,447028.86502196634
0.8959918017176923,0.8161704986766345,False,0.34173187623442247,0.17883051658163265,False,0.2876474808673469,0.9033767970578402,2,a1a1b826-0de6-4d0f-b082-2eec1c456944,p5head_ex,2,447028.86502196634
0.26338655711606695,0.17274288703287,False,0.0004195579211495428,0.046954719387755105,False,0.3489516900510204,0.6969439728353141,2,a1c8a30b-9978-4be6-9be1-d55456ef2480,p5head_ex,1,447028.86502196634
0.9811803202897081,0.9765332493336114,True,0.16707706004895728,0.04494180484693878,False,0.33541932397959184,0.9960088691796009,2,a22f0f36-ac98-442a-a980-069a248630a9,p5head_ex,1,447028.86502196634
0.9857969794794527,0.9837687346967195,True,0.6333370703422722,0.15276227678571427,False,0.4344108737244898,0.9008480104370515,2,a232cfa5-b1de-4178-9de1-d506c8db2f62,p5head_ex,1,447028.86502196634
0.977608791744656,0.9635111190579855,True,0.442515100682955,0.07166772959183673,False,0.25777264030612246,0.7502780867630701,2,a2990f44-8592-4427-b704-b19565a0bedd,p5head_ex,1,447028.86502196634
0.9682133213806768,0.979062293688215,True,0.16401407409413332,0.045200892857142856,False,0.3126195790816326,0.9369488536155203,2,a2a093bc-6179-4a31-bcbb-645d2f136a80,p5head_ex,1,447028.86502196634
0.9463675988171607,0.9751004136150326,True,0.35753773358675495,0.16565688775510204,False,0.3360969387755102,0.7250962463907603,2,a2a84bc3-c75b-4df6-840d-e118b61594d4,p5head_ex,2,447028.86502196634
0.9619495784566816,0.9510440326907948,True,0.3090869727937758,0.1610730229591837,False,0.35811941964285715,0.9991338777530314,2,a2b6217a-2c7b-4cc3-b313-ec48bf272a2f,p5head_ex,2,447028.86502196634
0.6720520881191386,0.5664729253532712,False,0.0708727453447845,0.04538026147959184,False,0.26705994897959184,1.0,2,a2b8c42b-db97-4b42-aae0-c8ba85053132,p5head_ex,2,447028.86502196634
0.8319086722441761,0.7152147430955669,True,0.2516584687908106,0.10738201530612244,False,0.32425860969387754,0.9097995545657016,2,a2cd771c-cc13-4676-806e-73bd45e25373,p5head_ex,2,447028.86502196634
0.7281551200558759,0.705765938662325,True,0.42857787527338304,0.13536352040816327,False,0.28611288265306123,0.6712308598351001,2,a37dc7a9-8b22-461b-99d2-c77109da8220,p5head_ex,2,447028.86502196634
0.6543138752866469,0.5487594914117325,True,0.1829627443331062,0.10301737882653061,False,0.3041892538265306,0.9166183014122654,2,a3a15e9c-71d6-440e-9457-89e2aff93fe0,p5head_ex,2,447028.86502196634
0.9388866079175984,0.8481115284793882,False,0.4928475093615062,0.1706592793367347,False,0.19802295918367346,0.8541399042391685,2,a3dda87f-1087-42ee-b602-453eaac55e5f,p5head_ex,2,447028.86502196634
0.49142184143436074,0.4377512458286886,False,0.05537692175929234,0.24944196428571427,False,0.44686702806122447,0.6458932566315116,2,a4ac5fc1-dbc7-4380-8265-04e05f959c0e,p5head_ex,1,447028.86502196634
0.6014606343543905,0.6428064871756255,False,0.03866820620860311,0.04647640306122449,False,0.299984056122449,0.9361063464837049,2,a4b449be-8c92-4191-aa74-cce130365f0e,p5head_ex,1,447028.86502196634
0.6703460616398027,0.5486778231472328,False,0.09018742225487582,0.07344148596938775,False,0.39164142219387754,0.7343283582089553,2,a4c510ea-e84b-489e-820e-2777b240f33c,p5head_ex,1,447028.86502196634
0.8944172027663811,0.7768580597157235,False,0.11520078203588031,0.06505102040816327,False,0.3800023915816326,0.8547794117647058,2,a541be19-c9f6-487e-b615-d15042a246b1,p5head_ex,1,447028.86502196634
0.9938223221123847,0.9948751039334908,True,0.2460385425484431,0.04274952168367347,False,0.25990513392857145,0.8088578088578089,2,a550099a-36c5-4807-88ff-e77475bae0d9,p5head_ex,1,447028.86502196634
0.8424135828057756,0.7429250895049467,True,0.21619518339344437,0.09646045918367346,False,0.3807796556122449,0.8105371900826446,2,a58b8dca-87bc-4461-be69-11acd06067d3,p5head_ex,2,447028.86502196634
0.8515471843613829,0.897886719045458,False,0.16931524499955525,0.04663584183673469,False,0.4069674744897959,1.0,2,a5ba75bd-c961-4096-b9fd-6253788cfffd,p5head_ex,1,447028.86502196634
0.95322847733828,0.908772992091349,True,0.17128816152937135,0.04494180484693878,False,0.34030213647959184,1.0,2,a5df1553-7c85-46e6-9e0b-870d67d23eb7,p5head_ex,1,447028.86502196634
0.9929089460767216,0.9970950755852727,True,0.48487321074325074,0.1539580676020408,False,0.31172273596938777,0.8476375404530744,2,a5e1f9e8-784c-415c-bded-f83e6130a111,p5head_ex,1,447028.86502196634
0.6527497226873341,0.6306813858047275,False,0.14891538356587758,0.10287786989795919,False,0.30165816326530615,0.8496706702828362,2,a60ea99b-fcba-4bf6-9ffe-c5f700e50792,p5head_ex,1,447028.86502196634
0.8219300170059601,0.9623025546300811,False,0.19499763338918982,0.08402423469387756,False,0.3365951849489796,0.756404174573055,2,a653c489-c9e9-41ef-80ce-6a38f443ef01,p5head_ex,1,447028.86502196634
0.8878744173519697,0.7812670793512989,True,0.45010543750526044,0.22187898596938777,False,0.2985092474489796,0.8678702955178299,2,a66d881d-c072-4ea0-a00c-74a62981a3e8,p5head_ex,2,447028.86502196634
0.6761079304598338,0.8623379422610148,False,0.09203119489712396,0.05173788265306122,False,0.2678172831632653,0.6864406779661016,2,a679589b-9b88-4010-825a-cb3653587e78,p5head_ex,1,447028.86502196634
0.9803706580221815,0.974437174512767,True,0.2278166595250626,0.06377551020408163,False,0.3448461415816326,0.994375,2,a681ac25-1798-4c81-8e28-a1c5014e00bf,p5head_ex,1,447028.86502196634
0.946833961446241,0.9169766550733915,True,0.3795499427159811,0.10706313775510204,False,0.48549107142857145,0.9810126582278481,2,a6b9565f-bc91-4841-8969-ff94c3b687b3,p5head_ex,1,447028.86502196634
0.9115881025004318,0.7984862560327596,False,0.13072143220184343,0.04065688775510204,False,0.3169443558673469,0.9892156862745098,2,a6d7b6da-d474-4195-8270-08fdfd6e8a20,p5head_ex,1,447028.86502196634
0.7510965849180569,0.7535066551262216,True,0.3783040988182989,0.2372448979591837,False,0.44186463647959184,0.9537130376344086,2,a70544fd-cd5f-4650-9008-224672ccd7b6,p5head_ex,2,447028.86502196634
0.776948255745864,0.6741861265128001,True,0.39290538970859357,0.24354272959183673,False,0.41940369897959184,0.7884615384615384,2,a7a30231-a1b4-4305-ad66-6a707a27a1a4,p5head_ex,2,447028.86502196634
0.9368767126732325,0.9166601112181245,True,0.4365176150522158,0.17267219387755103,False,0.5094268176020408,0.9705678670360111,2,a8031125-1a13-40fd-9aeb-164e1a421f22,p5head_ex,1,447028.86502196634
0.9160742689474067,0.9714979589294894,False,0.1985220027136271,0.058673469387755105,False,0.27780213647959184,0.5879755434782609,2,a8098820-9876-4866-91b5-6ee9f91d106d,p5head_ex,1,447028.86502196634
0.9841313766220868,0.9984532504731095,True,0.30452903838201073,0.09693877551020408,False,0.37478077168367346,0.6759868421052632,2,a81ed846-615a-4432-8e34-67b1169ebea5,p5head_ex,1,447028.86502196634
0.26148731630881294,0.44067386748347576,False,0.0,0.05879304846938776,False,0.14807876275510204,0.4159322033898305,2,a85fcd51-0b79-452d-8afa-05d90cdeedcf,p5head_ex,1,447028.86502196634
0.8498082857352391,0.9936277340153106,False,0.11255690525071226,0.049505739795918366,False,0.2392578125,0.4834943639291465,2,a89d0ed5-5c57-4769-855e-6cfb7b9958c1,p5head_ex,1,447028.86502196634
0.8086181389433861,0.31653512812411144,False,0.07688007720891402,0.04041772959183673,False,0.14869658801020408,0.4921104536489152,2,a9006409-11f0-4d8d-acff-4f5e973547b1,p5head_ex,1,447028.86502196634
0.9881368949282248,0.9886019040021433,True,0.46778377234825747,0.10287786989795919,False,0.2623963647959184,0.9221232080588919,2,a92643fd-0f58-43e5-a400-7c35c2544610,p5head_ex,1,447028.86502196634
0.9021723003450638,0.8965064790614306,False,0.2768850652519374,0.14789939413265307,False,0.3221460459183674,0.9665813232717962,2,a94ec882-bcc3-4c59-8c6b-2d690595a04d,p5head_ex,2,447028.86502196634
0.42401723683053383,0.4807112138134668,False,0.0,0.09351084183673469,False,0.4008888711734694,0.9667519181585678,2,a95c830d-b00d-40cd-abd4-1e256ce80721,p5head_ex,1,447028.86502196634
0.8310263247727638,0.8470410913187931,True,0.3738548422610614,0.17657844387755103,False,0.2659239477040816,0.6156884875846501,2,a96bb268-a6b1-4dcb-a7f7-eeb51527e72f,p5head_ex,2,447028.86502196634
0.7053706615800409,0.6500936413182816,True,0.42732284551172695,0.27566964285714285,False,0.40341996173469385,0.9509832272990167,2,a9bf1010-e610-4b41-814d-99a4250d00c3,p5head_ex,2,447028.86502196634
0.8634943107794099,0.7925304355672875,True,0.4517911788360746,0.2726203762755102,False,0.31871811224489793,0.7567073616492433,2,aa1970b8-5039-4ba9-a933-4bd96ad81a91,p5head_ex,2,447028.86502196634
0.9790640820535893,0.9592956657482408,True,0.23969692188877179,0.06473214285714286,False,0.2771843112244898,0.8713054187192119,2,aa61804a-c589-4027-b85f-4eaf8282e3a8,p5head_ex,1,447028.86502196634
0.7214300592160336,0.6636392926729627,True,0.30886580929385904,0.06433354591836735,False,0.34630102040816324,0.9996902106567535,2,aaa75c43-b169-4831-a539-f6fb2b173a05,p5head_ex,2,447028.86502196634
0.776836642649539,0.5470391271310623,True,0.26508882164597886,0.14237882653061223,False,0.22580516581632654,0.9267917133258678,2,aac8b420-f849-4c60-8486-0155f282633b,p5head_ex,3,447028.86502196634
0.3691971333293062,0.41032307637325327,False,0.06832128717288409,0.26761798469387754,False,0.24384167729591838,0.6796246648793566,2,aacdbc1a-465e-4f29-8c4b-995cd8337384,p5head_ex,2,447028.86502196634
0.7912227762158113,0.7883591318102005,False,0.19533369198001604,0.09315210459183673,False,0.28087133290816324,0.43859649122807015,2,aadc5c44-f71c-4975-8946-d5e8b484441a,p5head_ex,2,447028.86502196634
0.7670444591988846,0.6461339313144967,False,0.16858086473449535,0.07479671556122448,False,0.3373525191326531,0.8936850519584333,2,aaf0cb77-efe2-4129-ba1e-a7b153132427,p5head_ex,2,447028.86502196634
0.5816297842816265,0.49458311947402844,True,0.3960167107981577,0.32386001275510207,False,0.34689891581632654,0.8053538461538462,2,aaf271c4-df7a-477f-a609-4dca15b54649,p5head_ex,2,447028.86502196634
0.8632550934564571,0.6756746321388335,True,0.5114139452254888,0.2849170918367347,False,0.29599808673469385,0.8077084499160604,2,aafca7fa-b482-4e37-bbc4-96da4b744847,p5head_ex,2,447028.86502196634
0.6479592043377467,0.7022532598073516,True,0.43122114163049813,0.31626674107142855,False,0.32230548469387754,0.7825319805910895,2,ab150245-a188-4c66-9b84-e7dbf1f1c6cd,p5head_ex,2,447028.86502196634
0.9840336095822788,0.9714761221491681,True,0.086137453980755,0.0225406568877551,False,0.32748724489795916,1.0,2,ab27263e-592a-43ef-a1dd-6bea8a934e6a,p5head_ex,1,447028.86502196634
0.823227650262336,0.7584110380232745,True,0.5005312434794541,0.3134765625,False,0.29617745535714285,0.8171530294360735,2,ab59e6e8-22f2-43f0-8fbc-3e8bcaba1d47,p5head_ex,2,447028.86502196634
0.4454657776452293,0.4369147051379398,False,0.0,0.06443319515306123,False,0.36794483418367346,0.822146613052892,2,ab9069f0-1511-414d-b37a-2920517004d4,p5head_ex,1,447028.86502196634
0.7476309406698898,0.7284886682154487,True,0.0891141693036034,0.0439453125,False,0.20647321428571427,0.8249433106575964,2,ab9faaf2-1f9c-49fd-9148-1ae56b695fae,p5head_ex,2,447028.86502196634
0.8267198958959602,0.8317099359561264,False,0.20136795277541833,0.08520009566326531,False,0.2323421556122449,0.7794152046783626,2,ababe608-9aa0-4055-8a0b-6ecd96b84b54,p5head_ex,2,447028.86502196634
0.9673240157098111,0.9539476740076825,True,0.3244246942995603,0.08083545918367346,False,0.4397520727040816,0.9583333333333334,2,abdd57b2-8bbc-409a-853f-885215db8c6c,p5head_ex,1,447028.86502196634
0.584366981077371,0.6289330696400144,False,0.0972065727041757,0.05955038265306122,False,0.2975924744897959,0.8989290495314591,2,ac1426c4-11ff-485c-a0bb-790bd57d0527,p5head_ex,2,447028.86502196634
0.9067300734693855,0.8161721266695854,True,0.33517805817960405,0.1925422512755102,False,0.26680086096938777,0.8004347376048028,2,ac2f43b0-3e63-47e0-9e50-4ba59b9b747e,p5head_ex,2,447028.86502196634
0.903509864395709,0.9327588007133245,True,0.475695339191241,0.1410235969387755,False,0.4806281887755102,0.820520067834935,2,ac338f2a-61c9-4664-b97e-23e05c260b02,p5head_ex,1,447028.86502196634
0.7398606842349928,0.6478289166131195,True,0.31779833443233,0.1934191645408163,False,0.2614596619897959,0.8557444616177228,2,ac34a830-57ce-4390-9076-6faacdedd54b,p5head_ex,2,447028.86502196634
0.8913164637548426,0.779070215437134,True,0.4597945642869223,0.25851004464285715,False,0.30879304846938777,0.8922982036851438,2,ac648f87-a79f-4ce0-9439-23a8dd886b71,p5head_ex,2,447028.86502196634
0.788581502232382,0.7107509461529676,True,0.3086457914936058,0.09723772321428571,False,0.30674027423469385,0.9819635171141627,2,ac6e81b1-37eb-4bd6-8a58-8c8f246fc16b,p5head_ex,2,447028.86502196634
0.7764829747972567,0.6124854197339001,True,0.42410149760316174,0.19513313137755103,False,0.25552056760204084,0.6720457563068124,2,ac7bdc8e-b181-41c1-8186-f12472ad3899,p5head_ex,2,447028.86502196634
0.8488536699811291,0.807312596074746,True,0.5027436528114254,0.2918327487244898,False,0.3376514668367347,0.8261285255753602,2,acacd8c0-68d9-4ff7-ae58-80021e4e08de,p5head_ex,2,447028.86502196634
0.7053819114747037,0.7342831235779423,False,0.1754758081877788,0.1162109375,False,0.3618263711734694,0.9382610186931916,2,acc17db4-7fc3-4657-a8c1-0555bcbeba48,p5head_ex,1,447028.86502196634
0.8991850201042356,0.7506471498552474,True,0.2808896443943006,0.12025669642857142,False,0.23407605229591838,0.939840901557839,2,ace3688f-2479-4468-9759-1e9a1fe02d6f,p5head_ex,3,447028.86502196634
0.6921367433608904,0.5905181241412921,True,0.3196391557310956,0.2099609375,False,0.26572464923469385,0.864641670621737,2,ad310f52-5ed7-46a5-a083-3ffd1bc4bb71,p5head_ex,2,447028.86502196634
0.7452890282234476,0.6454201777482803,True,0.19248202520051313,0.08972417091836735,False,0.25061782525510207,0.8984895601954687,2,ad587880-a108-4b52-bf4a-28d248bb1539,p5head_ex,2,447028.86502196634
0.9266700931669825,0.8987864092009005,True,0.19645098895063046,0.06138392857142857,False,0.3567044005102041,0.9970779220779221,2,ad69b71d-7005-4f1e-a6d8-27d84106c9af,p5head_ex,1,447028.86502196634
0.47928046262663443,0.503463463870212,False,0.0013277822961189258,0.060626594387755105,False,0.28989955357142855,1.0,2,ad7bfead-6c0b-436f-9d0b-92827be703c3,p5head_ex,2,447028.86502196634
0.5,0.5,False,0.0,0.03316326530612245,True,0.3636997767857143,0.8677884615384616,2,ad99c503-84bd-4309-9d4e-2a35a77b7b4d,p5head_ex,1,447028.86502196634
0.8715348111181729,0.8789124447976063,True,0.4088930054021214,0.2139269770408163,False,0.3957469706632653,0.8681758896962921,2,ada5d3a7-098d-4691-ba53-e633cfd3b86f,p5head_ex,2,447028.86502196634
0.7032826809192048,0.6586627700564455,True,0.48444812005473253,0.07266422193877552,False,0.396484375,1.0,2,adce8349-6836-4328-ab63-f356d0bbe298,p5head_ex,2,447028.86502196634
0.5101368182954231,0.5807594371416439,False,0.2870444600236797,0.3268893494897959,False,0.43861607142857145,0.8851969272039996,2,ade2b6b7-5ee9-4480-844c-5eb07e2c08fc,p5head_ex,2,447028.86502196634
0.7412840352269363,0.5940851747243768,True,0.427488517758389,0.2797951211734694,False,0.32589285714285715,0.8765581594130636,2,ae01a62f-cbca-4f9d-bf40-2962929e5e0e,p5head_ex,2,447028.86502196634
0.47543753478028605,0.5260575789826069,False,0.0008392395567012773,0.0263671875,False,0.33970424107142855,0.8828420256991686,2,ae50eb15-92f5-4a90-912c-20a8cc745be0,p5head_ex,1,447028.86502196634
0.9815836322245174,0.9831101421379494,True,0.11055230317700927,0.025510204081632654,False,0.32846380739795916,0.99453125,2,ae5ace0c-758d-4f0d-9acd-3f4817b0634c,p5head_ex,1,447028.86502196634
0.9708040604739188,0.9954132802508794,False,0.2383243636874387,0.03834502551020408,False,0.287288743622449,0.5472972972972973,2,ae6974e6-b709-42bb-8076-ab8499929f09,p5head_ex,1,447028.86502196634
0.6741951893469584,0.7268252510428256,False,0.2602902697659189,0.14979272959183673,False,0.33944515306122447,0.908861096327834,2,ae710da6-ac50-4de7-891e-d9a7a180ee05,p5head_ex,2,447028.86502196634
0.9168228177397316,0.8614850735640692,True,0.3326676628775556,0.17755500637755103,False,0.39901546556122447,0.8999887753956674,2,ae716bca-9b2f-4cca-8ee1-3cf6063593ef,p5head_ex,1,447028.86502196634
0.9740532662246023,0.9533444978399107,True,0.08538076845366444,0.022600446428571428,False,0.3050063775510204,1.0,2,ae76e24d-14d2-4937-aaae-3a2b0aa0e2c6,p5head_ex,1,447028.86502196634
0.9748991021876343,0.9637737140255673,False,0.07131254830829645,0.015126753826530613,False,0.3411192602040816,1.0,2,ae7c7ec3-778f-415c-a933-524fb2027eab,p5head_ex,1,447028.86502196634
0.7439627760384765,0.6824812425883039,True,0.23710967853628556,0.1410235969387755,False,0.4070671237244898,0.8294234030525721,2,aec75bea-7a4a-4ca6-8e82-bf3f05963c9d,p5head_ex,3,447028.86502196634
0.45500392250057686,0.49719669883878065,False,0.00011785415657492775,0.01709980867346939,False,0.44674744897959184,1.0,2,aecf37ea-fe82-4618-bf8e-650d83f2ba42,p5head_ex,1,447028.86502196634
0.7557366173119417,0.7406733106465727,True,0.16913777290373744,0.0745376275510204,False,0.3540537308673469,1.0,2,aedf3a44-37ec-4ec8-aa62-10faf378d97b,p5head_ex,2,447028.86502196634
0.5130962706123803,0.49100587085310027,False,0.09376206974166658,0.1888751594387755,False,0.40487484056122447,0.897119341563786,2,af467edc-df3a-4c0e-ade8-0249d40607e9,p5head_ex,2,447028.86502196634
0.7460291950833755,0.5939206154254095,False,0.33589454784964107,0.22004544005102042,False,0.40896045918367346,0.9459288107961236,2,af652954-95f0-4406-a5bc-aa1e6d19bfe4,p5head_ex,2,447028.86502196634
0.9756740326375712,0.9595752628727732,True,0.3934460027243686,0.09974888392857142,False,0.3303770727040816,0.9398601398601398,2,af6610f4-df97-4703-a786-cdbfbed483fe,p5head_ex,1,447028.86502196634
0.996060955521489,0.9899742801954123,True,0.6204843533586023,0.026426977040816327,False,0.38205516581632654,1.0,2,af9788f6-93e8-4460-aadd-5074c5b3b7fa,p5head_ex,1,447028.86502196634
0.4560382947666681,0.49105167906696157,False,0.0,0.07154815051020408,False,0.2656847895408163,0.9428969359331476,2,afc7efe2-5df9-4274-8df4-31eefde7b574,p5head_ex,2,447028.86502196634
0.9017469575192416,0.8183216847312746,True,0.15518063330045698,0.03559470663265306,False,0.24172911352040816,0.893057110862262,2,afe0a0c8-878e-48b9-bcd8-48526125fcdb,p5head_ex,2,447028.86502196634
0.5,0.5,False,0.0,0.014668367346938776,True,0.26576450892857145,1.0,2,afe73151-621d-439f-a42f-b970900e2bfa,p5head_ex,1,447028.86502196634
0.9477615549927113,0.9389131351322753,True,0.20519250764545235,0.08207110969387756,False,0.26737882653061223,0.8433705682370083,2,aff2efe8-0cf0-4789-8ec9-b15d10f32c69,p5head_ex,2,447028.86502196634
0.9937255040645415,0.958127539378558,True,0.11455445362744301,0.01953125,False,0.15927933673469388,1.0,2,b0048d9d-6e9d-4a32-b852-12a696cb677a,p5head_ex,1,447028.86502196634
0.8483443102197248,0.7884731628967065,True,0.28783677744165054,0.13514429209183673,False,0.3778101084183674,0.8747972275475594,2,b00b6900-8b72-41db-a443-e1fbce442336,p5head_ex,2,447028.86502196634
0.8239213655873145,0.7594869985106382,True,0.4841105363393403,0.2524314413265306,False,0.31014827806122447,0.8505447655139744,2,b085cc58-d5b4-4fb7-9879-565c0e8c1198,p5head_ex,2,447028.86502196634
0.9925539018433297,0.979290244528862,True,0.293287159598244,0.05112005739795918,False,0.33322704081632654,1.0,2,b0b71bfa-9d78-4325-87e9-7b5f03d6cc99,p5head_ex,1,447028.86502196634
0.7784584323190898,0.6827060268171349,True,0.5456957189248897,0.19993622448979592,False,0.36477598852040816,0.9647129186602871,2,b12bfc4b-6127-4291-bf50-e1c8750d7a19,p5head_ex,2,447028.86502196634
0.765627495137004,0.7549569639668678,True,0.7115866963017514,0.10172193877551021,False,0.33671476403061223,0.9606191222570533,2,b134c7f3-2f65-4734-93b0-12c482e2b016,p5head_ex,2,447028.86502196634
0.8719828824926361,0.5178602184961467,True,0.36496912146543437,0.17119738520408162,False,0.2102997448979592,0.8457508731082655,2,b1564fdf-53a6-4629-9253-431690f09c3a,p5head_ex,2,447028.86502196634
0.9423414750314353,0.9638862828443964,False,0.19432281845382104,0.06248007015306122,False,0.38295200892857145,0.9920255183413078,2,b1831e52-f668-47a9-a900-f42924698045,p5head_ex,1,447028.86502196634
0.6620015011438458,0.549227681954093,False,0.0798235478684685,0.05317283163265306,False,0.42428651147959184,1.0,2,b18b104d-6a96-4402-9e0f-64ca63b4f1ec,p5head_ex,1,447028.86502196634
0.9720253383460157,0.9664616576457625,False,0.1310335271953014,0.029336734693877552,False,0.3069395727040816,1.0,2,b1a24561-8456-4032-9ad4-23a6d5a2b999,p5head_ex,1,447028.86502196634
0.76103698100093,0.6534458920698272,True,0.2869801989361552,0.1857063137755102,False,0.6400271045918368,0.9967804249839022,2,b1e65c1c-79cc-4b8b-920e-c972bc296790,p5head_ex,2,447028.86502196634
0.7626111627324325,0.8038113107568128,True,0.1923232928705615,0.0901626275510204,False,0.42476482780612246,0.9615384615384616,2,b20c86c3-84f9-466a-a405-a0cd7207a84e,p5head_ex,2,447028.86502196634
0.7232824690418426,0.7831121584226804,False,0.26251524677324445,0.15507413903061223,False,0.3669284119897959,0.9408816347513174,2,b2314db2-44f7-4fea-9a4a-a0d22f518ac6,p5head_ex,3,447028.86502196634
0.8411727940553446,0.9098266848715539,True,0.2424288795807083,0.08936543367346939,False,0.4553372130102041,0.8652988403211418,2,b2368b39-bba3-4458-87ed-70c19cc5917f,p5head_ex,1,447028.86502196634
0.9584563205656087,0.899804324018061,True,0.2739133952888797,0.0694156568877551,False,0.21010044642857142,0.9804766006316394,2,b24f4b3e-6e1b-4824-af10-270ec5093de3,p5head_ex,1,447028.86502196634
0.9939516817920169,0.9902876227748648,True,0.3329769540281483,0.06255978954081633,False,0.6275111607142857,0.9964956992672825,2,b2592a14-6876-4e33-a1c3-ab09cd7c774f,p5head_ex,1,447028.86502196634
0.6759237724680923,0.6750158490368479,True,0.26409686281147987,0.1572265625,False,0.3992944834183674,0.8933958676638357,2,b261b9bd-4ff0-4fb9-a1f4-c7d44a2e45c9,p5head_ex,2,447028.86502196634
0.9644113076315629,0.9774034749600244,True,0.23010031198886916,0.06010841836734694,False,0.310546875,0.6919761273209549,2,b267ae3f-b52c-403c-be9d-c8ac9070020e,p5head_ex,1,447028.86502196634
0.9220340700005405,0.7390550143209681,True,0.36218096465190314,0.15043048469387754,False,0.13327088647959184,0.5812135665076842,2,b2d2dacc-918c-4962-9631-3fcc7e94fe16,p5head_ex,2,447028.86502196634
0.7219523848132995,0.7269197555356551,True,0.1734109117983335,0.06913663903061225,False,0.38807397959183676,0.9685788411646008,2,b2f5b10a-917c-4080-8046-ec1c9fb9cb39,p5head_ex,2,447028.86502196634
0.5674483433724562,0.5975765208627293,False,0.020813010526459477,0.062400350765306124,False,0.4577686543367347,0.9980836793356755,2,b2fca33f-a7d4-4a8e-a6fe-2fcc48b7d1d9,p5head_ex,2,447028.86502196634
0.9672745735082514,0.9649223206449974,False,0.1911724489719707,0.04472257653061224,False,0.2710060586734694,0.8114973262032086,2,b31ed450-b8e6-4339-8283-dbb754a9094e,p5head_ex,1,447028.86502196634
0.6833976577256844,0.6744975646527508,True,0.3835239770237931,0.21861049107142858,False,0.34941007653061223,0.9362749566961437,2,b329ead1-3d20-43af-b0d9-bc4e98ec2239,p5head_ex,2,447028.86502196634
0.4658323690540896,0.46475822141663214,False,0.00035095215002473664,0.0450813137755102,False,0.3804209183673469,0.8395225464190982,2,b3406349-2336-4782-8f9a-dd2e2f731d7b,p5head_ex,1,447028.86502196634
0.9030124070620419,0.8954721260475306,False,0.2331057585662004,0.09500558035714286,False,0.3119618941326531,0.8032305433186491,2,b344e7ac-52f9-418c-a5a1-bba1f5b543bf,p5head_ex,2,447028.86502196634
0.9010190042366482,0.6660541382392322,True,0.23440708774253416,0.12049585459183673,False,0.26582429846938777,0.9793251736685412,2,b359c695-5814-4c1e-a7c0-200509182a4f,p5head_ex,2,447028.86502196634
0.6955117200339686,0.6772575483069424,False,0.19682543712274223,0.07463727678571429,False,0.34408880739795916,0.9743658210947931,2,b37c8b1c-335f-446e-a93a-34bc910dbb7d,p5head_ex,2,447028.86502196634
0.4522843060100236,0.4866212792906903,False,0.0,0.03766741071428571,False,0.4133450255102041,0.9481481481481482,2,b39fd1cb-b769-453b-84c9-3412d8d1138a,p5head_ex,1,447028.86502196634
0.8729470631521461,0.8076824970179373,True,0.3645251939641267,0.14528858418367346,False,0.30295360331632654,0.8119341563786008,2,b3cbe758-859f-4ace-8968-4953ca48dfc7,p5head_ex,2,447028.86502196634
0.5,0.5,False,0.0,0.052614795918367346,True,0.3583187181122449,0.9837121212121213,2,b3e5becd-9009-4981-82ab-bbf28f4a834b,p5head_ex,1,447028.86502196634
0.710588521102228,0.5965637408141716,True,0.3519771748557613,0.25370695153061223,False,0.2961575255102041,0.8714061272584446,2,b3ff1c40-552b-44f9-9cc9-4362905f5eef,p5head_ex,2,447028.86502196634
0.5,0.5,False,0.0,0.049525669642857144,True,0.2624561543367347,0.6313883299798793,2,b3ffee84-ce9e-43e5-879a-86fef0e875a2,p5head_ex,2,447028.86502196634
0.8773085200731865,0.8511839144973585,True,0.4878581846922545,0.33779097576530615,False,0.3833705357142857,0.8685468169213523,2,b402b80c-0be4-4c25-80be-d9ace219c83b,p5head_ex,2,447028.86502196634
0.8033021332598099,0.757021201362933,True,0.40734777901388125,0.2733577806122449,False,0.42550223214285715,0.9231554389034704,2,b457ca36-8d41-4382-8488-b74f944e8a6e,p5head_ex,2,447028.86502196634
0.8561568537359874,0.7662416615940771,True,0.4389245642201389,0.26171875,False,0.32997847576530615,0.8272921108742004,2,b468a5c0-3e86-46d9-84f1-8a0dea47c854,p5head_ex,2,447028.86502196634
0.7739328432791643,0.7207869657387879,True,0.3620790053654555,0.17695711096938777,False,0.34883211096938777,0.8699177835341818,2,b479635e-4c58-4d27-879b-fb0e87b2a1aa,p5head_ex,2,447028.86502196634
0.5,0.5,False,0.0,0.07427853954081633,True,0.3699976084183674,0.9892675073785887,2,b47a751f-a3d5-4c63-a738-ca2b7761c58a,p5head_ex,2,447028.86502196634
0.942238465169623,0.8839537454783372,False,0.08335505461840848,0.01721938775510204,False,0.33085538903061223,1.0,2,b4857f8b-e6af-44da-84d3-ba3608ca7cb2,p5head_ex,1,447028.86502196634
0.5,0.5,False,0.0,0.025111607142857144,True,0.2977917729591837,0.6706349206349206,2,b489923b-d8be-4e8d-8620-bea0343a2f67,p5head_ex,1,447028.86502196634
0.774646336206853,0.6489071595132898,True,0.4432644820902813,0.25647720025510207,False,0.2755500637755102,0.7386743336700599,2,b4989ff4-3c1f-4de9-8df1-cd50c211273a,p5head_ex,2,447028.86502196634
0.849510126840191,0.8878268974873158,True,0.2352505379886087,0.09620137117346939,False,0.48690609056122447,0.8877149368137559,2,b4ad7f93-d7fc-4c48-a164-8da23cb88cc1,p5head_ex,2,447028.86502196634
0.8024718897253502,0.7512122139857911,False,0.20656063401994473,0.09159757653061225,False,0.2919124681122449,0.6523063533507397,2,b4ae5b1d-2d5e-422a-9388-36f4645d21c7,p5head_ex,2,447028.86502196634
0.7636364305094221,0.6167387716618188,True,0.45798463620264185,0.24334343112244897,False,0.3622249681122449,0.8977067977067977,2,b4bc431b-d3f5-488a-9eab-3347264e2141,p5head_ex,2,447028.86502196634
0.8818699248149953,0.8288434235191983,True,0.23705693943066633,0.10524952168367346,False,0.3294204400510204,0.8668812724862716,2,b5017804-ddc0-44fa-8d64-15628c25e031,p5head_ex,2,447028.86502196634
0.9723107698860711,0.9775445584198686,True,0.23612519032979665,0.053810586734693876,False,0.28551498724489793,0.7759259259259259,2,b50cbd3a-14cb-46bf-aaff-ae2cdaeef739,p5head_ex,1,447028.86502196634
0.6780703480434748,0.6437032665372664,True,0.551124897048364,0.4709422831632653,False,0.5257892219387755,0.870207363520948,2,b524542b-1779-4871-9574-7ff72b296503,p5head_ex,2,447028.86502196634
0.7433277290121857,0.7117316239729127,True,0.4236949093557843,0.2603236607142857,False,0.3265904017857143,0.8371612310519063,2,b52a0018-ca5a-4e53-ab33-b9259b4e6271,p5head_ex,2,447028.86502196634
0.829419961255058,0.7952659709476421,False,0.10058091446191877,0.03892299107142857,False,0.3171436543367347,1.0,2,b53bf210-ecc9-4f18-a42f-dfcb87fe1c24,p5head_ex,1,447028.86502196634
0.5,0.5,False,0.0,0.02285953443877551,True,0.3328882334183674,1.0,2,b54c5581-bb40-4c19-9d5a-3be944ef8132,p5head_ex,1,447028.86502196634
0.9922091863737356,0.9864107407212662,True,0.28168249760817954,0.0623405612244898,False,0.30514588647959184,0.9267902813299232,2,b565e2e7-cc3d-4fd3-8354-0ad7655f6200,p5head_ex,1,447028.86502196634
0.9089937190451818,0.8357245925471581,False,0.24692754285988583,0.1312579719387755,False,0.2347735969387755,0.8883996355906468,2,b58e15a4-085f-4d55-91e6-7d219ff570b5,p5head_ex,2,447028.86502196634
0.9899115352713806,0.9767421109866372,True,0.21065972845090591,0.0439453125,False,0.3198939732142857,0.9981859410430839,2,b59e042d-0ec6-455a-82c8-658ccb24e614,p5head_ex,1,447028.86502196634
0.7229127577955311,0.6366828135638458,True,0.4367614683312946,0.20519770408163265,False,0.31409438775510207,0.8062354312354313,2,b5c3e1a0-d4ba-413f-b571-809ee8aedf19,p5head_ex,2,447028.86502196634
0.9817949021049399,0.9749725575153669,True,0.34970846182657866,0.103515625,False,0.23977598852040816,0.8617635733538699,2,b606ef06-60ed-48b2-b450-b689fee2097a,p5head_ex,1,447028.86502196634
0.8512043020453848,0.8389076030770335,True,0.262912033947798,0.15615035076530612,False,0.3028938137755102,0.8656030631780472,2,b60b8b4f-2130-42a6-b476-d9e1d80e3ad8,p5head_ex,2,447028.86502196634
0.9337228871803144,0.8715435930977644,True,0.34633297336367225,0.16545758928571427,False,0.38919005102040816,0.9884365213201638,2,b61d9cc8-6726-44a7-8897-c6c5c7c3ad5e,p5head_ex,2,447028.86502196634
0.49660738618865563,0.3735759894828274,False,0.004990213993943504,0.028280452806122448,False,0.26859454719387754,1.0,2,b6271674-f13d-4087-ae03-d6ae35381dfc,p5head_ex,1,447028.86502196634
0.9811267124737628,0.956661729614087,True,0.273031185690162,0.08083545918367346,False,0.3139150191326531,0.998767258382643,2,b75a77fe-d336-4c9f-994f-3d158521fa28,p5head_ex,1,447028.86502196634
0.8846599956412269,0.7833466514761824,True,0.334242516825937,0.1759406887755102,False,0.27754304846938777,0.8785681921159946,2,b75aac14-6da7-4b40-9e68-674f50c98a3a,p5head_ex,2,447028.86502196634
0.4423942394239424,0.471078856152513,False,0.0,0.07003348214285714,False,0.34452726403061223,0.9786568013659647,2,b7d63692-4cef-440d-a07d-49ceca4724ae,p5head_ex,2,447028.86502196634
0.7657104759788619,0.6477263651301342,True,0.45645226083721246,0.26405054209183676,False,0.4353874362244898,0.9534304475809495,2,b7f73ec9-32a6-4b6d-8cf7-0ea7af92db07,p5head_ex,2,447028.86502196634
0.5797498028013577,0.6793452614852532,False,0.21757043457733086,0.25231186224489793,False,0.3295798788265306,0.8191153238546603,2,b7fd3d35-e5a4-484c-9f2a-83a72cb88d2b,p5head_ex,2,447028.86502196634
0.7249948302538279,0.6737649752862677,True,0.5173274197125236,0.32637117346938777,False,0.307796556122449,0.7645945285784074,2,b7fe2048-abe7-4f69-b82a-ed93c354a8aa,p5head_ex,2,447028.86502196634
0.8343107029191875,0.7817973968998536,True,0.32267199070495217,0.16721141581632654,False,0.2993662308673469,0.8746126340882002,2,b7fecc2a-df32-457b-bfa7-141769dd48e7,p5head_ex,2,447028.86502196634
0.9600466372572327,0.94686096876973,False,0.06762723726384146,0.016063456632653062,False,0.35287786989795916,1.0,2,b8131ece-c783-4814-9ce7-c0edfc2c9c64,p5head_ex,1,447028.86502196634
0.9350568674647257,0.9046517688737066,True,0.3553219398654762,0.09054129464285714,False,0.3384486607142857,0.8542813119084306,2,b829458e-0a00-4d7f-9b19-0efd59f2cd7a,p5head_ex,1,447028.86502196634
0.7681676247045398,0.758553979565726,True,0.33486405510359873,0.20196906887755103,False,0.4170519770408163,0.8900730215117426,2,b87a09c7-b7fa-4869-b7aa-0b2a395a4215,p5head_ex,2,447028.86502196634
0.9104759918784777,0.844258618189727,True,0.2483191174141372,0.03515625,False,0.3044483418367347,1.0,2,b8834f0f-8ea8-4ceb-8ce5-d5dcb9569fb4,p5head_ex,1,447028.86502196634
0.5503575781260152,0.4983919146815556,True,0.3720831426341544,0.3329280931122449,False,0.368343431122449,0.8293325351691111,2,b8a2e49e-c1fc-4a78-96dd-0ee4f835eaaa,p5head_ex,2,447028.86502196634
0.9104296642650084,0.8623541851008647,True,0.19495666279306464,0.07684948979591837,False,0.21611926020408162,0.9260892116182573,2,b8c6fd19-ac22-441f-8d13-d7433934baf2,p5head_ex,2,447028.86502196634
0.7126069746354989,0.6901893158276003,True,0.21612007307044723,0.07991868622448979,False,0.3773915816326531,0.9341645885286783,2,b8eef91b-bbe7-443c-9e05-b756108d7344,p5head_ex,2,447028.86502196634
0.5,0.5,False,0.0,0.08522002551020408,True,0.24428013392857142,0.9438727782974743,2,b950ffe8-3423-46ea-b4dc-14064fa60587,p5head_ex,2,447028.86502196634
0.5932930084578181,0.6264446466705909,True,0.5120184451430371,0.2995655293367347,False,0.4807676977040816,0.8230323997072716,2,b9597e03-5069-42d8-b9f4-24d30086c5ab,p5head_ex,2,447028.86502196634
0.6982603365643788,0.6543660390590497,True,0.2853324854989356,0.16157126913265307,False,0.3743223852040816,0.8796102133958308,2,b97b78b8-bcb0-4694-aa55-d3ca9c4396df,p5head_ex,2,447028.86502196634
0.5574576557683272,0.5716461206569761,False,0.19606926265975874,0.18160076530612246,False,0.5502630739795918,0.9410667251975418,2,b997fc0a-eb76-40c3-8924-4b2ecf0d49a6,p5head_ex,2,447028.86502196634
0.5,0.5,False,0.0,0.0673828125,True,0.3425342793367347,0.9571132800946466,2,b9adb158-7467-4c25-90a8-a356b2dc1b06,p5head_ex,1,447028.86502196634
0.700071401710548,0.5909516558143189,True,0.32313923446231596,0.22568558673469388,False,0.24424027423469388,0.7737548569410102,2,b9b618f9-89f8-4a4d-8eff-ccbf4bef0b16,p5head_ex,2,447028.86502196634
0.6395231930296351,0.4445964322323848,False,0.2703638269003189,0.20647321428571427,False,0.30098054846938777,0.9163127413127413,2,b9c412cd-9953-427b-97fc-e97cfbd1b465,p5head_ex,2,447028.86502196634
0.7919329029177232,0.7567443441981073,True,0.38752759937001713,0.2476482780612245,False,0.24123086734693877,0.7711250603573153,2,b9cd73cb-2dfc-4c9b-9ea0-61c0d0b10a87,p5head_ex,2,447028.86502196634
0.7845237860397455,0.7012476350833997,False,0.25535207704485474,0.1311981823979592,False,0.20693160076530612,0.8635880297736594,2,b9e89b84-5cb2-4005-b654-a3e13c544923,p5head_ex,2,447028.86502196634
0.8794519885722142,0.6423734720553813,True,0.3030752955715485,0.1677295918367347,False,0.2751514668367347,0.9388070342205324,2,ba07114f-788c-4779-98cd-1190bfb6bdc2,p5head_ex,2,447028.86502196634
0.9658114559731311,0.9141331610608392,False,0.13824557331840834,0.031090561224489797,False,0.36094945790816324,1.0,2,ba14333d-9629-4a0f-9517-b5899fecbe89,p5head_ex,1,447028.86502196634
0.7895487118877896,0.7586925572650075,True,0.1469338178548913,0.0673828125,False,0.27893813775510207,0.8742975451049986,2,ba1e3912-82c7-4e15-9c46-46fbf780b2d9,p5head_ex,2,447028.86502196634
0.754505817825612,0.6096439903729681,True,0.39511351516416754,0.24469866071428573,False,0.2692323022959184,0.8231796709561818,2,ba3766e2-8065-45ab-a8a3-a5e5d81d5c15,p5head_ex,2,447028.86502196634
0.6489261270116081,0.6000528314461991,True,0.3737050527292584,0.14030612244897958,False,0.2937858737244898,0.9123579545454545,2,ba452891-fb43-48bf-9019-855556b48f91,p5head_ex,2,447028.86502196634
0.7361489961098828,0.733797571104629,True,0.4603026453710655,0.3401626275510204,False,0.42420679209183676,0.8706351066322944,2,ba5c9439-e386-4cea-90bf-643272f3b822,p5head_ex,2,447028.86502196634
0.7914284648446979,0.8016926758986364,True,0.408911253733283,0.270687181122449,False,0.33510044642857145,0.8115888676189074,2,bac6c0e9-9e87-4d76-92a6-e9b0b11983e9,p5head_ex,2,447028.86502196634
0.9627466396037943,0.9285562436565999,True,0.23447881485509256,0.0556640625,False,0.4102160395408163,1.0,2,baf8fe18-a7ca-4e9c-b3dc-5c80d474545b,p5head_ex,1,447028.86502196634
0.5546103272532993,0.532979488519371,False,0.2102756486214769,0.19567123724489796,False,0.3227638711734694,0.7860052963943777,2,bb3857ed-9f85-4afc-96ee-c8b6b637490c,p5head_ex,2,447028.86502196634
0.890251202328174,0.9394422577565014,True,0.3480871329784752,0.14301658163265307,False,0.36146763392857145,0.8124303232998885,2,bb4074e6-6327-44cd-b356-9ad42342e076,p5head_ex,2,447028.86502196634
0.7223911100029515,0.6556647572573326,True,0.45217121684937467,0.30725845025510207,False,0.37978316326530615,0.8805863657002011,2,bb50d849-8c22-4e5a-8607-a14c01772941,p5head_ex,2,447028.86502196634
0.9428935445716529,0.9714344281046146,False,0.1549187053520129,0.04197225765306122,False,0.27796157525510207,0.6244064577397911,2,bb65756f-f78d-412a-b5e6-c7fe81c9eb4b,p5head_ex,1,447028.86502196634
0.8381896174364009,0.6986373936013958,True,0.12764038182993465,0.048728475765306124,False,0.19483418367346939,0.9995910020449897,2,bbadc8c2-77eb-420e-af31-a238a11856e8,p5head_ex,2,447028.86502196634
0.8544880430408067,0.7900496424596611,True,0.2674009458452172,0.0918765943877551,False,0.373226243622449,1.0,2,bbcf427f-7155-4a51-b4f9-0797380e8e58,p5head_ex,2,447028.86502196634
0.5707708734542779,0.6467208467208467,True,0.3199411880613618,0.22409119897959184,False,0.38871173469387754,0.9284062611170402,2,bbd92872-acee-4b27-98b7-07faa4e90919,p5head_ex,2,447028.86502196634
0.8874444350880044,0.7418719249618162,True,0.4642252806039494,0.26486766581632654,False,0.3101283482142857,0.8563581640331076,2,bbe162a9-d342-4bd1-a1b5-287916470250,p5head_ex,2,447028.86502196634
0.5,0.5,False,0.0,0.08872767857142858,True,0.341617506377551,0.5918688230008985,2,bc03768e-ae96-4627-b65a-4458abc9ca62,p5head_ex,2,447028.86502196634
0.8514322115150975,0.776625010887888,True,0.29656725603037665,0.10522959183673469,False,0.39042570153061223,0.9517045454545454,2,bc376e0b-3c4f-414c-b2e7-1a085e87976a,p5head_ex,1,447028.86502196634
0.4599799899949975,0.5,False,0.0,0.043845663265306124,False,0.36439732142857145,0.9186363636363636,2,bc43dbd7-03e5-450d-aa3c-d0efed12a8f9,p5head_ex,1,447028.86502196634
0.3288840442598001,0.4848343944488161,False,0.0,0.030970982142857144,False,0.3095703125,1.0,2,bc6dbf80-6754-4d9e-8bd8-2c225594cf7c,p5head_ex,1,447028.86502196634
0.4693567579362046,0.5915894731921032,False,0.0033935609241053395,0.0302734375,False,0.3213687818877551,0.9986833443054641,2,bc84827e-f1af-43c8-a787-961139eb9940,p5head_ex,1,447028.86502196634
0.8812738371250012,0.7831766442526916,True,0.48836528590437783,0.22313456632653061,False,0.27558992346938777,0.8321722043586995,2,bc98df56-4ee4-48a7-b8ad-d54f814cc806,p5head_ex,2,447028.86502196634
0.6863293954109766,0.6085769174690372,True,0.18083937858397844,0.10044642857142858,False,0.2963767538265306,0.7876984126984127,2,bca2cc4f-0482-4a86-9bee-2ed85b8dbd75,p5head_ex,2,447028.86502196634
0.9854991665860874,0.981482367405631,True,0.575057157796696,0.10056600765306123,False,0.2190888073979592,0.8686087990487514,2,bca35324-a10c-435e-8af3-c14753706834,p5head_ex,1,447028.86502196634
0.5,0.5,False,0.0,0.17506377551020408,True,0.30855389030612246,0.9151867030965392,2,bcaa09e2-c80d-40b6-b3e7-73edd34cf994,p5head_ex,2,447028.86502196634
0.7949446601207597,0.7073301485069644,True,0.5184329545253629,0.33482142857142855,False,0.39317602040816324,0.830654761904762,2,bcbf06b4-ed44-48aa-a498-a7147c063d4d,p5head_ex,2,447028.86502196634
0.9449362709156474,0.9115149946418186,False,0.04590286409047058,0.01287468112244898,False,0.2629344706632653,1.0,2,bcc62394-8f62-47a6-a67a-316558298c49,p5head_ex,1,447028.86502196634
0.7916291003020018,0.6823045504105761,False,0.2756954729673264,0.13675860969387754,False,0.25912786989795916,0.9443310988050131,2,bcfbbdcc-f648-4e72-931b-1747f502eb35,p5head_ex,2,447028.86502196634
0.5345949315449665,0.5570734232403338,False,0.04967633263805181,0.1096938775510204,False,0.2735172193877551,0.8039607558139535,2,bd25f8f0-311f-4373-af5f-25ad7e140344,p5head_ex,2,447028.86502196634
0.7416743959106548,0.5551019176374716,True,0.3126396781196624,0.1904894770408163,False,0.2778220663265306,0.9069889098137686,2,bd8facb9-dce0-4048-8249-e6078b28e1b7,p5head_ex,2,447028.86502196634
0.6626312104906097,0.6804436660720017,False,0.2324813623405183,0.07952008928571429,False,0.39710220025510207,0.8032581453634086,2,bd912d93-28c5-47df-8971-8ca9bbc1feb9,p5head_ex,2,447028.86502196634
0.8781519531132241,0.7254922943436943,True,0.468068334454611,0.24637276785714285,False,0.3915218431122449,0.9661867011810387,2,bda0d7f6-9d6d-43ba-8840-e467933dea68,p5head_ex,2,447028.86502196634
0.8459208718673256,0.5921065458869587,True,0.38993943733366604,0.20316485969387754,False,0.24035395408163265,0.7879144594859722,2,bdef94bc-4e2e-4df3-b06e-126aed15846a,p5head_ex,2,447028.86502196634
0.5810021617988163,0.5301426682647089,True,0.222748085622821,0.12653459821428573,False,0.2753109056122449,0.8127264136084422,2,bdf0efcb-841f-442b-b1eb-3d4f9b2d959e,p5head_ex,2,447028.86502196634
0.7553102859339657,0.7676740022824167,True,0.5564414113277417,0.32950015943877553,False,0.4934032206632653,0.8801185507772334,2,be52ff75-00b4-41a1-80ba-52bdeb8a5902,p5head_ex,2,447028.86502196634
0.8790485473349339,0.7287755320474073,True,0.3650122495859286,0.1956513073979592,False,0.3109654017857143,0.8489355200162982,2,be5d92d6-f2b3-483c-842c-aff4571ee8a7,p5head_ex,2,447028.86502196634
0.8309716293563408,0.8728212948225613,True,0.34921571022706277,0.15806361607142858,False,0.39608577806122447,0.8968604211322658,2,be910d75-76cd-40ad-8b4e-07ab616b43c1,p5head_ex,2,447028.86502196634
0.4662743720358335,0.48492996083117573,False,0.0,0.09231505102040816,False,0.3901466836734694,0.9743091537132987,2,bea7dfb0-2138-4434-977f-1ee4a6428941,p5head_ex,2,447028.86502196634
0.7656979096193065,0.8781200769142989,True,0.33829553057202727,0.1880779655612245,False,0.4229711415816326,0.8387199321818375,2,bebdcf14-c068-400b-b006-9d4169e18fb1,p5head_ex,2,447028.86502196634
0.6580765577290788,0.6295799662180814,True,0.423541855462075,0.2768455038265306,False,0.4557358099489796,0.9205960693974515,2,beda2f7c-82fe-4297-916b-e22979da3461,p5head_ex,2,447028.86502196634
0.46813806837039496,0.46749448868493276,False,0.0,0.0392219387755102,False,0.48220264668367346,1.0,2,bee9c557-4bce-435f-8de8-bfb37663ccc6,p5head_ex,1,447028.86502196634
0.7268553171360548,0.6546028394010067,False,0.1750677542657818,0.07700892857142858,False,0.25173389668367346,0.9961180124223602,2,bf02deef-f65f-41ac-a126-48a4740e161e,p5head_ex,2,447028.86502196634
0.7571262794897753,0.6190069512042805,True,0.26287745929862943,0.15174585459183673,False,0.30825494260204084,0.9787234042553191,2,bf11da89-d0f0-4c1b-b486-d82bbcb91ed4,p5head_ex,2,447028.86502196634
0.791882130787246,0.5915580187765462,True,0.35645218693954245,0.21781329719387754,False,0.3285634566326531,0.9738310915911794,2,bf1e2342-1f62-4f96-a616-e0a279d9ba42,p5head_ex,2,447028.86502196634
0.5,0.5,False,0.0,0.04663584183673469,True,0.3469188456632653,0.7760683760683761,2,bf4ba376-dfef-4d19-bbd6-923325b58eb1,p5head_ex,1,447028.86502196634
0.824612616966423,0.6821166602177331,False,0.2276134676034157,0.10367506377551021,False,0.278140943877551,0.7083813917723952,2,bf5255f6-1130-444c-957b-b2ef01d01167,p5head_ex,2,447028.86502196634
0.7386882199872492,0.6407188784906469,False,0.07158405085300502,0.052734375,False,0.3193957270408163,0.6594860166288737,2,bf6071e6-0a92-4896-83bf-f0f24cd1b4d6,p5head_ex,1,447028.86502196634
0.984251090063685,0.9889324554305915,True,0.18975472589573122,0.05580357142857143,False,0.35281808035714285,0.9432142857142857,2,bf8609b1-a24f-4129-855e-fe3a0862da91,p5head_ex,1,447028.86502196634
0.33283928608445096,0.31072145033063375,False,0.0,0.038564253826530615,False,0.3068000637755102,1.0,2,bf9254b2-2d3a-444a-8dae-a27f02b0e9ef,p5head_ex,1,447028.86502196634
0.7815765000724516,0.7055900828044679,True,0.312409884825727,0.14255819515306123,False,0.30855389030612246,0.9937089333146931,2,bfb26523-d1cf-4876-8ca7-23f7050a6f76,p5head_ex,2,447028.86502196634
0.6579208356717182,0.6863644395199473,True,0.2821890445148791,0.10198102678571429,False,0.4514708227040816,0.8757084229040454,2,bfb32559-717d-4a13-81b9-1b9fa902f4f2,p5head_ex,2,447028.86502196634
0.8267836643637434,0.7612008996934315,True,0.28770908474360585,0.10566804846938775,False,0.34215561224489793,0.7927197284043757,2,bfbbedfe-0ab1-42bd-ac7f-e67b2a8e842a,p5head_ex,2,447028.86502196634
0.7812115846405955,0.8113821433246987,True,0.25190065894997765,0.13161670918367346,False,0.3559072066326531,0.9600242277407631,2,bfe41d70-219e-478e-85ba-9c8226b572f4,p5head_ex,2,447028.86502196634
0.45551114393708997,0.4741909152021512,False,0.0,0.08254942602040816,False,0.4920679209183674,0.932882665379044,2,c00bf44e-5b65-470d-8ddb-b704e630bd5e,p5head_ex,2,447028.86502196634
0.8552307024342715,0.7358487874450719,False,0.027009599256094786,0.009626116071428572,False,0.4203603316326531,1.0,2,c059ced8-e99a-4fff-a734-b01cae2491bb,p5head_ex,1,447028.86502196634
0.766390120369961,0.8961995518731158,True,0.16190399409444114,0.07102997448979592,False,0.2844786352040816,0.6725589225589226,2,c060c23e-dff3-4cbd-b823-b8e70b80b2b4,p5head_ex,2,447028.86502196634
0.43499106127092474,0.4594065526478467,False,0.0,0.018973214285714284,False,0.2948421556122449,0.24684873949579833,2,c09b4889-d8d1-4690-806e-dfada1f79e0b,p5head_ex,1,447028.86502196634
0.5,0.5,False,0.0,0.16448102678571427,True,0.5090880102040817,0.9239064582576033,2,c106ddba-42f7-440c-9ba9-f3fa6692f06f,p5head_ex,2,447028.86502196634
0.8357227713077086,0.7207814096579412,True,0.25793301137887226,0.08551897321428571,False,0.32944036989795916,1.0,2,c1ffc793-0e31-4396-a0fc-6f7f6cccb28b,p5head_ex,2,447028.86502196634
0.6927718253505238,0.5372945472541315,False,0.09589034677311202,0.06903698979591837,False,0.2838807397959184,1.0,2,c2016b1b-e24d-4eaf-af0f-14cf6f0bd9ad,p5head_ex,2,447028.86502196634
0.9014706232804398,0.8182042708140521,True,0.10733071261880642,0.03677056760204082,False,0.1934191645408163,0.9528455284552846,2,c208db34-d893-4a2b-9cf2-45490f5b78a3,p5head_ex,2,447028.86502196634
0.754003506588963,0.7768286318304958,True,0.3368521651216805,0.2255062181122449,False,0.26624282525510207,0.7542200618647813,2,c2096643-ac3f-4867-880d-63b8370c6ade,p5head_ex,2,447028.86502196634
0.8907105835768693,0.7509796753192105,True,0.3829507163128786,0.21552136479591838,False,0.34530452806122447,0.920288514888108,2,c21157da-1f74-4966-ba4e-c144d8f5da2d,p5head_ex,2,447028.86502196634
0.48052032764944713,0.523127311039211,False,0.014714123923552234,0.030253507653061226,False,0.38522401147959184,0.8656126482213439,2,c2974ad2-07ba-4353-9172-1375acd88d9a,p5head_ex,1,447028.86502196634
0.5598439141651049,0.46312971161268396,False,0.06795603935108718,0.07025271045918367,False,0.3676857461734694,0.7679432624113475,2,c33d14fe-bae6-458c-b6d8-b36fce161298,p5head_ex,1,447028.86502196634
0.47624840212774733,0.5,False,0.0,0.0333625637755102,False,0.4183872767857143,0.8554360812425329,2,c3670fac-87af-4e1b-a1d4-3181427a60fc,p5head_ex,1,447028.86502196634
0.771424331329199,0.5890104647184493,False,0.3672388615815424,0.2101203762755102,False,0.3306162308673469,0.9350279806506687,2,c3678e72-ceb4-42d0-8e44-5a4de7ebfccb,p5head_ex,2,447028.86502196634
0.7245364931065023,0.714239150834213,True,0.26381650499726017,0.12432238520408163,False,0.31253985969387754,0.895639628085925,2,c37d38fe-a11e-453a-88a5-5d919bf9f760,p5head_ex,2,447028.86502196634
0.5,0.5,False,0.0,0.06626674107142858,True,0.2954001913265306,0.9876691729323308,2,c391591b-0083-4063-a485-69b0c7e02ebe,p5head_ex,2,447028.86502196634
0.8927498288146433,0.8929794825254467,False,0.23551344093321672,0.07270408163265306,False,0.22443000637755103,0.9473684210526315,2,c3a9863a-cbd5-44b9-975a-5978943490aa,p5head_ex,1,447028.86502196634
0.8260906098352325,0.3812722813921181,True,0.4353830902047061,0.23881935586734693,False,0.22975127551020408,0.7380455645497789,2,c422054e-4ce3-46ff-a45c-1a6c243236c7,p5head_ex,2,447028.86502196634
0.5898335197945537,0.5489469315548461,False,0.05196555800503187,0.06409438775510204,False,0.3352598852040816,0.9710820895522388,2,c4528f64-a6a4-4a65-bf14-1f234871cf30,p5head_ex,2,447028.86502196634
0.7559289338922915,0.7135839072716266,False,0.3774072918561135,0.2580516581632653,False,0.2862922512755102,0.8532591906085882,2,c47fa422-bd5e-43c5-b62d-771edcb4c617,p5head_ex,2,447028.86502196634
0.9925875635931283,0.9789201652559101,True,0.15919145444393218,0.03826530612244898,False,0.3243383290816326,1.0,2,c533a5ed-72a3-45bf-bae3-1ed9595a9bcd,p5head_ex,1,447028.86502196634
0.8693784960950873,0.6574596212812601,True,0.4775415409859881,0.2902782206632653,False,0.32067123724489793,0.8363886028149674,2,c5a8e91a-2d40-4355-91af-73abf5f0fdf1,p5head_ex,2,447028.86502196634
0.7324199074687885,0.5787057851389211,True,0.4849219500499817,0.3015186543367347,False,0.28061224489795916,0.7330292815123273,2,c696ab08-acf1-409e-86ef-1e1ac9bc73d3,p5head_ex,2,447028.86502196634
0.9229432737111196,0.8912196441745528,True,0.29256675197993764,0.10869738520408163,False,0.2305285395408163,0.8573524019068574,2,c6c0ca1c-99d5-49a5-8291-9cf7331ea95d,p5head_ex,1,447028.86502196634
0.6954336498458408,0.5273118755067017,True,0.4474917647276487,0.29245057397959184,False,0.3090322066326531,0.8488483031211667,2,c762013e-3fd2-4301-9af3-9a3b10ad1fcd,p5head_ex,2,447028.86502196634
0.9583591782884073,0.9325380848418292,True,0.24610786318292344,0.11742665816326531,False,0.3192562181122449,0.8845892735913102,2,c7b46935-439f-47fb-8c7b-10d8079c2cda,p5head_ex,2,447028.86502196634
0.8203002548551965,0.6821842853340577,True,0.39284265387909834,0.24463887117346939,False,0.3180604272959184,0.8386965376782077,2,c7d389ff-e2e1-40ed-b940-aef09bae009a,p5head_ex,2,447028.86502196634
0.7049537644192091,0.6275925931800745,True,0.4530353077068619,0.32539461096938777,False,0.3838687818877551,0.8430820113921724,2,c85b9a9a-3ea9-44e8-bac3-8d9e07a73085,p5head_ex,2,447028.86502196634
0.990483465986156,0.9890891558147195,True,0.20232120554281935,0.052734375,False,0.27112563775510207,0.563869992441421,2,c87c655c-7aa0-475d-b764-8cf5831e1244,p5head_ex,1,447028.86502196634
0.8297597868210475,0.7152173998623608,False,0.08918599739869103,0.05313297193877551,False,0.3835499043367347,1.0,2,c89e8310-dc56-4606-ba30-126e1f5f13f5,p5head_ex,1,447028.86502196634
0.9443503237471705,0.8749469383791583,False,0.02977919353955213,0.007952008928571428,False,0.22399154974489796,1.0,2,c95d0325-9439-461e-8ea3-24d3dd63a5f0,p5head_ex,1,447028.86502196634
0.8105895940132394,0.7517680950839957,True,0.37453187107381675,0.19917889030612246,False,0.32987882653061223,0.9003402041224735,2,c96584fc-6d79-4c0d-ae59-ddee6436f1e9,p5head_ex,2,447028.86502196634
0.9604254519407783,0.9121888337022462,False,0.12354288470954028,0.03318319515306122,False,0.331851881377551,1.0,2,c98eb387-08eb-4a10-ad95-007e8c52c7bc,p5head_ex,1,447028.86502196634
0.9053874439141456,0.9078911753505996,True,0.32965398957058567,0.12013711734693877,False,0.42167570153061223,0.8642999336429993,2,c9e42d59-92ab-4e5f-a0fa-c728193684d4,p5head_ex,2,447028.86502196634
0.6396089317450878,0.5849928348413301,True,0.46553120551439586,0.36601163903061223,False,0.46779336734693877,0.8118704056629458,2,c9ef5f00-e918-46d6-897f-ee78fc1310d5,p5head_ex,2,447028.86502196634
0.5897716106786076,0.3468096994077551,False,0.035073166997640785,0.051658163265306124,False,0.32027264030612246,0.44560185185185186,2,cb8eb60c-ebe6-4d95-b740-61a7b2606af0,p5head_ex,1,447028.86502196634
0.5,0.5,False,0.0,0.20420121173469388,True,0.3815768494897959,0.9109896544993168,2,cbbcb63f-5fae-45cd-bf01-0785378682b0,p5head_ex,2,447028.86502196634
0.6105411894076532,0.6661116790537023,True,0.4832176660712813,0.38699776785714285,False,0.4330556441326531,0.8433927283963333,2,cbce283e-91f9-4418-90e7-9aafcd017e33,p5head_ex,2,447028.86502196634
0.9495428705793798,0.9456871987827004,True,0.4017666885367844,0.12167171556122448,False,0.3022560586734694,0.9097461097461097,2,cc382e8b-240e-4011-ad02-51e1308eb487,p5head_ex,1,447028.86502196634
0.9786343116620917,0.940183457930054,True,0.35796003455172015,0.058673469387755105,False,0.26016422193877553,0.8165760869565217,2,cc843bab-5068-4e18-a3fd-a597faea82df,p5head_ex,1,447028.86502196634
0.9147323170545728,0.7420654286410578,True,0.4737645465875323,0.27572943239795916,False,0.292789381377551,0.8644741597397904,2,ccb06817-dd39-47fc-a036-8e0104fd0cb8,p5head_ex,2,447028.86502196634
0.8299060588993203,0.8109996590104046,False,0.12837695302056784,0.06784119897959184,False,0.4661192602040816,1.0,2,ccb10edf-bdb8-4022-b6ce-c131dee4541b,p5head_ex,1,447028.86502196634
0.9839317724252142,0.9697527395449321,True,0.19204481569736365,0.05357142857142857,False,0.4270766900510204,0.8132440476190477,2,ccee103f-fd2f-44b1-a14d-5f78c7073868,p5head_ex,1,447028.86502196634
0.6965267770451316,0.6682000744704146,True,0.43281071716337777,0.28194754464285715,False,0.36324139030612246,0.7993920972644377,2,cd0ca2b5-ec57-41a9-864d-0aab3bf61848,p5head_ex,2,447028.86502196634
0.9187212220047686,0.9799544150357571,False,0.11168045657473151,0.03559470663265306,False,0.2631935586734694,0.7228443449048152,2,cd7ed4b2-eae7-4fef-ba8d-5c1825efc0f7,p5head_ex,1,447028.86502196634
0.8492139743180559,0.7411254284403038,True,0.40715026494560974,0.19192442602040816,False,0.43494897959183676,0.9312564901349948,2,cd928ddc-4bd4-4307-a659-4900fd70507e,p5head_ex,2,447028.86502196634
0.89342926478309,0.8857429620825423,True,0.4730317746732994,0.12986288265306123,False,0.3934749681122449,0.9515039901780233,2,cdcecbe8-45cd-42a5-a47d-d58bc638f937,p5head_ex,2,447028.86502196634
0.88359533053983,0.7654564173365402,True,0.40196622711800567,0.2313655931122449,False,0.3581592793367347,0.9647687139288483,2,ce8e0d85-44a8-4b05-b421-cc5c510aa7a5,p5head_ex,2,447028.86502196634
0.9754137321267053,0.9717958560196392,True,0.2825732901757884,0.10642538265306123,False,0.34964923469387754,0.9728464419475655,2,ce97b66d-f5d4-490e-8a6f-2b926011eae7,p5head_ex,1,447028.86502196634
0.8617790835231042,0.8252136919569322,True,0.4433779404891071,0.17482461734693877,False,0.2024872448979592,0.7538759689922481,2,cf8aa442-74cf-4610-8b1d-980d662bdcc4,p5head_ex,2,447028.86502196634
0.8368304734308206,0.7807157753194961,True,0.5121363094414042,0.28152901785714285,False,0.3044483418367347,0.7741752796262211,2,cf951660-886d-482d-99bf-2bdaedd5f4fd,p5head_ex,2,447028.86502196634
0.9468400837684479,0.8366690975446627,True,0.47042793368733415,0.2602638711734694,False,0.3027941645408163,0.7872731449575006,2,cf9c397a-14e3-4668-bfdd-b632a4b4e45a,p5head_ex,2,447028.86502196634
0.7969111591266135,0.6252394773199323,False,0.35957704302854787,0.2295719068877551,False,0.3158482142857143,0.8316694157478948,2,cfc035aa-7dc6-418a-a70d-21f0a924c6fb,p5head_ex,2,447028.86502196634
0.8293669863991369,0.8517345556988095,True,0.4232411038127671,0.20733019770408162,False,0.32674984056122447,0.7216187638181294,2,cfcfaa4a-9c58-4eec-bb63-708e2b25df16,p5head_ex,2,447028.86502196634
0.7357377976017639,0.5232262358894104,False,0.17681290208185987,0.1210140306122449,False,0.2066924426020408,0.7926548089591567,2,cfe768fc-4a0c-41fb-b3e3-86229e2cb94a,p5head_ex,1,447028.86502196634
0.7579220173679468,0.8255541618421929,True,0.2989037462268004,0.1410235969387755,False,0.3237404336734694,0.7771339739966082,2,d037df85-c86e-43cb-a14e-7bf57ee9b5ad,p5head_ex,1,447028.86502196634
0.8901060849168791,0.7525905493604175,True,0.29179494226128727,0.1307796556122449,False,0.2703882334183674,0.9702834501676318,2,d055f31c-04a0-49ea-b091-56e88b837f97,p5head_ex,2,447028.86502196634
0.8708132457153908,0.6735209011906047,False,0.30546727415024444,0.17141661352040816,False,0.22991071428571427,0.9016393442622951,2,d112ae38-3ba8-45e4-b3ca-19316b3cf787,p5head_ex,2,447028.86502196634
0.9804668056991347,0.9531311364343048,True,0.40866679867355094,0.07461734693877552,False,0.2820671237244898,0.7601495726495726,2,d16488a8-5cfd-4051-bb2c-d7f7c88009e2,p5head_ex,1,447028.86502196634
0.7123069934389609,0.711787295018787,True,0.41864219121071405,0.2976921237244898,False,0.33523995535714285,0.8382540001338957,2,d16d9a30-02f2-43e0-aa63-9a0e2a375913,p5head_ex,2,447028.86502196634
0.6533179767469008,0.440047051091593,True,0.47397304731948464,0.20264668367346939,False,0.24168925382653061,0.8357592446892211,2,d18f4964-da90-4c37-bb7b-4ce1b2bbb6af,p5head_ex,2,447028.86502196634
0.9822323679688312,0.9794154409650326,False,0.2247917445674388,0.05787627551020408,False,0.39114317602040816,0.8064738292011019,2,d20a1a10-d569-42f7-90e9-882f7331e3ff,p5head_ex,1,447028.86502196634
0.9856971107372364,0.9739439128520212,True,0.361413043652101,0.11838329081632654,False,0.34243463010204084,0.9057239057239057,2,d21e3291-a64b-405c-8a71-8fae7041b138,p5head_ex,1,447028.86502196634
0.8562772761566514,0.7864650556541207,True,0.3131962403872223,0.1424984056122449,False,0.32425860969387754,0.8297902097902098,2,d316817a-0747-4dfb-be81-fbf857439d42,p5head_ex,2,447028.86502196634
0.7957081442861976,0.744782612273728,True,0.6385247835242922,0.22700095663265307,False,0.26540577168367346,0.8233538191395962,2,d34b14ec-9bc4-4f71-b720-0ccb3ae58f84,p5head_ex,2,447028.86502196634
0.4571111309838391,0.28690925441359133,False,0.18118281308381196,0.2696906887755102,False,0.32521524234693877,0.838974283180609,2,d3a565b6-929e-4db1-8cc2-2b59e64860b5,p5head_ex,2,447028.86502196634
0.5604536096586563,0.5438621796079995,True,0.3784609054500407,0.311702806122449,False,0.38253348214285715,0.84923273657289,2,d3bc87ed-6343-4196-b277-e94b01f1da40,p5head_ex,2,447028.86502196634
0.5936513043610503,0.48695716137778855,True,0.40084862151047596,0.21711575255102042,False,0.275211256377551,0.855516798237562,2,d47f354b-d29d-48b9-9c54-07c1e981bef4,p5head_ex,2,447028.86502196634
0.9760655150954977,0.983998182005604,True,0.20486592586991342,0.055006377551020405,False,0.33109454719387754,0.8061594202898551,2,d4ca6e9e-68f7-4218-810c-a4bba17e37f7,p5head_ex,1,447028.86502196634
0.42817825041827845,0.1463054120558794,False,0.14078618037629842,0.18046476403061223,False,0.3068997130102041,0.5472114853672004,2,d55144f1-7b8b-424a-b460-5a7051abd301,p5head_ex,2,447028.86502196634
0.5384249673356031,0.5199192701269832,False,0.262837441967088,0.2663026147959184,False,0.3225845025510204,0.8894626552911241,2,d5555a76-3191-4a05-a1d9-3e11f4c8d045,p5head_ex,2,447028.86502196634
0.9913517840900994,0.9785589705257295,True,0.1490028320514601,0.018833705357142856,False,0.4145408163265306,1.0,2,d57b47b7-2324-4bdc-a0ee-27ad6925d9e0,p5head_ex,1,447028.86502196634
0.8351987197043177,0.8253710057085667,True,0.23671306063112763,0.08589764030612244,False,0.28292410714285715,0.902784222737819,2,d599cb5c-08fa-4366-bdf2-b06d1116cd59,p5head_ex,2,447028.86502196634
0.9961203558123694,0.9841596603308607,True,0.14001746838551513,0.03150908801020408,False,0.26841517857142855,1.0,2,d5e1c771-f2f2-4a2a-afbd-4b14b3198500,p5head_ex,1,447028.86502196634
0.9934133579192846,0.9666762653148485,True,0.09416975867570616,0.020228794642857144,False,0.21149553571428573,1.0,2,d759f178-2451-47bc-80c0-2efe67588693,p5head_ex,1,447028.86502196634
0.8987562438726705,0.8826914265438573,True,0.16922895017133593,0.0703125,False,0.31971460459183676,0.9951814058956916,2,d7ce9623-4433-4bd7-b8c2-a1d2e7ac49f5,p5head_ex,2,447028.86502196634
0.7752771114967286,0.6146554488428072,True,0.272949803594011,0.16547751913265307,False,0.358577806122449,0.9916897506925207,2,d85118d0-c7de-4397-a6da-b60ff8a249f0,p5head_ex,2,447028.86502196634
0.9883699753626262,0.9616257560041367,False,0.10621581143138215,0.028021364795918366,False,0.3212292729591837,1.0,2,d87954c5-4889-4c82-a110-99fe2aabd598,p5head_ex,1,447028.86502196634
0.576185118974155,0.41761404867466384,False,0.041204146564329996,0.04119499362244898,False,0.47953204719387754,1.0,2,d8e8af62-c7de-4f67-a5de-d38507419763,p5head_ex,1,447028.86502196634
0.9804192475264061,0.9662149004053799,False,0.13621512677704792,0.034279336734693876,False,0.35353555484693877,0.7732558139534884,2,d984ecfc-6b4b-4f39-9e66-c0b79a3d00f9,p5head_ex,1,447028.86502196634
0.9872520942418104,0.9621052668477844,True,0.14496574927915762,0.03730867346938776,False,0.28635204081632654,1.0,2,d99282ee-dc00-40d4-bb8d-5f8dba263a05,p5head_ex,1,447028.86502196634
0.9604629586609829,0.9977576769763896,False,0.08908386797761267,0.01953125,False,0.2889827806122449,0.4928571428571429,2,d9fb69ee-f350-4f28-8cd0-29c83757bade,p5head_ex,1,447028.86502196634
0.9251550042732266,0.8302346474476977,False,0.26546323901424984,0.13313137755102042,False,0.3409000318877551,0.9973053892215569,2,da69ffb8-40fa-49ea-b11e-9ddff40845e8,p5head_ex,2,447028.86502196634
0.9541564214555355,0.868435082511029,False,0.08157955611721461,0.03338249362244898,False,0.28427933673469385,1.0,2,da9dde80-836b-4f3e-b36b-0e344c42029d,p5head_ex,2,447028.86502196634
0.27900907411868625,0.4136404996277608,False,0.0,0.007254464285714286,False,0.24818638392857142,1.0,2,db41f495-510e-4d53-9440-b593e8394ff5,p5head_ex,1,447028.86502196634
0.9683023296551047,0.9150582888467856,False,0.056092879721073234,0.0204280931122449,False,0.18642378826530612,1.0,2,db4c7637-7784-4031-b983-4692715525c5,p5head_ex,1,447028.86502196634
0.9724592485037082,0.9815870775430263,False,0.03531208270996997,0.008091517857142858,False,0.2593271683673469,1.0,2,db8433df-a208-4416-a35d-d131d8e334e3,p5head_ex,1,447028.86502196634
0.8798635391129558,0.8135910705353544,True,0.25472576488990983,0.12956393494897958,False,0.39540816326530615,0.9895400707583448,2,dbc8473e-fc37-4b23-9051-c1a0a1baf5a3,p5head_ex,2,447028.86502196634
0.992070399262448,0.993290424720921,True,0.23397675022191441,0.060467155612244895,False,0.44935825892857145,0.8220171390903098,2,dc1813b1-0576-4560-95ab-fd4a2b509823,p5head_ex,1,447028.86502196634
0.9334368729474335,0.8822499616580365,True,0.06281856199601929,0.01865433673469388,False,0.2807716836734694,1.0,2,dc244dca-9414-4555-a2b0-935933366861,p5head_ex,1,447028.86502196634
0.8700476711268744,0.7328046545164872,False,0.12060188236211528,0.06461256377551021,False,0.3465999681122449,0.9978408389882788,2,dc506eb1-ef59-41e8-aebd-5c2a80026ba3,p5head_ex,2,447028.86502196634
0.9570079763266428,0.9119489661476453,True,0.08467014657577789,0.027802136479591837,False,0.32101004464285715,1.0,2,dc5bd0b3-050a-42a3-b09e-bec480039d6f,p5head_ex,1,447028.86502196634
0.9386921772501239,0.9878821530195641,True,0.3418578647915189,0.08221061862244898,False,0.35927535076530615,0.9178181818181819,2,dd28e18a-42fb-4bfd-a6c3-d1b146817ecf,p5head_ex,1,447028.86502196634
0.859897370182629,0.7025666589188134,True,0.16295698075297405,0.0839046556122449,False,0.2751514668367347,0.959144893111639,2,dd50a2c2-471a-4faf-8f78-99eaedd5147b,p5head_ex,2,447028.86502196634
0.5,0.5,False,0.0,0.018973214285714284,True,0.36876195790816324,1.0,2,dd6e599d-bba3-4a3e-968c-0dcba546099f,p5head_ex,1,447028.86502196634
0.9743326842616302,0.9523670008837823,True,0.10928827638170556,0.024752869897959183,False,0.1991390306122449,0.7946859903381642,2,dd7cf95b-f215-4880-9f3a-b7eb7b27fb79,p5head_ex,1,447028.86502196634
0.8489759167949902,0.7226663622860003,True,0.21141736342708772,0.11949936224489796,False,0.3298389668367347,0.9953302201467645,2,dd830a3b-db9e-42bd-8d3a-8d52f40ddbde,p5head_ex,3,447028.86502196634
0.8606299795872699,0.7750075099135219,True,0.19879844567597826,0.09741709183673469,False,0.25637755102040816,0.9314648117839607,2,ddb0dc48-542b-4b55-92d8-89bb2a779ba3,p5head_ex,2,447028.86502196634
0.8895971304357357,0.7433868541170472,True,0.19254466257307296,0.10255899234693877,False,0.23991549744897958,0.9704624951418578,2,ddb757d1-a6e2-42e3-a438-100006fb38dd,p5head_ex,2,447028.86502196634
0.8966376038282164,0.6467090917841132,True,0.21790003418158627,0.09618144132653061,False,0.23190369897959184,0.9819726481558226,2,de2f67ae-c45a-4756-91d5-3ce30ba52258,p5head_ex,2,447028.86502196634
0.9731226432153769,0.9799953776426761,False,0.17719534698229258,0.02716438137755102,False,0.44290098852040816,0.9867938371239912,2,deffa472-a50f-43fa-bc8b-1eaa48adb8d3,p5head_ex,1,447028.86502196634
0.8657645527183633,0.6820086044972604,False,0.13299250835841844,0.06724330357142858,False,0.14052535076530612,0.8117960877296977,2,df10aee9-878c-4782-8aea-de4369355fd6,p5head_ex,2,447028.86502196634
0.9859519110509418,0.958712706455609,False,0.096742319009335,0.02574936224489796,False,0.34004304846938777,1.0,2,dff644ef-d0ad-4ae9-8645-7dfa57e523fa,p5head_ex,1,447028.86502196634
0.979630184236616,0.9728163998597803,True,0.15877063867256777,0.035076530612244895,False,0.42271205357142855,1.0,2,e063b161-8c89-4324-92df-d99acbe65aa2,p5head_ex,1,447028.86502196634
0.3754699828561027,0.26354742841811807,False,0.018886058187304027,0.024553571428571428,False,0.34532445790816324,1.0,2,e09dbb79-cdc9-44a1-9547-6f5969a170dc,p5head_ex,1,447028.86502196634
0.8658223677863989,0.8954045421992813,False,0.24254664257517394,0.08179209183673469,False,0.29609773596938777,0.9410331384015594,2,e0af96b5-9e91-4cc7-84c7-a3d04d4c9405,p5head_ex,1,447028.86502196634
0.8627970370837083,0.6615545703383366,True,0.21826035051504533,0.12300701530612244,False,0.2938257334183674,0.9645171743357096,2,e260b5f7-5cce-41bd-a63b-baef4cdfd3bb,p5head_ex,2,447028.86502196634
0.9593189401414614,0.8945313145173073,False,0.07662954743323866,0.021524234693877552,False,0.3701171875,1.0,2,e2bc24a7-e469-48e2-9d5a-6ffc8557d59e,p5head_ex,1,447028.86502196634
0.8753448911786884,0.8626721358755712,True,0.19185639165031024,0.09584263392857142,False,0.36318160076530615,0.9945934705760033,2,e2fbe7af-e71f-40e5-9cf1-2c41caea4527,p5head_ex,2,447028.86502196634
0.7150402635788063,0.6008075758247575,False,0.1299050061867954,0.10329639668367346,False,0.31287866709183676,0.9677792784101872,2,e3c0a6ca-58fb-4b9f-b56b-25491bbf3db8,p5head_ex,1,447028.86502196634
0.9388642544671485,0.9071600723413453,True,0.2974023027440929,0.0914779974489796,False,0.36928013392857145,1.0,2,e444b79e-a477-4668-9a69-7b5ade5bb214,p5head_ex,1,447028.86502196634
0.9479465857961138,0.9226729805825122,False,0.11284726063843005,0.024294483418367346,False,0.2490832270408163,1.0,2,e50a07f7-47f4-4a25-8d45-a2f1d66a2aaa,p5head_ex,1,447028.86502196634
0.721612280512883,0.49119276651726984,False,0.08297901544085504,0.053810586734693876,False,0.2193279655612245,1.0,2,e5274cde-aaaa-4851-b306-a9293e8222ec,p5head_ex,1,447028.86502196634
0.9956105525100111,0.9837780120742542,True,0.19635150467631374,0.05580357142857143,False,0.261539381377551,0.9885714285714285,2,e532c5eb-e94d-42db-89a7-914ed862490f,p5head_ex,1,447028.86502196634
0.5,0.5,False,0.0,0.003627232142857143,True,0.1988201530612245,1.0,2,e542d5db-28c5-4e73-aa47-a441143887cc,p5head_ex,1,447028.86502196634
0.9932212682768146,0.9785379646740365,True,0.09814586979296303,0.034080038265306124,False,0.33151307397959184,1.0,2,e56de97f-aac0-4a7c-8ddd-f861cae269f1,p5head_ex,1,447028.86502196634
0.9286327898540435,0.8400718982060081,True,0.21612039450990708,0.08456234056122448,False,0.16175063775510204,0.9104407259014848,2,e666d579-2ff0-4ce0-a5a2-903919fa5668,p5head_ex,2,447028.86502196634
0.9806449035703767,0.9222180707753379,False,0.12718150945020806,0.03997927295918367,False,0.2294124681122449,0.9975074775672981,2,e6f5c238-2bfb-4ab3-af53-7966b0277665,p5head_ex,1,447028.86502196634
0.9959767943128686,0.9860918121572786,True,0.08783540379326793,0.023477359693877552,False,0.2862523915816326,1.0,2,e7d62adc-e492-475c-9fc9-11cc9b3654da,p5head_ex,1,447028.86502196634
0.9673080795875624,0.9459284033967027,False,0.036864088948800236,0.010363520408163265,False,0.3309948979591837,1.0,2,e7f182ac-e84e-4e0a-89f9-be61ea3c66c2,p5head_ex,1,447028.86502196634
0.5,0.5,False,0.0,0.015066964285714286,True,0.3941127232142857,1.0,2,e7f67f50-2929-431f-a9fc-adc24518a87a,p5head_ex,1,447028.86502196634
0.9863072334713966,0.9483413056193996,True,0.08796567037624355,0.03443877551020408,False,0.23098692602040816,1.0,2,e8659775-8a7f-40c1-a3a9-abdc85ba4fd4,p5head_ex,1,447028.86502196634
0.9960227760838924,0.9847050582928099,True,0.0818322772081053,0.022321428571428572,False,0.2281768176020408,0.9625,2,e8a7fd94-3616-448a-a57d-f4507987f185,p5head_ex,1,447028.86502196634
0.9637485727890356,0.9155090423842263,False,0.06844736881433551,0.03049266581632653,False,0.2981704400510204,0.9928104575163399,2,e9978ac6-e87c-40fc-9d28-af8308380e25,p5head_ex,1,447028.86502196634
0.9123512770830318,0.8362194442027769,True,0.1818307451914284,0.061842315051020405,False,0.3239198022959184,1.0,2,e9e58cf9-f301-4fe9-a5d5-ff12f7981612,p5head_ex,2,447028.86502196634
0.9822839342844818,0.9705543432510595,True,0.20757003675249272,0.09741709183673469,False,0.34731744260204084,0.9032324058919804,2,e9ea9123-3eab-4d60-973d-bfca20b6e054,p5head_ex,1,447028.86502196634
0.984534038133325,0.9597955159324624,True,0.04759920106369451,0.016322544642857144,False,0.303890306122449,1.0,2,ea20f7ad-5958-4a6a-b871-89e747593fd8,p5head_ex,1,447028.86502196634
0.7524006222288607,0.605258436422785,False,0.022167451874445864,0.012276785714285714,False,0.30458785076530615,1.0,2,eb2225b3-b09e-408c-8c48-27b1bad103a9,p5head_ex,1,447028.86502196634
0.9924189771314854,0.9771760968733183,True,0.19009179941030127,0.04376594387755102,False,0.3299186862244898,1.0,2,eb3d5fed-558d-4aba-b13e-f7917c49c79b,p5head_ex,1,447028.86502196634
0.9229275476671964,0.7299184905784637,True,0.23268439238648614,0.09574298469387756,False,0.25711495535714285,0.9983347210657785,2,eb5be562-36b3-44b9-a7ef-68a49d4b03ac,p5head_ex,2,447028.86502196634
0.9916315825803032,0.9794458552621373,True,0.14734072632297657,0.03419961734693878,False,0.3546516262755102,1.0,2,eba80948-4a28-4909-9b2d-06a0175c830f,p5head_ex,1,447028.86502196634
0.7377437078768787,0.6458232776838546,True,0.0728956952802285,0.033681441326530615,False,0.2568957270408163,1.0,2,ec09ddb3-9b0b-4749-9e0d-f94a4a7e5fed,p5head_ex,2,447028.86502196634
0.8835013582915676,0.7537157157440696,True,0.33371353559165906,0.2080078125,False,0.36820392219387754,0.9392545750694644,2,ec2de089-6de3-49d8-b5e4-d95bb4559221,p5head_ex,2,447028.86502196634
0.9622098733080066,0.9095218282486608,False,0.0370890231328491,0.016741071428571428,False,0.2801937181122449,1.0,2,ec3f8f76-e644-4905-a379-8c8b33cc0dc6,p5head_ex,1,447028.86502196634
0.7166396163427281,0.6770282703930967,True,0.11599587265484182,0.04761240433673469,False,0.3869579081632653,1.0,2,ec55e4ab-ecdd-4265-a5fa-d84ee0af1e0d,p5head_ex,2,447028.86502196634
0.8157839366035139,0.6985061244543187,True,0.15094019611701257,0.059470663265306124,False,0.30612244897959184,1.0,2,ec8ab6f6-b08d-4768-86a1-07367371a0f4,p5head_ex,2,447028.86502196634
0.9126647678945498,0.8411725682751109,True,0.27668243666539427,0.15051020408163265,False,0.3381895727040816,0.944385593220339,2,ed55f8dc-45a7-4416-ae94-847bb41a35c3,p5head_ex,2,447028.86502196634
0.9708062686745741,0.9352752697426897,True,0.178844072735217,0.05181760204081633,False,0.3243383290816326,1.0,2,ee48da1b-9ce9-4f57-90eb-5c131c285e84,p5head_ex,1,447028.86502196634
0.7556430844252435,0.6304056979297044,False,0.09248924929304655,0.05181760204081633,False,0.35068558673469385,1.0,2,ee52c757-3e8e-4e65-9818-52ad4c00622a,p5head_ex,1,447028.86502196634
0.8896248128307027,0.8769950710596077,True,0.1637382905298321,0.05863360969387755,False,0.4286312181122449,1.0,2,ef2755ec-e5e8-4f5a-87ce-be6e9aaf1823,p5head_ex,2,447028.86502196634
0.9020525657344171,0.8448122829517174,False,0.06858167800798828,0.026965082908163265,False,0.4661192602040816,1.0,2,ef503977-63a8-4fcf-9019-78e8e70511f3,p5head_ex,1,447028.86502196634
0.6314412278887962,0.5637109737581372,False,0.005002715541831665,0.011001275510204082,False,0.15196508290816327,1.0,2,efcc7a4f-23d6-4df1-9d80-677a620856d7,p5head_ex,1,447028.86502196634
0.8304222541187603,0.7754402409061587,True,0.32050871407990195,0.17175542091836735,False,0.20954241071428573,0.6182408911580413,2,efd57230-4266-464e-bc6a-7df5f1e83be3,p5head_ex,2,447028.86502196634
0.9970374309008798,0.9928610188806347,True,0.10284401888751507,0.01650191326530612,False,0.42440609056122447,1.0,2,f01d3d16-5d6e-4551-8c89-2c0bd9188c2f,p5head_ex,1,447028.86502196634
0.9372270867073459,0.873848287348662,True,0.3199352486780361,0.1670519770408163,False,0.3328882334183674,0.9612264376043904,2,f02e36df-ac4d-43f1-8001-3e0494145b0a,p5head_ex,2,447028.86502196634
0.9450732110800287,0.905974807229768,False,0.20265102175118022,0.07270408163265306,False,0.38161670918367346,1.0,2,f0e0c65f-bef1-467b-a4e8-e5e46cb25fa8,p5head_ex,1,447028.86502196634
0.9593642375799978,0.9110625158121812,False,0.10023001515162713,0.020089285714285716,False,0.34769610969387754,1.0,2,f12565af-43de-4bc9-9dba-a8a3e9c8331e,p5head_ex,1,447028.86502196634
0.8417797755356521,0.6309916625776876,True,0.25415786898396364,0.11443718112244898,False,0.2504982461734694,0.8883664228491814,2,f149b26e-035e-4f7b-b55b-016334772d2b,p5head_ex,2,447028.86502196634
0.826456721568485,0.8645532116802883,True,0.3006368964921202,0.15547273596938777,False,0.43508848852040816,0.9843609793616203,2,f1677417-36ca-4ee2-886b-bb5e7c6a35ab,p5head_ex,2,447028.86502196634
0.9878117063367096,0.9716406892876003,True,0.2958542821599519,0.0901626275510204,False,0.38685825892857145,0.9920424403183024,2,f1a92173-262b-42d1-b64e-213cdf6afdae,p5head_ex,1,447028.86502196634
0.8013007469813258,0.72696660333805,False,0.18765200556084738,0.09685905612244898,False,0.2491828762755102,0.7652263374485597,2,f21a2acc-e6f1-4132-b094-83c9e94a5e7d,p5head_ex,2,447028.86502196634
0.9620761389005302,0.921009732656413,False,0.15596350036326587,0.03591358418367347,False,0.27200255102040816,0.8845726970033296,2,f23d7784-06b4-4e44-8dcd-e1eec3e7d7cf,p5head_ex,1,447028.86502196634
0.8700956549682507,0.6959128269354586,True,0.2546896017378895,0.11939971301020408,False,0.28762755102040816,0.9969954932398598,2,f26e5df0-bd0d-4d54-86b6-ea40ca0952a3,p5head_ex,2,447028.86502196634
0.8249249725121354,0.6449838830363841,False,0.1751916063970896,0.10349569515306123,False,0.26161910076530615,0.952050837666089,2,f26f795e-e989-40ce-a076-5763295ce46b,p5head_ex,2,447028.86502196634
0.906917703522976,0.8378960173013679,True,0.17394225046262973,0.07198660714285714,False,0.34317203443877553,1.0,2,f27252da-ac5d-46b2-8df9-32e09763574b,p5head_ex,2,447028.86502196634
0.9628811712431531,0.861796397694354,True,0.2982960709457331,0.14666374362244897,False,0.259586256377551,0.9362685147438511,2,f29d2e7b-9a63-4614-8e61-62553edcb7fb,p5head_ex,2,447028.86502196634
0.9873787172763768,0.956569252327702,True,0.1950557689417628,0.07870296556122448,False,0.3088926977040816,0.9997467713345151,2,f2e8cacc-b217-4e82-93ba-33bf5e04e94c,p5head_ex,2,447028.86502196634
0.6915004703697117,0.5896648137753796,False,0.12675566797670154,0.08689413265306123,False,0.31301817602040816,0.8738532110091743,2,f3aa1daa-4873-446a-a5b7-7da7f955245e,p5head_ex,2,447028.86502196634
0.9747913726963786,0.9202736719223699,True,0.16440713941934385,0.042849170918367346,False,0.26917251275510207,0.932093023255814,2,f3b1a1b8-b6d9-4ac7-85ea-41765f99eaf8,p5head_ex,1,447028.86502196634
0.9855349023879891,0.970854904694468,True,0.18916128263397125,0.05229591836734694,False,0.36447704081632654,1.0,2,f4113fee-b7a0-472c-8f68-24e999fbf73a,p5head_ex,1,447028.86502196634
0.5776975807012905,0.33989717663149666,False,0.012260784937199362,0.0322265625,False,0.34095982142857145,0.029684601113172542,2,f4b33c44-a7c1-4a14-a094-34bf19b38fd5,p5head_ex,1,447028.86502196634
0.8660428271113486,0.7532944710932171,True,0.28882313905067664,0.16404257015306123,False,0.3908641581632653,0.9653748025756287,2,f4fffaa6-a5b8-494e-911b-1560d1937422,p5head_ex,2,447028.86502196634
0.9438797812612507,0.8795661096452653,True,0.2796982410351669,0.08968431122448979,False,0.36160714285714285,1.0,2,f5bb54ee-a4a0-49d6-be55-5687176002f4,p5head_ex,2,447028.86502196634
0.801619635207426,0.7838140376396497,True,0.22774019532173415,0.09135841836734694,False,0.3975805165816326,0.9585514834205934,2,f5dadf63-c828-441a-b595-ea7698087291,p5head_ex,2,447028.86502196634
0.9725868241820207,0.9160335135165876,True,0.2571156925663058,0.09283322704081633,False,0.3666892538265306,1.0,2,f5dda7ca-c53f-47f8-8a10-08a1e31794c9,p5head_ex,2,447028.86502196634
0.8962490818905906,0.8304662042114141,True,0.18924592104139093,0.06772161989795919,False,0.3715122767857143,1.0,2,f652df75-c199-44a9-870b-54f68aae814d,p5head_ex,2,447028.86502196634
0.9895815752403436,0.94949870640448,False,0.06372054206358985,0.018435108418367346,False,0.17791374362244897,1.0,2,f65e81f1-e1b5-43d0-8815-f9004343ac56,p5head_ex,1,447028.86502196634
0.9587576927621474,0.9156682536578167,True,0.28526159140026386,0.10959422831632654,False,0.3428930165816326,0.9789052555010002,2,f66549b1-f756-45d1-88cd-f0083e9a25ca,p5head_ex,2,447028.86502196634
0.8419782258634109,0.7117372066608642,True,0.2152377778830024,0.10646524234693877,False,0.26975047831632654,0.930363159865219,2,f6be6dc3-9539-46c0-a1f5-b10919ff81cd,p5head_ex,2,447028.86502196634
0.9285646367043857,0.8894508900967265,True,0.3120073417908304,0.19395727040816327,False,0.4090601084183674,0.9351623510069873,2,f8767c5d-9024-43d9-9044-843f2cec00c7,p5head_ex,2,447028.86502196634
0.9804581233112866,0.9572655796452428,True,0.2916171257027069,0.06863839285714286,False,0.39156170280612246,1.0,2,f9538c72-0f7b-45e3-98a8-de3e4434fe4d,p5head_ex,1,447028.86502196634
0.7802808405479235,0.6786437135180231,False,0.15735623249923733,0.07661033163265306,False,0.2559390943877551,1.0,2,f9715e1e-5d0f-4616-9bb4-c98e105acab1,p5head_ex,2,447028.86502196634
0.9481564908737496,0.8455557707161746,True,0.3320910421362393,0.1726124043367347,False,0.35849808673469385,0.9935342339221799,2,f99c02a3-1731-4d3b-80c2-fc0cf713787e,p5head_ex,2,447028.86502196634
0.9931241191563153,0.9926072790773746,True,0.16481225983272596,0.03513632015306122,False,0.3732860331632653,0.9296653431650596,2,fa42a65d-581e-44bf-a8de-b89e9a6c17fb,p5head_ex,1,447028.86502196634
0.9031349338091987,0.8856596712526692,True,0.22328735317319504,0.10564811862244898,False,0.28712930484693877,0.8662516506319562,2,fa8ea2ce-097a-4e42-8f9b-c3d0603484f1,p5head_ex,2,447028.86502196634
0.8017615213447646,0.5847710892729079,False,0.13463116766716382,0.08227040816326531,False,0.3490712691326531,0.934593023255814,2,faa4d458-b94d-46a4-8fea-c2f9ca5a70e9,p5head_ex,1,447028.86502196634
0.788610714382711,0.5484282315371533,False,0.1324873507717595,0.08454241071428571,False,0.3116430165816326,0.8561999057048562,2,faa89d54-2079-4711-9d65-1c9aa3f58f3f,p5head_ex,1,447028.86502196634
0.9604797738704257,0.973288933414721,True,0.3803572865678875,0.14417251275510204,False,0.25719467474489793,0.3754492673486315,2,fafb820f-cd7f-4a19-a24f-f294e69a0f87,p5head_ex,2,447028.86502196634
0.961116896367373,0.9766551636937804,False,0.15789924196585745,0.0498046875,False,0.3208705357142857,0.9443777511004402,2,fba69c73-b836-4af1-8c84-4526ee8fdde3,p5head_ex,1,447028.86502196634
0.9173477053376764,0.928843963155056,False,0.20148758910191308,0.0760921556122449,False,0.4073860012755102,0.999738082765846,2,fd43dbd5-4dcb-4b62-ae2a-e991a703b48d,p5head_ex,1,447028.86502196634
0.9632467881160706,0.9379906246055373,True,0.12117231406723004,0.05275430484693878,False,0.5893455038265306,1.0,2,fd676e0b-14e6-40d4-8c4a-85d028559ad1,p5head_ex,2,447028.86502196634
0.898463669402044,0.7376371961720389,False,0.12932608096645398,0.0574577487244898,False,0.18287627551020408,0.8196323274366979,2,fd72c1b0-9525-4bcc-b70e-15e1755c1b7a,p5head_ex,1,447028.86502196634
0.7248902714381413,0.6191961945224332,True,0.3800876347689632,0.24001514668367346,False,0.34628109056122447,0.8874034708959562,2,fd8de63f-e006-4e20-a937-9ecbde6e31e9,p5head_ex,2,447028.86502196634
0.9180144610773809,0.9054274391719522,True,0.21056483318879138,0.08529974489795919,False,0.30496651785714285,0.8322429906542056,2,fdd20e4d-879e-4ff9-bc4e-8ec4184cfff9,p5head_ex,2,447028.86502196634
0.9884192136029493,0.9978979883134841,True,0.13992653852306391,0.05056202168367347,False,0.3145129145408163,0.20378399684666929,2,fdfc11cc-75d9-4ab7-a40c-e3576cec8883,p5head_ex,1,447028.86502196634
0.96915983866165,0.9371437644986733,True,0.18826095322236946,0.056560905612244895,False,0.33163265306122447,0.5894996476391825,2,fe2bc588-c737-464b-ad90-ed4e76f6c2ce,p5head_ex,1,447028.86502196634
0.7894726325110909,0.6328682874252444,False,0.20592690033424452,0.1221500318877551,False,0.35526945153061223,0.9827051721324849,2,fe79ab03-4727-45c9-9c42-813f2b34f111,p5head_ex,2,447028.86502196634
0.9515424487740547,0.953375408986642,False,0.10829818976541218,0.03862404336734694,False,0.5063376913265306,0.9628482972136223,2,fe972a3f-d91e-4e70-a02d-49ae29f0b188,p5head_ex,1,447028.86502196634
0.6338091801744345,0.5919098769016633,False,0.07945896920009331,0.06130420918367347,False,0.26209741709183676,0.9993498049414824,2,fee03015-e202-4e2e-b72e-2a72f0052fc6,p5head_ex,2,447028.86502196634
0.9894940750927437,0.9661707825938065,False,0.15966621341418447,0.03575414540816327,False,0.33420360331632654,1.0,2,fff0b503-72a5-446a-843d-f3d152e39053,p5head_ex,1,447028.86502196634
