point_auc,point_auc_lung,hit,mass,area,degenerate,lung_area,box_in_lung,fold,patientId,arm,n_boxes,fingerprint
0.9608700060481268,0.8900675935082311,False,0.10036856320895142,0.022421077806122448,False,0.36503507653061223,1.0,1,001916b8-3d30-4935-a5d1-8eaddb1646cd,p5ref,1,338381.0636499978
0.6927873609028019,0.44498548591943005,False,0.043096835521301155,0.030213647959183673,False,0.10788026147959184,0.9722955145118733,1,00aecb01-a116-45a2-956c-08d2fa55433f,p5ref,2,338381.0636499978
0.6556878730962474,0.6065039418804524,False,0.2937487471886969,0.20436065051020408,False,0.4049545599489796,0.9124244197386385,1,00f08de1-517e-4652-a04f-d1dc9ee48593,p5ref,2,338381.0636499978
0.9765780204828857,0.9481409582943645,True,0.16877247635001288,0.0595703125,False,0.36826371173469385,0.9585145533623285,1,0101174b-6643-4d4e-b4ba-b6d41d0ce46a,p5ref,1,338381.0636499978
0.8716032046626504,0.6342113567987209,False,0.24508325772702463,0.1510283801020408,False,0.30723852040816324,0.9528899445764054,1,01a6eaa6-222f-4ea8-9874-bbd89dc1a1ce,p5ref,2,338381.0636499978
0.2161366610557931,0.2096751170569002,False,0.009628950823282988,0.0333625637755102,False,0.43154097576530615,1.0,1,02e93c9a-c063-4bf2-9fa1-cb26692d58f8,p5ref,1,338381.0636499978
0.7969479895633526,0.684809727731842,True,0.14088929945523604,0.09008290816326531,False,0.2969347895408163,0.6986725663716814,1,031d627f-e6af-4588-8cca-6be8aa1222c7,p5ref,3,338381.0636499978
0.21182582565441835,0.21708429923235886,False,0.04292419288672656,0.12822863520408162,False,0.418148118622449,0.8647808517252098,1,03a9498c-549d-4e7d-800b-e74797f7f625,p5ref,3,338381.0636499978
0.3603563982486784,0.4918590794961845,False,0.030369065884787196,0.18550701530612246,False,0.4053332270408163,0.8838633433605501,1,040a0743-f663-4746-8224-f0e3bacc7ba5,p5ref,3,338381.0636499978
0.6708307822889267,0.4622530835421795,False,0.05816895843381095,0.043247767857142856,False,0.37412308673469385,0.8608294930875576,1,0499513a-5d48-4cf9-aac8-115e2a52fe1a,p5ref,2,338381.0636499978
0.920364053680496,0.7649523644726675,False,0.047999797438780085,0.016741071428571428,False,0.2758888711734694,1.0,1,05083068-f4df-464a-b669-3c084ee05f1f,p5ref,1,338381.0636499978
0.8323129191598538,0.8662947230668132,False,0.15701537862364556,0.07114955357142858,False,0.25498246173469385,0.9521008403361344,1,05b2d676-777a-4a4d-82ab-bf3f5f9b4d60,p5ref,1,338381.0636499978
0.9300099180189082,0.8615468857433228,False,0.15343726772186064,0.05835459183673469,False,0.37832828443877553,0.9863387978142076,1,05dad446-45f7-44df-bd2f-4673d9502348,p5ref,1,338381.0636499978
0.6369167013716084,0.5833918451182732,False,0.15806643169619147,0.12627551020408162,False,0.20105229591836735,0.7829861111111112,1,06893030-14ab-456d-a22d-05070773e370,p5ref,2,338381.0636499978
0.9461153993447655,0.9624916032204545,False,0.20080805207519187,0.05548469387755102,False,0.46494339923469385,0.805316091954023,1,068b608d-f71c-4859-b909-62c1665b507f,p5ref,1,338381.0636499978
0.4738330494037479,0.49581589958158995,False,0.0,0.12258848852040816,False,0.25916772959183676,0.7541863111689157,1,0697baae-e475-4fa3-ad82-51b319a026cc,p5ref,2,338381.0636499978
0.2999324095978371,0.4154230535485178,False,0.0,0.05644132653061224,False,0.35158242984693877,1.0,1,06d3f696-82ea-4c71-b162-f18b3e0eeeac,p5ref,1,338381.0636499978
0.515630881482068,0.5220450040683605,True,0.5404939699293874,0.49270567602040816,False,0.456851881377551,0.7998543807135345,1,07075b45-c83b-4e9a-971e-4b6c4554a0ef,p5ref,2,338381.0636499978
0.9371647301009253,0.5937937516050813,True,0.5056946206199214,0.31385522959183676,False,0.2981704400510204,0.8521082042164084,1,07d8eecd-8160-4f1f-8e26-d35de039cef6,p5ref,2,338381.0636499978
0.44199668508122586,0.22281308465420607,False,0.18114932976165377,0.27965561224489793,False,0.34933035714285715,0.6606328392246295,1,081a1f56-6c47-4b80-988a-3d357c977d65,p5ref,2,338381.0636499978
0.7153580752542811,0.484624038579685,True,0.3979907440205293,0.2588488520408163,False,0.28029336734693877,0.7791037881121035,1,082fd63e-aec4-401a-822b-eb10d98b562c,p5ref,2,338381.0636499978
0.7410028205851961,0.42763141355682466,True,0.31543432095637175,0.19429607780612246,False,0.3115234375,0.7630526207816186,1,084aa98a-91aa-45d8-aa52-4fad8344b0bf,p5ref,2,338381.0636499978
0.7809330089400689,0.7575649180311647,False,0.3644400998540843,0.25003985969387754,False,0.6760204081632653,0.9275466284074605,1,08ab87a3-886f-4b5a-9818-889337c63d0b,p5ref,2,338381.0636499978
0.9419566573720213,0.9158274917141288,False,0.30908583953822905,0.07294323979591837,False,0.23369738520408162,0.7114754098360656,1,08ee8fda-45f1-4f46-a5ac-315a8d4dd196,p5ref,1,338381.0636499978
0.9086870421803309,0.7074980932911982,False,0.135576236461745,0.053013392857142856,False,0.15270248724489796,0.924812030075188,1,08f17660-dc61-4a5d-b6fb-10dacc1e20a2,p5ref,2,338381.0636499978
0.8393372941193461,0.3961819543111394,False,0.28758602533850053,0.12161192602040816,False,0.23290019132653061,0.9087184529662405,1,0953df2c-f969-4fa1-a872-022475ecd5ef,p5ref,2,338381.0636499978
0.7502356804643237,0.6943286302436564,False,0.15152347689058815,0.08978396045918367,False,0.36128826530612246,0.9893451720310766,1,09875c3b-c520-4b08-89b0-a7a7299c37b2,p5ref,1,338381.0636499978
0.855300699381315,0.7059615379825211,False,0.17294527860349485,0.08928571428571429,False,0.35353555484693877,0.903125,1,09eed5c5-e0e9-463c-b6f7-24e2de881287,p5ref,1,338381.0636499978
0.8554787429858605,0.8654283589733592,False,0.46002601689331685,0.2616390306122449,False,0.4285913584183674,0.672684338817794,1,0a03fbf6-3c9a-4e2e-89ce-c7629ae43a27,p5ref,2,338381.0636499978
0.8322536140583789,0.7125690208253428,False,0.3066667790918626,0.1766980229591837,False,0.3202327806122449,0.9048048725468081,1,0a66f58c-f98d-41d1-89af-4e0136888e13,p5ref,2,338381.0636499978
0.34385800837636726,0.45803838823849713,False,0.0,0.019730548469387755,False,0.31253985969387754,1.0,1,0a7162ad-b2bc-4132-b15a-7fdc80957618,p5ref,1,338381.0636499978
0.9314092188420111,0.8804513548220209,True,0.1363962798996538,0.044842155612244895,False,0.28453842474489793,1.0,1,0ad9934b-bf35-497d-8082-1ecbc955d6de,p5ref,1,338381.0636499978
0.6869721266551488,0.6086014448492045,False,0.31494088091551475,0.19108737244897958,False,0.3463807397959184,0.8700458906967042,1,0ae82435-399e-4cf1-9d78-92d1c184178d,p5ref,2,338381.0636499978
0.472441588109537,0.44232664751885004,False,0.23881231102460465,0.37876674107142855,False,0.35917570153061223,0.7886345698500394,1,0b7a4fb2-adab-484b-a0f7-23f5111bc745,p5ref,2,338381.0636499978
0.7700697921704833,0.7632911937061255,False,0.2300220898372543,0.14508928571428573,False,0.24107142857142858,0.4723901098901099,1,0b8e881f-67bc-4021-a02c-0087233e43aa,p5ref,2,338381.0636499978
0.8578879651895868,0.7358283741147342,False,0.3193658715635534,0.15318080357142858,False,0.3839086415816326,0.9262295081967213,1,0bbe0f92-940f-431a-b8c4-3b371ea7d9aa,p5ref,2,338381.0636499978
0.8383960282076275,0.69067068271067,False,0.10241571931669399,0.038743622448979595,False,0.3070790816326531,1.0,1,0bf1767e-263b-443d-935f-489fe858922b,p5ref,1,338381.0636499978
0.8587225588982199,0.8619145171019484,True,0.4347479039810615,0.07108976403061225,False,0.3185985331632653,0.951780207457247,1,0c15e437-7eea-4ed1-b1d8-124f79cc1893,p5ref,1,338381.0636499978
0.723018995376232,0.3091009754168988,False,0.36483804981774415,0.268734056122449,False,0.3250757334183674,0.7120290714921388,1,0c5dc7d1-7022-4e46-bc02-ff9999912edd,p5ref,2,338381.0636499978
0.9172934779211396,0.8580661400249694,False,0.19149328602562668,0.0673828125,False,0.4351084183673469,1.0,1,0c8b3735-25e3-4628-bb53-8c24e10eec56,p5ref,1,338381.0636499978
0.933785898315164,0.6283489110514026,False,0.44193359088181183,0.26614317602040816,False,0.2135283801020408,0.7003145125056163,1,0cb05380-5ae8-46de-8585-41b5323d7c65,p5ref,2,338381.0636499978
0.859704292473174,0.8202202259086148,False,0.23008555720968618,0.09054129464285714,False,0.34080038265306123,0.32093330398415143,1,0cbf3284-5b78-4e23-bffd-e546f7e76da9,p5ref,1,338381.0636499978
0.312222315365915,0.33305870236869206,False,0.0,0.04902742346938776,False,0.432437818877551,0.9260162601626016,1,0d2bc8b2-2340-4deb-b29c-ae4da8fa5764,p5ref,2,338381.0636499978
0.6589555108427473,0.5263361183054398,False,0.02847407817796629,0.02072704081632653,False,0.3705556441326531,1.0,1,0d4cb628-fdfd-4a4f-838d-9054ed99cc9e,p5ref,1,338381.0636499978
0.8125281157378865,0.6304309681227165,True,0.2005497526720765,0.10194116709183673,False,0.3557079081632653,1.0,1,0d5bc737-03de-4bb8-98a1-45b7180c3e0f,p5ref,4,338381.0636499978
0.6207977117421545,0.684233938631744,False,0.2512978756919282,0.18751992984693877,False,0.3218470982142857,0.8508874481879052,1,0e302d0d-b8c2-4d92-a735-12e843ff89df,p5ref,2,338381.0636499978
0.7320314397550755,0.5179477049748911,True,0.2793710331663248,0.1258171237244898,False,0.2412707270408163,0.9201647394265801,1,0e533087-5959-46e5-9fa5-95761a7d472f,p5ref,2,338381.0636499978
0.7014681629336376,0.5506052512393346,False,0.10729444060747145,0.06295838647959184,False,0.4181281887755102,1.0,1,0ec6b85a-de25-4870-a100-0d7ca6c798bf,p5ref,1,338381.0636499978
0.8788242249777717,0.8313786551642426,False,0.049888097897158735,0.019670758928571428,False,0.38173628826530615,1.0,1,0ecd1c28-bf25-4d32-979c-448356e0edb4,p5ref,1,338381.0636499978
0.4715648920649291,0.474334666777787,False,0.03380010463269565,0.028838488520408163,False,0.3230827487244898,0.9972356599861782,1,0edfe5b2-0ff9-42dc-9412-ac0c7ec5d87f,p5ref,2,338381.0636499978
0.4499844568227008,0.3793312755482541,False,0.0284293433811951,0.03182796556122449,False,0.3723891900510204,1.0,1,0f15c248-4f8c-4d9e-b39b-6e7d59b973c5,p5ref,2,338381.0636499978
0.4747379500899083,0.49868662989230367,False,0.0,0.09115911989795919,False,0.5463966836734694,1.0,1,0f1ca6cb-02e3-43ed-87ce-9619095fa14b,p5ref,3,338381.0636499978
0.8726862905969444,0.8377085530668845,True,0.3322542538423799,0.15569196428571427,False,0.32724808673469385,0.8741679467485919,1,0f639fad-780e-44f8-ba8d-0c934bdca870,p5ref,2,338381.0636499978
0.36249922531865225,0.387670751011315,False,0.0,0.035255899234693876,False,0.375179368622449,0.9994347088750707,1,0f831256-0a69-4fe5-9719-1563d2b6b7b9,p5ref,1,338381.0636499978
0.613145851888715,0.5790444567816546,False,0.11703614937151768,0.0752750318877551,False,0.48335857780612246,1.0,1,0fc4edec-08ea-4cd4-bf21-a6319ef0b44d,p5ref,2,338381.0636499978
0.8914684974594339,0.8379629040938241,False,0.26236284110479596,0.13871173469387754,False,0.3322704081632653,0.8120689655172414,1,10866808-61ec-41fa-aefd-89eedfbaec04,p5ref,2,338381.0636499978
0.3832235174860618,0.49987646695491045,False,0.0,0.01696029974489796,False,0.33962452168367346,1.0,1,108eeb60-7701-4796-86a8-1447fd8a0ff7,p5ref,1,338381.0636499978
0.36795048143053644,0.45210712879086257,False,0.0,0.07270408163265306,False,0.3098692602040816,0.7820723684210527,1,11a2e0cb-ee1f-4d53-a211-b8faff6bf888,p5ref,2,338381.0636499978
0.5462462432725297,0.55172859612561,False,0.18661637098195816,0.12790975765306123,False,0.3471580038265306,0.8586787161109379,1,11ff35a5-51dc-41d7-afe1-588ff59cbc4b,p5ref,2,338381.0636499978
0.294676223204944,0.3848525728222947,False,0.036712744082606906,0.2504783163265306,False,0.3219467474489796,0.8463558243157224,1,120fd100-b447-4ec9-b4fe-3cdd3f0496e9,p5ref,2,338381.0636499978
0.6393169953534962,0.7798664461399614,False,0.10346346954581565,0.07075095663265306,False,0.439453125,0.5735211267605633,1,131cd368-4db7-4883-9408-47da2b59650a,p5ref,1,338381.0636499978
0.4854627321649727,0.5565326779480178,False,0.05380899755279838,0.10190130739795919,False,0.3086734693877551,0.6149031879522785,1,133a1f56-1ab0-4df7-8e1b-4a6293934f3a,p5ref,3,338381.0636499978
0.8385588260023306,0.7213670780236285,True,0.39405424572521314,0.2025470344387755,False,0.24192841198979592,0.7561743579651677,1,1352a7f3-1f0d-4f1f-af05-daa5d7f8624a,p5ref,2,338381.0636499978
0.5596086063780861,0.5282361957910512,True,0.10138170495557738,0.08545918367346939,False,0.2712452168367347,1.0,1,13acd418-a94d-4b36-900d-c13b9bd048c9,p5ref,2,338381.0636499978
0.8571368337760114,0.7010141690995401,False,0.20760175453799162,0.11694834183673469,False,0.285335618622449,0.8531015678254942,1,13e0c332-c269-40a3-9026-02a0f11a4dbd,p5ref,3,338381.0636499978
0.7981725970187569,0.7633411112640579,False,0.17888113748304835,0.11844308035714286,False,0.2626355229591837,0.8095238095238095,1,13ef2d8e-3b2e-4fbb-9f70-69139dd74401,p5ref,2,338381.0636499978
0.7434108987815625,0.6493615265100019,False,0.0873083836338768,0.04771205357142857,False,0.3501674107142857,1.0,1,14a42065-b678-4720-805e-7540d232df8c,p5ref,1,338381.0636499978
0.6982935714441286,0.5157804283086205,False,0.11194922554762582,0.0637954400510204,False,0.23407605229591838,0.8616057482036863,1,14a7fbc6-6661-4382-882f-b2aa317cadc0,p5ref,2,338381.0636499978
0.6368016509096878,0.42225687997725136,False,0.10277821301392355,0.07049186862244898,False,0.3052256058673469,1.0,1,14f630ba-5e88-4944-9040-9861c91dc362,p5ref,2,338381.0636499978
0.3545120328653166,0.34391137727135457,False,0.013319020157159328,0.05444834183673469,False,0.3337452168367347,0.9461932650073206,1,1505f53a-4da5-416e-a279-66849672051c,p5ref,2,338381.0636499978
0.8240116503299452,0.8899240183203856,False,0.11177220852066418,0.03443877551020408,False,0.43492904974489793,1.0,1,152f5cd9-cc37-4312-befb-1b036cb68c82,p5ref,1,338381.0636499978
0.6600249147443606,0.6016419839558746,False,0.055271731148714295,0.03886320153061224,False,0.35899633290816324,0.9620512820512821,1,1555c17d-994a-4400-b62b-4b53fc727da3,p5ref,1,338381.0636499978
0.5466612221724348,0.5808967773305314,False,0.13724447322717595,0.07405931122448979,False,0.2899593431122449,0.9782023681377826,1,156634a8-5ca7-4822-92cd-677aedc2247a,p5ref,2,338381.0636499978
0.9699664728823592,0.94736792320298,True,0.20364851159840267,0.06361607142857142,False,0.4774792729591837,1.0,1,156a563f-4580-41d9-b930-2c6859478b50,p5ref,1,338381.0636499978
0.8195551390288979,0.6557304056487047,False,0.07119613497299869,0.039540816326530615,False,0.37519929846938777,1.0,1,15884ec8-c8d3-471b-a234-059591200be1,p5ref,2,338381.0636499978
0.4787585526924221,0.33855198545846016,False,0.024354633550180433,0.02716438137755102,False,0.4499561543367347,1.0,1,158cf8f2-8066-42f9-aad0-f52e1bc8de07,p5ref,1,338381.0636499978
0.8481762538914498,0.5787111697310918,True,0.1821033756668035,0.09369021045918367,False,0.2553212691326531,0.7604764943629015,1,1617a0bd-1dcf-45a5-8f0c-e0fcbadd48ce,p5ref,2,338381.0636499978
0.9011430589191808,0.6076187758359057,False,0.3096164167394547,0.12918526785714285,False,0.19648836096938777,0.9006479481641468,1,1623088d-9f8c-4910-b681-c81fef043fa3,p5ref,2,338381.0636499978
0.7935942177786406,0.7947913806068516,True,0.42137418167367907,0.2676977040816326,False,0.32021285076530615,0.9071620011911852,1,1631378d-7d0d-400e-ad6c-1a57c74377e2,p5ref,2,338381.0636499978
0.8018986191896808,0.5113416991201041,False,0.33226158017156,0.18680245535714285,False,0.21145567602040816,0.7509868772004694,1,166479fb-b1f7-494c-b894-2ddf6d21131a,p5ref,2,338381.0636499978
0.7027264129276324,0.8639078059521272,False,0.04128863928816608,0.03455835459183673,False,0.26620296556122447,0.8546712802768166,1,1677d8e0-7c1c-4052-923b-4fc0061c2ebd,p5ref,1,338381.0636499978
0.9163249464159686,0.9389916733273767,False,0.49436236197640476,0.16661352040816327,False,0.42225366709183676,0.4962918660287081,1,17398977-1b0f-4de4-9038-9c8cb7406c82,p5ref,1,338381.0636499978
0.7226019758564831,0.81836110019266,True,0.41933310811810937,0.3079161352040816,False,0.3112643494897959,0.7737216828478964,1,179c5fc6-32a7-4144-91e9-58c2371616d7,p5ref,2,338381.0636499978
0.9581902862134563,0.9538395282834015,True,0.38972938025777953,0.1326530612244898,False,0.32069116709183676,0.8490084134615384,1,17c3519c-2700-4357-87d4-94f0fb4f7bbe,p5ref,1,338381.0636499978
0.6076678882750692,0.5255125190988645,False,0.1970806815758587,0.14158163265306123,False,0.3573022959183674,0.9059684684684685,1,17f0a95f-5460-4c36-951b-6f9c8834b951,p5ref,2,338381.0636499978
0.529512659739444,0.3364747659689185,False,0.09263961557154494,0.09080038265306123,False,0.40330038265306123,0.9062774363476734,1,18858e0d-b651-4ea1-91c9-62268b06d1a6,p5ref,1,338381.0636499978
0.7786222355836414,0.63261859503892,True,0.564218630801666,0.42982700892857145,False,0.4197624362244898,0.7982102285899755,1,18dea804-4283-4c5c-94ea-47c42bbb619e,p5ref,2,338381.0636499978
0.8036654065923244,0.7652930924040106,False,0.2092122335498289,0.08928571428571429,False,0.3632015306122449,0.9828125,1,19233158-5ea5-4183-9774-532a0fdb6b63,p5ref,1,338381.0636499978
0.3600070308229821,0.29910184244381216,False,0.03528827640156819,0.049505739795918366,False,0.3716318558673469,0.7966988727858293,1,19370915-6723-41fe-be09-29defbd9b7c1,p5ref,1,338381.0636499978
0.50589299088579,0.5413854383047233,False,0.13645051230724248,0.1470623405612245,False,0.3879544005102041,0.8521479875321859,1,19c705ea-6af7-48f2-a2e7-f500ef840280,p5ref,2,338381.0636499978
0.5596924250319187,0.5643172054088356,False,0.11343831693305126,0.12775031887755103,False,0.3393056441326531,0.9932917316692668,1,1a062886-29be-4120-92f3-5c1c8a951959,p5ref,2,338381.0636499978
0.8640603785398208,0.8231723785166241,False,0.0519477339092217,0.01558514030612245,False,0.37681361607142855,1.0,1,1ab17a65-3c93-467b-9c36-6a27d67f0cbc,p5ref,1,338381.0636499978
0.3993432023437076,0.5004273687268156,False,0.001107442297783336,0.023138552295918366,False,0.3586973852040816,0.5624461670973299,1,1b26e086-834d-49ec-b0fc-d2fafccb4aa6,p5ref,1,338381.0636499978
0.6737884457544523,0.648582880074719,False,0.02307604996233931,0.016581632653061226,False,0.4909518494897959,1.0,1,1b4ccf65-5872-4694-b441-599471b7794a,p5ref,1,338381.0636499978
0.42990000202835643,0.47539687023332017,False,0.0,0.017438616071428572,False,0.37021683673469385,1.0,1,1c6b087d-a573-450b-9a4c-f5a5de9a8004,p5ref,1,338381.0636499978
0.7216120260524184,0.9159420003471641,False,0.12204326731290363,0.07924107142857142,False,0.3859016262755102,0.36217303822937624,1,1c807df9-7cf0-4f02-bb16-7ad88384ef2e,p5ref,3,338381.0636499978
0.7169357551860761,0.7535205668534287,True,0.16208782175138964,0.07728794642857142,False,0.37593670280612246,0.7506446621970088,1,1caa4dac-4bac-419b-91d4-cac2d8408ccd,p5ref,2,338381.0636499978
0.9943038091894357,,True,0.0816582435233427,0.03178810586734694,False,0.37368463010204084,0.0,1,1cf02f00-7c14-467a-9283-1f6bacf783a3,p5ref,1,338381.0636499978
0.7989035078227161,0.7928120305231754,False,0.10092425881906496,0.06570870535714286,False,0.3303372130102041,0.7597816196542311,1,1d1badbd-7789-4923-a387-7ee4e3b18cc7,p5ref,2,338381.0636499978
0.5489989859771311,0.6540509121883443,False,0.001424612291477293,0.004185267857142857,False,0.41196986607142855,1.0,1,1d247b6c-0687-40bf-839e-fd30e01c585d,p5ref,1,338381.0636499978
0.8447585037698352,0.6030792868163019,False,0.03781149776332146,0.017418686224489797,False,0.28854432397959184,1.0,1,1d7876e7-2229-41a4-b6f5-0ead284ed611,p5ref,1,338381.0636499978
0.395390650539392,0.4843690791966654,False,0.0,0.024553571428571428,False,0.34012276785714285,1.0,1,1d9ec3ad-0120-428b-9778-3805f9348092,p5ref,1,338381.0636499978
0.6801101762623779,0.651403922193755,False,0.07478320727717865,0.03665098852040816,False,0.23977598852040816,0.8994018488308864,1,1dbc0249-4761-4b19-9872-de59673942da,p5ref,2,338381.0636499978
0.6680013328343101,0.5182592514185204,False,0.09243413851273576,0.07475685586734694,False,0.26779735331632654,0.9189549453479072,1,1dfee324-e504-49da-bfb8-5f3e5c2eda88,p5ref,2,338381.0636499978
0.49837498758283183,0.5612278347951215,False,0.09993160876043147,0.0819515306122449,False,0.30929129464285715,0.9455252918287937,1,1e57ff83-f0cb-4f2a-b8c5-f916ccd0e2c0,p5ref,2,338381.0636499978
0.7890549906862149,0.7362699009457998,False,0.03395806663795245,0.016940369897959183,False,0.39425223214285715,1.0,1,1f89239e-8271-4c33-abbc-7c018723b4c4,p5ref,1,338381.0636499978
0.42043361349351516,0.48958872082659854,False,0.003417170963172238,0.01917251275510204,False,0.34829400510204084,0.9376299376299376,1,1fd15b31-7b21-483d-bbef-e9893d6a051b,p5ref,1,338381.0636499978
0.8337372897625805,0.8016165838830571,True,0.22226422575375304,0.11716757015306123,False,0.30813536352040816,0.5735669331518966,1,20199da8-1cc3-429a-90d5-95242e065fe4,p5ref,2,338381.0636499978
0.9631973439006244,0.9393251855826504,True,0.27872235051519945,0.09478635204081633,False,0.29414461096938777,0.735071488645921,1,201fe232-cebb-4e8d-ab9a-f41f03bd676a,p5ref,1,338381.0636499978
0.6336180144704965,0.5132501094506601,True,0.20398528139879057,0.16557716836734693,False,0.36971859056122447,0.8346172363986519,1,2050fb88-70cb-40db-810d-038337613147,p5ref,2,338381.0636499978
0.632288411086509,0.42640710326896475,False,0.18582705129936933,0.13765545280612246,False,0.2913145727040816,0.9066164760388012,1,20ed5a77-bb84-4c95-b126-714bd59cdfbf,p5ref,2,338381.0636499978
0.5368637648172055,0.4647247370619385,False,0.26888813356722274,0.2595065369897959,False,0.3630221619897959,0.8560786421933799,1,216ef465-167c-495f-b1ad-8218b65338ea,p5ref,2,338381.0636499978
0.544183719474915,0.5282004023306737,False,0.05713973531405962,0.07728794642857142,False,0.2817482461734694,0.5036101083032491,1,21909788-6009-48a7-80c2-8ee149b18251,p5ref,2,338381.0636499978
0.4317237150918147,0.2347354149058861,False,0.13397828146764715,0.20651307397959184,False,0.2587292729591837,0.7406871260374445,1,21afc084-1c98-42f5-b767-edb5cb8f2884,p5ref,2,338381.0636499978
0.39391081076489876,0.44105288029541945,False,0.011459064649626633,0.05074139030612245,False,0.36178651147959184,0.910840534171249,1,21eca20b-515e-4f51-95e3-c5721e1fd6a1,p5ref,1,338381.0636499978
0.34945575129919343,0.40351869870547424,False,0.001306036221226021,0.029017857142857144,False,0.5001195790816326,1.0,1,2230de59-e044-4b6d-95c0-1154c0cbb802,p5ref,1,338381.0636499978
0.7312853059351199,0.5244727423692248,False,0.3010686524288848,0.15373883928571427,False,0.21504304846938777,0.7568058076225045,1,2278d9f3-e7bf-4e36-a194-aaf5bdb20762,p5ref,2,338381.0636499978
0.4089187910927178,0.49513825763653463,False,0.03308364562371104,0.12794961734693877,False,0.2974131058673469,0.7339563862928349,1,22c1b139-cb5e-41cd-83fd-7e06d6f4038e,p5ref,2,338381.0636499978
0.7398620110707246,0.7032594280671275,False,0.07686891614450628,0.050701530612244895,False,0.3173230229591837,0.9068396226415094,1,22ce653c-e7f4-45d5-9c5e-4abdc753b1b0,p5ref,2,338381.0636499978
0.6967686992997103,0.5238793362984181,False,0.13664782444009319,0.08533960459183673,False,0.29976482780612246,0.8010275572162541,1,22e76fb4-c74e-4cc3-820a-832a4467dac6,p5ref,2,338381.0636499978
0.9092096954822723,0.8344156239391866,False,0.0780474841734971,0.0274234693877551,False,0.36057079081632654,1.0,1,232f6bcd-2006-459a-9b30-b51beea28044,p5ref,1,338381.0636499978
0.6502318547789885,0.4460868310390607,False,0.11641235858734493,0.07930086096938775,False,0.31473214285714285,0.9927117366172405,1,235bb572-948f-446f-a7d6-40803f4dbb8c,p5ref,2,338381.0636499978
0.7829779158244827,0.6788810059675748,False,0.12757527134217964,0.0594108737244898,False,0.32971938775510207,0.8232136866823214,1,237fb342-b23b-44dd-803f-b63161c3f0cc,p5ref,2,338381.0636499978
0.7414723042406606,0.7171634550325763,False,0.053167294765023305,0.03557477678571429,False,0.4530652104591837,1.0,1,239b10e6-a859-447b-8496-eca7b6c8a356,p5ref,1,338381.0636499978
0.6394038844649227,0.6223468932532396,False,0.04608628807355557,0.029416454081632654,False,0.23060825892857142,0.9654471544715447,1,23aa6468-59f9-4ace-b656-9fea8d64764a,p5ref,1,338381.0636499978
0.7304881479972648,0.5703983203575829,True,0.33274287752313014,0.1973254145408163,False,0.4274952168367347,0.9985860014139986,1,23ec5265-20bb-4f80-9315-66ef0d7adef9,p5ref,2,338381.0636499978
0.6191441883913055,0.48870408119408937,False,0.20528797825565603,0.11182637117346939,False,0.35859773596938777,1.0,1,2409fc29-8acb-4e1d-8fdd-fc333d5c4852,p5ref,2,338381.0636499978
0.7904166638458939,0.7391695070892618,False,0.06950694025542388,0.03294403698979592,False,0.30970982142857145,1.0,1,2411eac7-f0b6-4eb8-82ec-d5f1487bdebf,p5ref,2,338381.0636499978
0.46866635075473556,0.5753571367001067,False,0.027145355815738785,0.05096061862244898,False,0.3380500637755102,1.0,1,2415c886-456c-447a-b418-bbf877ddefd1,p5ref,2,338381.0636499978
0.7947151011663496,0.5197231312659492,False,0.1446902002790401,0.09683912627551021,False,0.26395089285714285,0.8711669067709406,1,25465a29-78c4-44cf-984d-b3b9477f2de2,p5ref,2,338381.0636499978
0.38137642034007574,,False,0.0,0.010762117346938776,False,0.21759406887755103,0.0,1,254d15d9-dfc5-42a2-b2d6-f208527d6396,p5ref,1,338381.0636499978
0.8994448141414366,0.7563262422277895,False,0.19854926384720706,0.11898118622448979,False,0.2833227040816326,0.8815745393634841,1,2554df23-d5d3-4ffc-86c7-952a535998fc,p5ref,2,338381.0636499978
0.7994009066876426,0.5632661006073963,False,0.13219801658048186,0.07595264668367346,False,0.2618781887755102,0.9630018367882446,1,25957b99-212d-48d2-aef4-ca816f211f0e,p5ref,2,338381.0636499978
0.8818974101467373,0.7941728531912244,False,0.12423198174675508,0.060427295918367346,False,0.3897082270408163,0.9548153034300791,1,25c7d4f1-d16e-4fba-9155-8f79a396aa81,p5ref,2,338381.0636499978
0.8438632001018087,0.9575085250152423,True,0.24689351161493034,0.10702327806122448,False,0.4729551977040816,0.3994413407821229,1,26df5099-c051-41e9-929d-99b6f1684815,p5ref,2,338381.0636499978
0.9230561757519589,0.9285987983829368,True,0.21597861813509603,0.053810586734693876,False,0.4391940369897959,0.9925925925925926,1,27bdb2cc-9665-40ea-a6b4-248a1112dbe8,p5ref,1,338381.0636499978
0.6795959692490656,0.5780248347662293,True,0.246781381031372,0.13903061224489796,False,0.3877750318877551,0.7588876146788991,1,27feebaa-f4dc-4c68-9348-f0ff35134e43,p5ref,2,338381.0636499978
0.8793245883275028,0.92584466166475,True,0.5018646796960033,0.0712890625,False,0.3942323022959184,0.9228403690243221,1,28dfbd38-b24a-4cfb-a355-34c226dd2aa2,p5ref,1,338381.0636499978
0.4298321084832209,0.3921499401241149,False,0.07552479177689053,0.09737723214285714,False,0.3970424107142857,0.898894801473598,1,290e32e9-3632-4642-a1d4-70c975d376b7,p5ref,2,338381.0636499978
0.24884191362395064,0.22824049973971888,False,0.0,0.014768016581632654,False,0.3976203762755102,1.0,1,297bc9fd-b7bd-4c9b-a46d-9131a3b9ffbb,p5ref,1,338381.0636499978
0.710269013581695,0.6928314293134369,True,0.2246633923900119,0.14060507015306123,False,0.5270448022959183,0.9990077958894401,1,2a4489f6-6f7b-46f5-a937-281206307943,p5ref,2,338381.0636499978
0.4605022066585817,0.27016548340088575,False,0.04308595452080955,0.07184709821428571,False,0.2637515943877551,1.0,1,2af2646f-3cc0-4ef2-a9e4-0beea36f335a,p5ref,2,338381.0636499978
0.41240843478566175,0.5616340827353017,False,0.019355904773938584,0.05660076530612245,False,0.3444674744897959,0.9295774647887324,1,2ba20b8b-50aa-477d-8f39-ded35b460696,p5ref,1,338381.0636499978
0.7781468860785318,0.7375729541512414,False,0.3569370687296351,0.14911511479591838,False,0.35714285714285715,0.9649826249665865,1,2bbcfa00-cfcb-4761-b3e3-83687fd65d5b,p5ref,2,338381.0636499978
0.13171020307496792,0.09487507417958611,False,6.669128528321813e-06,0.013113839285714286,False,0.34476642219387754,1.0,1,2bd2356b-305a-4726-9a47-034da8f5f2ee,p5ref,1,338381.0636499978
0.5602853069181984,0.4294353745569656,False,0.1004367571844831,0.07059151785714286,False,0.2960578762755102,0.9836250705815923,1,2bd2f688-6bed-4f0c-a385-9eed1b1027de,p5ref,2,338381.0636499978
0.3560873755220045,0.3648510202339281,False,0.0,0.007334183673469388,False,0.24077248086734693,1.0,1,2c8258f4-ecf5-4dba-b17a-5411cc1d569e,p5ref,1,338381.0636499978
0.9349048482531377,0.9256453551904263,False,0.16025159179352216,0.04055723852040816,False,0.3949697066326531,1.0,1,2ca09b04-a0a9-4592-be28-bb6a47dc1732,p5ref,1,338381.0636499978
0.9457481219304008,0.9089947856315179,False,0.04132303691683527,0.00896843112244898,False,0.4217554209183674,1.0,1,2cafbcf4-4191-44a1-b81e-b3b6c75ecc7d,p5ref,1,338381.0636499978
0.6103847543636393,0.3613582574112474,False,0.06929330390241897,0.06040736607142857,False,0.32011320153061223,1.0,1,2cd0cbc4-bf35-49de-963e-8ee3fd08ca75,p5ref,3,338381.0636499978
0.61184713733472,0.6614430229122966,False,0.08979482141851258,0.05980947066326531,False,0.3175023915816326,0.923025658113962,1,2e4b20f7-69c4-4680-9c8b-6984c195b1cf,p5ref,3,338381.0636499978
0.6048015359601145,0.49573497863461874,False,0.11348550549402012,0.08703364158163265,False,0.2624362244897959,0.9248912296771239,1,2fa75092-e364-4326-b5b0-f1d61df464c8,p5ref,2,338381.0636499978
0.8647284656076807,0.6888417610485064,False,0.05104617079625161,0.023018973214285716,False,0.3592554209183674,1.0,1,2feb2bad-6b36-4067-87f1-54d39235e3c5,p5ref,1,338381.0636499978
0.87678017043573,0.5785089522610853,False,0.2782095826109179,0.12593670280612246,False,0.21924824617346939,0.920873555942396,1,3066b0e3-9a51-4628-bc5f-82dc78c9d558,p5ref,2,338381.0636499978
0.88199058877875,0.7954991017357784,False,0.06623017480803549,0.030074139030612245,False,0.42061941964285715,1.0,1,30d3d2f9-4342-4ab4-9032-34d894c2cfbb,p5ref,3,338381.0636499978
0.7653690215559392,0.6418368281313862,True,0.4341297143766052,0.25669642857142855,False,0.28798628826530615,0.7869565217391304,1,30f2c879-2104-45e4-acbd-6284f7a62d35,p5ref,2,338381.0636499978
0.8917035393363005,0.8426361045858256,False,0.20200680440777913,0.07782605229591837,False,0.4573501275510204,0.9994878361075544,1,31694f91-f16d-4d5c-9dac-b5c7dd5c767d,p5ref,1,338381.0636499978
0.3080013714187756,0.4293451977947577,False,0.0,0.06993383290816327,False,0.2707469706632653,0.9250498717583358,1,3188960a-9044-4c39-b74d-71b289d857d2,p5ref,2,338381.0636499978
0.7992371383136032,0.6059578688995142,False,0.1354628465875234,0.07212611607142858,False,0.3358777104591837,0.9190384084001105,1,31a5e26b-48ea-4bb2-a0bc-8b2dbd234f0e,p5ref,2,338381.0636499978
0.555213489028236,0.7151001767477113,False,0.1425945747122579,0.11878188775510204,False,0.28944116709183676,0.6983221476510068,1,31ba8a38-bc46-4208-9225-f4a6290d7966,p5ref,3,338381.0636499978
0.808778880014492,0.7114341317477042,False,0.13083497854392884,0.07366071428571429,False,0.3542330994897959,0.8273809523809523,1,31bef3ba-3580-40ab-a7af-567a5c95e4da,p5ref,2,338381.0636499978
0.31797677843311817,0.4266168210937956,False,0.0030146096089124783,0.08111447704081633,False,0.3565051020408163,0.9992628992628992,1,31d565cd-7b80-48ab-a86d-c5aaec5b4505,p5ref,2,338381.0636499978
0.7275238238463891,0.6965438244393224,False,0.22529739196424553,0.11770567602040816,False,0.41762994260204084,0.7636302065695902,1,3218b157-1f46-4da3-863f-9b97ae22308f,p5ref,3,338381.0636499978
0.7899743002300489,0.5525665827491473,False,0.09498671624624076,0.05717873086734694,False,0.2926498724489796,0.8804461484837922,1,3246006e-f323-43c9-a322-4979fdb85f37,p5ref,2,338381.0636499978
0.6676300676760788,0.6327898777465344,False,0.11304656437942337,0.07083067602040816,False,0.3408203125,1.0,1,327684d0-5fb9-405d-826f-5c8954cea401,p5ref,2,338381.0636499978
0.4474940545072267,0.4751404657235643,False,0.0466379750446223,0.050900829081632654,False,0.4284518494897959,0.7642913077525451,1,327988cd-ed44-464a-88bb-a903bef4c947,p5ref,2,338381.0636499978
0.8106609589443697,0.6909118073925569,False,0.0916265843510965,0.04474250637755102,False,0.2530891262755102,0.7340757238307349,1,327af298-ff3a-44b9-b5bf-93ab3a5abb04,p5ref,2,338381.0636499978
0.33703419187991407,0.30873818850461904,False,0.009745791422674788,0.056162308673469385,False,0.3251953125,0.6926898509581263,1,328ca6d8-ae49-41ad-9e58-823c8049b1bb,p5ref,2,338381.0636499978
0.8111908530835544,0.6964557666922556,False,0.05346799993239188,0.027782206632653062,False,0.30825494260204084,0.994261119081779,1,329c254a-e6bc-44cf-bc09-365d5d43f4df,p5ref,1,338381.0636499978
0.42631130063965883,0.49989507554560714,False,0.0,0.06529017857142858,False,0.3409000318877551,0.8574481074481074,1,32aeea3d-b01e-421f-9094-d4fdd87e85ac,p5ref,2,338381.0636499978
0.7304826036732205,0.631302696170444,False,0.1598458471886739,0.09175701530612244,False,0.3339046556122449,1.0,1,32b35555-525c-41c4-8bbe-44ae86d3ab26,p5ref,2,338381.0636499978
0.4025875190258752,0.41441697837046676,False,0.0,0.031050701530612245,False,0.2591079400510204,0.45121951219512196,1,32c9f801-2eaf-433b-a87b-08ab319ba27a,p5ref,1,338381.0636499978
0.7044715161168699,0.6150081206986866,False,0.1664818369027728,0.08099489795918367,False,0.2692123724489796,0.9406988188976378,1,32e6fd38-0e31-450c-93ec-f29ea5a6ad2c,p5ref,2,338381.0636499978
0.33673799931164333,0.40487783670985134,False,0.0,0.015605070153061224,False,0.24481823979591838,1.0,1,3331a818-6190-4caa-8e71-1849f68d1557,p5ref,1,338381.0636499978
0.7215625438124672,0.472953685972242,False,0.13750411781303282,0.09548389668367346,False,0.21725526147959184,0.8252974326862867,1,33382d82-31fd-4a74-950a-1820412aa6c5,p5ref,2,338381.0636499978
0.7711762831343655,0.5791697740955912,True,0.4386077900784963,0.28232621173469385,False,0.30502630739795916,0.7993082027389524,1,33ab4fe9-ce46-41c0-9074-c7ef83765af7,p5ref,2,338381.0636499978
0.7046055507517277,0.5336382624581903,False,0.16208379114528937,0.12195073341836735,False,0.45316485969387754,0.8319986925968296,1,33b759a7-cc42-4d7e-8f54-c1a32b389674,p5ref,2,338381.0636499978
0.7951406812467188,0.6222284758389387,True,0.40986310925977826,0.3145328443877551,False,0.45547672193877553,0.9640096312254467,1,33da8f93-c3f9-413c-bc49-2a51f34aded2,p5ref,2,338381.0636499978
0.5091012235104069,0.6347277320217432,False,0.05272496588553318,0.0780452806122449,False,0.411930006377551,0.9757405515832482,1,33dea6c5-2f2c-4164-a489-8ae440b921f1,p5ref,2,338381.0636499978
0.6873619762554092,0.46454941066313915,True,0.5630748484953625,0.44021045918367346,False,0.3596938775510204,0.7103857298080406,1,33e4f74e-b8f2-470b-8815-6ee3e94b8590,p5ref,2,338381.0636499978
0.7902572461367023,0.820084469092999,True,0.25575886152127236,0.11937978316326531,False,0.2794563137755102,0.833889816360601,1,33f0fb8e-35b4-4680-8f22-990a36899bfa,p5ref,2,338381.0636499978
0.0982027451221764,0.08432297597744157,False,0.0,0.028599330357142856,False,0.39612563775510207,1.0,1,3416e4ff-a8a4-4822-85ab-2e7e066457ba,p5ref,1,338381.0636499978
0.8038060443171189,0.7678817072527386,True,0.48829825791804465,0.24856505102040816,False,0.3379703443877551,0.8766035920461834,1,3460d66e-b863-4d11-8d55-14b559ec1588,p5ref,2,338381.0636499978
0.294813522178483,0.30683962264150944,False,0.0,0.017817283163265307,False,0.26817602040816324,0.8232662192393736,1,347476f1-b3e1-4e7d-a029-e6da07d7e57c,p5ref,2,338381.0636499978
0.7950855005483899,0.7490783896778499,True,0.43401622400723944,0.2183514030612245,False,0.3234016262755102,0.8975903614457831,1,34e283d8-3c14-4d47-8882-fb53ec242f87,p5ref,2,338381.0636499978
0.6413579909759687,0.6917007071244117,False,0.22583627099335934,0.17151626275510204,False,0.38783482142857145,0.8117592377411108,1,34f16115-b927-44eb-9880-b413b65421fa,p5ref,2,338381.0636499978
0.44648657424550636,0.4544243698902663,False,0.0614470050501528,0.09891183035714286,False,0.3594347895408163,0.9308885754583921,1,35129138-f9bb-40cb-bce0-927b0116faf7,p5ref,2,338381.0636499978
0.3284664433156814,0.3489986119373389,False,0.0,0.07794563137755102,False,0.34476642219387754,0.5548453081053439,1,3533d3a6-27af-4d2b-a232-ce489a2148d9,p5ref,2,338381.0636499978
0.2987450176052467,0.2797218175389108,False,0.0009506538568934703,0.04225127551020408,False,0.26534598214285715,0.8216981132075472,1,35477f5b-9747-4f99-b1ce-7c97150cccfd,p5ref,2,338381.0636499978
0.838591038969078,0.7058582046814437,False,0.4463318686723797,0.2342155612244898,False,0.2947624362244898,0.72285568413887,1,356b4fae-852c-40cc-b736-53b64ea38a99,p5ref,2,338381.0636499978
0.29873823749565587,0.34500353919660237,False,1.687872816221721e-05,0.005978954081632653,False,0.34384964923469385,1.0,1,35726244-0298-433e-9376-d1a1fe5724cf,p5ref,1,338381.0636499978
0.4282257897032253,0.43480099371002695,False,0.0,0.040357940051020405,False,0.3971420599489796,0.49777777777777776,1,359355a8-5981-406a-a8c3-3dcfdde9169e,p5ref,1,338381.0636499978
0.6104480840674041,0.5867545857942543,True,0.49446655763611347,0.34767617984693877,False,0.4039779974489796,0.8857552307251362,1,35d5dba1-22ee-4f68-b28f-bd16ae96ae00,p5ref,2,338381.0636499978
0.7254685726710719,0.32754035857992186,False,0.17173223210548497,0.09925063775510204,False,0.2569156568877551,0.9819277108433735,1,35dc2301-0e1e-4d37-8926-350cd1be37ca,p5ref,2,338381.0636499978
0.7751883150457795,0.7046714571621383,True,0.42401614455368963,0.26339285714285715,False,0.3171436543367347,0.8588075060532687,1,35f287e7-12d7-41f4-a5e9-711086bd031d,p5ref,2,338381.0636499978
0.7500672687431271,0.27636663712154874,False,0.2066566456067979,0.12858737244897958,False,0.22221779336734693,0.5891196528208308,1,363a77dc-eb92-45ec-9872-aaf32a4bc920,p5ref,2,338381.0636499978
0.20006464124111184,0.3186757348342714,False,0.0,0.013392857142857142,False,0.26833545918367346,1.0,1,3666d8e9-60ac-4d61-a527-a87a4fbe4459,p5ref,1,338381.0636499978
0.8201835142676077,0.6465716517857143,True,0.5605978822367609,0.38709741709183676,False,0.4033801020408163,0.8361221232559337,1,366b30d6-2c8b-4985-978b-b8cde00f4377,p5ref,2,338381.0636499978
0.7130635017552099,0.7109906369951522,False,0.07390419564625939,0.04412468112244898,False,0.23288026147959184,0.8306233062330624,1,36af11b1-75ca-473d-b29c-4bfa1802a81e,p5ref,2,338381.0636499978
0.2939732737907967,0.1986920329529755,False,0.004489687017386154,0.023716517857142856,False,0.40194515306122447,0.5252100840336135,1,36cf3250-2ea6-4ef9-8143-c1bbafe83475,p5ref,1,338381.0636499978
0.883319790008593,0.7886475370856367,True,0.5312522194326612,0.35957429846938777,False,0.3421157525510204,0.7689834829841481,1,3703a60d-cd4c-4183-865d-82825a95af81,p5ref,2,338381.0636499978
0.2022274214246295,0.08644199042835267,False,0.0008830272192728605,0.07772640306122448,False,0.32619180484693877,0.9561538461538461,1,3705e8a9-bda4-43dc-8671-5f3bb5e1ff8b,p5ref,1,338381.0636499978
0.4841417884227412,0.3240455369036159,False,0.0934850822652745,0.08801020408163265,False,0.29575892857142855,0.9415760869565217,1,372bf07c-c79b-45ef-b643-128dbb3efdc6,p5ref,2,338381.0636499978
0.5462238737686509,0.3435989576846399,False,0.07875779459751356,0.07190688775510204,False,0.21131616709183673,0.8813747228381374,1,3734dfbc-ce7c-478e-8160-53ea00b32c5c,p5ref,2,338381.0636499978
0.8493216103472667,0.6563976974200102,False,0.24453807688271811,0.15816326530612246,False,0.2927295918367347,0.7854082661290323,1,3768dc07-b49f-4e4d-8233-5dda9692ca68,p5ref,2,338381.0636499978
0.38400501146662247,0.35547878247456777,False,0.0007844675739921543,0.03826530612244898,False,0.3295200892857143,1.0,1,37f70057-7e01-4aae-8940-6712bfe34255,p5ref,1,338381.0636499978
0.40706822125314623,0.4538704132550694,False,0.2714817935334318,0.3254544005102041,False,0.3202527104591837,0.7969381506429883,1,380c4bec-022e-4b0e-b96b-40be0dddfd52,p5ref,2,338381.0636499978
0.30135061448764733,0.30888857684476584,False,0.0,0.049705038265306124,False,0.3335658482142857,1.0,1,3818b3c2-3960-4490-9615-2747147f1950,p5ref,1,338381.0636499978
0.36309597268501376,0.41080485115766263,False,0.0,0.031050701530612245,False,0.3021962691326531,1.0,1,382db3e8-f756-48c5-8def-e0630634a680,p5ref,1,338381.0636499978
0.6876454864838345,0.621580221048604,True,0.30118332610007464,0.21308992346938777,False,0.42508370535714285,0.7984474373363262,1,38929efc-a8ad-42b5-9fff-8ba881a7873e,p5ref,2,338381.0636499978
0.8817567858160182,0.7686516791540262,False,0.18646869808618435,0.07748724489795919,False,0.3680843431122449,1.0,1,38b557eb-bf26-4da1-b6ec-5674cddc9ef2,p5ref,1,338381.0636499978
0.6104834002666291,0.5511852404757837,True,0.2723241288708552,0.1838329081632653,False,0.4038584183673469,0.9098005203816132,1,391589be-c014-4862-ae43-84f42b030f30,p5ref,2,338381.0636499978
0.7574395229153992,0.5179067136450519,False,0.29750179609933547,0.1935188137755102,False,0.3003627232142857,0.9449021627188465,1,395738ff-53d2-42e6-aa6d-a01e4a07f01f,p5ref,2,338381.0636499978
0.3093683695119961,0.46939483266863186,False,0.0,0.02311862244897959,False,0.2529894770408163,1.0,1,398cd60c-17b9-44bc-8547-5cb6b6dad714,p5ref,1,338381.0636499978
0.7504460992805894,0.7529714753202887,True,0.21566668018849589,0.07533482142857142,False,0.29593829719387754,0.9322751322751323,1,39c1395d-f5d7-4ce2-9154-04bd38bc8729,p5ref,2,338381.0636499978
0.5020980723668996,0.3474186991927799,False,0.2382338109125952,0.21205357142857142,False,0.32760682397959184,0.8581766917293233,1,39dfdacc-9000-4dc5-94e5-252e14307c10,p5ref,2,338381.0636499978
0.7688621473368735,0.8328624164548422,False,0.003034264370201309,0.016143176020408163,False,0.36266342474489793,0.9024691358024691,1,3a010152-9ce2-4780-bdd8-bac6fa101991,p5ref,1,338381.0636499978
0.9345051508404497,0.9521743553844146,True,0.3529973721730364,0.1298828125,False,0.34853316326530615,0.8444069357066135,1,3a183229-e56b-4c3e-9d3c-127adec8a2f3,p5ref,1,338381.0636499978
0.3296594025989337,0.26482625888467803,False,0.014169789336840077,0.042091836734693876,False,0.4388950892857143,1.0,1,3a364ace-4994-4be2-a3e2-cab2627c740e,p5ref,1,338381.0636499978
0.8371407567709399,0.7988898915573889,False,0.2666828545017404,0.12025669642857142,False,0.48728475765306123,0.997514086841233,1,3a37447e-4d0a-4165-a5a2-74a015de8098,p5ref,2,338381.0636499978
0.7696299486752913,0.755373567664016,False,0.17067490580495598,0.0703125,False,0.32914142219387754,0.8035714285714286,1,3a5ff12c-56f6-4ea0-ba4e-82e49b889222,p5ref,2,338381.0636499978
0.5319471490586659,0.7172253994277749,False,0.06178343721436338,0.09845344387755102,False,0.3824936224489796,0.8993927125506073,1,3a902c1d-e41b-43d3-8484-4c0d92a30271,p5ref,2,338381.0636499978
0.8025766577738221,0.5297829188302186,True,0.4816325559190649,0.24051339285714285,False,0.21137595663265307,0.6823831620815379,1,3a95e2d5-ec7a-4020-a48c-7d61fdb3d0af,p5ref,2,338381.0636499978
0.7641594146132633,0.635886187678801,False,0.08762879262958219,0.052734375,False,0.23513233418367346,0.9164777021919879,1,3a9cc5df-5d6a-4401-bd8e-8cd1f0b27285,p5ref,1,338381.0636499978
0.5616457771131795,0.5241585673034775,True,0.34897746596477186,0.31752232142857145,False,0.4727359693877551,0.8835048958071805,1,3adf7f71-3ded-406d-a08c-a61d152f78dc,p5ref,2,338381.0636499978
0.9465096456962719,0.9122361039598296,True,0.09161723638782736,0.030612244897959183,False,0.5966996173469388,1.0,1,3ae1c3de-e2a7-44f5-b794-b1ef71640d0f,p5ref,1,338381.0636499978
0.2949597670732997,0.34663321786866536,False,0.007622818329476838,0.1493542729591837,False,0.30422911352040816,0.9613023752335201,1,3b081d12-6804-4a33-85cd-712a886e4e01,p5ref,2,338381.0636499978
0.5518019291904,0.5532662030058121,False,0.1485131345338277,0.11371970663265306,False,0.27040816326530615,0.8054679284963197,1,3b253e33-a932-4d96-a8fe-f3a5be6b66a6,p5ref,2,338381.0636499978
0.7646968665813777,0.7788196665603104,True,0.27293045481172423,0.16681281887755103,False,0.24778778698979592,0.7058542413381123,1,3b66da46-f0a2-4e41-bd6d-68a8ba799708,p5ref,2,338381.0636499978
0.38499310460111164,0.3956428187197418,False,0.0,0.046197385204081634,False,0.4536033163265306,0.9969801553062986,1,3b935aac-701f-406e-a4e8-eab033f2cc38,p5ref,1,338381.0636499978
0.37442773054283846,0.42990228013029314,False,0.0,0.08581792091836735,False,0.3789859693877551,0.8513701811425918,1,3b94276b-4b65-4339-a629-0500f0171c45,p5ref,2,338381.0636499978
0.6404283871961248,0.5789586123199432,False,0.03376935364393494,0.029994419642857144,False,0.281070631377551,1.0,1,3bb338a0-7e3d-4248-8731-a8daffa15e58,p5ref,1,338381.0636499978
0.8328788734950332,0.6536448982711085,False,0.2694594739552914,0.16914461096938777,False,0.2481265943877551,0.8147755390597384,1,3bc8260d-31f1-45a4-bad5-06d0936f9bed,p5ref,2,338381.0636499978
0.7951613756908072,0.5818275262878115,False,0.34745510235098986,0.19210379464285715,False,0.28025350765306123,0.8380537400145244,1,3bd6f6e0-c07a-4c22-87e7-53d60de9ad0e,p5ref,2,338381.0636499978
0.8746473122555705,0.6696562611569122,False,0.5448426493641014,0.35616629464285715,False,0.33848852040816324,0.7750545576632533,1,3bdd7783-a978-415c-b0eb-d57c618d50de,p5ref,2,338381.0636499978
0.19887576679365954,0.2166272115037568,False,0.0008030500561389814,0.04767219387755102,False,0.45820711096938777,1.0,1,3c329c7a-1dcf-41c6-a3ab-1db886e8ebd8,p5ref,1,338381.0636499978
0.7996178179504967,0.6640856877961265,True,0.23482960549640491,0.10855787627551021,False,0.37832828443877553,0.9854966036350284,1,3c679832-d552-4db1-b170-0a82e5753da5,p5ref,2,338381.0636499978
0.6849926724742681,0.5970860685905689,False,0.18968275153727765,0.1285674426020408,False,0.3811782525510204,0.7930553402573245,1,3c92c85a-acb7-49dc-b732-1b6e203e6d7b,p5ref,2,338381.0636499978
0.6868993139070186,0.48411426017936515,True,0.4673430920567169,0.32589285714285715,False,0.33695392219387754,0.8163527397260274,1,3cb2bebe-0b95-42af-9bfe-72aeff44f745,p5ref,2,338381.0636499978
0.253468914385122,0.27777186352264865,False,0.0,0.03766741071428571,False,0.4115712691326531,0.9862433862433863,1,3d0964c8-b41f-4e3b-a871-fbaca943558b,p5ref,1,338381.0636499978
0.6063913056181984,0.5077142587008858,True,0.39877788195611347,0.2541454081632653,False,0.347476881377551,0.9149937264742786,1,3d1af87f-b6ad-408d-bddc-8bd1f27dd890,p5ref,2,338381.0636499978
0.4907220945049371,0.5064388897673712,False,0.17256978268769002,0.1744658801020408,False,0.2843391262755102,0.9930317569111263,1,3d294e57-04ee-4a84-acf5-4974a1be2c5d,p5ref,2,338381.0636499978
0.819922906641307,0.6981166238596959,True,0.44361691618835836,0.23058832908163265,False,0.2682557397959184,0.7974935177182368,1,3d48f4d3-7a90-4ead-8634-b2d394575284,p5ref,2,338381.0636499978
0.48055548109198076,0.4181049849164605,False,0.21458229917183738,0.18869579081632654,False,0.2460339604591837,0.7839036755386565,1,3d57f7e9-b198-4478-84c4-063bea92b00e,p5ref,2,338381.0636499978
0.7139769343258018,0.6698076228644773,False,0.18959995009468927,0.12691326530612246,False,0.2331592793367347,0.9346733668341709,1,3d63ab2e-862a-4f11-82d3-b9f561e8ecec,p5ref,2,338381.0636499978
0.4267424113956249,0.47227489513302306,False,0.0,0.05978954081632653,False,0.40658880739795916,0.9993333333333333,1,3d8a52f8-3769-48d7-9460-2df223a06632,p5ref,2,338381.0636499978
0.4817271472181788,0.5725541935846358,False,0.02924780304635632,0.07212611607142858,False,0.46358816964285715,0.9969604863221885,1,3da1b7e0-888d-4b1b-8304-10d7d609d9ed,p5ref,1,338381.0636499978
0.7945751015801278,0.7774813055710338,True,0.21879715088991247,0.12802933673469388,False,0.4513313137755102,0.8813823163138231,1,3da7cc6a-7864-4ab8-8842-297650b7db19,p5ref,2,338381.0636499978
0.3395958968296359,0.3903681465968459,False,0.002684002336453932,0.044044961734693876,False,0.3405612244897959,1.0,1,3ddd8bc8-e9a2-42f2-b6fc-ef95c5a11d5c,p5ref,1,338381.0636499978
0.9541799058897092,0.9322945422285754,True,0.18530418985310135,0.06505102040816327,False,0.3944714604591837,0.7607230392156863,1,3de7efd4-d074-4fee-95d7-4718e4d7df91,p5ref,1,338381.0636499978
0.9166651262057633,0.756710580380168,False,0.4125211166483277,0.26273517219387754,False,0.30185746173469385,0.8366077524084048,1,3df3ed06-02ba-49b0-9c46-d146e71cad5d,p5ref,2,338381.0636499978
0.46601825524932844,0.31352186287406486,False,0.12606815861281367,0.22042410714285715,False,0.28298389668367346,0.8514466546112116,1,3e439e6d-97d9-40b8-b201-794a5ce5ff1e,p5ref,2,338381.0636499978
0.8286945884013093,0.5346929698420874,True,0.5416158405503858,0.3924585459183674,False,0.2405731823979592,0.5248324192565509,1,3e7fc50e-d9ae-4b91-909d-1ea4cc9ddcb1,p5ref,2,338381.0636499978
0.8468895795146856,0.6931477614501077,False,0.23869368172623284,0.1324736926020408,False,0.4431999362244898,0.9995486685722883,1,3e881f10-28aa-4626-a79a-50cc014b7a1a,p5ref,2,338381.0636499978
0.8689062413582144,0.8871334150616728,False,0.15836060612039388,0.05963010204081633,False,0.4075454400510204,0.9832887700534759,1,3e8eea71-b36a-49a9-8fbc-47749ee2c641,p5ref,1,338381.0636499978
0.8805077066327289,0.803357638735101,False,0.2798370990217705,0.14781967474489796,False,0.2880261479591837,0.9146555211001752,1,3ea263f3-acee-461d-bbcd-9641d9db79d9,p5ref,2,338381.0636499978
0.8635762590118455,0.5542525774645872,True,0.3727208356223038,0.23493303571428573,False,0.25418526785714285,0.8032745164574143,1,3eab8ad4-5d91-4b53-a7f7-9ccc04100665,p5ref,2,338381.0636499978
0.35360330722614386,0.3733608793597849,False,0.0001803053487376034,0.022321428571428572,False,0.3569236288265306,1.0,1,3ed5e37a-df95-4bf3-9ea9-fab48fc42f86,p5ref,1,338381.0636499978
0.8496015147487248,0.4981304202003236,False,0.3339083720906694,0.18640385841836735,False,0.26869419642857145,0.9209879183149792,1,3ed75b04-2a32-44a8-9297-0e58441f0e8c,p5ref,2,338381.0636499978
0.35714285714285715,0.4238390787407463,False,0.0,0.03571428571428571,False,0.3021763392857143,0.9983258928571429,1,3f167edb-74e4-4a4a-b710-9732659ac767,p5ref,1,338381.0636499978
0.6282415068673889,0.620854477854359,False,0.11085553124240276,0.05895248724489796,False,0.3590561224489796,0.9996619337390128,1,3f30761d-5615-4039-a155-0fd26f461742,p5ref,1,338381.0636499978
0.672969021647447,0.6511847758526054,False,0.37249277381207213,0.2661830357142857,False,0.3305763711734694,0.7909553758610363,1,3f679b9e-6ebc-4a39-a08b-a1bccc6111a1,p5ref,2,338381.0636499978
0.34776549291243336,0.4112708892814345,False,0.016333191135149056,0.10447225765306123,False,0.3231624681122449,0.9677603967951164,1,3fbd74df-08fb-4145-abdc-5e27828b3d30,p5ref,2,338381.0636499978
0.910093467985504,0.8519985206363911,False,0.11749337726428681,0.03635204081632653,False,0.2900988520408163,0.7823464912280702,1,3fd78890-11cf-4bb2-88ac-0a8e7fc54c61,p5ref,1,338381.0636499978
0.9068392517793653,0.8770102789453849,False,0.20631369916231845,0.06702407525510204,False,0.3461814413265306,0.8180196253345228,1,3ff30575-fa0f-4e5c-bba6-651f4ea724af,p5ref,1,338381.0636499978
0.5144138298485177,0.516186331508648,False,0.032118293373165026,0.06861846301020408,False,0.28944116709183676,0.8867266918385129,1,4007ffd5-5e8e-403d-8755-72ecaa2fce43,p5ref,2,338381.0636499978
0.7934613263271032,0.7359213280132304,True,0.29108741827724993,0.20567602040816327,False,0.32246492346938777,0.8169573643410852,1,400f9de2-ee62-4c18-8d8b-7c122b688ecf,p5ref,2,338381.0636499978
0.7814185261068327,0.583075882666483,False,0.10937595861959237,0.06580835459183673,False,0.33462213010204084,0.88885523924894,1,401afe9b-4c20-41cc-b52d-21995c71e872,p5ref,2,338381.0636499978
0.9392849937890956,0.8560845459534127,False,0.07862490507037723,0.024852519132653062,False,0.36776546556122447,1.0,1,40346c30-cf4a-4fe3-a6a1-935ac182a551,p5ref,1,338381.0636499978
0.4197927980616593,0.4778699861687414,False,0.0,0.04583864795918367,False,0.24794722576530612,0.6939130434782609,1,405599ce-75dc-422c-b058-08022f60611a,p5ref,1,338381.0636499978
0.9876805369117291,0.9864226159099113,True,0.20675840704093384,0.07680963010204081,False,0.33238998724489793,0.9753502854177478,1,406aa509-7936-40d8-a5ee-1fe828f89320,p5ref,1,338381.0636499978
0.9058819184569157,0.657618438883552,False,0.23329214474461885,0.13560267857142858,False,0.26143973214285715,0.9983833039388595,1,40a2f7fd-342e-494b-a7e0-5857b73ec582,p5ref,2,338381.0636499978
0.46731845358411883,0.48383612066896053,False,0.0,0.06331712372448979,False,0.2776626275510204,0.4516839785961599,1,40e09e66-bed3-4fd7-9c73-683784dcf71c,p5ref,2,338381.0636499978
0.9076558466203808,0.774440169105844,False,0.145482577856372,0.054807079081632654,False,0.36294244260204084,1.0,1,40f57a2e-1b3c-46fb-9350-558e34b8f4e9,p5ref,1,338381.0636499978
0.9270907000808629,0.9133234203723234,False,0.14513854037910143,0.038584183673469385,False,0.3971619897959184,1.0,1,40fd6a4f-4987-494a-a297-80ba2cfa2dc4,p5ref,1,338381.0636499978
0.9857229332240022,0.9798558609768971,True,0.16597345414046877,0.037587691326530615,False,0.3006218112244898,0.8748674443266172,1,415419bd-51a7-4708-8cb9-1adcba6921b1,p5ref,1,338381.0636499978
0.8941304353846884,0.9027757647410569,False,0.2359434988245505,0.09793526785714286,False,0.3592155612244898,0.2733007733007733,1,419e1001-50d6-40bb-a448-57abdb795117,p5ref,1,338381.0636499978
0.8681411475552836,0.8106517066176581,True,0.26665764655737834,0.1171875,False,0.2815489477040816,0.7799319727891156,1,41bf2042-53a2-44a8-9a29-55e643af5ac0,p5ref,2,338381.0636499978
0.7859958167207518,0.5924598688505133,True,0.3784151269651641,0.2035235969387755,False,0.3032724808673469,0.9400705052878966,1,427412d0-cf4c-4a13-b58e-6ffdd004c6ec,p5ref,2,338381.0636499978
0.9043103493900196,0.855941647315826,False,0.062458385847354504,0.02564971301020408,False,0.3805404974489796,1.0,1,44e8dcb4-99be-4173-b406-12d12a53a030,p5ref,1,338381.0636499978
0.5919830430689889,0.5046511439199287,False,0.19763088673049853,0.16001674107142858,False,0.2613998724489796,0.6857641051189438,1,4525bf0b-20b4-4f4f-9149-e32632812d89,p5ref,2,338381.0636499978
0.7122544634358329,0.6204957469524603,True,0.3423935884211953,0.22227758290816327,False,0.3729671556122449,0.938133237693894,1,45415872-fc2a-43ba-869d-5131c57622f1,p5ref,2,338381.0636499978
0.8135625695182638,0.6414268034387848,False,0.26113740890140186,0.14927455357142858,False,0.2529894770408163,0.9137516688918558,1,45877324-19f1-49c8-90f2-037d0a6ebfae,p5ref,2,338381.0636499978
0.5775561145194972,0.39042211781292885,False,0.06809658711132573,0.06584821428571429,False,0.34394929846938777,0.9282687651331719,1,45a1e0ab-3eb3-4587-b679-2b2310635804,p5ref,1,338381.0636499978
0.631965408833621,0.6442484741116508,False,0.049595169599302956,0.051837531887755105,False,0.39140226403061223,0.9930795847750865,1,46d60c88-cc89-4a8a-88ba-bcebc581513c,p5ref,1,338381.0636499978
0.8308258723074471,0.7499817252268893,True,0.15810352256613655,0.08043686224489796,False,0.2776028380102041,0.5106541129831517,1,470595fa-5702-4009-9b56-88549ad8c560,p5ref,2,338381.0636499978
0.7101360254293898,0.5709983364473366,True,0.28569700509072143,0.18459024234693877,False,0.33009805484693877,0.9862880587346146,1,4736f2b8-2834-467c-a8a4-49fbd25a18af,p5ref,2,338381.0636499978
0.5296047176341475,0.49665472348469786,False,0.21384034102110952,0.20675223214285715,False,0.39871651785714285,0.9958550221708117,1,47ba820c-c63e-4efa-90af-7b88e6741151,p5ref,2,338381.0636499978
0.9545413164596358,0.8492402008170872,False,0.08638632052179847,0.03431919642857143,False,0.289859693877551,0.967479674796748,1,47bb2ad1-6ee1-4bd2-858e-ade3df967177,p5ref,1,338381.0636499978
0.867943752130379,0.6484024218737432,False,0.059550760975544965,0.02564971301020408,False,0.17771444515306123,0.9549339549339549,1,47cb63e4-4f88-40b7-b4d8-725fdc053c28,p5ref,1,338381.0636499978
0.6732394826036753,0.6422937517882215,True,0.4489585799626051,0.3247568558673469,False,0.4792330994897959,0.8970849953973612,1,47f2c736-72d5-4897-b0c7-7119f0fd88c7,p5ref,2,338381.0636499978
0.2959287591731107,0.16287795488612156,False,0.013963768236196368,0.0745376275510204,False,0.3634008290816326,0.8593582887700535,1,48235c65-9a41-426c-b695-a01590d15333,p5ref,1,338381.0636499978
0.9282905647726427,0.7929402404696342,False,0.13256468045081155,0.049505739795918366,False,0.26957110969387754,1.0,1,4840410d-437a-4340-86b8-4571051d30b8,p5ref,1,338381.0636499978
0.9368998153227136,0.741606465335551,True,0.30698985919526744,0.15353954081632654,False,0.20029496173469388,0.8238577362409139,1,48d31260-a62e-4b8a-9d3c-cdc6da1a962f,p5ref,2,338381.0636499978
0.5730473203684053,0.6048075914491872,True,0.21967779188661962,0.17536272321428573,False,0.3135363520408163,0.9548812365041482,1,48defac0-fab6-4c3f-9d1a-0ba441d599ec,p5ref,2,338381.0636499978
0.7134543243597066,0.5969278513681816,True,0.38347229181486314,0.22929288903061223,False,0.32571348852040816,0.8278139939156889,1,48e340be-50e5-4495-9a4c-2f934435903d,p5ref,2,338381.0636499978
0.2878737659508985,0.3736667744020685,False,0.0,0.15818319515306123,False,0.3619858099489796,0.7291167947587249,1,49b2fb17-b12c-4e5a-8c4a-02449027c42b,p5ref,2,338381.0636499978
0.8643339569953481,0.7457925283505541,True,0.281452193162159,0.14198022959183673,False,0.29667570153061223,0.9779618192026951,1,49b96a4d-7bfb-49f2-a31f-932371038652,p5ref,2,338381.0636499978
0.7107535332598112,0.4387931584475719,False,0.22719406334683181,0.15011160714285715,False,0.25534119897959184,0.9856611789697292,1,4b7d10d8-97b4-4d5b-9a74-01c7c8a13b10,p5ref,2,338381.0636499978
0.8229898758815299,0.7356701664786215,True,0.4497191024427158,0.23042889030612246,False,0.31349649234693877,0.7958830652136308,1,4b85f617-4e30-404c-b9c1-5e9b8776dfba,p5ref,2,338381.0636499978
0.7759000459021386,0.7382283886966136,True,0.22172497653970927,0.11607142857142858,False,0.3639588647959184,0.9122596153846154,1,4b9908cd-9433-431c-9626-7e7590ff5978,p5ref,2,338381.0636499978
0.8006774456344036,0.6636044108907476,False,0.32246692484189754,0.19931839923469388,False,0.31873804209183676,0.8361163883611639,1,4bfc4e8c-ee7b-4997-bcdd-e0734cba30b9,p5ref,2,338381.0636499978
0.9210527389703892,0.7393293393354843,False,0.13138463166664838,0.05994897959183673,False,0.22417091836734693,0.991688829787234,1,4bffacc2-e2b5-41b8-a5c3-804b8466bb47,p5ref,1,338381.0636499978
0.8035971720850965,0.6661636570196152,True,0.35975931935467115,0.2168765943877551,False,0.36033163265306123,0.9918213563683147,1,4cdde362-4086-4e59-bb96-c0f38b20568c,p5ref,2,338381.0636499978
0.8865600015303706,0.7896477176943353,False,0.3913778403871287,0.2562978316326531,False,0.3568638392857143,0.8779160186625194,1,4d2edbba-09ce-42b9-9ca7-032f14a76a66,p5ref,2,338381.0636499978
0.9657953737544883,0.9681868969517596,True,0.36149424941537245,0.08912627551020408,False,0.33922592474489793,0.9239713774597496,1,4d5d6c72-d216-4b0c-a277-a24ba9151f32,p5ref,1,338381.0636499978
0.9379272581393111,0.7957348610404662,False,0.3043614180282797,0.1621890943877551,False,0.31411431760204084,0.9791103465224871,1,4db53f6a-d873-4ef7-b321-f505473504e6,p5ref,2,338381.0636499978
0.9528471845011769,0.8933532436150624,True,0.1848247237287409,0.04603794642857143,False,0.28152901785714285,0.9900432900432901,1,4e27dfb7-0951-4b29-9851-b28d24f9b9f3,p5ref,1,338381.0636499978
0.7235669161329601,0.5230106717229536,False,0.306975689998118,0.20021524234693877,False,0.34189652423469385,0.9785984471431416,1,4e31aec9-ea07-47c2-8712-678976de22af,p5ref,2,338381.0636499978
0.7831552368579655,0.7203430477014561,True,0.347184357086694,0.15692761479591838,False,0.2498405612244898,0.8216916433832868,1,4edf6d79-0dc8-4b45-b40f-2bdd0665e115,p5ref,2,338381.0636499978
0.760793967174254,0.7707578972897363,False,0.3778142679960285,0.19389748086734693,False,0.4728156887755102,0.9142769041011409,1,4ee60076-67b2-46f8-965e-29c167a30cd3,p5ref,2,338381.0636499978
0.8938856781370924,0.8079692470925836,False,0.13084287171550543,0.05393016581632653,False,0.4174705038265306,1.0,1,4f1112bd-389c-4689-988f-14f6ff4687ce,p5ref,1,338381.0636499978
0.8653256838345551,0.7368224835130236,True,0.3631412367268202,0.20316485969387754,False,0.5982342155612245,0.9966647047282715,1,4f4289e7-3e09-4934-ab15-bd5c25546061,p5ref,2,338381.0636499978
0.8115999407987997,0.6323837284327223,True,0.39032907537298983,0.26777742346938777,False,0.342594068877551,0.8891783268830009,1,4f5bd645-8b4a-4377-9e31-1ee3b5ef0286,p5ref,2,338381.0636499978
0.7119503616610142,0.5889830875451093,False,0.2222772101561405,0.14546795280612246,False,0.32613201530612246,0.8386080284970544,1,4fd82276-a900-49e3-8282-ffda6edd6068,p5ref,2,338381.0636499978
0.8994256142163118,0.5997812784409516,False,0.2359682618313498,0.09671954719387756,False,0.12958386479591838,0.8388625592417062,1,505e3473-fe7f-4c3e-8684-b7f9ecf1d052,p5ref,2,338381.0636499978
0.8902509562273162,0.6566578246769389,True,0.27924292334827366,0.12075494260204081,False,0.14397321428571427,0.8101997029212742,1,50f7689c-9b02-4553-b96c-000d70d45d50,p5ref,2,338381.0636499978
0.7417106653386557,0.6401558891454965,True,0.2865561246619556,0.17404735331632654,False,0.3204320790816326,0.9916409023245162,1,515ab870-a80e-47f1-bd51-05a6fc02cba0,p5ref,2,338381.0636499978
0.8322387751414777,0.7279759321486009,True,0.3130144957782975,0.1719547193877551,False,0.23660714285714285,0.8191933240611962,1,51e9d4d8-3c7e-4ad2-95ce-22aa2ff7da7e,p5ref,2,338381.0636499978
0.7350237872385141,0.6672660408695856,True,0.42906638709811723,0.25845025510204084,False,0.32742745535714285,0.807140653917335,1,51f540ba-aad8-4e1f-bc8b-7373d3d23ee2,p5ref,2,338381.0636499978
0.9010366097305035,0.8739909287874852,True,0.3963395901145387,0.22385204081632654,False,0.47670200892857145,0.9359864672364673,1,52188e35-d9e9-47de-a3c9-71a22f5de52c,p5ref,2,338381.0636499978
0.9762870327281659,0.9395072665493582,True,0.27090323073347206,0.07979910714285714,False,0.25478316326530615,0.9453046953046953,1,52523b06-76b3-4a00-aab3-f27815a378c6,p5ref,1,338381.0636499978
0.7351928758152282,0.8223743469395414,False,0.24806607197803407,0.15642936862244897,False,0.34030213647959184,0.8220155433813224,1,525ef0b0-b113-4fc3-b7f5-bafbe3dc0968,p5ref,2,338381.0636499978
0.9629469099513001,0.9255380728250905,True,0.20423957670326767,0.06357621173469388,False,0.33338647959183676,0.9448275862068966,1,52816546-4463-4a7f-a120-7d492a86a524,p5ref,1,338381.0636499978
0.8422827123287437,0.8492998347030085,True,0.13378720029032942,0.04741310586734694,False,0.3166454081632653,1.0,1,54539347-4e0a-4b42-af9a-420d5f0c95e7,p5ref,1,338381.0636499978
0.9573232809102764,0.9436680992175526,True,0.26004701057403773,0.07425860969387756,False,0.3229432397959184,0.8840579710144928,1,564eac4e-bec9-4cd6-94cb-cc6ba78983b9,p5ref,1,338381.0636499978
0.9884305018401512,0.9731098818135302,False,0.19375543075943782,0.0595703125,False,0.34181680484693877,0.9742388758782201,1,56511fc0-4881-4ba9-bb78-d5b3a600cf6f,p5ref,1,338381.0636499978
0.7756167080541977,0.6918382733674074,False,0.05719107367211205,0.03150908801020408,False,0.35018734056122447,1.0,1,565ebdfa-d002-4503-a1fe-855657522eb8,p5ref,2,338381.0636499978
0.918165221495855,0.8697982219490674,False,0.13158666623810003,0.040357940051020405,False,0.3233219068877551,0.9106172839506173,1,56b6f280-7857-4623-8f9d-4f0c69dc71a6,p5ref,1,338381.0636499978
0.9656588415258316,0.9362168216663381,False,0.14449655560180238,0.043088329081632654,False,0.4321189413265306,1.0,1,56ca817b-e17d-4b2b-95c8-d544a7786124,p5ref,1,338381.0636499978
0.9868075682869605,0.970232298388414,True,0.16378713887162416,0.05092075892857143,False,0.4712013711734694,1.0,1,56d45b74-a679-4ca1-bc70-822edcf8a015,p5ref,1,338381.0636499978
0.659208131154815,0.7321420188681148,False,0.094929492306776,0.07174744897959184,False,0.5109215561224489,1.0,1,56d96f1b-0a2f-40f9-8d6f-dc2744ba04af,p5ref,1,338381.0636499978
0.6985999760730076,0.921824646530614,False,0.023592266861336048,0.014349489795918368,False,0.262874681122449,0.38472222222222224,1,5735ead4-b24d-411d-8151-e3bf27f8f0a5,p5ref,1,338381.0636499978
0.9039985476261151,0.7803972998277513,False,0.18780031895352006,0.08525988520408163,False,0.3610690369897959,0.8901355773726041,1,5774a68f-e370-4522-a1c2-cc03e2bfb3b6,p5ref,1,338381.0636499978
0.8296247121960366,0.684968794320598,True,0.17680856970943995,0.09765625,False,0.2799744897959184,0.7840816326530612,1,5777035e-6415-45c0-a12c-b85f01256574,p5ref,2,338381.0636499978
0.7859261231468273,0.5186279137949316,False,0.280219631098922,0.19886001275510204,False,0.33205117984693877,0.9164161154539988,1,57835e6c-04e7-4e8f-9570-da0a6bef6b31,p5ref,2,338381.0636499978
0.9882903345048535,0.9778311903374903,True,0.2306189936812881,0.07085060586734694,False,0.41274713010204084,0.99943741209564,1,578e3b58-53cf-44e8-9d2e-81bd47ec7edc,p5ref,1,338381.0636499978
0.2836054758370444,0.2908297548136861,False,0.0,0.033322704081632654,False,0.46494339923469385,1.0,1,57a3b6a4-4b5d-4436-b526-275ba2586b46,p5ref,1,338381.0636499978
0.6403851394290015,0.6498051071847295,False,0.0815882193124739,0.03958067602040816,False,0.3200534119897959,0.9894259818731118,1,57ecf732-8919-406a-a0d2-d74622cdf302,p5ref,2,338381.0636499978
0.43871315447243964,0.4476097943833809,False,7.38649136450823e-05,0.055982940051020405,False,0.3417171556122449,0.9423282306870773,1,5848e2cd-4a74-400f-8fe8-f78c136a2ec3,p5ref,1,338381.0636499978
0.7296622595910929,0.6176419564796162,False,0.1717373657076046,0.1139389349489796,False,0.4098573022959184,1.0,1,58d2ffd9-f5a7-4215-9ca8-3b41536a989a,p5ref,2,338381.0636499978
0.48088510224556236,0.4491456529792475,False,0.21879698844266302,0.15977758290816327,False,0.45569595025510207,0.9771735062991144,1,590adf90-b0e6-40df-9500-85b6bfd85e21,p5ref,2,338381.0636499978
0.6372915432764278,0.6408855877706793,False,0.04720748632675968,0.036830357142857144,False,0.29603794642857145,1.0,1,594d0672-dd1c-401d-ab95-598b28a480cf,p5ref,1,338381.0636499978
0.3981224489795918,0.47086552775217977,False,0.0,0.0234375,False,0.30458785076530615,1.0,1,59751586-7297-4037-a4a2-faf0a96cb7c3,p5ref,1,338381.0636499978
0.9583396417548854,0.9193746294343959,True,0.1517297651766385,0.0478515625,False,0.4186264349489796,1.0,1,59f86f85-1504-41f2-b6e7-51394fd65ca1,p5ref,1,338381.0636499978
0.9453458235880111,0.8875744833445758,False,0.2302366363789101,0.07971938775510204,False,0.27250079719387754,0.87625,1,5a8e51d4-1b33-45b3-8f96-5a4027462cbc,p5ref,1,338381.0636499978
0.38612340867207523,0.4561413843888071,False,0.0,0.05913185586734694,False,0.39744100765306123,1.0,1,5b19f8e2-420c-42a8-82d5-5e1e5d30939b,p5ref,2,338381.0636499978
0.9637530839364244,0.9679864703541584,True,0.3176484420588467,0.12167171556122448,False,0.3512635522959184,0.8288288288288288,1,5b6f828f-98b3-4a29-b93c-763594d135fd,p5ref,1,338381.0636499978
0.8804629628447104,0.8530528545922608,True,0.35595626156512256,0.14385363520408162,False,0.3717713647959184,0.9037129398725409,1,5b9d346b-8f6e-4ebf-8865-0c1ff9baac49,p5ref,2,338381.0636499978
0.914970753567217,0.8682608477157753,False,0.03858517265216998,0.01171875,False,0.32736766581632654,1.0,1,5c0bb75f-a4d1-4070-b40d-6fff71138147,p5ref,1,338381.0636499978
0.9319878196001946,0.873027184561706,False,0.18009497433639032,0.09183673469387756,False,0.3657326211734694,0.9986979166666666,1,5c251c5b-f578-4c22-a373-d5973a41076a,p5ref,2,338381.0636499978
0.9518399063535984,0.9657330592050279,False,0.14847291882853011,0.06337691326530612,False,0.25851004464285715,0.9433962264150944,1,5c71c9c5-9ec5-4db9-be98-32f960fb02eb,p5ref,1,338381.0636499978
0.40736287699700857,0.37204033671246783,False,0.00023840397223859577,0.012954400510204082,False,0.3873963647959184,1.0,1,5ca7b965-3241-4b44-b6cb-32ad06bcca84,p5ref,1,338381.0636499978
0.4603845995130607,0.4989187370849152,False,0.0,0.034080038265306124,False,0.4488002232142857,1.0,1,5cde22a6-dc4b-4306-8af7-a81baa15734b,p5ref,1,338381.0636499978
0.26625082074852263,0.2596023364210278,False,0.0,0.028698979591836735,False,0.36648995535714285,1.0,1,5d1d1eb6-1c43-416e-b280-7aa689c4589a,p5ref,1,338381.0636499978
0.9422787294801843,0.7629659186314394,False,0.06206827448636451,0.02100605867346939,False,0.16212930484693877,1.0,1,5d5f2759-c1af-454a-86a1-5f190fa0f001,p5ref,1,338381.0636499978
0.3969872059430458,0.3876552053486151,False,0.0,0.03419961734693878,False,0.27638711734693877,0.7599067599067599,1,5d8dbcf9-0d68-4aec-8638-b0a9f45d71d6,p5ref,1,338381.0636499978
0.5165768469633492,0.23512712685838974,False,0.044490684678095936,0.07228555484693877,False,0.37733179209183676,1.0,1,5e0d73fb-b207-4bab-a1e5-9d6b3163520e,p5ref,1,338381.0636499978
0.9813505750286441,0.953241204820741,True,0.19245678081525228,0.06489158163265306,False,0.3269092793367347,0.9996928746928747,1,5e30641a-d90c-47f8-a798-76155850846b,p5ref,1,338381.0636499978
0.9001039800302328,0.8592432822052241,False,0.08888061440169187,0.037607621173469385,False,0.40688775510204084,0.9920508744038156,1,5e875cfe-01a5-4433-a953-f460c315838a,p5ref,1,338381.0636499978
0.40529431108188096,0.4209129997255512,False,0.0,0.030293367346938774,False,0.24814652423469388,1.0,1,5f1d47f7-b5e6-45fd-9393-fbfafb495c4f,p5ref,1,338381.0636499978
0.8345260358880744,0.5465584962257076,False,0.16894212512099846,0.10670440051020408,False,0.27596859056122447,0.8539409787075084,1,5f40e828-88a4-4f07-8286-b5446f4d4790,p5ref,2,338381.0636499978
0.9529084447246813,0.904600618174643,True,0.15898704812051356,0.06050701530612245,False,0.3737643494897959,1.0,1,5fb1f7f4-d9ee-45d0-b335-fed129ce68dd,p5ref,1,338381.0636499978
0.9233409048943937,0.8587966349392497,False,0.12388754928590932,0.041135204081632654,False,0.34628109056122447,0.9500968992248062,1,604a0eca-1494-47b8-a49b-713d24d070f9,p5ref,1,338381.0636499978
0.24870361281235995,0.29402073179103455,False,0.0,0.06606744260204081,False,0.35507015306122447,0.9800904977375565,1,604e0958-831f-40cd-87ff-08fe60c9890d,p5ref,1,338381.0636499978
0.7396684105540472,0.6001070433875967,False,0.09050879586480814,0.06050701530612245,False,0.3252551020408163,0.9930830039525692,1,609b8bfe-7b3c-4514-a8ae-9db863d4c362,p5ref,1,338381.0636499978
0.9653000736473035,0.9095447647852783,False,0.14204740448683942,0.044642857142857144,False,0.3280054209183674,0.8491071428571428,1,60d168f2-20b8-46ac-b873-4293e0cb5728,p5ref,1,338381.0636499978
0.32747188415680956,0.3555350054935301,False,0.0002752387584104573,0.017916932397959183,False,0.3852040816326531,1.0,1,61d1d633-b916-4c45-bdd4-cbd800153f00,p5ref,1,338381.0636499978
0.9815428680323081,0.9613892958197927,True,0.2894665531190991,0.09761639030612244,False,0.4721580038265306,1.0,1,620ef67c-0975-48e0-88cd-170226a62e8b,p5ref,1,338381.0636499978
0.9334887530428099,0.8063740763046783,False,0.023881223107555735,0.010084502551020409,False,0.304508131377551,1.0,1,62127739-ede8-468f-902d-51260da4dce3,p5ref,1,338381.0636499978
0.922106031167853,0.9059915823948472,False,0.07304129164704866,0.02744339923469388,False,0.4830994897959184,1.0,1,6222228a-e831-40b9-8d5e-eed896717642,p5ref,1,338381.0636499978
0.2868620431271335,0.3831592295151259,False,0.0,0.042490433673469385,False,0.3725486288265306,1.0,1,628eea1d-9db2-4a99-acb3-0d846c3ac48f,p5ref,1,338381.0636499978
0.9145192239450461,0.9080707897985357,False,0.22111704885369513,0.05943080357142857,False,0.46251195790816324,1.0,1,629df578-2436-419b-9393-8ed83e2bda8a,p5ref,1,338381.0636499978
0.5041592460413707,0.5149226810480192,False,0.008592844581353235,0.013950892857142858,False,0.3602718431122449,1.0,1,62b4b084-06c5-413b-a365-ef2882ca98ab,p5ref,1,338381.0636499978
0.846443603922123,0.7148921276373831,False,0.07679073320303331,0.04121492346938776,False,0.2670400191326531,1.0,1,62ce6e7f-e6f9-400f-81aa-1efd9301e256,p5ref,2,338381.0636499978
0.8608825425406901,0.6121993062504468,False,0.10955857959763973,0.07019292091836735,False,0.3123405612244898,0.9982964224872232,1,6327bbe9-a523-4204-b542-028c366d9f11,p5ref,2,338381.0636499978
0.9318263495296496,0.8609280283054984,False,0.10161520617379266,0.03180803571428571,False,0.37635522959183676,0.9266917293233082,1,641ead6c-0e54-4a5f-a3c3-e49d137ce16e,p5ref,1,338381.0636499978
0.3755981513317446,0.4376896794583629,False,7.966931045223568e-05,0.00914779974489796,False,0.3009406887755102,1.0,1,646917f3-2303-43ef-acac-37470021e91f,p5ref,1,338381.0636499978
0.8093983810629515,0.6120775372552671,False,0.03558158077575415,0.02423469387755102,False,0.3283840880102041,1.0,1,64b36fb9-40c8-431a-abd2-6b9170f52db6,p5ref,1,338381.0636499978
0.7009795615899314,0.7222259944726986,True,0.2554396829694013,0.1434948979591837,False,0.40174585459183676,0.8698611111111111,1,6565a9e6-3f01-4de8-a18d-ade3121c5d7c,p5ref,2,338381.0636499978
0.7736968692303288,0.683956754916947,True,0.24264014186336022,0.1588408801020408,False,0.36941964285714285,0.9565872020075282,1,65845e8f-2cb8-4a56-a529-e6b856b0a6fb,p5ref,2,338381.0636499978
0.7460106976141826,0.5551154930213535,False,0.22021879414774748,0.1477000956632653,False,0.31521045918367346,0.9767912562407233,1,65a4eba0-f1af-4eea-bb11-03b9957b36f1,p5ref,3,338381.0636499978
0.9877009971729138,0.968314880866666,True,0.10540333928357305,0.025430484693877552,False,0.3751195790816326,1.0,1,65b87566-709e-4b0f-b4bb-55020515f6e7,p5ref,1,338381.0636499978
0.9408576428357514,0.9132202177119478,False,0.19518381860858655,0.05291374362244898,False,0.4985849808673469,1.0,1,65d36e7a-f867-4bbf-98fe-f6ce549cae87,p5ref,1,338381.0636499978
0.6756137301428395,0.3132039125912291,False,0.0656512724512567,0.056740274234693876,False,0.3250358737244898,1.0,1,65f61ec4-b763-4d94-93ef-135e22717e12,p5ref,1,338381.0636499978
0.6341308023652723,0.5675067924191846,False,0.09764011356421619,0.05580357142857143,False,0.3712133290816326,0.9978571428571429,1,66a4d456-d66e-4341-aa83-b011427fd9de,p5ref,2,338381.0636499978
0.6173286299003921,0.515683020318173,False,0.014065724865375148,0.014907525510204082,False,0.15654894770408162,0.9224598930481284,1,66bcb6f8-946f-4f66-8d18-06f17b01d3cd,p5ref,1,338381.0636499978
0.4462792117035807,0.24448714536627417,False,0.023058003788747006,0.03372130102040816,False,0.1574657206632653,1.0,1,66c52ba5-c91d-4f0c-af96-18148fd9dd66,p5ref,1,338381.0636499978
0.6152558458629226,0.6363746194593999,False,0.039123392678593175,0.06271922831632654,False,0.2700892857142857,1.0,1,66fbe46c-488b-4571-9c74-ee8742f09ccb,p5ref,2,338381.0636499978
0.45137421026326413,0.41524758896577196,False,0.06322798341719789,0.07627152423469388,False,0.3459622130102041,0.9286647504572773,1,67ce8121-c2fd-493a-ae78-f256b3c1b0f0,p5ref,2,338381.0636499978
0.8851346657819141,0.8072196879054738,False,0.0874542020530051,0.039381377551020405,False,0.4179089604591837,1.0,1,6882ecfb-e577-42f1-9cbd-5f6408ae189a,p5ref,1,338381.0636499978
0.2633345391695808,0.23186468263194607,False,0.0,0.008330676020408163,False,0.35120376275510207,1.0,1,68ceed79-9969-4054-9631-b1c84808d6e8,p5ref,1,338381.0636499978
0.8146078586257499,0.5764460390160001,False,0.13815762558147546,0.07983896683673469,False,0.2530094068877551,0.9970044932601099,1,68d4ee73-479a-4e8c-beab-6822aa605a0f,p5ref,2,338381.0636499978
0.9258399040257439,0.7977019160037921,False,0.12284500657762737,0.04842952806122449,False,0.3003627232142857,0.991358024691358,1,69b99b7a-439a-4813-97c9-58b48f7ff969,p5ref,1,338381.0636499978
0.7207073725751514,0.9390136564764923,False,0.052089611439241075,0.03942123724489796,False,0.30990911989795916,0.4332659251769464,1,6a4d75d0-51ae-4952-ad56-132474a2cf7b,p5ref,1,338381.0636499978
0.8944724751531126,0.8353641972743853,True,0.06967377387260479,0.03342235331632653,False,0.3466198979591837,1.0,1,6a6df4ea-7a2d-4e5d-9092-d8870a19ec86,p5ref,1,338381.0636499978
0.2950936074189092,0.3354864921912284,False,0.00030386813424336084,0.052455357142857144,False,0.497867506377551,1.0,1,6a97ec99-92f5-4989-a29c-30bdcf595eed,p5ref,1,338381.0636499978
0.4437374413931681,0.450745113218502,False,0.0,0.04783163265306122,False,0.2522720025510204,0.9683333333333334,1,6ad6525d-5225-4623-9f5a-65816cc3436f,p5ref,1,338381.0636499978
0.8682696807684677,0.8425305148461439,False,0.07874934478342399,0.0272640306122449,False,0.4589245854591837,1.0,1,6b2e1586-e6d6-4df6-89ce-06d8f4698cac,p5ref,1,338381.0636499978
0.9379568649048654,0.8716369338907961,False,0.20642570527345258,0.07798549107142858,False,0.31774154974489793,0.823153590595451,1,6bf5ff1a-07df-4c64-8fdf-dd8a26ab9b5b,p5ref,1,338381.0636499978
0.5670141217227024,0.5221681149554259,False,0.0451609759490801,0.03981983418367347,False,0.4312220982142857,1.0,1,6c0341ef-950c-45c1-9009-777d893e8060,p5ref,2,338381.0636499978
0.10768855318569735,0.11927908265232573,False,0.0005290485503681306,0.013392857142857142,False,0.2161591198979592,1.0,1,6c6483ba-b672-402d-8d8a-10452b1e1387,p5ref,1,338381.0636499978
0.7796035863150721,0.5812996413270634,False,0.025383861323678262,0.018973214285714284,False,0.3344826211734694,1.0,1,6ca9f96b-f164-4022-8c4d-28eed6214c4f,p5ref,1,338381.0636499978
0.3062937932750114,0.4232668566001899,False,0.0,0.03862404336734694,False,0.35341597576530615,1.0,1,6dc8b0d2-34f9-4570-a0c3-bb9b4715498a,p5ref,1,338381.0636499978
0.7065739572791258,0.6145777618240067,False,0.14052460418818605,0.0875717474489796,False,0.34640066964285715,1.0,1,6e028cf7-8ea4-4e7d-a2b5-0d5bd2eca495,p5ref,2,338381.0636499978
0.9885993222761152,0.9629007766845429,True,0.15360777488397054,0.07940051020408163,False,0.3234016262755102,0.9636044176706827,1,6e66dd4c-d183-42c7-ad77-32abf6ca9760,p5ref,1,338381.0636499978
0.6037725928633154,0.534055645326206,False,0.04709038887037686,0.04538026147959184,False,0.23618861607142858,1.0,1,6ea77647-dfcc-46bc-b15f-d41dd2349037,p5ref,1,338381.0636499978
0.6329955077462893,0.5518276397926899,False,0.15217055176187536,0.12836814413265307,False,0.3743423150510204,1.0,1,6ec7e05c-1bbe-40ae-8d65-ec917da68f16,p5ref,3,338381.0636499978
0.21871028451770186,0.1774396455949463,False,0.012750969373876578,0.04846938775510204,False,0.3424545599489796,1.0,1,6efd348c-705e-4e83-bbd1-97e336ee6b1e,p5ref,2,338381.0636499978
0.9480686581699623,0.948124251194895,False,0.02957012359159755,0.009088010204081632,False,0.41970264668367346,1.0,1,6f0797fa-820f-489f-b7d5-75231b307bf7,p5ref,1,338381.0636499978
0.9068226465495592,0.8364037216325074,False,0.07581722297061845,0.019650829081632654,False,0.26329320790816324,1.0,1,6f0b7ce0-dbac-4190-94eb-c252d9a36b83,p5ref,1,338381.0636499978
0.4818317445002699,0.27076382042448716,False,0.04448061109786465,0.083984375,False,0.3880141900510204,0.9985761746559089,1,6f402f79-f774-41bd-b722-6319665ee388,p5ref,1,338381.0636499978
0.9740945346373067,0.9349770471591311,True,0.2571190174462741,0.09709821428571429,False,0.3955875318877551,0.9889162561576355,1,6f47bae9-705f-41c8-8a28-d5cf88927b0e,p5ref,1,338381.0636499978
0.8727878496137972,0.8230410110689904,False,0.3465524847286015,0.1797472895408163,False,0.3110451211734694,0.4771038917840115,1,6f5eb191-d7ee-472e-b08c-e6975896f5c4,p5ref,2,338381.0636499978
0.7068320004762187,0.5074132151854935,False,0.2589584032692068,0.16882573341836735,False,0.24752869897959184,0.8970605595561327,1,6f964e55-2f17-4361-b6f2-3af8e5d6e55a,p5ref,2,338381.0636499978
0.7526577876967097,0.5764941637401495,True,0.30306761903439955,0.22004544005102042,False,0.30301339285714285,0.8968390544334752,1,7002c25e-83ce-4af1-9cdb-a9d4899d6104,p5ref,2,338381.0636499978
0.20728520091473374,0.2537267666761015,False,0.0,0.02391581632653061,False,0.44638871173469385,1.0,1,70338dbe-6db2-410b-89b6-3d4e3fef82d2,p5ref,1,338381.0636499978
0.933970522211044,0.9386552608734312,True,0.41882772889046693,0.14457110969387754,False,0.23467394770408162,0.6111111111111112,1,70a2c018-870c-4a1a-b3d3-d2647df5d30e,p5ref,1,338381.0636499978
0.6799673394560211,0.7340611766695473,False,0.03492095952874391,0.04276945153061224,False,0.4785754145408163,1.0,1,70b0ae1e-ee05-4bdf-a35f-0d7eac98e3cb,p5ref,1,338381.0636499978
0.8370717468337718,0.589986179890372,False,0.37895159902396675,0.23860012755102042,False,0.11603156887755102,0.2652856665552957,1,70d7f4df-5497-4205-a36b-e47b58145fa2,p5ref,2,338381.0636499978
0.8387979204516283,0.7397054503837971,False,0.07976281135451742,0.04276945153061224,False,0.33629623724489793,1.0,1,70df055d-95ca-4ea1-bae5-d98a6a17aecc,p5ref,1,338381.0636499978
0.5435691644993498,0.3268853648424544,False,0.00916680864239814,0.01913265306122449,False,0.23945711096938777,1.0,1,71069ed0-4e0e-4afd-8fdb-d35863770c87,p5ref,1,338381.0636499978
0.6944144417140536,0.5623073129590074,True,0.3997646709738244,0.31995376275510207,False,0.477718431122449,0.9319172791827582,1,71131596-6768-4832-a4b4-5b7a1478d060,p5ref,2,338381.0636499978
0.8793055651159128,0.6203735756177593,False,0.05260736734155699,0.02507174744897959,False,0.12978316326530612,1.0,1,715befe0-993e-4532-85e1-30e038524fb9,p5ref,1,338381.0636499978
0.6354472955314528,0.5957162920353104,True,0.39533988309857476,0.28455835459183676,False,0.31692442602040816,0.8105476957557081,1,717269da-561f-461f-93c5-f5047f91e5b5,p5ref,2,338381.0636499978
0.9963834695851234,0.9930036324949348,True,0.1422182201213269,0.03049266581632653,False,0.46073820153061223,1.0,1,718d6d9e-aa8e-46bf-8b5d-1e42e6f398bf,p5ref,1,338381.0636499978
0.8752760250962888,0.6850808436976038,True,0.4152357970896782,0.24565529336734693,False,0.3137755102040816,0.8819568392016874,1,7193cbb0-daf6-4ee6-90b4-1db93123040d,p5ref,2,338381.0636499978
0.7218972824971787,0.7106368066002441,False,0.034668967524687365,0.021524234693877552,False,0.20796795280612246,0.9824074074074074,1,71a40b76-1525-460e-88e4-8ecdff621e5f,p5ref,1,338381.0636499978
0.8245479260477842,0.8758898177420832,True,0.17265699196850134,0.09462691326530612,False,0.20812739158163265,0.3930075821398484,1,71c5e5fa-6d92-44a3-a9fa-1e3421b27a07,p5ref,2,338381.0636499978
0.9270078808337043,0.8367461908364635,False,0.05936683044958955,0.01650191326530612,False,0.3203922193877551,1.0,1,721ca747-d0c2-45c2-adf3-4c3640034519,p5ref,1,338381.0636499978
0.9441151822630901,0.8839658582269025,False,0.15400729578365013,0.05660076530612245,False,0.4534438775510204,1.0,1,722ad9c3-919a-4c08-bb67-cafd603ba754,p5ref,1,338381.0636499978
0.9781693231355052,0.96059732091055,False,0.15865297779032628,0.04370615433673469,False,0.36949936224489793,1.0,1,725e5df8-932f-48f6-bb2a-619c40e00bd6,p5ref,1,338381.0636499978
0.8325740558926304,0.507888496105396,False,0.23943849476102982,0.12747130102040816,False,0.2467315051020408,0.9890556597873671,1,72a10e64-2d93-4b61-8b90-8efef7284ced,p5ref,2,338381.0636499978
0.8078228875404625,0.641824943628262,False,0.03276426445863646,0.018415178571428572,False,0.411930006377551,0.1645021645021645,1,72a2d10b-cc88-433c-b988-8013f7530d99,p5ref,1,338381.0636499978
0.7198399664099117,0.394158561935945,False,0.16768342583736368,0.11172672193877552,False,0.2431640625,0.7215483410631466,1,72dfb20b-bace-4888-85b5-22646ca74a28,p5ref,3,338381.0636499978
0.7195800984463275,0.6611300520727535,False,0.3427183091950489,0.19489397321428573,False,0.3500279017857143,0.9319971367215462,1,72fd2587-d327-4e42-9e18-03479b1a18f9,p5ref,2,338381.0636499978
0.3653340347185692,0.3530211830072925,False,0.0,0.014947385204081632,False,0.3485132334183674,0.2786666666666667,1,730b6928-fd01-4955-b4be-bca1e1e9306f,p5ref,1,338381.0636499978
0.4391766595353023,0.4229922585369653,False,0.0021341513148584236,0.020089285714285716,False,0.2678372130102041,1.0,1,733320d8-8270-4171-b6f3-7ab2eda1e109,p5ref,1,338381.0636499978
0.7900055690298187,0.786799049962575,False,0.09267987484376783,0.03983976403061224,False,0.3722297512755102,0.7698849424712356,1,734b9290-8d34-4d42-9d2b-1b3bdb98c373,p5ref,2,338381.0636499978
0.5279649338195933,0.5513407104619137,False,0.00902881037779542,0.028459821428571428,False,0.2641701211734694,1.0,1,737007e0-adbe-4773-8e57-da8a0c7b3f53,p5ref,1,338381.0636499978
0.7023982070122693,0.6975758816787047,False,0.10496806621355233,0.06939572704081633,False,0.3046077806122449,0.9784606547960942,1,737030d6-07d1-43de-9e11-82b31accd240,p5ref,2,338381.0636499978
0.7436026651388721,0.583703771420339,False,0.2612687965181516,0.15322066326530612,False,0.2696906887755102,0.7721123829344433,1,737aa32f-2044-45a6-b50c-b3aadb51394a,p5ref,2,338381.0636499978
0.7810872903588614,0.8533112271157866,False,0.07933813895999309,0.038982780612244895,False,0.35624601403061223,0.9913087934560327,1,73b46983-7780-4d82-874a-d9255dd639cb,p5ref,2,338381.0636499978
0.6761664200791312,0.48067723026969095,False,0.18271949851292255,0.13105867346938777,False,0.3383689413265306,0.8848844282238443,1,73b9e53d-0501-4d0e-bc35-9eab24af5551,p5ref,2,338381.0636499978
0.816518057647754,0.5583363129848489,True,0.2490810546849227,0.14012675382653061,False,0.3596141581632653,0.9819371355425971,1,73cd5772-d381-4e83-a022-3fab0f78b035,p5ref,2,338381.0636499978
0.9623215307080496,0.892950632591514,False,0.0903948755394248,0.028021364795918366,False,0.27602838010204084,0.9537695590327169,1,741e924e-b826-47e9-a349-879561029b24,p5ref,1,338381.0636499978
0.7313734965979155,0.5666292083197888,False,0.1944300001751151,0.13454639668367346,False,0.3324497767857143,0.7533698711302029,1,742365a8-d9a5-41e4-b8a3-24a03a894f9f,p5ref,2,338381.0636499978
0.86402688254307,0.7771987482608765,False,0.054678719990076174,0.024394132653061226,False,0.35829878826530615,0.9983660130718954,1,74340139-eebf-445a-a0a1-2b9101233a3a,p5ref,1,338381.0636499978
0.9356025583674772,0.844313514602448,False,0.0692519621237419,0.023995535714285716,False,0.3911232461734694,1.0,1,7469db63-0c15-4e73-b6c4-9df8c2b9dd6c,p5ref,1,338381.0636499978
0.8438844156548325,0.7503697078199875,False,0.026460909307563046,0.009167729591836735,False,0.31602758290816324,1.0,1,74e774b3-ca7c-47c7-b580-393f6a432206,p5ref,1,338381.0636499978
0.3350083583412217,0.3426983636924977,False,0.0,0.010463169642857142,False,0.33322704081632654,1.0,1,754ca39f-2e96-47ed-bb55-a56727317591,p5ref,1,338381.0636499978
0.976020823142645,0.6988896434753232,True,0.17228168385500073,0.05311304209183673,False,0.10758131377551021,0.8904315196998124,1,761160f0-7d5b-448c-b708-c77838def919,p5ref,1,338381.0636499978
0.9700267540655356,0.9550821097062654,True,0.04456345304004596,0.01793686224489796,False,0.36314174107142855,1.0,1,7639c65f-52bf-4040-8907-729964dc5563,p5ref,1,338381.0636499978
0.8730798025095632,0.7009014598566635,False,0.060947685556984224,0.03515625,False,0.31618702168367346,0.9965986394557823,1,769f98fc-59c7-4f3a-af65-80a75b679923,p5ref,1,338381.0636499978
0.9333871884796932,0.7844135173976341,False,0.0523151927105436,0.018534757653061226,False,0.2932079081632653,1.0,1,76cee8c3-d2a0-47c8-9755-b65d3c152134,p5ref,1,338381.0636499978
0.7907081055042267,0.6387291494512247,False,0.04877362759417826,0.0272640306122449,False,0.33529974489795916,1.0,1,7759e7ae-641f-4504-b373-95a8763dc59a,p5ref,2,338381.0636499978
0.6675195239666316,0.43143128851040385,False,0.08735178120931499,0.06397480867346939,False,0.27674585459183676,1.0,1,775cfd2b-66a5-46ef-8531-c554744b634e,p5ref,2,338381.0636499978
0.8830621291542646,0.7666601937129445,False,0.1166881893946095,0.04763233418367347,False,0.3772122130102041,1.0,1,776835b8-9137-4b15-abd4-3aebda8793d5,p5ref,2,338381.0636499978
0.5569133872869233,0.2046922963211396,False,0.03566267287376079,0.0389030612244898,False,0.28146922831632654,1.0,1,776b44fa-43e6-4f7b-87fb-7ae97763085f,p5ref,1,338381.0636499978
0.8133123001991964,0.5015242956441198,False,0.04135941570504518,0.020388233418367346,False,0.15066964285714285,1.0,1,77b4b295-c277-42a7-b210-b236ea42274e,p5ref,2,338381.0636499978
0.8098180666984867,0.6835389366111089,True,0.37670133627900504,0.26552535076530615,False,0.4470065369897959,0.8937176311641523,1,783cc3b7-1d84-45f8-b42d-96ceb9fc7e43,p5ref,2,338381.0636499978
0.3798258046985731,0.47840031259367105,False,0.0004836895157996828,0.013153698979591837,False,0.4362643494897959,1.0,1,78815820-d7fd-4763-b69d-7bad8475e7ed,p5ref,1,338381.0636499978
0.8775936120327992,0.6754972571275437,False,0.07453475284044578,0.02903778698979592,False,0.2918726084183674,0.24227865477007549,1,78b4b710-15b7-4ea3-b761-c2371594cbf1,p5ref,1,338381.0636499978
0.8481882628697966,0.6017311228049783,True,0.19534274855383632,0.10833864795918367,False,0.28396045918367346,1.0,1,79398af7-b117-4371-b174-9a7644c12e06,p5ref,2,338381.0636499978
0.8832927657370072,0.6591277236887368,False,0.025462349259310648,0.011479591836734694,False,0.2560985331632653,1.0,1,79bb5ea3-ca6c-4d75-a379-a6ee6c6da659,p5ref,1,338381.0636499978
0.9001826884123512,0.8456041944785939,False,0.05436697228727436,0.023417570153061226,False,0.36075015943877553,1.0,1,79c5d2b3-0df0-4d85-b0f1-7936545c8c54,p5ref,1,338381.0636499978
0.44521664696531205,0.4454246868316529,False,0.0,0.022122130102040817,False,0.2830436862244898,1.0,1,7a32a64b-a415-4585-a110-981b913ac959,p5ref,1,338381.0636499978
0.6232633957438182,0.6066761367743877,False,0.15154700718624747,0.07643096301020408,False,0.3003029336734694,0.5833116036505867,1,7b2d7682-0c3a-4ce5-aae4-d06a5ab14ba9,p5ref,2,338381.0636499978
0.26191350564752097,0.16713739584793982,False,0.0025658308140149135,0.018136160714285716,False,0.3148915816326531,1.0,1,7b56e6a2-be01-44b9-9ccd-a70cd5c8fbfa,p5ref,1,338381.0636499978
0.7884329005772022,0.5695423006624213,False,0.10883622885639758,0.06417410714285714,False,0.30873325892857145,1.0,1,7b8e6b7c-06c0-4006-8cbe-f1d92edeed07,p5ref,2,338381.0636499978
0.8847079298176648,0.5981602328885115,True,0.34358336319858573,0.23493303571428573,False,0.35331632653061223,0.9339158466236851,1,7b94fc31-0735-4840-beb8-c685f22ec90b,p5ref,2,338381.0636499978
0.8960403340486137,0.741164350740765,False,0.07785014030358868,0.026785714285714284,False,0.2504185267857143,0.9873511904761905,1,7bb5c7df-51a0-4675-9962-6407d0160c65,p5ref,1,338381.0636499978
0.6537601543448484,0.4491952096208086,False,0.0652800251675677,0.04789142219387755,False,0.2932876275510204,0.6937161880982106,1,7c086e53-4bad-4bc6-9ff6-292614b69e07,p5ref,3,338381.0636499978
0.5139331659086519,0.33965111113678204,False,0.002793668942900196,0.008709343112244899,False,0.22584502551020408,1.0,1,7c142fbc-8cd2-4b09-a687-c0253a2a3b06,p5ref,1,338381.0636499978
0.8353842286366119,0.7694690069819041,True,0.27797463170278014,0.17468510841836735,False,0.41665338010204084,0.9756988020536224,1,7c5188fb-01b8-4923-9715-83f13a5e861b,p5ref,2,338381.0636499978
0.9691195484698041,0.9351516798977895,False,0.21066336234791813,0.052614795918367346,False,0.33462213010204084,0.9901515151515151,1,7c9c96d6-47f9-4ab5-ad10-9be7371ac649,p5ref,1,338381.0636499978
0.3057758564456542,0.3609229164527409,False,0.0005431577122909716,0.01634247448979592,False,0.37611607142857145,1.0,1,7d6b6af5-80ec-48c7-8efd-c11183e16280,p5ref,1,338381.0636499978
0.8987236766916565,0.7965835797258788,False,0.1862650648268792,0.07354113520408163,False,0.3520408163265306,1.0,1,7dc708a6-2f23-45e3-b924-67c0b5c621f2,p5ref,1,338381.0636499978
0.7262147133464398,0.5073247461937801,False,0.08046482299008495,0.052614795918367346,False,0.31192203443877553,1.0,1,7eb0abcb-860e-4745-b311-28657770c038,p5ref,1,338381.0636499978
0.6734813502946585,0.7520350636203399,True,0.16842284309470779,0.11519451530612244,False,0.41988201530612246,0.9121107266435986,1,7ebeb647-d104-412c-a202-247b650f7cc0,p5ref,2,338381.0636499978
0.3792972673786925,0.46198453608247425,False,0.0,0.027802136479591837,False,0.27525111607142855,1.0,1,7ef28198-53a4-408e-8a54-1d421c97edba,p5ref,2,338381.0636499978
0.6328980284036244,0.5074964787065795,False,0.09404733958573228,0.07473692602040816,False,0.35315688775510207,0.8413333333333334,1,7ef47be2-106c-41d5-aa52-7c14a0fb82a1,p5ref,2,338381.0636499978
0.8071256354992574,0.6882053325582167,False,0.061497073994176595,0.02702487244897959,False,0.34436782525510207,1.0,1,7efc355d-92be-4776-8134-7c3daa100a00,p5ref,2,338381.0636499978
0.21423304590049772,0.28497716624162267,False,0.0,0.026965082908163265,False,0.36300223214285715,1.0,1,7f44bc68-029e-4c1f-ad3a-9c020086afb0,p5ref,1,338381.0636499978
0.7207930687932528,0.5413357264185921,False,0.18094603423744954,0.12639508928571427,False,0.34681919642857145,0.9631031220435194,1,7f9859ae-f79c-495a-b5ab-f717e2bde686,p5ref,2,338381.0636499978
0.35947220753873055,0.33804582792909643,False,0.0,0.019730548469387755,False,0.25021922831632654,1.0,1,803c7f34-9b41-41b2-8cac-1b78147e3c32,p5ref,1,338381.0636499978
0.6439069085176449,0.46276086736109695,True,0.31366784290352817,0.23596938775510204,False,0.33663504464285715,0.23868243243243242,1,805f684c-7781-45ba-83db-4ae332bd2cd7,p5ref,1,338381.0636499978
0.9008431369948494,0.3705516068917364,False,0.3663797929578244,0.15581154336734693,False,0.13048070790816327,0.6242005628037861,1,809830cd-c757-4e81-abec-0d6d935ae0ce,p5ref,2,338381.0636499978
0.5574177964746189,0.6032964767472476,False,0.012581153694879488,0.03687021683673469,False,0.4583067602040816,1.0,1,8106073f-c91e-49cc-bfd8-c191fe793638,p5ref,1,338381.0636499978
0.7030163783839289,0.7611313688832366,True,0.6250499844693784,0.15477519132653061,False,0.3778499681122449,0.7343548802472315,1,811411e8-31da-4df5-9244-dd888c6af020,p5ref,2,338381.0636499978
0.7268982867388506,0.7541794202181044,True,0.23390300389810376,0.11790497448979592,False,0.2852758290816326,0.6962474645030426,1,811b44c8-1564-4d18-b19a-37caa720c102,p5ref,2,338381.0636499978
0.7941944313003795,0.6410216843947958,False,0.13479534434161303,0.06796077806122448,False,0.4729551977040816,0.9821114369501466,1,815dd1c1-3e01-4038-9723-39d05e8b3cd3,p5ref,1,338381.0636499978
0.9229752808233469,0.8691310795404585,False,0.1699461480685657,0.06839923469387756,False,0.4121691645408163,0.8458624708624709,1,8160b6e6-9cbf-4083-b849-991b1eaed067,p5ref,1,338381.0636499978
0.9058828870678342,0.4706228941824294,False,0.10007955921027588,0.04159359056122449,False,0.2023078762755102,1.0,1,8194b336-dd7c-42de-9471-ebba8c4db0c0,p5ref,2,338381.0636499978
0.3918718379831465,0.3793644629835249,False,0.0062927448474906535,0.03746811224489796,False,0.39072464923469385,1.0,1,820ace18-945b-49e0-99b7-386c94a92182,p5ref,1,338381.0636499978
0.2589505446296732,0.3296321998612075,False,0.0,0.06869818239795919,False,0.29067681760204084,0.886858137510879,1,821694bc-d155-4690-84f8-268eb8da05d7,p5ref,2,338381.0636499978
0.7103591355648788,0.5041239059847837,True,0.44244796917053675,0.3062021683673469,False,0.4425422512755102,0.9053631866701379,1,822ac3a2-71b5-4540-9139-2dcca518f09f,p5ref,2,338381.0636499978
0.8440156584890661,0.7067423648272804,True,0.4544252146410358,0.22821667729591838,False,0.2596460459183674,0.6283294035455419,1,82ad571f-aa41-4f2c-b07f-de31c4d1a53c,p5ref,2,338381.0636499978
0.9145999393381515,0.8348623518984042,True,0.5404085508195243,0.3106265943877551,False,0.3251155931122449,0.702361093288849,1,83094251-fcda-4f05-a02c-00b6fd9d764b,p5ref,2,338381.0636499978
0.6400441576773293,0.6670622526108371,False,0.1222704937939748,0.09729751275510204,False,0.23457429846938777,0.8453502662843098,1,83a7cf6f-434d-487a-b273-5185ab1b2f24,p5ref,2,338381.0636499978
0.8719055870468067,0.5137265904530576,True,0.6964895162988252,0.47034438775510207,False,0.366390306122449,0.755,1,844ac956-e1e2-4f27-b58c-390d6405c3a0,p5ref,2,338381.0636499978
0.7335008422234947,0.3716072567212347,True,0.5934423175162867,0.3430923150510204,False,0.2522720025510204,0.6376996805111821,1,848a75c0-f225-406c-ace5-4c8589cc2368,p5ref,2,338381.0636499978
0.3812111450887171,0.34469359759932405,False,0.011674060710782197,0.07969945790816327,False,0.37503985969387754,0.9764941235308827,1,84a14ff5-f4fe-4ee4-9873-ccb84b76d5a8,p5ref,2,338381.0636499978
0.9170346585507108,0.8915380970638941,True,0.3461139287463428,0.15595105229591838,False,0.325374681122449,0.7229392971246006,1,84b0f6d4-30e5-4124-8d7d-5f747e2368bf,p5ref,2,338381.0636499978
0.39670916643040594,0.38333192737681904,False,0.005250236090179021,0.12926498724489796,False,0.2861926020408163,0.6951896392229417,1,8570eacc-7d96-40b8-9be9-11a7b56db4c7,p5ref,2,338381.0636499978
0.47874967413655256,0.5916304798193163,False,0.06515357941551181,0.09859295280612244,False,0.3128188775510204,0.6339195472003234,1,859ec41e-8eb9-4aca-a0bf-c17a0984b894,p5ref,1,338381.0636499978
0.6551607556039812,0.41932194286695984,False,0.08911492645337929,0.06975446428571429,False,0.3301578443877551,0.9971428571428571,1,85a40af4-f5e5-4fae-8260-6c6031a73e0b,p5ref,2,338381.0636499978
0.5661319801413427,0.6150387307699332,False,0.16842093011508386,0.13837292729591838,False,0.40652901785714285,0.9428201065821691,1,85d594b2-bfec-4a82-a67d-79b59ebed297,p5ref,3,338381.0636499978
0.9002885078140535,0.9901663774165663,False,0.14255465101585962,0.042490433673469385,False,0.34550382653061223,0.8977485928705441,1,8615728f-3449-4e56-aa8f-cc4e2e2aef5c,p5ref,1,338381.0636499978
0.6410231885572385,0.5918303977873134,False,0.19536697339557638,0.14564732142857142,False,0.4076450892857143,0.9943897099069513,1,863e0a4a-8eaf-4dae-9a9f-fe81a437b27c,p5ref,2,338381.0636499978
0.881340855702826,0.752781865715325,False,0.22547097159973756,0.10511001275510204,False,0.3372130102040816,0.9023511566173682,1,86656024-1e59-42b7-984b-db90873f1de8,p5ref,2,338381.0636499978
0.6416701243754216,0.46797396011169917,True,0.5154364371453299,0.3798828125,False,0.30165816326530615,0.7182729132784219,1,86853bbd-5af2-4551-8273-f2978dffdd76,p5ref,2,338381.0636499978
0.9700178660362508,0.9805182125222103,True,0.27215956917982476,0.08801020408163265,False,0.35415338010204084,0.8145380434782609,1,86a6c564-e88d-4a30-9dc7-cddbab5773b5,p5ref,1,338381.0636499978
0.7205376222609016,0.6720895687797416,False,0.3488424232299436,0.20703125,False,0.5239158163265306,0.8079514824797843,1,86f084ef-539c-404b-9a91-c9a5d5ab3771,p5ref,2,338381.0636499978
0.32212096771841026,0.42632711555080394,False,0.009580661845955123,0.07172751913265306,False,0.3823341836734694,0.3298138371769936,1,87122134-7b22-4c4b-b447-2a4056846af9,p5ref,1,338381.0636499978
0.9205067203775572,0.7016975703610869,False,0.37864310654019073,0.1942761479591837,False,0.1981823979591837,0.8357611817808781,1,87c837b2-2bcb-424f-9ba3-c49aea7b3860,p5ref,2,338381.0636499978
0.6083600359656823,0.6460237084987692,False,0.29085867047366826,0.24230707908163265,False,0.34030213647959184,0.6608817239677579,1,882203ce-6bd1-4fee-905f-2d72d9dde0ce,p5ref,2,338381.0636499978
0.6631471235223824,0.5995923424982121,False,0.3479299174899699,0.17040019132653061,False,0.3272680165816326,0.8656140350877193,1,88334a4b-2cbe-44e1-8e19-2d45a576be9f,p5ref,2,338381.0636499978
0.9344228410322136,0.8306643347803399,False,0.33686909181498415,0.15019132653061223,False,0.2643494897959184,0.9064490445859873,1,88363702-59f4-4dc3-b3cc-316b9216fdc1,p5ref,2,338381.0636499978
0.7131368107708667,0.6788734799225599,True,0.2716213183809952,0.11543367346938775,False,0.3454041772959184,0.924378453038674,1,883e12fd-4837-41dc-9298-86e3c6a5cc5a,p5ref,2,338381.0636499978
0.8697588815965155,0.5628951365761321,True,0.5367479690433014,0.35439253826530615,False,0.2522720025510204,0.6461028005848611,1,887f1973-3952-40a2-acf7-19a471c1c92d,p5ref,2,338381.0636499978
0.8833612909248189,0.7770789536574251,False,0.18381689193511236,0.08394451530612244,False,0.31094547193877553,0.8725071225071225,1,88d25c7b-029a-484e-b860-284e164422cf,p5ref,2,338381.0636499978
0.8161837179870095,0.8356619800999581,True,0.4157058597042673,0.2408123405612245,False,0.3463807397959184,0.8113051394521228,1,89167da1-8247-4305-a734-2ca77f25fc82,p5ref,2,338381.0636499978
0.8124515921851054,0.6987069920657829,True,0.42915801677188903,0.22253667091836735,False,0.29324776785714285,0.8010926025434354,1,89492f31-d3a7-4e3f-b715-efa858eb1c8c,p5ref,2,338381.0636499978
0.8497528794417007,0.8391130927063931,True,0.3853754339938428,0.18263711734693877,False,0.30100047831632654,0.5592536010475775,1,895c1071-db4e-4163-a754-1f3e0d32d439,p5ref,2,338381.0636499978
0.8879240548209281,0.7720245207324365,False,0.147452145431136,0.06676498724489796,False,0.40880102040816324,0.9988059701492538,1,8996833b-bd93-4721-bf63-1da145e7f851,p5ref,1,338381.0636499978
0.7028373784227769,0.5160124766402245,True,0.4102149205520273,0.2969945790816326,False,0.3075573979591837,0.8241846731982284,1,8a19e3ab-3b83-40d2-8ba3-40906f01c5a4,p5ref,2,338381.0636499978
0.7864883684315056,0.8303910662593438,True,0.25423460971028994,0.1259765625,False,0.35560825892857145,0.9498497073247903,1,8a36f06f-80b0-43d6-8dcf-391e49587ebc,p5ref,2,338381.0636499978
0.3354759337365953,0.3909099805462941,False,6.170379143185642e-06,0.06584821428571429,False,0.37406329719387754,0.8223365617433414,1,8a545321-245d-4e23-a4ca-634a90c5ba89,p5ref,1,338381.0636499978
0.8914932591309287,0.8663991034432003,False,0.39022311387331304,0.18323501275510204,False,0.4934630102040816,0.9698716554274527,1,8b2e953f-7c4d-48ee-ada6-8d12f1b4025a,p5ref,2,338381.0636499978
0.2644098916847128,0.3813852076687326,False,0.0008834674322101232,0.12236926020408163,False,0.14708227040816327,0.6376221498371335,1,8b3ffca6-7869-474c-b397-58e089dd09ab,p5ref,2,338381.0636499978
0.6911404613074547,0.5957427906108613,True,0.5018675537048698,0.37063536352040816,False,0.3368542729591837,0.7651234070011292,1,8b6be652-97a4-4149-bd5a-92464ba031ef,p5ref,2,338381.0636499978
0.9234141107094,0.7444597594979099,True,0.3601831681854936,0.17908960459183673,False,0.2662826849489796,0.8983975072334743,1,8b78523f-8061-41b9-9be6-cd64fef9f2d2,p5ref,2,338381.0636499978
0.8933349131632597,0.8436763296929136,True,0.6173518503706041,0.41133211096938777,False,0.3444674744897959,0.7760550414264257,1,8b7faeea-4312-42a0-876c-bf8b1ead07e8,p5ref,2,338381.0636499978
0.5874564412687218,0.5147165042768527,False,0.13414305197466114,0.17815290178571427,False,0.43369339923469385,0.7467278219040161,1,8b905c1d-6d77-4502-8ccd-e3b23c313610,p5ref,2,338381.0636499978
0.8283017343018716,0.6761798208733572,True,0.5012983793582424,0.336734693877551,False,0.3333067602040816,0.7993016098484849,1,8baa988a-3db3-4abb-8824-5532a4a020da,p5ref,2,338381.0636499978
0.729075554484291,0.5226363801838182,False,0.4030864563291798,0.2858139349489796,False,0.29372608418367346,0.7277037863468377,1,8bcaf61e-7a7b-477e-9618-02c434998ffd,p5ref,2,338381.0636499978
0.773277537157883,0.7559494709761417,True,0.23743109196810264,0.09580277423469388,False,0.31923628826530615,0.9858539629706677,1,8be52575-7877-41c2-a1cd-cb16915273b6,p5ref,2,338381.0636499978
0.43144825896663663,0.42232761773228267,False,0.00095897462215204,0.12149234693877552,False,0.3672472895408163,0.993766404199475,1,8c07ec1c-76d2-459d-ad7e-7b3e198affb8,p5ref,2,338381.0636499978
0.944176869002885,0.8515100478248325,True,0.3672179973590987,0.17402742346938777,False,0.4138034119897959,0.9918689876316995,1,8c10567b-8e66-4f35-bc42-d2698469e586,p5ref,2,338381.0636499978
0.41527931322842376,0.4892572631482802,False,0.16394468677384988,0.25550063775510207,False,0.3916015625,0.9451638065522621,1,8c2aa2bb-ac88-4f14-a322-72d7e23749e8,p5ref,2,338381.0636499978
0.7108148023066204,0.7255697400806128,True,0.5224131812381548,0.3090919961734694,False,0.3726084183673469,0.7761944677284157,1,8cb6fe1e-ed23-44af-9a1d-85fe2bdb106e,p5ref,2,338381.0636499978
0.45219622449262986,0.3167326742541414,False,0.002192933321811143,0.01865433673469388,False,0.20665258290816327,1.0,1,8cd0ae94-29a7-4c44-a95d-ac1415018644,p5ref,1,338381.0636499978
0.6441971178443199,0.1327746552366538,False,0.16878064903798762,0.1398078762755102,False,0.34287308673469385,0.9107626514611546,1,8cd0b312-ea6b-43c6-b637-ccba125ee5cd,p5ref,1,338381.0636499978
0.8171425136677037,0.6897252887106562,True,0.4299198315714819,0.23180404974489796,False,0.32597257653061223,0.907488608030264,1,8d1a4fe3-329f-4eea-a5b7-953d617a74fa,p5ref,2,338381.0636499978
0.695648742071762,0.9250897904125679,False,0.3582967193239604,0.25566007653061223,False,0.24433992346938777,0.6501403180542563,1,8d469ff7-e46f-4102-9e95-fdd63753b34c,p5ref,2,338381.0636499978
0.4986138741526673,0.617166329397384,False,0.10167411346348976,0.14923469387755103,False,0.3583187181122449,0.6989850427350427,1,8d4da897-7d1c-4d08-a5f4-f99092face76,p5ref,1,338381.0636499978
0.7662364582736026,0.8036196354136115,True,0.26008685865986864,0.14823820153061223,False,0.29041772959183676,0.7756117235816079,1,8dac50e2-b384-42f6-b05f-80347f7d30a9,p5ref,2,338381.0636499978
0.4757626762045024,0.4999531044832114,False,0.0,0.052734375,False,0.2451171875,0.6186696900982616,1,8dbe2174-b173-4e56-be9c-a2a1c29c0919,p5ref,1,338381.0636499978
0.7936389938250795,0.7810664863987159,False,0.418619193855086,0.2200653698979592,False,0.39853714923469385,0.5785183843506612,1,8dee40b1-4d3a-4d8b-853d-5651925b0ffa,p5ref,2,338381.0636499978
0.8820277729401965,0.867686734182577,False,0.1629172704307408,0.04799107142857143,False,0.32230548469387754,0.9219269102990033,1,8e09afee-7a2c-4a53-84ed-ed2dad8d02be,p5ref,1,338381.0636499978
0.25096604232463604,0.3747198831997827,False,0.09611806519550198,0.331234056122449,False,0.31417410714285715,0.7569193742478941,1,8eb51db4-ac8d-4a83-b071-53fce028dd27,p5ref,2,338381.0636499978
0.7047356674506055,0.7201761063450389,True,0.4704202083589897,0.28675063775510207,False,0.33689413265306123,0.7608423686405338,1,8eef29e3-b9de-4c4f-b1f5-efb9fe7b349a,p5ref,2,338381.0636499978
0.8232384135036741,0.6921176176979411,False,0.4831822559123475,0.3070790816326531,False,0.3995336415816326,0.9022585669781932,1,8f03d98b-553c-4fb4-b1e3-ea86a8e2c92d,p5ref,2,338381.0636499978
0.663307631601986,0.681477448231453,True,0.5225375878106141,0.366390306122449,False,0.30271444515306123,0.7488033072236727,1,8f96a328-72fe-4c24-a57f-be79315acddf,p5ref,2,338381.0636499978
0.8075086925250267,0.628429718502953,False,0.14963665430413972,0.08250956632653061,False,0.3741430165816326,0.9975845410628019,1,8fac10c1-1b23-447b-9169-ea50cae270c2,p5ref,2,338381.0636499978
0.831632796709565,0.7766466768539262,True,0.1934483538295187,0.1015625,False,0.3683235012755102,0.9733124018838305,1,8fe8e95c-46a1-4ee2-a2d6-2174c6ec50cf,p5ref,2,338381.0636499978
0.6051799755930929,0.7860016667689047,False,0.44038173686004045,0.35435267857142855,False,0.3578404017857143,0.7809898762654668,1,905a246c-e06d-4060-88f6-98e3b063786e,p5ref,2,338381.0636499978
0.16586932055430867,0.21406065717418146,False,0.00044397391163451827,0.05133928571428571,False,0.40365911989795916,0.7329192546583851,1,905cf7dc-9b4f-4c3d-816c-65c3b6be7237,p5ref,1,338381.0636499978
0.8522624640969121,0.7580664862610875,False,0.17955752387609347,0.07174744897959184,False,0.4112523915816326,0.9433333333333334,1,908d0efc-973e-4880-84e9-fc1b0a892461,p5ref,1,338381.0636499978
0.9324647996901976,0.673421931299294,False,0.5429542455271527,0.33264907525510207,False,0.29342713647959184,0.7123599544664789,1,90ca0844-924a-4f74-926e-7561a808c0f4,p5ref,2,338381.0636499978
0.7320225895517424,0.5832779383440709,True,0.4186851657359872,0.319515306122449,False,0.3150111607142857,0.8330214570858283,1,90cdd0b1-e8b4-40e7-bd3c-ae5a5674db3c,p5ref,2,338381.0636499978
0.7468655087953919,0.6712726518245024,True,0.30713369746222374,0.16270727040816327,False,0.27445392219387754,0.8848603625673689,1,90dc43af-fe27-4f49-92c3-969de5551b5a,p5ref,2,338381.0636499978
0.9004540915304817,0.8517833907509288,True,0.575183932926184,0.29282924107142855,False,0.4944395727040816,0.9111821956033486,1,911027e5-82d0-44f8-af40-de9049922430,p5ref,2,338381.0636499978
0.6912146232379714,0.7301617684740379,True,0.543072504783321,0.3675063775510204,False,0.254703443877551,0.5799349240780911,1,911a46a2-4371-4012-9f0c-c3b2b323c4fd,p5ref,2,338381.0636499978
0.5825161121121494,0.4586884235691174,False,0.18305349840784266,0.14594626913265307,False,0.34267378826530615,0.7943465792707907,1,9131bb85-6251-4f0e-9ccb-4a4189f84087,p5ref,3,338381.0636499978
0.7030886877003077,0.5086010604644258,True,0.5359571711184468,0.33701371173469385,False,0.28696986607142855,0.5311058545239503,1,9164c28f-9820-49e5-8020-460bf25c270c,p5ref,2,338381.0636499978
0.8866566473159522,0.9383091583096963,True,0.6406466601027581,0.41761001275510207,False,0.3377710459183674,0.6817791352486399,1,916a0cd0-d682-43e0-aeb2-8da59c626599,p5ref,2,338381.0636499978
0.5677535162426284,0.4302093298797003,False,0.23752878406256406,0.21504304846938777,False,0.3507453762755102,0.7967562557924004,1,916de1f3-688e-4d39-bd41-db3f653e90b8,p5ref,2,338381.0636499978
0.5621462055963413,0.235188480082909,False,0.047925864238373105,0.04583864795918367,False,0.30630181760204084,0.9956521739130435,1,917ea1aa-b1b2-402b-b831-cacf85756279,p5ref,1,338381.0636499978
0.6444660871791493,0.7420101476413806,True,0.4077120611985578,0.2919124681122449,False,0.22116151147959184,0.6553560456066089,1,9271f16e-e163-4ade-939b-3383b8252da3,p5ref,2,338381.0636499978
0.8854627709771796,0.8200106385574081,False,0.1580091446694153,0.06321747448979592,False,0.35251913265306123,0.9962168978562421,1,92c60df4-5279-45d0-90ca-d15b74d7d7b1,p5ref,1,338381.0636499978
0.7536137308695051,0.43813106852095296,False,0.5278600560724843,0.38693797831632654,False,0.329898756377551,0.7444244141127994,1,9363ce31-c17d-4287-ba3e-39ea2884a3cf,p5ref,2,338381.0636499978
0.3069492226992102,0.428279415237519,False,0.011729626597132487,0.08083545918367346,False,0.4789341517857143,0.8143491124260355,1,938fb8f0-71d5-4c4b-98d4-0539a59a9ba4,p5ref,1,338381.0636499978
0.9454277348446568,0.5017001559447203,False,0.30866544215098224,0.11997767857142858,False,0.1461455676020408,0.7887043189368771,1,93a95c68-c487-4e09-89e2-6e3849e44886,p5ref,2,338381.0636499978
0.759980740854833,0.5278738046405891,True,0.5589279037371622,0.35024713010204084,False,0.31050701530612246,0.8051667235689086,1,93b49de9-9267-43c2-a507-6885e4caeaba,p5ref,2,338381.0636499978
0.9071557071283707,0.8719857635971933,True,0.41806732944637315,0.19357860331632654,False,0.29023836096938777,0.8084011119118707,1,9402fbff-b5cd-4372-a203-074a2f7d8bd1,p5ref,2,338381.0636499978
0.6078187739659575,0.5357747397060266,False,0.1534542437268466,0.10281808035714286,False,0.31857860331632654,0.9437875557278542,1,9406092a-9d4f-4143-be9e-452da62457b5,p5ref,2,338381.0636499978
0.8790136362612201,0.9596371586525055,True,0.468125908080125,0.26466836734693877,False,0.4682118941326531,0.6944277108433735,1,94ae3bbb-8079-4a25-bd9b-5aaabfb38948,p5ref,1,338381.0636499978
0.8587953469427791,0.8560189928441744,False,0.19110902715587827,0.04858896683673469,False,0.268375318877551,0.9774405250205086,1,94c76c85-6c36-4c63-bb12-704c4cdd422f,p5ref,1,338381.0636499978
0.9166412180068135,0.6389181923079017,False,0.14575260769523196,0.05227598852040816,False,0.13133769132653061,0.6873808616088448,1,97558fff-a0e4-4d73-98da-0de2750873fb,p5ref,1,338381.0636499978
0.7336362108433996,0.7440881763800649,True,0.5381246524978324,0.4268375318877551,False,0.35648517219387754,0.7500116729700705,1,97d33835-1ad8-4c7b-8fce-4552d9dbe2f4,p5ref,2,338381.0636499978
0.7903777431574729,0.7050535600316701,True,0.4307220118423886,0.28822544642857145,False,0.39951371173469385,0.8822431199004287,1,97fe9a9a-3b11-4cbe-b053-2d5de0739dff,p5ref,2,338381.0636499978
0.9896536417620755,0.9730499662751837,False,0.1783353785432652,0.053810586734693876,False,0.3659717793367347,0.4388888888888889,1,9889dd70-f91b-462c-a5ce-8b77b97052a1,p5ref,1,338381.0636499978
0.9798962855336423,0.9779528126275324,True,0.3316972675121866,0.12834821428571427,False,0.4418247767857143,0.8510869565217392,1,98c8bc72-1779-43f0-a118-538edcbc9e71,p5ref,1,338381.0636499978
0.25148871003229745,0.16556333660308062,False,0.01677701734115523,0.11053093112244898,False,0.24758848852040816,0.7971510998918139,1,998e3a78-6d50-43e2-af5c-56a1b747092b,p5ref,1,338381.0636499978
0.697473236183519,0.8960115577544255,True,0.5171007711644654,0.38992745535714285,False,0.36015226403061223,0.8164068489649885,1,9a2accbb-06fe-4051-9542-2fa5f0c9e261,p5ref,2,338381.0636499978
0.9232467296746835,0.957651193902524,False,0.2585688281237669,0.06780133928571429,False,0.29161352040816324,0.7189888300999412,1,9a543e59-766e-4da2-82aa-a891682b2793,p5ref,1,338381.0636499978
0.6450843466087501,0.4554993344909958,False,0.10784054499881057,0.08286830357142858,False,0.35744180484693877,0.9860509860509861,1,9a61bc75-01c7-496c-b5a9-b4ad264b7885,p5ref,1,338381.0636499978
0.531370431212951,0.6795349875765009,False,0.18736777079650305,0.21354830994897958,False,0.26365194515306123,0.5087260849276715,1,9a970136-ec7d-430f-9a70-c873fe64eddb,p5ref,2,338381.0636499978
0.7518369761987862,0.5980306283157698,False,0.18455091359621212,0.11688855229591837,False,0.2924306441326531,0.742540494458653,1,9aed29ce-85b0-4cc5-9dad-7a1aac9c28b5,p5ref,1,338381.0636499978
0.8218010972152806,0.8013457182610636,False,0.3098811214548382,0.18552694515306123,False,0.2635124362244898,0.18208185626812762,1,9b72e9f6-1001-4372-9120-951dab8c68eb,p5ref,2,338381.0636499978
0.5090184827432079,0.42355712171641924,False,0.164368781578307,0.1428172831632653,False,0.2450573979591837,0.451018699413899,1,9c48a4fc-de51-4ec0-a6e8-24995708ce92,p5ref,2,338381.0636499978
0.9108757980365123,0.8032627696507391,True,0.43978439936872465,0.2090640943877551,False,0.2507174744897959,0.7343183984747379,1,9d021f29-5ab1-4713-a377-3cd80baaa477,p5ref,2,338381.0636499978
0.7914022056366438,0.8631639863304529,False,0.2344583808939319,0.13887117346938777,False,0.30996890943877553,0.5261194029850746,1,9d42ccce-13f6-4053-8597-988d3ca98b74,p5ref,1,338381.0636499978
0.8234450365003445,0.6947045201492646,True,0.34756057178748795,0.2258250956632653,False,0.3331273915816326,0.6955255493778131,1,9d5d0c30-fdd7-4799-a106-97b3bd6c4274,p5ref,2,338381.0636499978
0.9393846952821284,0.8971438833051951,False,0.26563554523373534,0.08848852040816327,False,0.39809869260204084,0.9997747747747747,1,9d801278-8699-4eee-ac13-14de9cc773d1,p5ref,1,338381.0636499978
0.9302709242876839,0.8210450314311974,True,0.12049901442623151,0.04591836734693878,False,0.2218391262755102,0.9952256944444444,1,9d82f9f6-b84d-48d0-9ce5-68329990d7fa,p5ref,1,338381.0636499978
0.5669967082403959,0.6011119987598972,True,0.25837950705314483,0.15312101403061223,False,0.3542330994897959,0.9193023558505792,1,9dd62ca4-f07b-4843-97bb-a69b7bf8d327,p5ref,2,338381.0636499978
0.5193838448118886,0.4399340383628449,False,0.14821877943880649,0.16071428571428573,False,0.3846460459183674,0.8887648809523809,1,9dde630b-1f95-46e6-bcde-117eee4c7283,p5ref,1,338381.0636499978
0.9387058473299111,0.922915767149522,True,0.26471183150663047,0.09317203443877552,False,0.4764030612244898,0.9807486631016042,1,9e0e05ef-1c6a-4883-957e-f36f5c59b9ad,p5ref,1,338381.0636499978
0.8648452551776148,0.49538376869218725,True,0.42527569081817634,0.21731505102040816,False,0.12278778698979592,0.43993030080704326,1,9e149c3a-0dbc-4d4d-a7f6-939c4e4d8688,p5ref,2,338381.0636499978
0.5535363461675137,0.5430198031949082,False,0.006258520215903677,0.0372688137755102,False,0.30911192602040816,0.9,1,9e14bba9-48f8-4382-b606-d47030e9b893,p5ref,1,338381.0636499978
0.7924337340455478,0.8861723483757916,False,0.18904510723611376,0.07760682397959184,False,0.3092713647959184,0.9530046224961479,1,9e2df0fb-8488-4301-9e4c-8ca2457fca54,p5ref,1,338381.0636499978
0.635697575078033,0.5790041872693393,False,0.04959072980074294,0.037109375,False,0.27732382015306123,0.38990332975295383,1,9e310044-aadf-4584-871c-b0db5fc0982e,p5ref,1,338381.0636499978
0.9583401196009826,0.9909079461483575,True,0.3609107741140217,0.13962850765306123,False,0.28310347576530615,0.8355695118469882,1,9ed655dd-cc93-4bde-be51-804bac051f25,p5ref,1,338381.0636499978
0.7221910607233262,0.5646534904684686,False,0.1858713172190995,0.11774553571428571,False,0.376773756377551,0.9920446851726472,1,9efa04ab-254a-4047-8f2f-91e5fe93062f,p5ref,2,338381.0636499978
0.8786404215873196,0.9630651742205835,True,0.2510267642910292,0.07477678571428571,False,0.29037786989795916,0.1921641791044776,1,9f9e35d3-2032-489f-8729-474a160fa176,p5ref,1,338381.0636499978
0.6237941218077884,0.1868006355393681,True,0.34522990283294125,0.2659438775510204,False,0.21016023596938777,0.5795863309352518,1,a011c70e-6fda-4056-b364-8bfa67a878d0,p5ref,2,338381.0636499978
0.6149173387866125,0.38578908495152975,False,0.36806080682292347,0.29813058035714285,False,0.4057118941326531,0.8438398288655659,1,a0af1a60-0f1c-4d53-9a71-dd438aa06b70,p5ref,2,338381.0636499978
0.9395303812755309,0.8853450214489876,True,0.22229401169721408,0.08370535714285714,False,0.44375797193877553,0.9973809523809524,1,a0c4fc4a-52c9-49df-8564-5d23e9d0ebc0,p5ref,1,338381.0636499978
0.7998596812677001,0.636193520892298,False,0.1290099195414607,0.07680963010204081,False,0.41816804846938777,1.0,1,a11a11e6-18b1-4efb-9c26-37f458bc1b0c,p5ref,1,338381.0636499978
0.8227371926344395,0.6658291462743123,True,0.4099960849808542,0.22921316964285715,False,0.3641780931122449,0.8614033562298931,1,a1225d16-619e-4bfe-89a8-49106b1534ee,p5ref,2,338381.0636499978
0.9331594825242929,0.9640544991672765,True,0.281880657983004,0.09416852678571429,False,0.3440688775510204,0.6711111111111111,1,a199305a-70db-4d2b-8354-691e91c8c27b,p5ref,1,338381.0636499978
0.5261375393722841,0.43454176271410594,False,0.04447447663262502,0.048828125,False,0.287109375,0.830204081632653,1,a1aff3c3-4eae-40ed-800d-d5aa693e1132,p5ref,1,338381.0636499978
0.43369736472924264,0.47029225670382646,False,0.0,0.07659040178571429,False,0.3978794642857143,0.8766588602654176,1,a2018dbd-1979-452a-a629-b5230b69d259,p5ref,1,338381.0636499978
0.590818125192355,0.43882327296902424,False,0.25565518034759543,0.23604910714285715,False,0.20733019770408162,0.41979061127997297,1,a20c1c8f-e16e-440b-89d0-2393ea43b340,p5ref,2,338381.0636499978
0.435157141442277,0.3276234204407436,False,0.011700624016008966,0.034837372448979595,False,0.3133569834183674,0.9948512585812357,1,a25056f9-2c4e-42f3-a035-26552647dcd4,p5ref,1,338381.0636499978
0.7050257850589108,0.887353466299865,False,0.07269715959932925,0.05082110969387755,False,0.3215880102040816,0.5890196078431372,1,a28266ba-94b1-4789-88e7-e7a1c4bc6d0d,p5ref,1,338381.0636499978
0.3530424799081516,0.3816819692446347,False,0.0,0.027901785714285716,False,0.3817163584183674,1.0,1,a2d27e14-d9c0-4596-84d8-c526b0afc9a7,p5ref,1,338381.0636499978
0.8767679548524687,0.8170621543285936,True,0.27736543699202776,0.1348254145408163,False,0.35574776785714285,0.9259423503325942,1,a2ddccd7-9c2b-4d81-9375-928b418da482,p5ref,1,338381.0636499978
0.8655999151737962,0.8800027146194007,False,0.2639868333230394,0.08787069515306123,False,0.34036192602040816,0.9988659559990928,1,a303195a-cda8-484b-ace4-04c4a0c40c30,p5ref,2,338381.0636499978
0.6895038698284428,0.6967731781887353,False,0.2008087059380236,0.12643494897959184,False,0.39829799107142855,0.9538146279949559,1,a30808af-7822-4f47-beaf-0c1a840cd980,p5ref,1,338381.0636499978
0.18228955634750013,0.3048943112498227,False,0.00032358904712627944,0.03814572704081633,False,0.3997329400510204,0.9691745036572623,1,a30e9f7b-4de5-4e40-afc3-cf23361a14e2,p5ref,1,338381.0636499978
0.7979922813694188,0.7892936720142603,False,0.053743421831438515,0.02499202806122449,False,0.2854153380102041,0.4473684210526316,1,a37e89b4-7aa4-42f0-969f-f92816142442,p5ref,1,338381.0636499978
0.45709024005005927,0.40383580446611705,False,0.13618430420632988,0.16071428571428573,False,0.530891262755102,0.831969246031746,1,a3e9eaec-d502-4e5d-abc9-bb5e28742b83,p5ref,2,338381.0636499978
0.7715703522522458,0.7428835471848235,False,0.14731989118266212,0.09683912627551021,False,0.40555245535714285,0.9374356863552171,1,a3f77eaf-8e19-4ad8-84b2-9549f3dcbef8,p5ref,2,338381.0636499978
0.7095139885316379,0.5301803930917132,True,0.34329582965575817,0.23899872448979592,False,0.2513950892857143,0.7971981320880587,1,a41249dd-3195-4d4d-bcaa-7ea2178e2d68,p5ref,2,338381.0636499978
0.8145877093291888,0.6545042431194167,True,0.2511716659979016,0.15760522959183673,False,0.3196548150510204,0.9371522508851796,1,a4444af9-6137-4f0e-9b51-ca7236cf43b2,p5ref,2,338381.0636499978
0.8193636657148098,0.6986501974479464,False,0.23209219605941703,0.15098852040816327,False,0.36836336096938777,0.9883843717001056,1,a47c09af-6f13-4057-a0e6-6e1f422b584d,p5ref,2,338381.0636499978
0.9129824131019796,0.8831809835134967,True,0.16647696068780618,0.04498166454081633,False,0.3713926977040816,1.0,1,a4a28a4f-9496-430c-8cc1-cff2b44ac359,p5ref,1,338381.0636499978
0.9529349106913492,0.9433780886313887,True,0.14180695676958513,0.048708545918367346,False,0.19618941326530612,0.5781505728314239,1,a5282399-d86c-4e4a-a91e-bd62a535d2ad,p5ref,1,338381.0636499978
0.9185179734762372,0.7477208884894648,False,0.19659494894916124,0.11658960459183673,False,0.2561184630102041,0.9702564102564103,1,a57f578f-1e6f-4248-bd38-2dacfa772fdb,p5ref,2,338381.0636499978
0.9339934314345971,0.9320672332895475,True,0.4206381724625322,0.19862085459183673,False,0.44228316326530615,0.8997591812161349,1,a595fe39-ce96-43dd-ac73-89d49124b966,p5ref,1,338381.0636499978
0.33490261834128726,0.4607467891468912,False,0.0,0.07290338010204081,False,0.26694036989795916,0.4475123018042646,1,a5a07f9f-959f-4210-ac86-6cdab44b099b,p5ref,1,338381.0636499978
0.4716947569350444,0.43167867148586897,False,0.16990834985545825,0.15082908163265307,False,0.3289421237244898,0.9781976744186046,1,a5dcb09b-5ae9-47a6-a561-524d7838b22c,p5ref,2,338381.0636499978
0.7544031315136606,0.3799003748923923,False,0.26223325393346025,0.14496970663265307,False,0.19891980229591838,0.5295573274676931,1,a6236ddd-6367-4569-b5f1-07d2df9390ad,p5ref,2,338381.0636499978
0.6847302799039701,0.48589127221475276,True,0.304739242543408,0.2300701530612245,False,0.46219308035714285,0.9417879417879418,1,a6905106-5479-4725-b81f-532376d24222,p5ref,2,338381.0636499978
0.8531530872403829,0.5547733590379971,False,0.29786669080125927,0.18801817602040816,False,0.3477359693877551,0.9589781640873436,1,a6a94200-33a0-410a-9e4b-bb080cfed624,p5ref,2,338381.0636499978
0.95801543091476,0.9671021533069861,True,0.1906961294255732,0.08801020408163265,False,0.4055125956632653,0.9893568840579711,1,a6d95e82-3d6c-4047-abf2-505f059cdf17,p5ref,1,338381.0636499978
0.5561403421074079,0.5046484370780631,False,0.1870393357203009,0.1859454719387755,False,0.39102359693877553,0.9230439442658093,1,a6e6e9be-4ced-4c05-ad59-a07061fe72d6,p5ref,2,338381.0636499978
0.5662041394586613,0.6162065429834525,False,0.06329353128304793,0.06796077806122448,False,0.3274673150510204,0.9929618768328445,1,a6f211a6-43f4-4f15-aa2a-cf72fb29bd3b,p5ref,1,338381.0636499978
0.47476058546758965,0.614640378973545,False,0.023413348969737485,0.07826450892857142,False,0.3106265943877551,0.9646040234275528,1,a70f69e6-aae3-459e-a3dc-175a2bcae6b9,p5ref,1,338381.0636499978
0.7700215502401605,0.7953841905882166,False,0.137325017355683,0.06875797193877552,False,0.3923190369897959,0.5921739130434782,1,a7170988-66ea-4448-bfd7-d64b06d33753,p5ref,1,338381.0636499978
0.5875239293529936,0.5519233451601913,True,0.30204584907625054,0.23274075255102042,False,0.4136240433673469,0.9595821202260661,1,a7a45cd9-785e-402c-a66c-4762b71ec4bb,p5ref,2,338381.0636499978
0.8617821786772497,0.7780911715253567,False,0.1700510405322114,0.06010841836734694,False,0.30369100765306123,0.8454907161803713,1,a7a95de8-1075-49df-a0ed-edc1baca084d,p5ref,1,338381.0636499978
0.9348045138364339,0.9686840305346918,True,0.20863251071563954,0.07653061224489796,False,0.39024633290816324,0.59375,1,a7b7222f-91db-467e-afb7-68f44f06c6a2,p5ref,1,338381.0636499978
0.8225099523036028,0.4789724160029535,False,0.07297053311784395,0.04627710459183673,False,0.30630181760204084,0.9229112833763996,1,a7cc220e-bef4-4d27-a921-7773ebef1282,p5ref,1,338381.0636499978
0.9613233916321944,0.9223460663564428,False,0.27674419843342396,0.09183673469387756,False,0.22391183035714285,0.6579861111111112,1,a86617dd-c1b7-4a69-aff1-68537437cb93,p5ref,1,338381.0636499978
0.8811517926304537,0.8287012840344972,False,0.31654134470949774,0.15654894770408162,False,0.5839245854591837,0.8646721833227243,1,a8a32c9b-44bf-4f83-a091-2f006901ef22,p5ref,2,338381.0636499978
0.9347513906130848,0.9391035292509206,False,0.15572734545189296,0.04663584183673469,False,0.3655532525510204,0.9978632478632479,1,a8d21d6b-c91f-4ed1-97cc-9f5b9f138146,p5ref,1,338381.0636499978
0.9276688061798781,0.9112897214633039,True,0.16214343846295434,0.047532684948979595,False,0.2228156887755102,0.8658280922431866,1,a94f400d-d742-49a8-9821-f0028c807a5e,p5ref,1,338381.0636499978
0.963372927294979,0.9620209229340251,True,0.570551687202126,0.16063456632653061,False,0.2997448979591837,0.6745657568238214,1,a965cb42-5f7b-4cfb-9970-6fe6b80f640c,p5ref,1,338381.0636499978
0.8718355474242802,0.7767440014114326,False,0.1683478126089461,0.0791015625,False,0.35574776785714285,0.927185689090451,1,a99561a5-2c12-48cd-be57-ce6b6cf58da1,p5ref,1,338381.0636499978
0.4486424881025471,0.5636679239971036,False,0.031500143383387476,0.1491749043367347,False,0.27700494260204084,0.7392117568470273,1,aa02e36b-226b-454b-8d8a-66e4ada01d99,p5ref,2,338381.0636499978
0.9008119110213512,0.8507653925414634,False,0.21244580562694682,0.08545918367346939,False,0.43955277423469385,0.9547574626865671,1,aa49ed8f-c583-41e7-9fed-d5f930e19366,p5ref,1,338381.0636499978
0.7572332459141974,0.6163591424426915,False,0.5785833409891868,0.4619140625,False,0.45461973852040816,0.8416965094705958,1,aa636938-1fb2-4d4c-9678-b703388552e7,p5ref,2,338381.0636499978
0.9400410044123286,0.9750868782336783,True,0.44453535010156064,0.16310586734693877,False,0.37063536352040816,0.6648338220918866,1,aa720b92-39d2-4db4-a6c1-318840cb973b,p5ref,1,338381.0636499978
0.8993441969607161,0.5732119265120454,False,0.24009846562324993,0.08661511479591837,False,0.2178531568877551,0.9279797514956282,1,aadb6dc2-bcd7-42fe-a424-a5f7af6c9f74,p5ref,1,338381.0636499978
0.9600436938721442,0.9622072559266445,True,0.2354345403250625,0.05895248724489796,False,0.40981744260204084,0.986815415821501,1,aaf27f12-2f10-4f29-bff2-ab9407234c83,p5ref,1,338381.0636499978
0.8952342080819097,0.7928799653174996,False,0.035073027622191104,0.018415178571428572,False,0.2003547512755102,0.9924242424242424,1,ab15c0f4-0b43-47d5-85cb-b5d29f330ef6,p5ref,1,338381.0636499978
0.8522595148740251,0.5953911024647928,True,0.4040441699249414,0.25868941326530615,False,0.26602359693877553,0.8090138674884437,1,ab17c7e8-3447-431f-afcd-efec89229fe2,p5ref,2,338381.0636499978
0.7091504108813306,0.5954422295611405,True,0.43040473565109566,0.22905373086734693,False,0.2901586415816326,0.8802749499695467,1,ab439d42-75cf-4049-82c7-1155a8e92560,p5ref,2,338381.0636499978
0.7449427247048757,0.649160886916254,True,0.39309620795732575,0.23915816326530612,False,0.3333067602040816,0.792,1,ab6619ee-546c-4245-be8d-6e0eece3581a,p5ref,2,338381.0636499978
0.7435838156853174,0.7802719283650245,False,0.1135197459105065,0.06421396683673469,False,0.5142498405612245,0.9990689013035382,1,ab6e779b-d387-46fe-be63-74bb6c2a1d08,p5ref,2,338381.0636499978
0.7944487544505132,0.8069471171092379,False,0.16248175026381761,0.06283880739795919,False,0.4932238520408163,1.0,1,ab96fe46-8079-448d-a9e2-76b8e096e6ae,p5ref,2,338381.0636499978
0.8464109293244048,0.800030149881918,False,0.26485614431611915,0.11407844387755102,False,0.30887276785714285,0.6650943396226415,1,abc07cd4-2d0f-4ad8-a516-b45d035dadb1,p5ref,2,338381.0636499978
0.9470345147110978,0.8443752894229596,False,0.12662002318615176,0.04027822066326531,False,0.31752232142857145,1.0,1,abcb43a2-7b1d-428a-b909-e54c92acbd5b,p5ref,1,338381.0636499978
0.7605842436710109,0.8034834213767185,True,0.4891067723889558,0.39407286352040816,False,0.43142139668367346,0.8492894350882516,1,ac2257b8-e600-42bd-ab9c-951fa49b3ec6,p5ref,2,338381.0636499978
0.477830777513176,0.5675639353483063,False,0.04610752214124917,0.05903220663265306,False,0.30177774234693877,0.699189736664416,1,ac29e848-bceb-4233-8a07-14778f17d575,p5ref,2,338381.0636499978
0.7122919267049529,0.6512886639137684,True,0.20472051978679875,0.09805484693877552,False,0.276546556122449,0.9266260162601626,1,ac2dbd3f-3b25-4628-8b69-338d34cbf628,p5ref,2,338381.0636499978
0.6290397691272879,0.587563532596643,True,0.27395419292346634,0.185546875,False,0.40774473852040816,0.8432867883995704,1,ac38760f-7332-4278-b011-982c9615f3cf,p5ref,2,338381.0636499978
0.8254391038500416,0.7402579939662701,False,0.1222768985626133,0.05763711734693878,False,0.23192362882653061,0.7562240663900415,1,ac512fbd-8e85-4cc8-9af2-fb035189a72c,p5ref,2,338381.0636499978
0.29648535564853556,0.25047076546464553,False,0.0,0.047353316326530615,False,0.470703125,1.0,1,ac6b624d-71ba-44ca-957e-592a715f0ac2,p5ref,1,338381.0636499978
0.6310789259713881,0.804521969187919,False,0.026186819832763077,0.023317920918367346,False,0.29544005102040816,0.4897435897435897,1,ac710523-7dfb-4d63-821c-34b2d6ef03d7,p5ref,1,338381.0636499978
0.8176937156441524,0.7591963715497121,True,0.5108308766303696,0.27901785714285715,False,0.32035235969387754,0.8249285714285715,1,ac81e9b6-5789-4797-ad85-510186cdd4a9,p5ref,2,338381.0636499978
0.47202308224964706,0.521957014700269,False,0.21731641406494803,0.15465561224489796,False,0.3421157525510204,0.9456185567010309,1,aca5cb44-9cfc-420b-a0c4-19f9ef692afb,p5ref,2,338381.0636499978
0.7437327515595841,0.8145635035637753,True,0.3900988177589798,0.20635363520408162,False,0.42442602040816324,0.9022599961367588,1,acb5c720-f741-415c-993c-65855be08ffa,p5ref,2,338381.0636499978
0.9333839277358302,0.8510365948387548,True,0.22856869051314085,0.08133370535714286,False,0.3599330357142857,0.9982847341337907,1,acd43666-c66e-48f6-ac31-c7789f9acc62,p5ref,1,338381.0636499978
0.43650923452790297,0.49046664262837003,False,0.0006919650706812618,0.08035714285714286,False,0.30514588647959184,0.9330357142857143,1,acdc118f-742d-4e1c-a5b4-f9f052adf54d,p5ref,1,338381.0636499978
0.80982827010156,0.893316217820233,False,0.29089120692217646,0.1561702806122449,False,0.325992506377551,0.7366003062787136,1,ad95ae75-d5e0-456b-a375-43efc5c21ee1,p5ref,2,338381.0636499978
0.5504276115025829,0.5369816656512434,False,0.07914367125206635,0.087890625,False,0.37820870535714285,0.999092970521542,1,adbd0f93-b694-41f2-947e-44c7804cacb4,p5ref,1,338381.0636499978
0.8042358600670197,0.41004208736391284,False,0.4011238114333229,0.2549426020408163,False,0.33223054846938777,0.9310506566604128,1,add89c20-44cf-461a-9857-c41d753d4062,p5ref,2,338381.0636499978
0.8757885429637359,0.6042119303663191,True,0.4486613601587409,0.30404974489795916,False,0.397281568877551,0.8975485055060304,1,adf7e674-fb5f-4f3c-a302-961d784bdd48,p5ref,2,338381.0636499978
0.7282646178254072,0.5093091664267514,False,0.19280846632404286,0.11850286989795919,False,0.28457828443877553,0.9926000672721157,1,ae06b30f-ae30-40d3-b237-c934ce499774,p5ref,2,338381.0636499978
0.6105288053372313,0.4630931258029644,False,0.08663249982364786,0.06606744260204081,False,0.25753348214285715,0.6907993966817496,1,ae1a7456-d4f8-4f0e-9764-ee93b0ec3245,p5ref,2,338381.0636499978
0.7651063987544275,,False,0.06276798515227201,0.043048469387755105,False,0.4338926977040816,0.0,1,ae2e618e-ca4d-4fbc-aae5-d6f39e4b484f,p5ref,1,338381.0636499978
0.36652100506505114,0.4573875504804345,False,0.0,0.19730548469387754,False,0.3055444834183674,0.8232323232323232,1,aeac2576-33b3-41a1-bf61-355103e4d3ea,p5ref,2,338381.0636499978
0.904950123085707,0.9311129373036086,False,0.1649713561276585,0.055006377551020405,False,0.24192841198979592,0.7148550724637681,1,aead3682-bdf4-4f43-8468-8e6ac3cd41fa,p5ref,1,338381.0636499978
0.6403021915686123,0.42771071193516214,False,0.04785616376487339,0.0419921875,False,0.3237802933673469,1.0,1,aeae6cbc-d713-4760-845c-fcc93ed5ad64,p5ref,1,338381.0636499978
0.3812273177169251,0.3381602764521968,False,0.0,0.033482142857142856,False,0.15459582270408162,1.0,1,aebb193e-64ef-4368-b139-c0ee72709945,p5ref,1,338381.0636499978
0.6512143251297284,0.44687933915276107,False,0.24446652682207828,0.1564891581632653,False,0.39756058673469385,0.9992358634742741,1,aee1a1e1-5de4-4a11-96e6-13de381cf308,p5ref,2,338381.0636499978
0.3977025441571264,0.43907266902073533,False,0.007266965820214719,0.1701610331632653,False,0.37954400510204084,0.8289997657531037,1,af59f4a2-32d4-4888-ac7f-fc0bcc23abd2,p5ref,2,338381.0636499978
0.37026289845594046,0.4111193660288194,False,0.00042756140651817933,0.0498046875,False,0.4424625318877551,1.0,1,af7ebb36-6ff3-4d40-9330-3bc530b1f7fe,p5ref,1,338381.0636499978
0.8070995977355806,0.5631612168355018,True,0.42672940671759063,0.2761280293367347,False,0.2971141581632653,0.8625766871165644,1,af8fc053-b69b-4915-9ea8-f538028f9b2c,p5ref,2,338381.0636499978
0.8432948830397774,0.7064242585327837,True,0.2594597038235954,0.14409279336734693,False,0.22435028698979592,0.8961272475795298,1,afb87feb-0409-42d0-b5cf-7e6a820f67c0,p5ref,2,338381.0636499978
0.40426895837656246,0.5270636678714797,False,0.03753678761609252,0.06686463647959184,False,0.3999123086734694,1.0,1,afe1b6e2-203e-4ee5-856a-2f205d8bca2a,p5ref,2,338381.0636499978
0.7452684157000012,0.598396201112887,True,0.2557488153805868,0.16908482142857142,False,0.2616390306122449,0.954031117397454,1,b00f4013-c09b-4067-b9ad-f9a5a5bb99e2,p5ref,2,338381.0636499978
0.7026368766729191,0.7081407689159855,True,0.19155721559801067,0.07607222576530612,False,0.2248485331632653,0.8176578464762903,1,b01c0d6b-11ad-463d-85bc-f4e4f1dfbc8a,p5ref,2,338381.0636499978
0.7982907807570659,0.57087048573561,False,0.3728556328413051,0.20334422831632654,False,0.1952527104591837,0.27687934921101637,1,b03867f9-6a0e-4115-ac46-ed96db6b6644,p5ref,2,338381.0636499978
0.22213228421816153,0.2703134822030317,False,0.0020121207208164227,0.10369499362244898,False,0.4319595025510204,1.0,1,b038a798-3637-4f41-9e6a-c84660b45560,p5ref,1,338381.0636499978
0.831370986728039,0.46264782697523954,False,0.289665371006274,0.1453483737244898,False,0.2470703125,0.7910324969148499,1,b053417c-836f-4f6f-9224-f9dc286ee6d0,p5ref,2,338381.0636499978
0.9344483163362705,0.5629899386355718,True,0.3071496341566745,0.17028061224489796,False,0.2119937818877551,0.8745318352059925,1,b06a0fe5-dd0c-448e-bbbd-b773b17e5537,p5ref,2,338381.0636499978
0.8172603453572056,0.4956380805847865,False,0.169109958048462,0.09167729591836735,False,0.2454559948979592,0.9771739130434782,1,b0780603-efa4-453c-a51c-a23c4efedfc1,p5ref,2,338381.0636499978
0.5167599669418356,0.44929813689376724,False,0.1002330614739492,0.08966438137755102,False,0.1441924426020408,0.8753056234718827,1,b0b3639e-7625-4bd2-b9a6-0bb87918987a,p5ref,2,338381.0636499978
0.3072859886860102,0.4364552451596986,False,0.08442441032390931,0.2959781568877551,False,0.3081552933673469,0.864857585347788,1,b0b3ee88-fc81-4a0a-acdb-d8c030fac137,p5ref,2,338381.0636499978
0.310757968544487,0.36566922953839426,False,0.0003394809386987822,0.04027822066326531,False,0.4072863520408163,1.0,1,b0d3f19f-10f9-487b-9cf8-8c2d6dc5d746,p5ref,1,338381.0636499978
0.37866187506136423,0.4423915374702657,False,0.0018808855083581907,0.20392219387755103,False,0.2518734056122449,0.4457584050039093,1,b0dbfa41-de0b-40f5-b635-3bdb73c620a6,p5ref,2,338381.0636499978
0.599493563905984,0.4260980410155617,True,0.38722490242074836,0.29709422831632654,False,0.2870296556122449,0.7412624941302743,1,b0e1aaa6-9bd5-4ee3-832a-dd12e0486252,p5ref,2,338381.0636499978
0.5420086239061216,0.4618237150818779,False,0.23089232165605347,0.24358258928571427,False,0.3704161352040816,0.9138438880706922,1,b13e0bd3-f990-4d48-8eae-f841a45af664,p5ref,2,338381.0636499978
0.8160871196513839,0.6379640045188887,True,0.49006754417014475,0.21008051658163265,False,0.3438695790816326,0.9571198178540935,1,b13ff5d7-7ba5-4cf4-9ff0-e87e87c3489c,p5ref,2,338381.0636499978
0.34530212088126283,0.21646018572052156,False,0.028274442785497473,0.17869100765306123,False,0.3405811543367347,0.9180236448806602,1,b145a972-a2b6-4dca-b98b-37d41f7c371f,p5ref,2,338381.0636499978
0.7537064542180483,0.7804779593325968,False,0.27358002595735026,0.16157126913265307,False,0.34335140306122447,0.7387442950536574,1,b159a6c8-a3de-419a-a9c4-41309ef57e0a,p5ref,2,338381.0636499978
0.32924071812960704,0.4028023226457965,False,0.0,0.11858258928571429,False,0.30504623724489793,0.5752941176470588,1,b17cb86b-e90c-4a31-926a-2e5b022c6275,p5ref,1,338381.0636499978
0.30784443242033127,0.22210206150726597,False,0.003982389585746338,0.05315290178571429,False,0.3448860012755102,0.941132358455193,1,b1c0e005-6c1f-4231-b878-415b4cf1b578,p5ref,2,338381.0636499978
0.731566093437384,0.7033179807114003,True,0.38565064479819633,0.2758689413265306,False,0.2942044005102041,0.8618696720127149,1,b1c9ed5a-9be6-4f5e-a7f8-5eba7289c156,p5ref,2,338381.0636499978
0.7380905495756422,0.5945573454404429,True,0.28930176761953086,0.1568877551020408,False,0.27812101403061223,0.9805640243902439,1,b1e7b5cd-f1b6-400d-b62a-57e6c45c663b,p5ref,2,338381.0636499978
0.41290003299241174,0.45351602616074804,False,0.0,0.033482142857142856,False,0.4018056441326531,0.9880952380952381,1,b1f2db42-68ac-4c11-a4f4-3f6b8b6be999,p5ref,1,338381.0636499978
0.6882210541379176,0.37715267940348324,False,0.13781431160070523,0.10766103316326531,False,0.33237005739795916,0.8635690485005554,1,b21091fa-70ab-432b-a05d-edfa6674cf9f,p5ref,2,338381.0636499978
0.38765109278977905,0.5063440562407651,False,0.013739230666218115,0.04233099489795918,False,0.27975526147959184,1.0,1,b23184fc-0e6e-4802-a451-da82e2ac6e9a,p5ref,2,338381.0636499978
0.6977351436171642,0.7493859742859649,False,0.05051417815925431,0.050860969387755105,False,0.5911989795918368,0.9996081504702194,1,b2753475-d0b2-4dde-8a7b-311e1db27397,p5ref,2,338381.0636499978
0.3729081769852926,0.3669208211143695,False,0.0,0.03653140943877551,False,0.20163026147959184,0.8685215493726132,1,b2761cd1-6932-4d3b-a9dc-88f5a79a98ed,p5ref,2,338381.0636499978
0.5912946897507637,0.5523432420654346,False,0.11703983164305376,0.07021285076530612,False,0.3381497130102041,0.9128583593528243,1,b28ef305-54b7-4a24-9edc-00eb8e13d649,p5ref,2,338381.0636499978
0.23858480668152227,0.20740235359941414,False,0.0007056745137393586,0.08358577806122448,False,0.3772122130102041,0.8061516452074392,1,b29dcdc8-57c8-443a-a69c-615fa7dc9973,p5ref,2,338381.0636499978
0.729454930770958,0.6234716795645031,False,0.1260252217330648,0.06885762117346939,False,0.2897201849489796,0.7927641099855283,1,b2dca982-bfb0-4201-9a43-255cb277682d,p5ref,2,338381.0636499978
0.25955570075138845,0.22834776815456362,False,0.0,0.02391581632653061,False,0.32288345025510207,0.9925,1,b3198fbd-a80a-4b5b-8a12-f89bb4a72b4a,p5ref,1,338381.0636499978
0.3544373004417618,0.39087913256085893,False,0.0,0.08868781887755102,False,0.2671396683673469,0.8982022471910113,1,b358f0ea-23d2-43a9-a5f1-54fc78a8c5e7,p5ref,2,338381.0636499978
0.4843670854014683,0.5346672741539474,False,0.02889538726506108,0.06287866709183673,False,0.45585538903061223,0.8282091917591126,1,b35a3c89-f199-4924-98f0-8d5beea4b41d,p5ref,2,338381.0636499978
0.6957431718598421,0.4529409652352309,True,0.3696522859176671,0.20543686224489796,False,0.25019929846938777,0.8911525029103609,1,b35d3c12-7c68-4747-b4a1-49c291b6ff94,p5ref,2,338381.0636499978
0.7241779950749636,0.7048812494736661,True,0.5004117316743282,0.381656568877551,False,0.41916454081632654,0.7855352480417754,1,b35dfbda-395c-4c9d-befb-331f6ac3da84,p5ref,2,338381.0636499978
0.7294659377156715,0.1736093328277556,False,0.18789018947796743,0.1231265943877551,False,0.30404974489795916,0.9035286500485594,1,b3671358-67b4-4e10-93af-c62a561d1546,p5ref,2,338381.0636499978
0.43091350694912967,0.4681343524598988,False,0.0,0.11379942602040816,False,0.29336734693877553,0.951138353765324,1,b38cc4d8-f90d-4052-843b-675a43417c82,p5ref,2,338381.0636499978
0.2751601570572432,0.27019736842105263,False,0.0,0.03559470663265306,False,0.33852838010204084,1.0,1,b3b09e3c-3e2c-43cc-bf1f-56d317769ee1,p5ref,1,338381.0636499978
0.7049292446015076,0.5043722351134334,False,0.31936518810512715,0.23646763392857142,False,0.447086256377551,0.9551622418879055,1,b3e8a708-d8e1-434e-92ca-5d5e79aca86e,p5ref,2,338381.0636499978
0.6447505929228284,0.48671672949347583,False,0.276803429157195,0.21823182397959184,False,0.35947464923469385,0.913972602739726,1,b402960f-5989-4469-941e-b8dee9ff6275,p5ref,2,338381.0636499978
0.6689936013217156,0.8602485838875386,False,0.27830239432341847,0.17932876275510204,False,0.2942442602040816,0.4423205156701489,1,b407bfac-f351-4129-9e55-53e825f7ab16,p5ref,2,338381.0636499978
0.7215593415141174,0.6635200864709061,False,0.32280786136959394,0.18466996173469388,False,0.39638472576530615,0.862723936973883,1,b434200b-248e-4aa3-aeff-b0c9351a65fc,p5ref,2,338381.0636499978
0.4445521679937291,0.5,False,0.0,0.03384088010204082,False,0.24980070153061223,0.9994110718492344,1,b43dbfe0-cea8-4ce6-b608-e8ab671f09a4,p5ref,2,338381.0636499978
0.89504317632963,0.7628906965276305,True,0.4873683929112252,0.25279017857142855,False,0.25874920280612246,0.8002995900346894,1,b448e93a-18aa-4aa0-8b28-2e58529cf8e6,p5ref,2,338381.0636499978
0.41017734870071876,0.46988952040360177,False,0.0,0.06277901785714286,False,0.3630420918367347,0.8117460317460318,1,b450fa50-1d6d-4e97-b843-fc0fe530d2ff,p5ref,1,338381.0636499978
0.45049251326797124,0.7105930437698875,False,0.018258224825148245,0.04583864795918367,False,0.3054049744897959,0.6234782608695653,1,b49313fa-77c1-4a52-8d29-f28478f8929c,p5ref,1,338381.0636499978
0.4008686551543694,0.38186251894813156,False,0.0,0.0478515625,False,0.34996811224489793,0.9941690962099126,1,b4dd880c-d830-470d-80b4-afca617a4261,p5ref,1,338381.0636499978
0.2970860500722001,0.1877072323228782,False,0.0058523548089712656,0.13731664540816327,False,0.32041214923469385,0.7921625544267054,1,b5463e1b-58dd-4541-823a-6b29bb1c3ae2,p5ref,2,338381.0636499978
0.6406117502780688,0.5597908464091279,True,0.343109925070763,0.24627311862244897,False,0.32124920280612246,0.8697094764101319,1,b5a0f268-4711-4c94-8056-9f9dfc3b4462,p5ref,2,338381.0636499978
0.7172194807065547,0.33288002221725643,False,0.135460795471825,0.09542410714285714,False,0.33751195790816324,0.8991228070175439,1,b6276787-bf66-4151-9f7a-b3d7fdf5ae30,p5ref,2,338381.0636499978
0.688698045866213,0.670551828303157,True,0.5808789258360454,0.4362045599489796,False,0.45944276147959184,0.8227715082012154,1,b6485351-ddd3-4bae-9b4e-6038370e827b,p5ref,2,338381.0636499978
0.6063178859701189,0.3681968172710127,False,0.2719637558837768,0.23357780612244897,False,0.2247688137755102,0.6936006825938567,1,b6628d2e-e8dc-427e-bcb4-a19cf31b9ec7,p5ref,2,338381.0636499978
0.13376870104683497,0.12296316615271582,False,0.0011222640109212637,0.06686463647959184,False,0.3464405293367347,0.9311475409836065,1,b6c45f07-6068-46af-b35d-302cd05ed4d2,p5ref,1,338381.0636499978
0.5240020999186774,0.4647622300080364,False,0.07924962525729996,0.07593271683673469,False,0.4807079081632653,0.9905511811023622,1,b6d61fae-fa1f-4328-b065-033ee168cd98,p5ref,2,338381.0636499978
0.8409140988739642,0.5211326711462915,True,0.314992835242614,0.21462452168367346,False,0.3012794961734694,0.9232983563933513,1,b6e488a3-8ae5-4b90-82d7-2679cdffa4b0,p5ref,2,338381.0636499978
0.7341431593178354,0.6976752572491546,False,0.07977994687352999,0.04669563137755102,False,0.284976881377551,0.9991463935125907,1,b6fa6fc8-812c-4110-9881-5a5f8f2fea65,p5ref,1,338381.0636499978
0.6524225722601917,0.5240567292401003,False,0.13388515560754966,0.09883211096938775,False,0.35873724489795916,0.8219399072393627,1,b7069aa5-9e33-4918-aba2-f76b0abef6a4,p5ref,2,338381.0636499978
0.1814409733386946,0.17436159022682973,False,0.0005962424402595686,0.030233577806122448,False,0.3765146683673469,1.0,1,b72902be-6ca3-4ac1-abf3-f9da96e52e61,p5ref,1,338381.0636499978
0.3361273616165504,0.4309978145526819,False,0.03785946404336218,0.17028061224489796,False,0.4495376275510204,0.8183520599250936,1,b75c6c0c-b9da-4d7d-a968-c1fb92ee5327,p5ref,2,338381.0636499978
0.6901189719359758,0.5319326790091451,False,0.201476250152115,0.14724170918367346,False,0.3145129145408163,0.9370600974553329,1,b7734503-5808-403e-96d7-5ea55a96a1a3,p5ref,2,338381.0636499978
0.6174415264974576,0.685671300913881,True,0.548907161844039,0.3391063456632653,False,0.3464405293367347,0.7137819570966794,1,b77669dd-8554-4531-9903-9719747fdb63,p5ref,2,338381.0636499978
0.9278154252162116,0.9721724402989562,True,0.23697984519261728,0.05978954081632653,False,0.41476004464285715,0.9653333333333334,1,b776a863-b1da-4a7e-b688-b9a6ce6c3e75,p5ref,1,338381.0636499978
0.38499550763701706,0.4984080435693339,False,0.0,0.068359375,False,0.28535554846938777,0.6947521865889212,1,b77ab795-de76-4715-b371-eb7be54b584c,p5ref,2,338381.0636499978
0.7022581843388256,0.6876776563245796,True,0.3943935709368717,0.23365752551020408,False,0.2645288584183674,0.8718867280791539,1,b78a4ada-0963-4067-a009-3f8ee134e069,p5ref,2,338381.0636499978
0.7016069853148628,0.7882210536447614,True,0.3891055310914409,0.26209741709183676,False,0.3593152104591837,0.8178085316705954,1,b79b76d3-6bd0-4102-af73-4251f313e907,p5ref,2,338381.0636499978
0.6902798627377269,0.5747081290673631,False,0.1649523797071004,0.11019212372448979,False,0.2373046875,0.6355579670826551,1,b7ac0a9c-3226-407d-9734-91a45d371732,p5ref,2,338381.0636499978
0.43885609892827876,0.20399641378290448,False,0.009249314051398071,0.018415178571428572,False,0.3115234375,0.1893939393939394,1,b7d86d4e-7d73-4269-bd19-3d24b7f4259b,p5ref,1,338381.0636499978
0.27778233003296726,0.22938379102715745,False,4.549841288507536e-06,0.10395408163265306,False,0.5042251275510204,0.8564033742331288,1,b7f5ecee-6ab8-4dab-a4b7-fefee43cd079,p5ref,2,338381.0636499978
0.4274543181150703,0.5509894669583301,False,0.05694315247627445,0.10792012117346939,False,0.4705835459183674,0.7183748845798708,1,b8020472-9c2d-44ce-a09b-f5795b95f230,p5ref,2,338381.0636499978
0.28903773824113593,0.30424014265900534,False,0.0,0.0568000637755102,False,0.4591438137755102,1.0,1,b86479a1-e997-4026-acfc-2d467291eb50,p5ref,1,338381.0636499978
0.23445085266171528,0.35863898289581997,False,0.0,0.039341517857142856,False,0.25723453443877553,1.0,1,b892d98e-84ae-4ca8-9996-fc0006cf0d2f,p5ref,1,338381.0636499978
0.6263882696803209,0.6363513112290283,False,0.1333207672223538,0.06244021045918367,False,0.33627630739795916,0.941908713692946,1,b8a563db-5bfd-4638-9b55-30c3a230485f,p5ref,2,338381.0636499978
0.5029360346194081,0.550595062071809,False,0.08443479636990306,0.09921077806122448,False,0.3754185267857143,0.9485737243873041,1,b8f18ef1-9d70-48a2-abd0-1944aaee8efc,p5ref,2,338381.0636499978
0.6932762855534235,0.6359613559616235,True,0.5210339274393058,0.29135443239795916,False,0.5138711734693877,0.9800259935700116,1,b8fa31a7-52ba-4bd1-8b63-0568b6935306,p5ref,2,338381.0636499978
0.4097602888547874,0.39103570976008073,False,0.05475551018694016,0.13984773596938777,False,0.3153499681122449,0.8285592133390338,1,b9250558-2525-459d-894d-65355b4cf432,p5ref,2,338381.0636499978
0.9576827323404616,0.9107945887991239,True,0.18001280706741782,0.05524553571428571,False,0.19210379464285715,0.4772727272727273,1,b957974c-211b-4f52-86d3-25d18825dfa3,p5ref,1,338381.0636499978
0.347167325428195,0.40594249692496925,False,0.0,0.03188775510204082,False,0.28946109693877553,0.9475,1,b9683119-5341-4b9a-b423-9c7960446840,p5ref,2,338381.0636499978
0.8495971868331886,0.741652461085421,True,0.1933793824079926,0.087890625,False,0.2896006058673469,0.9605442176870749,1,b992d796-9416-4270-af33-f251ab52e07b,p5ref,1,338381.0636499978
0.3679779853776218,0.5313474752504782,False,0.06523132369635448,0.23090720663265307,False,0.42416693239795916,0.7771448299672018,1,b9a50c1f-4b93-4a91-963f-a8d06fe077ee,p5ref,2,338381.0636499978
0.8881474949480349,0.7797218509758135,True,0.32638657585354375,0.16774952168367346,False,0.27810108418367346,0.9729119638826185,1,b9de5953-04f1-4b45-b601-b2408b36fffa,p5ref,2,338381.0636499978
0.32637725633357095,0.2899674470381498,False,0.004179581822949037,0.07178730867346939,False,0.31090561224489793,0.941976679622432,1,ba036253-6844-428c-a27b-14e9b6021740,p5ref,2,338381.0636499978
0.47559373742081734,0.5,False,0.0,0.059291294642857144,False,0.36951929209183676,0.973781512605042,1,ba0cb1e8-7198-4465-9498-1a650c0a6402,p5ref,2,338381.0636499978
0.7256396189869441,0.6552341992678516,True,0.2877878869921906,0.1335499043367347,False,0.26869419642857145,0.8565885688703179,1,ba0e4666-cf09-4ba1-a758-f4960ef162c9,p5ref,2,338381.0636499978
0.41562091603421064,0.29174619770342886,False,0.012192091319690483,0.04165338010204082,False,0.33705357142857145,0.6124401913875598,1,ba1065ce-267d-422f-aef5-6d04c04402d8,p5ref,1,338381.0636499978
0.43156380722910787,0.4826527318183545,False,0.08263076421983763,0.12326610331632654,False,0.35317681760204084,0.9511721907841553,1,ba1649bf-15b7-46ba-b841-7aeb71f9e4c6,p5ref,2,338381.0636499978
0.8587760309216352,0.6764448509748626,True,0.3900595312794809,0.2492625956632653,False,0.24587452168367346,0.7855600863516431,1,ba353385-091c-4c4a-8048-eca0388c7a43,p5ref,2,338381.0636499978
0.9183366725923877,0.7437002234310359,True,0.3860059579710844,0.20465959821428573,False,0.17540258290816327,0.7223682929204401,1,baac301e-08a6-4267-a17a-78e3fcb23f21,p5ref,2,338381.0636499978
0.5228256127245993,0.5296954040026164,False,0.1632677056488083,0.11180644132653061,False,0.302913743622449,0.971301247771836,1,bacb9e6d-ad87-4841-99e0-685aa0249bbe,p5ref,2,338381.0636499978
0.5960517746322153,0.49972469256184515,True,0.3349632299594557,0.2666015625,False,0.3400829081632653,0.9333183822979741,1,badbcf00-4431-4336-ba44-c519688be0e4,p5ref,2,338381.0636499978
0.5534540606799204,0.5905506131163861,True,0.18944388535227352,0.13825334821428573,False,0.39321588010204084,0.8526740665993946,1,bae7b652-311f-4a84-a031-653424887f35,p5ref,2,338381.0636499978
0.7476534777340476,0.7934606797135244,False,0.1427184354854035,0.08557876275510204,False,0.35762117346938777,0.8791336748952026,1,baec024d-a216-40bf-a988-bd229ae5cec6,p5ref,2,338381.0636499978
0.985928298009106,0.9681994501975019,False,0.1847514791336085,0.0568000637755102,False,0.44981664540816324,1.0,1,baed4093-ba48-42d5-8479-92b2612217e0,p5ref,1,338381.0636499978
0.2054478489228482,0.2760016819104457,False,0.0004353077117060317,0.039341517857142856,False,0.37820870535714285,0.7669706180344478,1,baf525a5-daf5-465e-ba60-b779cce1e576,p5ref,1,338381.0636499978
0.6621127484210875,0.6202643898780782,True,0.41026474542639435,0.2855947066326531,False,0.2824856505102041,0.7234473133286811,1,bb13f699-a024-4946-a481-8d2e91d3cf72,p5ref,2,338381.0636499978
0.6650794989997779,0.44759016491207143,True,0.30282342439589705,0.24441964285714285,False,0.23467394770408162,0.7398075668623614,1,bb37ae16-f3b1-45ec-a814-392f7bc7caa9,p5ref,2,338381.0636499978
0.37284492558865723,0.3927666606453748,False,0.04573351140100792,0.17215401785714285,False,0.408203125,0.9887705487381339,1,bb47fccc-23c4-4264-bd35-616a3c44161e,p5ref,2,338381.0636499978
0.23710154452842588,0.18845481706973335,False,0.0,0.02965561224489796,False,0.38319116709183676,1.0,1,bb51a303-4438-43ae-b843-415616c99b0d,p5ref,1,338381.0636499978
0.41403641915824124,0.4757038902348441,False,0.012295422243788105,0.064453125,False,0.2977319834183674,0.7034632034632035,1,bb6d8e4b-f416-435a-8dee-fe3f60b4db11,p5ref,1,338381.0636499978
0.9035193253422156,0.6416325690721987,False,0.2464454680886313,0.142578125,False,0.20007573341836735,0.8247134470226447,1,bba14241-9fd6-40ae-91f3-945af76178aa,p5ref,2,338381.0636499978
0.711583879466793,0.5969113574707856,True,0.21135684193653695,0.12960379464285715,False,0.21213329081632654,0.8680608949715516,1,bbd7abfe-8b9c-46aa-ab4b-8ff854615770,p5ref,2,338381.0636499978
0.8155168625221376,0.6003934091378599,True,0.3457674664502492,0.22199856505102042,False,0.3313137755102041,0.8804201454349583,1,bc054c4c-280f-4e1d-9b93-9563cd368aae,p5ref,2,338381.0636499978
0.5193396145852647,0.5799734497947857,True,0.38809675904378776,0.2964365433673469,False,0.41173070790816324,0.8141723813365604,1,bc234c2b-96aa-4263-931b-b7420c235daa,p5ref,2,338381.0636499978
0.7380099595682229,0.8225702700477523,True,0.1315991795015151,0.07659040178571429,False,0.2819276147959184,0.5204267499349466,1,bc407298-ee2e-4723-b4ec-58f4603ce88d,p5ref,1,338381.0636499978
0.7462499871615526,0.5921241481979354,True,0.509648520609255,0.30369100765306123,False,0.439273756377551,0.9681060506628166,1,bc41e91e-506d-4ff9-8dba-3fd085f38491,p5ref,2,338381.0636499978
0.6530352896453142,0.37607211394064577,False,0.22469079138359752,0.15525350765306123,False,0.356265943877551,0.9182284980744544,1,bc48ee69-de8c-416a-b023-b2f841b3be1d,p5ref,2,338381.0636499978
0.45010306562604147,0.2593116688348852,False,0.046181952142893806,0.10317681760204081,False,0.3577407525510204,0.7915781340544717,1,bc5360ed-0247-47b8-93a0-c34ebbf936bb,p5ref,3,338381.0636499978
0.9933696655900061,0.9570511538868541,True,0.24568482813640252,0.05859375,False,0.11696827168367346,0.8319727891156462,1,bc668e08-44be-4aed-aa17-7b321c8e11a5,p5ref,1,338381.0636499978
0.31410017013154073,0.37948452273021627,False,0.0,0.03942123724489796,False,0.3324497767857143,0.6263902932254802,1,bc7f4d5d-cc08-44d7-b091-4df20dba6556,p5ref,1,338381.0636499978
0.6831069834578519,0.4433509510904452,False,0.27275637715036527,0.19909917091836735,False,0.3689811862244898,0.9373373373373374,1,bc87d74c-9d22-4046-ae17-5891adfa0b41,p5ref,2,338381.0636499978
0.5432711207633611,0.7554589355360758,False,0.10489784487215052,0.10744180484693877,False,0.3762755102040816,0.6815062140604712,1,bc88fe07-10a9-4032-9a0b-21f57f10d555,p5ref,2,338381.0636499978
0.9673142171920506,0.9253687941415978,True,0.28329437349118763,0.09201610331632654,False,0.2850964604591837,0.8917045700671432,1,bc92c935-81cf-4e5b-8edc-381c0327072b,p5ref,1,338381.0636499978
0.4782942200067026,0.5090813312985684,False,0.17196076553030618,0.22361288265306123,False,0.3104870854591837,0.9081105169340463,1,bcaa0edc-16d6-44b7-b548-91ddf6ed5cec,p5ref,2,338381.0636499978
0.9522301688795042,0.9684712034212329,True,0.3063053476396892,0.09769610969387756,False,0.37862723214285715,0.9026927784577723,1,bcaf0768-3841-4280-8de4-57e822f38c7a,p5ref,1,338381.0636499978
0.45423340961098396,0.4831335213916314,False,0.0,0.1639030612244898,False,0.3292610012755102,0.9743433852140078,1,bcb3a190-1449-47b4-a24d-ffd8701723d5,p5ref,2,338381.0636499978
0.8383959614249777,0.9573064209387258,True,0.4967256092988619,0.2396564094387755,False,0.32997847576530615,0.6576299376299376,1,bcbb2132-0a68-4baa-b264-9c9e6567e35b,p5ref,1,338381.0636499978
0.3221477157644535,0.18653023373650868,False,0.02220471711042324,0.06529017857142858,False,0.27493223852040816,0.7579365079365079,1,bcbcf3f5-244b-4979-9405-9cfe410b37a7,p5ref,2,338381.0636499978
0.6242620981577689,0.4810280132601065,False,0.3837902461860268,0.28212691326530615,False,0.3367546237244898,0.8905764340209099,1,bce1a9aa-127b-4535-9e96-d1ca41d72e0c,p5ref,2,338381.0636499978
0.8060549588701529,0.6432216832884229,False,0.05733877865437048,0.029017857142857144,False,0.32059151785714285,0.9986263736263736,1,bcff3700-de7c-42c2-be5d-1c95d008966a,p5ref,1,338381.0636499978
0.5117868868188459,0.5497275434293767,False,0.12482935643998304,0.09032206632653061,False,0.346500318877551,0.9448367166813769,1,bd017f59-fd9d-4eb5-8805-58ffb96550df,p5ref,2,338381.0636499978
0.9062244553727586,0.8376382064172881,False,0.11715194480143847,0.0380859375,False,0.44009088010204084,1.0,1,bd0bb326-cd0d-4dd8-be1c-25c15b076377,p5ref,1,338381.0636499978
0.7028273024042584,0.4760295876081623,True,0.3759868682132199,0.2825454400510204,False,0.38614078443877553,0.8620300486703816,1,bd1356ed-d7fc-41d7-a11b-b1b1f2c5add1,p5ref,2,338381.0636499978
0.9641546112854563,0.9281610926464479,False,0.18825507307377823,0.06947544642857142,False,0.40019132653061223,0.9982788296041308,1,bd1f8cea-15a5-4bb8-9eb4-d6fa3714a78e,p5ref,1,338381.0636499978
0.7810220142088043,0.7296099008811407,False,0.1709874515169043,0.11648995535714286,False,0.38767538265306123,0.773994867408041,1,bd35798d-704b-4e3e-83c5-7957dfdf6715,p5ref,2,338381.0636499978
0.5938268422121323,0.5245067740869497,True,0.3086844211609077,0.23712531887755103,False,0.2805723852040816,0.8738443435871575,1,bd4fa84d-813d-4ed5-b68f-c88127ed2f80,p5ref,2,338381.0636499978
0.28962938614512285,0.32102914595571624,False,0.0,0.029894770408163265,False,0.37968351403061223,0.898,1,bd562b4a-0bcd-4d3f-8fe5-b8bfb3875b1c,p5ref,1,338381.0636499978
0.8990082595615448,0.7305537134728967,True,0.42313028137901576,0.2707469706632653,False,0.27070711096938777,0.7520794994479205,1,bd88f2af-7d9f-44a8-8004-ea76250dc9b2,p5ref,2,338381.0636499978
0.741589787036837,0.7269563418927181,True,0.2177024354743725,0.14564732142857142,False,0.48026945153061223,0.981663929939792,1,bd9af100-1805-4e0a-8875-4a4b7195f0d8,p5ref,2,338381.0636499978
0.5830064048103508,0.5214148078190431,False,0.3891313770596916,0.3266501913265306,False,0.3452845982142857,0.788163514338011,1,bd9d41e6-9e2b-4db5-9cbe-21d32f185421,p5ref,2,338381.0636499978
0.4200985242394791,0.3870633597140977,False,0.03649306261146512,0.12041613520408163,False,0.403499681122449,0.9197285666997683,1,bdd8ef21-50b0-4243-b67f-95f3e197ae70,p5ref,2,338381.0636499978
0.8347785683545096,0.7893782032593676,False,0.09909945962909013,0.0389030612244898,False,0.41768973214285715,1.0,1,bdfea255-f9dc-4694-b0fe-d699aec5b10e,p5ref,1,338381.0636499978
0.5071659479506264,0.41316013151075054,False,0.2537166432195641,0.2830436862244898,False,0.31431361607142855,0.8392479932403887,1,be265039-f0ab-4d31-9859-2de2f9d97492,p5ref,2,338381.0636499978
0.5248632998605455,0.5350454234918184,False,0.17355950771672402,0.18779894770408162,False,0.28073182397959184,0.8841133397007322,1,be309060-220f-445f-9aa5-4a8825783fb2,p5ref,2,338381.0636499978
0.5079780084483092,0.7019504747607359,False,0.08871884170258901,0.11527423469387756,False,0.26389110331632654,0.9068118948824343,1,be367de2-d888-41df-90bd-82baaa80541f,p5ref,2,338381.0636499978
0.6728694338650197,0.7575062076400396,True,0.3751730114088712,0.30624202806122447,False,0.2854153380102041,0.7857607705323442,1,be379186-93d4-4aa0-b4ae-0c86c9f6b31e,p5ref,2,338381.0636499978
0.38408758446142055,0.4423695621765282,False,0.0,0.1416812818877551,False,0.4145408163265306,0.9146152764101843,1,be4073e5-f1ef-4259-b7a4-8c379844cbaa,p5ref,2,338381.0636499978
0.4661042946950542,0.22290352127009974,False,0.01825390132005256,0.02303890306122449,False,0.37234933035714285,1.0,1,be9e9eea-96d0-43a3-801e-b39bfd209ca7,p5ref,1,338381.0636499978
0.36721704739469646,0.395487704435816,False,0.0,0.07782605229591837,False,0.4012476084183674,0.8028169014084507,1,beb63eac-b9ba-40b5-89b1-8aed84ab43b6,p5ref,1,338381.0636499978
0.4375502053553741,0.4553105108976863,False,0.01718645987127128,0.22620376275510204,False,0.3486926020408163,0.938942731277533,1,bec35362-40e8-4f43-99aa-8d1eec483456,p5ref,2,338381.0636499978
0.7439210932600738,0.6143219083630562,True,0.3678946117947617,0.18965242346938777,False,0.27792171556122447,0.907313997477932,1,becced78-9df7-4e9a-94c8-7cb750d41507,p5ref,2,338381.0636499978
0.47749433628357263,0.7737892105479469,False,0.091074863937022,0.12651466836734693,False,0.4010483099489796,0.8353812224322621,1,bed364d9-7bad-4de8-b618-9de875b73d67,p5ref,2,338381.0636499978
0.9431244319903856,0.45526749547640694,False,0.33719440278666624,0.13014190051020408,False,0.16747050382653061,0.9062787136294027,1,bf1103d5-18c7-4578-9ad2-a7e279d9a6a3,p5ref,2,338381.0636499978
0.47569041790182715,0.5684693617427262,False,0.017122362469303553,0.0784438775510204,False,0.4018455038265306,0.8373983739837398,1,bf22936e-6390-4f6f-b7c2-9452972c3ab1,p5ref,1,338381.0636499978
0.33146697794024954,0.4575965679213538,False,0.000502855979902627,0.13058035714285715,False,0.38620057397959184,0.737942612942613,1,bf27db61-1c2e-4710-9f25-31eacb526f5e,p5ref,2,338381.0636499978
0.47649898674761715,0.7424190459064818,False,0.06353526124094633,0.09020248724489796,False,0.36276307397959184,0.9412284577993814,1,bf3d9218-58b3-4a3b-b68f-54b16f3570d7,p5ref,2,338381.0636499978
0.5499504910831218,0.43769295315193407,True,0.33297464548958194,0.28061224489795916,False,0.32296316964285715,0.8855113636363636,1,bf6e8629-59e7-4866-8033-65db70e55b14,p5ref,2,338381.0636499978
0.3106508875739645,0.3227834302325581,False,0.0,0.029974489795918366,False,0.3042091836734694,1.0,1,bf7225ea-722d-483c-8fd6-3118966ca7b1,p5ref,1,338381.0636499978
0.7055223068509178,0.6306941053142879,True,0.5726625099008579,0.27256058673469385,False,0.3168447066326531,0.7937262357414449,1,bf7bc9a6-d454-4edd-8752-9273448a3b10,p5ref,2,338381.0636499978
0.7921320975873732,0.7851559137819837,False,0.18496410563785903,0.09835379464285714,False,0.29707429846938777,0.9663627152988855,1,bfb48b34-fe9a-4f31-bb5a-27ffe55a49fb,p5ref,1,338381.0636499978
0.6928172113103432,0.6796245734728439,True,0.39404391823757523,0.24940210459183673,False,0.24980070153061223,0.7983058973949176,1,bfc8780a-6911-4006-a427-0898ccd3a5f9,p5ref,2,338381.0636499978
0.8954867575499595,0.9326827548167063,True,0.35830366849739786,0.20752949617346939,False,0.4576889349489796,0.8740036492845482,1,bfd60c29-4ac3-4bc1-be29-579a65a843cd,p5ref,2,338381.0636499978
0.33241231717369196,0.44678414355556484,False,0.024117775514850223,0.08904655612244898,False,0.1994579081632653,0.7457475380483438,1,bfd6493b-7b0d-4bb6-a7ed-bd69007dc433,p5ref,2,338381.0636499978
0.9662487298491755,0.9500001649605088,True,0.32034113307499495,0.1136001275510204,False,0.32264429209183676,0.872280701754386,1,bfd8ef59-552b-479a-888c-1444384b828b,p5ref,1,338381.0636499978
0.4633058963772495,0.4438547563989535,False,0.15380790551828674,0.21942761479591838,False,0.31562898596938777,0.9671207992733878,1,bfdffef0-de93-45a5-a743-af5e2b3ac681,p5ref,2,338381.0636499978
0.8704363307287953,0.6078982957100233,True,0.46425621348761176,0.2284359056122449,False,0.26656170280612246,0.8499389286337463,1,bfe7e758-97b3-4763-a91b-8bf559c143a4,p5ref,2,338381.0636499978
0.7276835646646198,0.7059646473472421,True,0.29986264659155737,0.20774872448979592,False,0.46438536352040816,0.97544128933231,1,c0654897-6bfe-4b7c-abd3-dda76d0fcac2,p5ref,2,338381.0636499978
0.7421922128163619,0.5511822617170239,False,0.21667654007435375,0.15222417091836735,False,0.32621173469387754,0.9989526053940823,1,c07f52df-d481-434f-84c1-04263926ac40,p5ref,2,338381.0636499978
0.7555930188198611,0.674281082721462,False,0.24899741451972052,0.16491948341836735,False,0.2872688137755102,0.9023564954682779,1,c1415e26-fddf-4a0c-a7eb-7b9a0d9e9983,p5ref,2,338381.0636499978
0.70985107378773,0.6757874236806602,False,0.10468607269847975,0.08589764030612244,False,0.24021444515306123,0.9779582366589327,1,c1e73a4e-7afe-4ec5-8af6-ce8315d7a2f2,p5ref,2,338381.0636499978
0.7332364430143151,0.6188380919615483,True,0.24381174615804016,0.15473533163265307,False,0.280452806122449,0.8739052035033488,1,c1f7889a-9ea9-4acb-b64c-b737c929599a,p5ref,2,338381.0636499978
0.43809887458628227,0.3522784253692891,False,0.01116052432192532,0.12669403698979592,False,0.22596460459183673,0.9178857951864087,1,c203f4e6-0963-4543-a34c-48b9d62b3e27,p5ref,2,338381.0636499978
0.7020380400212679,0.5979753486863767,False,0.32674363576510573,0.2254264987244898,False,0.44094786352040816,0.8634957121386261,1,c26c0bb6-125b-497f-a3fa-04a5729b36c0,p5ref,2,338381.0636499978
0.8374322480384203,0.5559067316943513,True,0.16303312902904935,0.09287308673469388,False,0.2770448022959184,0.9989270386266095,1,c26d7023-7b0d-4b3a-9621-1eb5007eac7c,p5ref,2,338381.0636499978
0.7647792648473013,0.6105149218607248,True,0.3893177209360723,0.26767777423469385,False,0.30211654974489793,0.833445015263197,1,c2802780-8f5c-4240-8d71-0be1664a8b6f,p5ref,2,338381.0636499978
0.524857574689354,0.6115581491413625,False,0.03588463089487509,0.06301817602040816,False,0.4772999043367347,0.8074003795066413,1,c2c49031-f803-495d-9abf-32589c04a99b,p5ref,1,338381.0636499978
0.4150155634047923,0.41752618661352836,False,0.009948293609847687,0.15977758290816327,False,0.41035554846938777,0.902332543345391,1,c2c4dd48-9a14-440e-9d97-3433553934ef,p5ref,2,338381.0636499978
0.700346228026682,0.5444538208009015,False,0.18552117181334207,0.11593191964285714,False,0.3182796556122449,0.8946192195289668,1,c2c9a42f-a4ca-4ba6-9a79-7e670787e0cd,p5ref,2,338381.0636499978
0.31640785728552884,0.28391064643846264,False,0.0011846215582250374,0.07573341836734694,False,0.2909359056122449,0.9481578947368421,1,c2cd0631-a09e-4d53-afe4-f904899392fb,p5ref,1,338381.0636499978
0.5536285784086781,0.4433598837809569,False,0.027233697992596357,0.0272640306122449,False,0.34998804209183676,0.8823099415204678,1,c2e05765-ebf6-4e52-ac88-1e9d928282b8,p5ref,1,338381.0636499978
0.9020482843706249,0.8814139980450103,True,0.21614430578737123,0.07802535076530612,False,0.3752989477040816,0.9915708812260536,1,c2ee643f-0568-4816-9fa5-19d50cde5386,p5ref,1,338381.0636499978
0.5357248544809271,0.6278141466402176,False,0.12818315044726894,0.14449139030612246,False,0.407047193877551,0.7969655172413793,1,c34a3ea0-04d7-4df6-afab-0d7c7280b749,p5ref,2,338381.0636499978
0.24539359086322746,0.34742791014959623,False,0.0011723424907687501,0.12021683673469388,False,0.4429209183673469,0.912632625994695,1,c3751c94-ea6f-4a7c-b3bf-87a54012fa80,p5ref,2,338381.0636499978
0.75431125347454,0.7215012133632553,True,0.3473686567823236,0.18345424107142858,False,0.3366549744897959,0.9011406844106464,1,c3768927-0d7e-4624-bf5a-3eea2011a5c1,p5ref,2,338381.0636499978
0.8865616230601955,0.6615574454092441,False,0.3930961925162999,0.2610411352040816,False,0.3218470982142857,0.8324171629256375,1,c37e4ade-605d-4b78-ada5-231c82b72b43,p5ref,2,338381.0636499978
0.6361516600857116,0.6704778449642608,True,0.20809008446682126,0.16438137755102042,False,0.39285714285714285,0.8347478176527643,1,c3a9ec26-c2c0-4c78-b52e-ed023bf16b3d,p5ref,2,338381.0636499978
0.5282946551324458,0.31747601684339594,False,0.12852378461440675,0.14829799107142858,False,0.2819276147959184,0.9822604488643999,1,c3c1ef6e-055c-4f54-a7f5-d0f6eed1d2da,p5ref,2,338381.0636499978
0.783396667525241,0.7832700829336625,True,0.3340511029895008,0.15846221301020408,False,0.38219467474489793,0.9400075462206012,1,c3ed4cdc-183a-4b8f-a51f-d915d912abab,p5ref,2,338381.0636499978
0.8305118118110989,0.5451814795654215,True,0.3950442921496243,0.23676658163265307,False,0.29073660714285715,0.923063973063973,1,c4328895-fac4-4ecc-b164-88f77dee37ca,p5ref,2,338381.0636499978
0.8199172546948901,0.5861138071534444,True,0.44918712099043706,0.27395567602040816,False,0.27640704719387754,0.824021533537029,1,c48c38f1-a9ac-49e8-bd3b-de77c20446c5,p5ref,2,338381.0636499978
0.8353350112615923,0.6389824448937325,True,0.45113466436775645,0.2560985331632653,False,0.3076769770408163,0.9017898832684825,1,c4c02f02-e91c-4a0f-8a56-d89f9fec81f3,p5ref,2,338381.0636499978
0.9450940682134682,0.9691773435828034,True,0.3155983391004991,0.11688855229591837,False,0.3942721619897959,0.6069906223358909,1,c574a647-fb1f-4344-9568-892f4d66f4ed,p5ref,1,338381.0636499978
0.9137897496738498,0.8651354282190941,False,0.10790097095983409,0.064453125,False,0.30757732780612246,0.4291898577612863,1,c5a27c73-aef3-407e-9724-333e97a583c9,p5ref,1,338381.0636499978
0.7428383480733998,0.6647303486926128,False,0.09079142639858154,0.05915178571428571,False,0.3754982461734694,1.0,1,c7024796-39ed-4eda-906d-65a1fb5d5c52,p5ref,1,338381.0636499978
0.9343690957785782,0.8959717558628334,False,0.060746754409141075,0.020806760204081634,False,0.480289381377551,1.0,1,c75ada7c-f5f2-4ea0-9876-05d332328e67,p5ref,1,338381.0636499978
0.9664094797214132,0.935656138723308,False,0.07336388967537331,0.023676658163265307,False,0.16906489158163265,1.0,1,c7ccf0d3-c18a-4b89-acdd-9a106d6d882f,p5ref,1,338381.0636499978
0.8960826240882043,0.6696175880271863,True,0.4682876781961236,0.2796157525510204,False,0.2850366709183674,0.8076265146115467,1,c907dcd1-6011-430b-9515-009900b4a98f,p5ref,2,338381.0636499978
0.9759247271884477,0.9361950595705322,True,0.3568291109155479,0.11730707908163265,False,0.28224649234693877,0.9680598029221883,1,c993e08f-b497-4f6f-936e-0a44a834d24f,p5ref,1,338381.0636499978
0.9503083709794233,0.9492843629580939,True,0.4038284580256592,0.12934470663265307,False,0.37398357780612246,0.8298921417565486,1,ca1470f8-20fe-4e11-ad99-9c83248e7b11,p5ref,1,338381.0636499978
0.8179763483510426,0.6075841239863403,True,0.3401976216633567,0.22004544005102042,False,0.23875956632653061,0.8126981251698215,1,ca2ee113-9d1d-486c-aab0-ef51cb27c79e,p5ref,2,338381.0636499978
0.8446552450631873,0.7620017105441493,False,0.3142576354105987,0.15760522959183673,False,0.23148517219387754,0.5728376327769348,1,cb3816db-93c9-4d0a-a163-eb40363c45fe,p5ref,2,338381.0636499978
0.6454166448251578,0.6362054962319921,False,0.1924732059109302,0.07952008928571429,False,0.18640385841836735,0.9423558897243107,1,cb601b71-9d46-4db3-8b4d-061874787669,p5ref,1,338381.0636499978
0.9615522958348187,0.9577968237321128,True,0.30235988916908285,0.12974330357142858,False,0.3456433354591837,0.7797235023041474,1,cb683934-8d2d-4cda-b996-55cfc8d012f6,p5ref,1,338381.0636499978
0.9436757675966628,0.8682523703478505,True,0.1677882597588884,0.06425382653061225,False,0.36965880102040816,0.9602977667493796,1,cb85b732-7abe-42b6-843e-c6884a619361,p5ref,1,338381.0636499978
0.8033037008330097,0.6186798404986535,False,0.2042466813029952,0.1259765625,False,0.2905173788265306,0.8587248853029584,1,ccb56286-f7d5-4786-82bd-b6b3e18e2149,p5ref,2,338381.0636499978
0.7002702542484671,0.6016202514971922,False,0.20070686475299973,0.13707748724489796,False,0.29553970025510207,0.9965106135504507,1,ccfe0d0f-f75e-48ef-b754-4c2030a94c7b,p5ref,2,338381.0636499978
0.757152371260147,0.648103481971831,False,0.4214603704264866,0.30032286352040816,False,0.3661511479591837,0.8982016059459819,1,cd1d42a0-e085-4f64-baaf-1da212416e8d,p5ref,2,338381.0636499978
0.6490583038677937,0.5078286018234364,True,0.2792239545051437,0.16741071428571427,False,0.24864477040816327,0.8554761904761905,1,cd4f439d-61be-4ecb-bc27-383f9cd29569,p5ref,2,338381.0636499978
0.6437691619973052,0.5680439995756068,False,0.22085303174924795,0.14773995535714285,False,0.34950972576530615,0.961554026709834,1,cd78f228-1c12-4421-adb5-f739f0ce306e,p5ref,2,338381.0636499978
0.7342092407759749,0.9099050075045584,False,0.11223072240602609,0.07270408163265306,False,0.23385682397959184,0.6691337719298246,1,cd79b093-d3a2-49bd-8868-b463ff05f3e8,p5ref,1,338381.0636499978
0.7130577029106447,0.6961032116935889,False,0.05184866734246951,0.03647161989795918,False,0.2504783163265306,0.5885245901639344,1,ceae50d1-5854-438c-8cb1-0579e376e286,p5ref,1,338381.0636499978
0.7943297835349665,0.7286183114512838,False,0.19847191567015648,0.09091996173469388,False,0.36607142857142855,0.9162647961420429,1,ceb849b4-5618-4c3b-b34a-6ef007ae2ba0,p5ref,2,338381.0636499978
0.8785622968703193,0.6235546152233276,False,0.30863295210156305,0.1999561543367347,False,0.2581114477040816,0.7525166949068075,1,cf1ea4a8-9530-4ddf-969d-c5570838ae11,p5ref,2,338381.0636499978
0.8641578437920706,0.9056795669994616,True,0.23490435607058802,0.08155293367346939,False,0.32852359693877553,0.998533724340176,1,cf6e4dd7-5d71-4ff8-aa41-2bfdb80e2e3e,p5ref,1,338381.0636499978
0.8939662045271594,0.8209170393253462,True,0.4047195033133893,0.22899394132653061,False,0.3875358737244898,0.8629242819843342,1,cf7e865e-f0b1-4a22-8508-f0636247f895,p5ref,2,338381.0636499978
0.959269146606104,0.968805601745685,True,0.2931950116779412,0.08035714285714286,False,0.2782605229591837,0.7514880952380952,1,d080e8cd-17fa-44d5-8401-736bf2e7f213,p5ref,1,338381.0636499978
0.7307234667105544,0.6649257001593686,True,0.1841040256797113,0.10323660714285714,False,0.33557876275510207,0.9903474903474904,1,d29caa55-2027-4078-8d93-c6aaa25f7044,p5ref,2,338381.0636499978
0.5352020082325806,0.7280546918858228,False,0.08276745979928281,0.11212531887755102,False,0.21781329719387754,0.7523995734091717,1,d3fbcb3d-b39c-4c8b-a23d-ae786dc11bfe,p5ref,1,338381.0636499978
0.9555346743096746,0.9741328563142726,True,0.2559830771188602,0.05787627551020408,False,0.4607780612244898,0.9855371900826446,1,d49f6b2a-8e3b-4b04-93a7-b1e11cd9657c,p5ref,1,338381.0636499978
0.8033424735196881,0.7004843121673309,True,0.4451899191412292,0.25386639030612246,False,0.362125318877551,0.8961375412152615,1,d4a31817-cd95-46ad-b41d-9350faa087c8,p5ref,2,338381.0636499978
0.3085140399006726,0.38333877211933465,False,0.006525400749551749,0.11549346301020408,False,0.2973134566326531,0.9546160483175151,1,d50e7c06-768f-4943-8e00-392d664fe580,p5ref,1,338381.0636499978
0.8127604269722033,0.8379685799878475,False,0.22983933537482518,0.11049107142857142,False,0.42103794642857145,0.974025974025974,1,d5277276-f8f8-40e9-b8e1-791cf5d96ac0,p5ref,1,338381.0636499978
0.7900980251599858,0.7338124186277354,False,0.047493027902221936,0.025390625,False,0.3120814732142857,0.9481946624803768,1,d5d9c073-56ac-4102-abda-ef3b1f00331b,p5ref,1,338381.0636499978
0.4369626331233456,0.491417004048583,False,0.0,0.028758769132653062,False,0.25619818239795916,0.34996534996534995,1,d62307ce-2535-4c0e-b7f1-5369cb77b461,p5ref,1,338381.0636499978
0.930342486273173,0.8669644897748541,False,0.0576062474100967,0.020089285714285716,False,0.32045200892857145,1.0,1,d6406a7b-d4ce-4495-ac63-ccde4b062fa7,p5ref,1,338381.0636499978
0.4372958850424559,0.42924925205684367,False,0.0,0.023596938775510203,False,0.4499362244897959,1.0,1,d6931240-6770-4832-a4b8-4a47dd51c0ac,p5ref,1,338381.0636499978
0.8984699817793915,0.7633180184925438,False,0.1283081480019273,0.04296875,False,0.294742506377551,0.9842300556586271,1,d6fb1e39-32df-463f-9d7e-064b2b64a3bf,p5ref,1,338381.0636499978
0.9444114780381087,0.8589403363940771,False,0.06778423614469595,0.023138552295918366,False,0.35006776147959184,1.0,1,d7131b83-ef4c-4a0a-b1a2-d09c163bda48,p5ref,1,338381.0636499978
0.8977202464934849,0.8382934964800537,False,0.11095315028146796,0.03946109693877551,False,0.38205516581632654,0.9595959595959596,1,d71602f4-ca1e-4651-8eb1-86bfde77556f,p5ref,1,338381.0636499978
0.5505727129184798,0.4985255527150439,True,0.25753862825066354,0.22947225765306123,False,0.5222018494897959,0.9297377106131666,1,d7545025-6654-4cc3-83d1-99a34476c72a,p5ref,2,338381.0636499978
0.19542860599705592,0.2862741631305988,False,0.0,0.011658960459183673,False,0.34982860331632654,1.0,1,d78166b3-fbdf-4d19-bc24-d805269418f8,p5ref,1,338381.0636499978
0.9241406034945174,0.78785312520591,False,0.05131102824626357,0.02100605867346939,False,0.3051060267857143,1.0,1,d815454a-5088-407c-8822-af205bec401d,p5ref,1,338381.0636499978
0.9386516807464591,0.84120596475929,False,0.059626125600409245,0.02574936224489796,False,0.26235650510204084,1.0,1,d84d271a-8ea1-4065-90e5-9f9c94794310,p5ref,1,338381.0636499978
0.8045278133947404,0.5957144644548767,False,0.19270659073314397,0.10465162627551021,False,0.31435347576530615,0.9843839268710721,1,d9245b95-1261-4dd6-88a8-2c9a69578b0e,p5ref,2,338381.0636499978
0.9595962369646186,0.9438965030902645,False,0.08475547122189038,0.024214764030612245,False,0.2803930165816326,0.842798353909465,1,d930583e-0c91-4b5f-9a23-0f71f0349586,p5ref,1,338381.0636499978
0.7927027299239453,0.559237462998908,False,0.0830046118793104,0.04823022959183673,False,0.3349609375,1.0,1,d9728525-2c4b-4526-bbf7-873831872a20,p5ref,1,338381.0636499978
0.4755494043291635,0.4852960300932771,False,0.0010871895297462721,0.01446906887755102,False,0.33320711096938777,0.9958677685950413,1,d9c09d71-4b04-4f5c-95f1-582f7d64467a,p5ref,1,338381.0636499978
0.8729058059171326,0.8083825266568392,True,0.13812648387660492,0.08233019770408163,False,0.35995296556122447,0.9663519728879206,1,d9e15ec8-682f-43ed-b652-ce3d9e827716,p5ref,1,338381.0636499978
0.42474207070182723,0.33329081558715584,False,0.027903387715547408,0.04017857142857143,False,0.4221938775510204,1.0,1,d9fc48eb-9f51-4a78-b132-3532f4aa05f7,p5ref,1,338381.0636499978
0.9052657360589662,0.8664385621886156,False,0.22491189312414508,0.06736288265306123,False,0.28525589923469385,0.6121301775147929,1,db0018a5-7d08-4723-ac31-884bbb52910b,p5ref,1,338381.0636499978
0.9582833305457215,0.888366761409342,False,0.04916468748124485,0.013871173469387755,False,0.3342434630102041,1.0,1,db5399f8-e0cb-4208-8694-a7136f9ac574,p5ref,1,338381.0636499978
0.6278398817497818,0.4911725855295666,False,0.049685280961448766,0.03866390306122449,False,0.29749282525510207,0.9690721649484536,1,db798a1e-84b8-43ff-b4d5-990470c2579d,p5ref,2,338381.0636499978
0.9456284102288044,0.9038081249614923,True,0.20002769905095305,0.10112404336734694,False,0.3233617665816326,0.9456050453291289,1,dcc879b2-a7f1-4526-95af-e87539dc4925,p5ref,1,338381.0636499978
0.35831018798051767,0.42823639774859285,False,0.0,0.009765625,False,0.3496890943877551,1.0,1,dda53143-9bcc-4c5f-aca6-970626733e17,p5ref,1,338381.0636499978
0.8338055361562162,0.8588506986023662,False,0.15876763066550614,0.06473214285714286,False,0.27146444515306123,0.916871921182266,1,dde8d2fb-aa94-4fbf-a3eb-3a58ea13ea75,p5ref,1,338381.0636499978
0.6244890114621829,0.4727170073888678,False,0.04353282885654,0.033322704081632654,False,0.3401028380102041,1.0,1,de0753bc-4086-4b85-a0bf-ca66c5832ce3,p5ref,1,338381.0636499978
0.7486093753017418,0.5240581907562492,False,0.04198432740004967,0.025669642857142856,False,0.1646404655612245,0.8245341614906833,1,de304f9b-f407-43d5-89b9-bdb07f8308b1,p5ref,1,338381.0636499978
0.8440408420747184,0.6968950805273865,True,0.11476480689258442,0.06732302295918367,False,0.3471181441326531,1.0,1,df07876c-6dc6-480b-8b62-440dc2c1a73a,p5ref,2,338381.0636499978
0.7960147989133859,0.7781282486153211,False,0.11885118990219497,0.07344148596938775,False,0.3482142857142857,0.9609226594301221,1,df8f2c22-ada6-4e53-9609-bc70528c5999,p5ref,1,338381.0636499978
0.34354389530234175,0.16432090839317257,False,0.016393350973715613,0.04528061224489796,False,0.2672791772959184,1.0,1,e06a973d-844c-4799-923a-9ab7215fe5bc,p5ref,1,338381.0636499978
0.7732619571488214,0.6589006278934746,True,0.12173069485558577,0.05815529336734694,False,0.23644770408163265,1.0,1,e09d1d80-ae35-426e-870f-56421e61c48c,p5ref,2,338381.0636499978
0.9580760830132141,0.8876761920041233,False,0.08278987192441126,0.04225127551020408,False,0.3399234693877551,1.0,1,e0e6d81f-d19c-4e66-99a5-ebc202d727ce,p5ref,1,338381.0636499978
0.767126417959425,0.5545893951508551,False,0.045385643651920146,0.025390625,False,0.34927056760204084,1.0,1,e140e6e5-cdf1-47d6-b2f1-602aa8a1a69c,p5ref,1,338381.0636499978
0.762362416752925,0.6305159314575559,False,0.013678963541958796,0.007254464285714286,False,0.38928970025510207,1.0,1,e15ecf55-b05a-4f6f-bb25-d51d4a438963,p5ref,1,338381.0636499978
0.9769835968759147,0.9369701636480868,True,0.10402259533084199,0.037109375,False,0.36754623724489793,0.9983888292158969,1,e1d5a233-39ca-41dc-a289-b07c3e78cdb1,p5ref,1,338381.0636499978
0.7894717902050873,0.7158185220587481,False,0.10249077982933383,0.04603794642857143,False,0.4411073022959184,1.0,1,e1eb1f53-a6e1-461d-96bc-ca7fd48b8836,p5ref,1,338381.0636499978
0.8887306284325657,0.6837997728806261,False,0.07026481973158832,0.026785714285714284,False,0.2405731823979592,1.0,1,e1f97b99-23fc-4fb8-a960-b9e26f2920a7,p5ref,1,338381.0636499978
0.9419551482450927,0.9448344581459582,True,0.07323296045375413,0.024274553571428572,False,0.2998046875,0.6133004926108374,1,e212adf7-2a29-4069-aa94-8ea5d366d0eb,p5ref,1,338381.0636499978
0.7656436615839518,0.8700977524630542,False,0.031777425421809564,0.017857142857142856,False,0.33573820153061223,1.0,1,e21bd38d-504c-4256-9168-2f1ccc10ad94,p5ref,1,338381.0636499978
0.6749243991017623,0.5152057441919604,True,0.10924377575734479,0.07712850765306123,False,0.35501036352040816,0.9695090439276486,1,e2cb1c89-244e-407f-9798-9a9670616850,p5ref,2,338381.0636499978
0.1750015234303589,0.23451962402238646,False,0.0,0.018833705357142856,False,0.29659598214285715,1.0,1,e2efa725-693d-46a1-9abc-545ea633794c,p5ref,1,338381.0636499978
0.4818887516672951,0.34802602327227977,False,0.01488937215693552,0.02311862244897959,False,0.34925063775510207,1.0,1,e32be4a8-2f2c-436a-8a3c-e4e424fad060,p5ref,1,338381.0636499978
0.8848756509530716,0.7023209626081938,False,0.07463509422306167,0.03150908801020408,False,0.31253985969387754,1.0,1,e34cceab-c358-4257-8fcc-4ec1e7d7de36,p5ref,1,338381.0636499978
0.3743055113801916,0.21720954180431112,False,0.014005097872730722,0.0568000637755102,False,0.2744140625,0.9831578947368421,1,e380d5fb-dc74-41c9-adad-05b7b88b9137,p5ref,1,338381.0636499978
0.2684082130514332,0.254699567688347,False,0.0,0.019650829081632654,False,0.4299465880102041,1.0,1,e4f130d7-0a85-4d4d-a989-936db8cbf598,p5ref,1,338381.0636499978
0.7582045043430722,0.7550746325788987,False,0.08207646152811379,0.05678013392857143,False,0.38803411989795916,0.9922779922779923,1,e5bff349-8b02-4c62-8c64-b32344fa690c,p5ref,2,338381.0636499978
0.5811879975093865,0.5069147539475792,False,0.012275071807149257,0.011001275510204082,False,0.3030532525510204,1.0,1,e6063bd8-e46c-4430-a63c-03adc37511f7,p5ref,1,338381.0636499978
0.6593436102072397,0.4465208767487779,False,0.013758657050627822,0.02040816326530612,False,0.29356664540816324,1.0,1,e6237a2c-514c-477b-8e79-727ebb9436a3,p5ref,1,338381.0636499978
0.8643193368093737,0.43126552976919,False,0.039213568405629506,0.017916932397959183,False,0.15541294642857142,1.0,1,e63d1f50-43f7-4e95-aa71-0108a062eee0,p5ref,1,338381.0636499978
0.9321153590350924,0.8946951310303752,False,0.216352095815733,0.07334183673469388,False,0.42251275510204084,1.0,1,e65d66fe-2835-4e27-859b-a65065758cab,p5ref,1,338381.0636499978
0.9586220998850398,0.9012346369602663,True,0.08577059193353054,0.04225127551020408,False,0.32627152423469385,1.0,1,e70795e5-58b2-4b08-a9eb-6929c8905ea0,p5ref,1,338381.0636499978
0.8179223516491264,0.7265570064948713,False,0.08390394635806188,0.049107142857142856,False,0.33047672193877553,0.992288961038961,1,e75caca3-22a7-48dc-9b2d-d6e19db6bb29,p5ref,2,338381.0636499978
0.9030845022604211,0.9142386757597601,False,0.060025345346680026,0.031568877551020405,False,0.35413345025510207,1.0,1,e813b239-43c9-426d-b768-4a88d5e2c2e4,p5ref,1,338381.0636499978
0.5744070646206881,0.36689183876150805,False,0.06744945524131639,0.05349170918367347,False,0.2351124043367347,0.8651266766020864,1,e836c27c-e180-4c15-a929-bc98fab4df67,p5ref,2,338381.0636499978
0.49534303818877096,0.4691449185916652,False,0.026404289991612356,0.03802614795918367,False,0.4602598852040816,1.0,1,e84da550-d09e-46cd-94c1-617b6d7aa461,p5ref,1,338381.0636499978
0.31839923792537345,0.32226031828179585,False,0.0,0.0166812818877551,False,0.32093032525510207,0.7706093189964157,1,e95fd267-cade-4b0d-ba4d-77d2765817a1,p5ref,1,338381.0636499978
0.9075082474087544,0.8713737471519294,True,0.14372818887975794,0.05739795918367347,False,0.42283163265306123,1.0,1,e97da81f-c608-49cd-acf5-4ec961861bbd,p5ref,1,338381.0636499978
0.7795392055098845,0.5748039957276319,False,0.28305121148863166,0.1861846301020408,False,0.37954400510204084,0.9641404410190537,1,e9e58e10-2795-4dec-a738-c9792ea8f685,p5ref,2,338381.0636499978
0.7565597445287203,0.8459905880516113,False,0.039269883564291445,0.02098612882653061,False,0.2461734693877551,0.9895536562203229,1,ea1cf22d-0ec1-4820-86ed-a2bce81fa924,p5ref,1,338381.0636499978
0.9388134283344169,0.9007452143895954,True,0.08923262628698053,0.0243343431122449,False,0.4989038584183674,1.0,1,ea2f0e9e-8cca-4037-a456-9fb1f07af5d2,p5ref,1,338381.0636499978
0.7113418635170604,0.8795862053120118,False,0.022536186195192022,0.01793686224489796,False,0.40345982142857145,1.0,1,ea4e3c77-6956-4ba1-9c73-3bc93c1f0398,p5ref,1,338381.0636499978
0.5037456758220971,0.5691110375895826,False,0.05504839435332026,0.049127072704081634,False,0.3739038584183674,1.0,1,ea97a1ff-8582-4f89-be4f-b8cfd2eb73b1,p5ref,2,338381.0636499978
0.9690247821954258,0.9356232814737317,True,0.17203098548894963,0.05741788903061224,False,0.47181919642857145,0.9600833044081916,1,eadbf3c9-f034-4b29-9a46-b90a16978a2a,p5ref,1,338381.0636499978
0.8965628073250111,0.7848543765423894,False,0.13942329507919557,0.08340640943877552,False,0.3725486288265306,0.8970131421744325,1,eb0cc4c8-4ce7-46b9-9ad2-c4bb71fcbf59,p5ref,2,338381.0636499978
0.34432958346001824,0.42628184456626894,False,0.0,0.016761001275510203,False,0.32577327806122447,1.0,1,eb17c134-0bf7-472a-96df-9253e86ceaa2,p5ref,1,338381.0636499978
0.6957310834535725,0.5587091762164434,False,0.11178283922826555,0.07525510204081633,False,0.4103156887755102,1.0,1,eb867723-c976-423b-b56d-5d802bc2f04f,p5ref,2,338381.0636499978
0.9374972152025073,0.917862072023572,False,0.13330100474739714,0.040896045918367346,False,0.46976642219387754,1.0,1,ebc7b6eb-6b18-4807-af64-55d4723479a8,p5ref,1,338381.0636499978
0.8050497681830064,0.7090277955525499,True,0.23342775123910625,0.16198979591836735,False,0.34941007653061223,0.8796751968503937,1,ec885fc7-04cc-47a5-b971-11ef284c229f,p5ref,3,338381.0636499978
0.8925263028803118,0.8446529541233605,False,0.03684634883017391,0.016063456632653062,False,0.34867267219387754,1.0,1,ec8965a5-1774-4644-8e58-dd62eacc160e,p5ref,1,338381.0636499978
0.9401250795194304,0.8954780993688718,False,0.12138859497992824,0.04603794642857143,False,0.5339405293367347,1.0,1,ecfe8040-c2e5-45d0-9ee7-d1a6963270ca,p5ref,1,338381.0636499978
0.7782704999475171,0.6864266960862767,False,0.10153012495238815,0.07174744897959184,False,0.3446069834183674,0.9352777777777778,1,ed38283d-165f-481b-bbb3-5532450b82c1,p5ref,2,338381.0636499978
0.9516306049601013,0.9055273844746582,False,0.0645165720999724,0.02100605867346939,False,0.40367904974489793,1.0,1,edf1fe7e-46a9-47be-8f65-132b2f8dd56a,p5ref,1,338381.0636499978
0.9296041806159707,0.9279811916728753,False,0.07198912904095904,0.02236128826530612,False,0.33793048469387754,1.0,1,edfb87ef-944e-42df-a5f1-49b415d1741a,p5ref,1,338381.0636499978
0.9729071232849887,0.9162219266660179,False,0.04637253496438349,0.017338966836734693,False,0.3351203762755102,1.0,1,ee373825-44f6-45ca-8ec9-d2d1d9541450,p5ref,1,338381.0636499978
0.9432298789153095,0.8930431090250214,False,0.0402108465716832,0.020089285714285716,False,0.3443080357142857,1.0,1,ee674127-083a-4562-a4e6-3ee96bae758a,p5ref,1,338381.0636499978
0.6996682758114838,0.43692075507108113,True,0.17645968436803222,0.12675382653061223,False,0.37563775510204084,0.9352201257861635,1,ee8a4128-a907-475b-a363-9cd60d65e46e,p5ref,2,338381.0636499978
0.81873418631072,0.5773724058733717,False,0.03963339629415615,0.021524234693877552,False,0.29316804846938777,0.9842592592592593,1,efa863b3-24a7-4688-9015-e656c933d04c,p5ref,1,338381.0636499978
0.9296604013336538,0.96797483966133,True,0.10286383345298292,0.03685028698979592,False,0.4200813137755102,0.9497025419145484,1,efc9c6a8-8568-426f-9fc6-2a6106bbb98c,p5ref,1,338381.0636499978
0.6663630823008966,0.5552089424677252,False,0.09711022496396342,0.06421396683673469,False,0.25839046556122447,0.8876474239602731,1,f1ba6a94-27b8-4537-8a11-6c4dbc3fe428,p5ref,3,338381.0636499978
0.45910543130990417,0.4855072463768116,False,0.0,0.06429368622448979,False,0.3198142538265306,0.7820830750154991,1,f1c0e838-08dd-4ec4-84a7-cedf9b87f592,p5ref,2,338381.0636499978
0.6266271988534139,0.6571412487248112,False,0.011247882362143927,0.0272640306122449,False,0.39319595025510207,1.0,1,f23907b3-9638-4986-b471-b4f2873f6504,p5ref,1,338381.0636499978
0.9900061512585078,0.9632034848343527,True,0.2078038557505814,0.06008848852040816,False,0.24475845025510204,0.9990049751243781,1,f26ede75-cee6-4248-9219-017f327b25ca,p5ref,1,338381.0636499978
0.5366099220399004,0.4005917311811295,False,0.12130139454060132,0.09711814413265306,False,0.3243781887755102,0.9517750872152678,1,f3236920-9024-4ee1-bbac-a89b68cfb44b,p5ref,2,338381.0636499978
0.32090556517953533,0.12554985972462596,False,0.010166025780751218,0.042689732142857144,False,0.2971938775510204,1.0,1,f336113a-6002-41da-8451-997d62e36a34,p5ref,1,338381.0636499978
0.4387600898060017,0.39124282938876914,False,0.0005766775035514558,0.02806122448979592,False,0.22897401147959184,1.0,1,f34899e1-3927-4191-b50c-bec95808139c,p5ref,1,338381.0636499978
0.6714307018833959,0.5513477140258993,False,0.06390479789555381,0.042689732142857144,False,0.42930883290816324,1.0,1,f3a72d62-fce7-4654-92a1-9cf26353d156,p5ref,1,338381.0636499978
0.9623528648899186,0.8410942762848175,False,0.06625071002852038,0.019650829081632654,False,0.15180564413265307,1.0,1,f3b1b61e-693d-4fee-b67b-fa4f09554391,p5ref,1,338381.0636499978
0.9512352011510803,0.8918472482572785,False,0.15540437783314331,0.034279336734693876,False,0.350765306122449,1.0,1,f3bea900-7094-44d2-bb12-fdec80766f9d,p5ref,1,338381.0636499978
0.9762302229111568,0.915024230267049,False,0.18818401150830918,0.05592315051020408,False,0.29013871173469385,1.0,1,f42223b1-1a5b-45c2-a1d2-25c6df776484,p5ref,1,338381.0636499978
0.5896530311520061,0.5595904467878843,False,0.11077697127283874,0.08663504464285714,False,0.4038584183673469,0.9790660225442834,1,f50616b4-c6ab-44bc-8a70-28464c77c397,p5ref,2,338381.0636499978
0.7040116890989092,0.5783562367864693,False,0.0454327740423858,0.034279336734693876,False,0.38877152423469385,1.0,1,f57af871-f713-436b-85b3-58e686c685f2,p5ref,1,338381.0636499978
0.6584792668723606,0.5124709438881194,False,0.05849487778508679,0.05231584821428571,False,0.358219068877551,0.9855238095238095,1,f5848669-b012-4685-9bc2-3c76680f7289,p5ref,1,338381.0636499978
0.9629206187230442,0.952134479462205,True,0.12426468212125473,0.03786670918367347,False,0.5843032525510204,1.0,1,f5ec1010-b315-453d-a163-2cc716ab182f,p5ref,1,338381.0636499978
0.8381302481854668,0.6397851319827123,False,0.19041330673042575,0.11818399234693877,False,0.39022640306122447,0.9521079258010118,1,f6669e27-825f-4fb9-b86a-ba61b9538342,p5ref,2,338381.0636499978
0.5728598325858376,0.5023203731934575,True,0.16886148847363983,0.11487563775510204,False,0.2990872130102041,0.9862942401110341,1,f67d2434-0c18-441e-9ed4-66af65f511f7,p5ref,2,338381.0636499978
0.7483469759630896,0.5671703700592263,True,0.20083112668628253,0.13962850765306123,False,0.34371014030612246,0.9708821010562375,1,f733b1be-95cb-427f-b799-8810dab0ed0c,p5ref,2,338381.0636499978
0.7127387968329171,0.6404681737040114,False,0.16143194145357953,0.09827407525510204,False,0.31212133290816324,0.9789089434191848,1,f736efcc-ac9e-4f00-9e27-03add80f6f63,p5ref,2,338381.0636499978
0.8084201541568327,0.510729956809618,False,0.15483156189633543,0.08229033801020408,False,0.23816167091836735,0.9634294017922015,1,f77b0afe-0085-4ee0-afad-a1e9fda8fe65,p5ref,2,338381.0636499978
0.47988489797505096,0.5303508810266905,False,0.022881487788334497,0.034279336734693876,False,0.3948501275510204,1.0,1,f78a62d0-f9aa-4828-ad8c-ec4917f52d48,p5ref,1,338381.0636499978
0.7403685774547252,0.5892359691135184,False,0.23631880598971852,0.15411750637755103,False,0.3849250637755102,0.9997413681624208,1,f79fc759-fde0-4e2e-8951-26ac8af5ef89,p5ref,2,338381.0636499978
0.8734078915293464,0.8600951724095662,True,0.3545826543104338,0.23547114158163265,False,0.4690489477040816,0.9672450275074058,1,f7a42b73-f909-4e1f-89dd-c776f45cdc40,p5ref,2,338381.0636499978
0.9047825341785566,0.7869917088010969,False,0.12735198991897145,0.060267857142857144,False,0.35927535076530615,1.0,1,f7d0e9c2-68d8-4742-9ce6-1ac3d250cb35,p5ref,1,338381.0636499978
0.41843288281016755,0.46551086551340515,False,0.003678162113042247,0.01865433673469388,False,0.3129384566326531,1.0,1,f8153745-24f3-43d5-8684-209b59fcddfe,p5ref,1,338381.0636499978
0.7589087891064688,0.8962856735028795,False,0.06635281286602916,0.030253507653061226,False,0.3405213647959184,0.14031620553359683,1,f87332a3-9e9b-4405-bcb2-d52652adbaba,p5ref,1,338381.0636499978
0.8992826397919594,0.6324756676146369,False,0.1306682196053423,0.08258928571428571,False,0.2705078125,0.9958976833976834,1,f88e605a-a637-4df6-a153-5c51bb304a73,p5ref,2,338381.0636499978
0.8461703478629722,0.6409946835637522,False,0.12174089440380845,0.057716836734693876,False,0.20284598214285715,0.9958563535911602,1,f957afbf-fa78-47a0-942c-17b2f5262fc9,p5ref,2,338381.0636499978
0.7153314819723646,0.5002093281891251,True,0.21966303949722685,0.16091358418367346,False,0.32631138392857145,0.9077285112707456,1,f961ffa3-2df5-48ce-854a-1440df7f7a6e,p5ref,2,338381.0636499978
0.6953344868801548,0.46256555881395944,False,0.13657981818504472,0.09422831632653061,False,0.3017578125,0.9602368866328257,1,f966c01e-ee55-4544-a700-032f9d538a2b,p5ref,2,338381.0636499978
0.9652641902847666,0.9340071889248754,True,0.1375324097638705,0.04352678571428571,False,0.47995057397959184,1.0,1,f9a571b8-65a5-463c-8ee7-db2f3728f5d2,p5ref,1,338381.0636499978
0.8535517128983798,0.6444409174374787,False,0.10034851444886271,0.048708545918367346,False,0.3219666772959184,1.0,1,f9bf7579-e589-4953-bd68-d92f44f0aa95,p5ref,1,338381.0636499978
0.8013748583755902,0.4818774028581509,False,0.22554367926984734,0.15140704719387754,False,0.3331672512755102,0.9998683690930631,1,f9c26b15-b775-437a-8a40-0850794f23bb,p5ref,2,338381.0636499978
0.6737216721733358,0.6552645541579056,False,0.214412667193223,0.13117825255102042,False,0.33400430484693877,0.9931631722880584,1,fa2492de-0260-45e3-9491-a0eaed9658a0,p5ref,2,338381.0636499978
0.8826195779115115,0.7755167318648253,True,0.2596941439141782,0.16059470663265307,False,0.3243383290816326,0.9332340531149168,1,fb06bc98-4c80-4b67-94d2-b9e20e168f3c,p5ref,2,338381.0636499978
0.9406120346203043,0.8268540300217122,False,0.09167827301886475,0.02734375,False,0.296695631377551,1.0,1,fb82c2c6-3560-400e-a6d3-1b8b473db183,p5ref,1,338381.0636499978
0.8971441621407011,0.8121389839856763,False,0.2018651629992926,0.07798549107142858,False,0.35965401785714285,1.0,1,fbb1a00f-e687-4f08-a085-94ba2a3ff0ec,p5ref,1,338381.0636499978
0.9470942844664606,0.910291443253772,False,0.12579695073679856,0.06839923469387756,False,0.39138233418367346,1.0,1,fc0912c2-0cfc-420e-8c77-0fae34451d7e,p5ref,1,338381.0636499978
0.6761007506667279,0.5093304377751436,False,0.11466344320994004,0.0771484375,False,0.29842952806122447,0.9896667527770602,1,fc3759df-79a4-41f1-a461-a2d12f09f489,p5ref,2,338381.0636499978
0.9827614376549866,0.9935931256991793,True,0.2456010582505305,0.06576849489795919,False,0.42360889668367346,0.7266666666666667,1,fc412463-62af-401b-aa44-3caef9de2352,p5ref,1,338381.0636499978
0.9742564288160516,0.9451071996215755,True,0.1947713823335194,0.06489158163265306,False,0.43435108418367346,1.0,1,fc6f309f-f4b2-45af-bfee-c756cabdd3c1,p5ref,1,338381.0636499978
0.8896847625320363,0.7622589502332373,False,0.05962811644673334,0.020228794642857144,False,0.296695631377551,1.0,1,fc753cd9-e419-4baa-8233-008548b8aa3a,p5ref,1,338381.0636499978
0.7099477891243595,0.5634931365328575,True,0.23397168051407147,0.1517657844387755,False,0.36405851403061223,1.0,1,fc9c1884-617f-4a89-be08-0af7d6fc2cca,p5ref,2,338381.0636499978
0.8088199970624139,0.7983633985386808,False,0.0970845609549187,0.04974489795918367,False,0.43899473852040816,1.0,1,fd2af0f9-4bfa-4f2a-87c4-4ba774e2fcec,p5ref,1,338381.0636499978
0.6603213464728657,0.4374160268118038,False,0.21509169965030386,0.14496970663265307,False,0.31961495535714285,0.9881770690129228,1,fde9b6e5-382b-4fec-8406-70a279a4b696,p5ref,2,338381.0636499978
0.9411916816394988,0.889672930720442,False,0.1001615774128026,0.03431919642857143,False,0.40236367984693877,1.0,1,fdfce1ff-203e-4b23-a360-3803558a7f7a,p5ref,1,338381.0636499978
0.7214773786170239,0.6591482327377232,False,0.23010029452268793,0.11840322066326531,False,0.38034119897959184,0.9956236323851203,1,fe1289af-87c8-49c6-800c-1e87b2296df8,p5ref,2,338381.0636499978
0.7861131251419469,0.7151702382773713,True,0.23632329375671704,0.12846779336734693,False,0.3272281568877551,0.9818492088116662,1,fe7f6d2d-9ee1-4e1d-ac8c-bad8d2c4317b,p5ref,2,338381.0636499978
0.8298569545474906,0.6016550961878718,False,0.07567680137177994,0.04203204719387755,False,0.30056202168367346,0.9971550497866287,1,ff0200e1-3bac-42d1-880b-17d6a3366d2c,p5ref,2,338381.0636499978
0.7888454324219389,0.6503456829488221,False,0.07797906439210865,0.05112005739795918,False,0.4590441645408163,1.0,1,ff9d37d1-3660-4187-8f57-d31f9c91a3fd,p5ref,1,338381.0636499978
