point_auc,point_auc_lung,hit,mass,area,degenerate,lung_area,box_in_lung,fold,patientId,arm,n_boxes,fingerprint
0.8991465209679721,0.7464374252677435,False,0.0605052075049376,0.022421077806122448,False,0.36503507653061223,1.0,1,001916b8-3d30-4935-a5d1-8eaddb1646cd,p5head_em,1,495881.5442788745
0.6495864430592111,0.4325643815816714,False,0.04133121356439138,0.030213647959183673,False,0.10788026147959184,0.9722955145118733,1,00aecb01-a116-45a2-956c-08d2fa55433f,p5head_em,2,495881.5442788745
0.6983054871471771,0.6978867362437227,False,0.3057422616480552,0.20436065051020408,False,0.4049545599489796,0.9124244197386385,1,00f08de1-517e-4652-a04f-d1dc9ee48593,p5head_em,2,495881.5442788745
0.9769007649022532,0.9533161440062757,True,0.19650880872976037,0.0595703125,False,0.36826371173469385,0.9585145533623285,1,0101174b-6643-4d4e-b4ba-b6d41d0ce46a,p5head_em,1,495881.5442788745
0.9040173503450246,0.7887260303337015,True,0.29445036602545593,0.1510283801020408,False,0.30723852040816324,0.9528899445764054,1,01a6eaa6-222f-4ea8-9874-bbd89dc1a1ce,p5head_em,2,495881.5442788745
0.958653074055698,0.9483405006559157,True,0.11224626897820857,0.0333625637755102,False,0.43154097576530615,1.0,1,02e93c9a-c063-4bf2-9fa1-cb26692d58f8,p5head_em,1,495881.5442788745
0.7987669936663715,0.7217689115385107,True,0.15057128746307027,0.09008290816326531,False,0.2969347895408163,0.6986725663716814,1,031d627f-e6af-4588-8cca-6be8aa1222c7,p5head_em,3,495881.5442788745
0.4146654990454882,0.22323700199864333,True,0.06167172555234757,0.12822863520408162,False,0.418148118622449,0.8647808517252098,1,03a9498c-549d-4e7d-800b-e74797f7f625,p5head_em,3,495881.5442788745
0.46919392558153306,0.45000222657809213,True,0.1950656497325787,0.18550701530612246,False,0.4053332270408163,0.8838633433605501,1,040a0743-f663-4746-8224-f0e3bacc7ba5,p5head_em,3,495881.5442788745
0.8520773612975797,0.8139998414019058,True,0.12448743006134455,0.043247767857142856,False,0.37412308673469385,0.8608294930875576,1,0499513a-5d48-4cf9-aac8-115e2a52fe1a,p5head_em,2,495881.5442788745
0.9240474091168818,0.7754398710187759,False,0.05636174752553747,0.016741071428571428,False,0.2758888711734694,1.0,1,05083068-f4df-464a-b669-3c084ee05f1f,p5head_em,1,495881.5442788745
0.8881220616813863,0.8732697733312603,False,0.1789021881533553,0.07114955357142858,False,0.25498246173469385,0.9521008403361344,1,05b2d676-777a-4a4d-82ab-bf3f5f9b4d60,p5head_em,1,495881.5442788745
0.9760427306952826,0.9498671323917288,True,0.19926896825891566,0.05835459183673469,False,0.37832828443877553,0.9863387978142076,1,05dad446-45f7-44df-bd2f-4673d9502348,p5head_em,1,495881.5442788745
0.6371319566127747,0.297772754263045,False,0.20395996012229836,0.12627551020408162,False,0.20105229591836735,0.7829861111111112,1,06893030-14ab-456d-a22d-05070773e370,p5head_em,2,495881.5442788745
0.9735984444304582,0.9761088222629101,True,0.19042839566376504,0.05548469387755102,False,0.46494339923469385,0.805316091954023,1,068b608d-f71c-4859-b909-62c1665b507f,p5head_em,1,495881.5442788745
0.3488131743327655,0.2513448894202032,False,0.0,0.12258848852040816,False,0.25916772959183676,0.7541863111689157,1,0697baae-e475-4fa3-ad82-51b319a026cc,p5head_em,2,495881.5442788745
0.9744806702667148,0.9690500184457993,True,0.34303315228649983,0.05644132653061224,False,0.35158242984693877,1.0,1,06d3f696-82ea-4c71-b162-f18b3e0eeeac,p5head_em,1,495881.5442788745
0.5295414791693183,0.4389710187487616,True,0.5222213267011797,0.49270567602040816,False,0.456851881377551,0.7998543807135345,1,07075b45-c83b-4e9a-971e-4b6c4554a0ef,p5head_em,2,495881.5442788745
0.8185062491886341,0.5680061780105623,True,0.44671744621761833,0.31385522959183676,False,0.2981704400510204,0.8521082042164084,1,07d8eecd-8160-4f1f-8e26-d35de039cef6,p5head_em,2,495881.5442788745
0.8130732082044936,0.761618356806371,True,0.6485570023604114,0.27965561224489793,False,0.34933035714285715,0.6606328392246295,1,081a1f56-6c47-4b80-988a-3d357c977d65,p5head_em,2,495881.5442788745
0.8426253819106865,0.6743354963137648,True,0.44915737698191843,0.2588488520408163,False,0.28029336734693877,0.7791037881121035,1,082fd63e-aec4-401a-822b-eb10d98b562c,p5head_em,2,495881.5442788745
0.6589782406486011,0.6262728935577069,True,0.32450313152180243,0.19429607780612246,False,0.3115234375,0.7630526207816186,1,084aa98a-91aa-45d8-aa52-4fad8344b0bf,p5head_em,2,495881.5442788745
0.4772615631769799,0.44339507741763245,False,0.2485282534328483,0.25003985969387754,False,0.6760204081632653,0.9275466284074605,1,08ab87a3-886f-4b5a-9818-889337c63d0b,p5head_em,2,495881.5442788745
0.8439011055365168,0.6790319675833075,False,0.15026875633694886,0.07294323979591837,False,0.23369738520408162,0.7114754098360656,1,08ee8fda-45f1-4f46-a5ac-315a8d4dd196,p5head_em,1,495881.5442788745
0.9472491972628768,0.7758729834991545,True,0.12187495763762232,0.053013392857142856,False,0.15270248724489796,0.924812030075188,1,08f17660-dc61-4a5d-b6fb-10dacc1e20a2,p5head_em,2,495881.5442788745
0.8404768736355577,0.7388998158543245,True,0.3859829694143762,0.12161192602040816,False,0.23290019132653061,0.9087184529662405,1,0953df2c-f969-4fa1-a872-022475ecd5ef,p5head_em,2,495881.5442788745
0.888224708345076,0.8846672731495343,False,0.20480059509706652,0.08978396045918367,False,0.36128826530612246,0.9893451720310766,1,09875c3b-c520-4b08-89b0-a7a7299c37b2,p5head_em,1,495881.5442788745
0.9400676530377776,0.8782893605159017,True,0.24937819215897344,0.08928571428571429,False,0.35353555484693877,0.903125,1,09eed5c5-e0e9-463c-b6f7-24e2de881287,p5head_em,1,495881.5442788745
0.7667303092544204,0.8418071402927774,True,0.46105041754877263,0.2616390306122449,False,0.4285913584183674,0.672684338817794,1,0a03fbf6-3c9a-4e2e-89ce-c7629ae43a27,p5head_em,2,495881.5442788745
0.8687397540496845,0.7680049389409053,True,0.3349159931526673,0.1766980229591837,False,0.3202327806122449,0.9048048725468081,1,0a66f58c-f98d-41d1-89af-4e0136888e13,p5head_em,2,495881.5442788745
0.8391832980313442,0.8004303517065564,False,0.04564086398951288,0.019730548469387755,False,0.31253985969387754,1.0,1,0a7162ad-b2bc-4132-b15a-7fdc80957618,p5head_em,1,495881.5442788745
0.9238469028641377,0.809009136849496,True,0.1361789332130668,0.044842155612244895,False,0.28453842474489793,1.0,1,0ad9934b-bf35-497d-8082-1ecbc955d6de,p5head_em,1,495881.5442788745
0.7197163060951448,0.7176495506412653,True,0.3354573453432838,0.19108737244897958,False,0.3463807397959184,0.8700458906967042,1,0ae82435-399e-4cf1-9d78-92d1c184178d,p5head_em,2,495881.5442788745
0.5752522689909421,0.5879582923645003,False,0.41735618638927735,0.37876674107142855,False,0.35917570153061223,0.7886345698500394,1,0b7a4fb2-adab-484b-a0f7-23f5111bc745,p5head_em,2,495881.5442788745
0.8616922051570679,0.9729935650035942,True,0.2865973267958078,0.14508928571428573,False,0.24107142857142858,0.4723901098901099,1,0b8e881f-67bc-4021-a02c-0087233e43aa,p5head_em,2,495881.5442788745
0.782721645116847,0.705543631176086,True,0.2568936804588335,0.15318080357142858,False,0.3839086415816326,0.9262295081967213,1,0bbe0f92-940f-431a-b8c4-3b371ea7d9aa,p5head_em,2,495881.5442788745
0.9581767630577722,0.8853985571033501,False,0.12576006094532285,0.038743622448979595,False,0.3070790816326531,1.0,1,0bf1767e-263b-443d-935f-489fe858922b,p5head_em,1,495881.5442788745
0.9549377016725997,0.9215856195760841,True,0.25995662146922616,0.07108976403061225,False,0.3185985331632653,0.951780207457247,1,0c15e437-7eea-4ed1-b1d8-124f79cc1893,p5head_em,1,495881.5442788745
0.6949176643673572,0.5508001914231798,True,0.40360976323928177,0.268734056122449,False,0.3250757334183674,0.7120290714921388,1,0c5dc7d1-7022-4e46-bc02-ff9999912edd,p5head_em,2,495881.5442788745
0.9895546848145038,0.9862855695022882,True,0.2244932648200787,0.0673828125,False,0.4351084183673469,1.0,1,0c8b3735-25e3-4628-bb53-8c24e10eec56,p5head_em,1,495881.5442788745
0.8751310194227463,0.6109629388171423,True,0.4334773175043446,0.26614317602040816,False,0.2135283801020408,0.7003145125056163,1,0cb05380-5ae8-46de-8585-41b5323d7c65,p5head_em,2,495881.5442788745
0.9791679585077315,0.9939156677644462,True,0.3332703158728515,0.09054129464285714,False,0.34080038265306123,0.32093330398415143,1,0cbf3284-5b78-4e23-bffd-e546f7e76da9,p5head_em,1,495881.5442788745
0.44634923296169,0.45514933058702367,False,0.0,0.04902742346938776,False,0.432437818877551,0.9260162601626016,1,0d2bc8b2-2340-4deb-b29c-ae4da8fa5764,p5head_em,2,495881.5442788745
0.9350383472559677,0.862999722817489,False,0.05235248469170634,0.02072704081632653,False,0.3705556441326531,1.0,1,0d4cb628-fdfd-4a4f-838d-9054ed99cc9e,p5head_em,1,495881.5442788745
0.8008039671996273,0.6091964069317809,False,0.22487474023462628,0.10194116709183673,False,0.3557079081632653,1.0,1,0d5bc737-03de-4bb8-98a1-45b7180c3e0f,p5head_em,4,495881.5442788745
0.5433709512853288,0.5670374966533911,True,0.254482320134154,0.18751992984693877,False,0.3218470982142857,0.8508874481879052,1,0e302d0d-b8c2-4d92-a735-12e843ff89df,p5head_em,2,495881.5442788745
0.8462744812999914,0.6535059212357774,True,0.32466686181119725,0.1258171237244898,False,0.2412707270408163,0.9201647394265801,1,0e533087-5959-46e5-9fa5-95761a7d472f,p5head_em,2,495881.5442788745
0.8899409421348294,0.781082528004075,False,0.17457270044598872,0.06295838647959184,False,0.4181281887755102,1.0,1,0ec6b85a-de25-4870-a100-0d7ca6c798bf,p5head_em,1,495881.5442788745
0.9114212877348815,0.83803498432783,False,0.06102009340650895,0.019670758928571428,False,0.38173628826530615,1.0,1,0ecd1c28-bf25-4d32-979c-448356e0edb4,p5head_em,1,495881.5442788745
0.9170761390340663,0.8477277854986414,True,0.07812310020680226,0.028838488520408163,False,0.3230827487244898,0.9972356599861782,1,0edfe5b2-0ff9-42dc-9412-ac0c7ec5d87f,p5head_em,2,495881.5442788745
0.880436024373754,0.8146520336586155,False,0.05248269701059641,0.03182796556122449,False,0.3723891900510204,1.0,1,0f15c248-4f8c-4d9e-b39b-6e7d59b973c5,p5head_em,2,495881.5442788745
0.7070795967091326,0.62367198105868,False,0.25459868447446854,0.09115911989795919,False,0.5463966836734694,1.0,1,0f1ca6cb-02e3-43ed-87ce-9619095fa14b,p5head_em,3,495881.5442788745
0.7541414520985391,0.8051017315480957,True,0.3033066443148713,0.15569196428571427,False,0.32724808673469385,0.8741679467485919,1,0f639fad-780e-44f8-ba8d-0c934bdca870,p5head_em,2,495881.5442788745
0.9717563121246415,0.9403177249451334,True,0.16935679968825568,0.035255899234693876,False,0.375179368622449,0.9994347088750707,1,0f831256-0a69-4fe5-9719-1563d2b6b7b9,p5head_em,1,495881.5442788745
0.9444801669450676,0.893210513527063,True,0.19419930144111144,0.0752750318877551,False,0.48335857780612246,1.0,1,0fc4edec-08ea-4cd4-bf21-a6319ef0b44d,p5head_em,2,495881.5442788745
0.5830612488004655,0.5835097801976205,True,0.2052432430874032,0.13871173469387754,False,0.3322704081632653,0.8120689655172414,1,10866808-61ec-41fa-aefd-89eedfbaec04,p5head_em,2,495881.5442788745
0.3365129244804866,0.4781964175416924,False,0.0,0.01696029974489796,False,0.33962452168367346,1.0,1,108eeb60-7701-4796-86a8-1447fd8a0ff7,p5head_em,1,495881.5442788745
0.615232162716772,0.6244010471347298,False,0.16502551683661082,0.07270408163265306,False,0.3098692602040816,0.7820723684210527,1,11a2e0cb-ee1f-4d53-a211-b8faff6bf888,p5head_em,2,495881.5442788745
0.7051836194711014,0.721027415654537,True,0.25334581969677666,0.12790975765306123,False,0.3471580038265306,0.8586787161109379,1,11ff35a5-51dc-41d7-afe1-588ff59cbc4b,p5head_em,2,495881.5442788745
0.3808764092746224,0.4060177632771434,False,0.0,0.2504783163265306,False,0.3219467474489796,0.8463558243157224,1,120fd100-b447-4ec9-b4fe-3cdd3f0496e9,p5head_em,2,495881.5442788745
0.3205916665005259,0.3862988197063627,False,0.00855594730488029,0.07075095663265306,False,0.439453125,0.5735211267605633,1,131cd368-4db7-4883-9408-47da2b59650a,p5head_em,1,495881.5442788745
0.4757215357568878,0.5404000707454992,False,0.011130357589513723,0.10190130739795919,False,0.3086734693877551,0.6149031879522785,1,133a1f56-1ab0-4df7-8e1b-4a6293934f3a,p5head_em,3,495881.5442788745
0.8583660706314923,0.7766881231377263,True,0.4940871801166122,0.2025470344387755,False,0.24192841198979592,0.7561743579651677,1,1352a7f3-1f0d-4f1f-af05-daa5d7f8624a,p5head_em,2,495881.5442788745
0.876290201304539,0.7371719313884344,True,0.16218562547818566,0.08545918367346939,False,0.2712452168367347,1.0,1,13acd418-a94d-4b36-900d-c13b9bd048c9,p5head_em,2,495881.5442788745
0.7333520714575341,0.6647102094176924,True,0.20857391997925517,0.11694834183673469,False,0.285335618622449,0.8531015678254942,1,13e0c332-c269-40a3-9026-02a0f11a4dbd,p5head_em,3,495881.5442788745
0.788441706775867,0.8164255816188734,True,0.19483597029290248,0.11844308035714286,False,0.2626355229591837,0.8095238095238095,1,13ef2d8e-3b2e-4fbb-9f70-69139dd74401,p5head_em,2,495881.5442788745
0.9159159592715832,0.8353996483036796,True,0.16261932629778203,0.04771205357142857,False,0.3501674107142857,1.0,1,14a42065-b678-4720-805e-7540d232df8c,p5head_em,1,495881.5442788745
0.9186075931899275,0.8566741880726435,True,0.1509507363357811,0.0637954400510204,False,0.23407605229591838,0.8616057482036863,1,14a7fbc6-6661-4382-882f-b2aa317cadc0,p5head_em,2,495881.5442788745
0.8625503761793395,0.6606328854614246,True,0.13580132804854,0.07049186862244898,False,0.3052256058673469,1.0,1,14f630ba-5e88-4944-9040-9861c91dc362,p5head_em,2,495881.5442788745
0.5829885534774881,0.6143894809032955,False,0.10212172653722072,0.05444834183673469,False,0.3337452168367347,0.9461932650073206,1,1505f53a-4da5-416e-a279-66849672051c,p5head_em,2,495881.5442788745
0.9934046913414611,0.9958322965911919,True,0.22747150533131294,0.03443877551020408,False,0.43492904974489793,1.0,1,152f5cd9-cc37-4312-befb-1b036cb68c82,p5head_em,1,495881.5442788745
0.74439251834578,0.784549981349725,False,0.06223978560353537,0.03886320153061224,False,0.35899633290816324,0.9620512820512821,1,1555c17d-994a-4400-b62b-4b53fc727da3,p5head_em,1,495881.5442788745
0.5544573453928909,0.4645792199562466,False,0.07638685409058232,0.07405931122448979,False,0.2899593431122449,0.9782023681377826,1,156634a8-5ca7-4822-92cd-677aedc2247a,p5head_em,2,495881.5442788745
0.9446201117044271,0.927429761259066,True,0.1644976532625924,0.06361607142857142,False,0.4774792729591837,1.0,1,156a563f-4580-41d9-b930-2c6859478b50,p5head_em,1,495881.5442788745
0.8768396675395194,0.73002698107841,False,0.08651640873415353,0.039540816326530615,False,0.37519929846938777,1.0,1,15884ec8-c8d3-471b-a234-059591200be1,p5head_em,2,495881.5442788745
0.5343866772077408,0.6016532189425428,False,0.018218977555375493,0.02716438137755102,False,0.4499561543367347,1.0,1,158cf8f2-8066-42f9-aad0-f52e1bc8de07,p5head_em,1,495881.5442788745
0.6916100664720021,0.648176639298337,True,0.14928575725699042,0.09369021045918367,False,0.2553212691326531,0.7604764943629015,1,1617a0bd-1dcf-45a5-8f0c-e0fcbadd48ce,p5head_em,2,495881.5442788745
0.8760451920354294,0.6158880335245783,False,0.2714566024264548,0.12918526785714285,False,0.19648836096938777,0.9006479481641468,1,1623088d-9f8c-4910-b681-c81fef043fa3,p5head_em,2,495881.5442788745
0.9093224011923134,0.8574012989256096,True,0.4621736729523677,0.2676977040816326,False,0.32021285076530615,0.9071620011911852,1,1631378d-7d0d-400e-ad6c-1a57c74377e2,p5head_em,2,495881.5442788745
0.7965242429098955,0.7127057718868302,True,0.3531087343352721,0.18680245535714285,False,0.21145567602040816,0.7509868772004694,1,166479fb-b1f7-494c-b894-2ddf6d21131a,p5head_em,2,495881.5442788745
0.41544527476157056,0.45494736842105266,False,0.0,0.03455835459183673,False,0.26620296556122447,0.8546712802768166,1,1677d8e0-7c1c-4052-923b-4fc0061c2ebd,p5head_em,1,495881.5442788745
0.9513814364914234,0.994559267248056,True,0.5397459955242259,0.16661352040816327,False,0.42225366709183676,0.4962918660287081,1,17398977-1b0f-4de4-9038-9c8cb7406c82,p5head_em,1,495881.5442788745
0.7039042773505466,0.5462508484123638,False,0.38541653842647383,0.3079161352040816,False,0.3112643494897959,0.7737216828478964,1,179c5fc6-32a7-4144-91e9-58c2371616d7,p5head_em,2,495881.5442788745
0.9657288184532753,0.9445557223452805,True,0.46768944022443754,0.1326530612244898,False,0.32069116709183676,0.8490084134615384,1,17c3519c-2700-4357-87d4-94f0fb4f7bbe,p5head_em,1,495881.5442788745
0.8143491161196253,0.8510705801879741,False,0.22884298025145636,0.14158163265306123,False,0.3573022959183674,0.9059684684684685,1,17f0a95f-5460-4c36-951b-6f9c8834b951,p5head_em,2,495881.5442788745
0.957616859355388,0.9506666207759344,True,0.3083721412325474,0.09080038265306123,False,0.40330038265306123,0.9062774363476734,1,18858e0d-b651-4ea1-91c9-62268b06d1a6,p5head_em,1,495881.5442788745
0.7751115624401494,0.5457786170574277,True,0.6223965667245658,0.42982700892857145,False,0.4197624362244898,0.7982102285899755,1,18dea804-4283-4c5c-94ea-47c42bbb619e,p5head_em,2,495881.5442788745
0.8663698242969062,0.8696297801176566,True,0.36358544313881713,0.08928571428571429,False,0.3632015306122449,0.9828125,1,19233158-5ea5-4183-9774-532a0fdb6b63,p5head_em,1,495881.5442788745
0.5988266615641455,0.5868571494573511,False,0.04900984413230586,0.049505739795918366,False,0.3716318558673469,0.7966988727858293,1,19370915-6723-41fe-be09-29defbd9b7c1,p5head_em,1,495881.5442788745
0.5950819873078598,0.6803076089302975,False,0.08692724181269369,0.1470623405612245,False,0.3879544005102041,0.8521479875321859,1,19c705ea-6af7-48f2-a2e7-f500ef840280,p5head_em,2,495881.5442788745
0.7507116024713191,0.7791683022768549,False,0.24272894924839686,0.12775031887755103,False,0.3393056441326531,0.9932917316692668,1,1a062886-29be-4120-92f3-5c1c8a951959,p5head_em,2,495881.5442788745
0.918860476442514,0.7946332480818414,False,0.0656596234688236,0.01558514030612245,False,0.37681361607142855,1.0,1,1ab17a65-3c93-467b-9c36-6a27d67f0cbc,p5head_em,1,495881.5442788745
0.9004974395241732,0.9325335712459999,True,0.08239690661890099,0.023138552295918366,False,0.3586973852040816,0.5624461670973299,1,1b26e086-834d-49ec-b0fc-d2fafccb4aa6,p5head_em,1,495881.5442788745
0.9762247757891225,0.98796243891916,False,0.1328202668333134,0.016581632653061226,False,0.4909518494897959,1.0,1,1b4ccf65-5872-4694-b441-599471b7794a,p5head_em,1,495881.5442788745
0.32085556073913307,0.2573018473532569,False,0.0,0.017438616071428572,False,0.37021683673469385,1.0,1,1c6b087d-a573-450b-9a4c-f5a5de9a8004,p5head_em,1,495881.5442788745
0.6327406321043142,0.9578293060747519,False,0.13582813379784275,0.07924107142857142,False,0.3859016262755102,0.36217303822937624,1,1c807df9-7cf0-4f02-bb16-7ad88384ef2e,p5head_em,3,495881.5442788745
0.7829087171696258,0.7509374352876562,True,0.13830941571777033,0.07728794642857142,False,0.37593670280612246,0.7506446621970088,1,1caa4dac-4bac-419b-91d4-cac2d8408ccd,p5head_em,2,495881.5442788745
0.9606012038582882,,True,0.09992591850183367,0.03178810586734694,False,0.37368463010204084,0.0,1,1cf02f00-7c14-467a-9283-1f6bacf783a3,p5head_em,1,495881.5442788745
0.7020413837434836,0.7747754100895579,True,0.12482862930284055,0.06570870535714286,False,0.3303372130102041,0.7597816196542311,1,1d1badbd-7789-4923-a387-7ee4e3b18cc7,p5head_em,2,495881.5442788745
0.6117922091784318,0.6970609591766915,False,0.0012335264148255125,0.004185267857142857,False,0.41196986607142855,1.0,1,1d247b6c-0687-40bf-839e-fd30e01c585d,p5head_em,1,495881.5442788745
0.928146084093673,0.8165156364698227,False,0.04767794104007659,0.017418686224489797,False,0.28854432397959184,1.0,1,1d7876e7-2229-41a4-b6f5-0ead284ed611,p5head_em,1,495881.5442788745
0.36923831317423994,0.4708538587848933,False,0.0,0.024553571428571428,False,0.34012276785714285,1.0,1,1d9ec3ad-0120-428b-9778-3805f9348092,p5head_em,1,495881.5442788745
0.875900526553968,0.8421694674262761,False,0.10400835381729304,0.03665098852040816,False,0.23977598852040816,0.8994018488308864,1,1dbc0249-4761-4b19-9872-de59673942da,p5head_em,2,495881.5442788745
0.8629772882679141,0.6696641811524318,True,0.13929786048232184,0.07475685586734694,False,0.26779735331632654,0.9189549453479072,1,1dfee324-e504-49da-bfb8-5f3e5c2eda88,p5head_em,2,495881.5442788745
0.7883081042379879,0.7609572301812986,False,0.13927811869829823,0.0819515306122449,False,0.30929129464285715,0.9455252918287937,1,1e57ff83-f0cb-4f2a-b8c5-f916ccd0e2c0,p5head_em,2,495881.5442788745
0.3910108259335847,0.3451563490386647,False,0.0,0.016940369897959183,False,0.39425223214285715,1.0,1,1f89239e-8271-4c33-abbc-7c018723b4c4,p5head_em,1,495881.5442788745
0.4141707644166294,0.3629479908290093,False,0.0,0.01917251275510204,False,0.34829400510204084,0.9376299376299376,1,1fd15b31-7b21-483d-bbef-e9893d6a051b,p5head_em,1,495881.5442788745
0.8376318983388131,0.8255345732083724,True,0.22975964771020257,0.11716757015306123,False,0.30813536352040816,0.5735669331518966,1,20199da8-1cc3-429a-90d5-95242e065fe4,p5head_em,2,495881.5442788745
0.9940637384412153,0.9969743582346035,True,0.32808082213597917,0.09478635204081633,False,0.29414461096938777,0.735071488645921,1,201fe232-cebb-4e8d-ab9a-f41f03bd676a,p5head_em,1,495881.5442788745
0.8328418276915793,0.8218806052884066,True,0.26307473585080876,0.16557716836734693,False,0.36971859056122447,0.8346172363986519,1,2050fb88-70cb-40db-810d-038337613147,p5head_em,2,495881.5442788745
0.65094671589644,0.5696913225231135,True,0.28411855713030454,0.13765545280612246,False,0.2913145727040816,0.9066164760388012,1,20ed5a77-bb84-4c95-b126-714bd59cdfbf,p5head_em,2,495881.5442788745
0.48749258816108065,0.3766572468380442,False,0.27769083266263006,0.2595065369897959,False,0.3630221619897959,0.8560786421933799,1,216ef465-167c-495f-b1ad-8218b65338ea,p5head_em,2,495881.5442788745
0.9014438043821813,0.9004049824520352,True,0.1766382429324607,0.07728794642857142,False,0.2817482461734694,0.5036101083032491,1,21909788-6009-48a7-80c2-8ee149b18251,p5head_em,2,495881.5442788745
0.6508002888494228,0.44868239293073064,True,0.27016308395034583,0.20651307397959184,False,0.2587292729591837,0.7406871260374445,1,21afc084-1c98-42f5-b767-edb5cb8f2884,p5head_em,2,495881.5442788745
0.45968927146756244,0.49930529240874066,False,0.0,0.05074139030612245,False,0.36178651147959184,0.910840534171249,1,21eca20b-515e-4f51-95e3-c5721e1fd6a1,p5head_em,1,495881.5442788745
0.9029162564395785,0.895245095669201,False,0.10373298142262138,0.029017857142857144,False,0.5001195790816326,1.0,1,2230de59-e044-4b6d-95c0-1154c0cbb802,p5head_em,1,495881.5442788745
0.930677339321417,0.831100299774028,True,0.32779685698668826,0.15373883928571427,False,0.21504304846938777,0.7568058076225045,1,2278d9f3-e7bf-4e36-a194-aaf5bdb20762,p5head_em,2,495881.5442788745
0.6204524776877952,0.6795695294481683,False,0.24957115913790134,0.12794961734693877,False,0.2974131058673469,0.7339563862928349,1,22c1b139-cb5e-41cd-83fd-7e06d6f4038e,p5head_em,2,495881.5442788745
0.8902013015667286,0.8290426349351739,True,0.09204372519521527,0.050701530612244895,False,0.3173230229591837,0.9068396226415094,1,22ce653c-e7f4-45d5-9c5e-4abdc753b1b0,p5head_em,2,495881.5442788745
0.8311728097850403,0.706778846238349,False,0.15768911011445055,0.08533960459183673,False,0.29976482780612246,0.8010275572162541,1,22e76fb4-c74e-4cc3-820a-832a4467dac6,p5head_em,2,495881.5442788745
0.981085857081586,0.9573472550320817,False,0.10261835308690587,0.0274234693877551,False,0.36057079081632654,1.0,1,232f6bcd-2006-459a-9b30-b51beea28044,p5head_em,1,495881.5442788745
0.8508936587952826,0.8216493108630727,False,0.17981032367749114,0.07930086096938775,False,0.31473214285714285,0.9927117366172405,1,235bb572-948f-446f-a7d6-40803f4dbb8c,p5head_em,2,495881.5442788745
0.4525076944034328,0.4893990952330547,False,0.08325776807531277,0.0594108737244898,False,0.32971938775510207,0.8232136866823214,1,237fb342-b23b-44dd-803f-b63161c3f0cc,p5head_em,2,495881.5442788745
0.870034847441074,0.8059363749318708,False,0.08959506943406222,0.03557477678571429,False,0.4530652104591837,1.0,1,239b10e6-a859-447b-8496-eca7b6c8a356,p5head_em,1,495881.5442788745
0.7523467332209256,0.6631381133693687,False,0.0553928483912772,0.029416454081632654,False,0.23060825892857142,0.9654471544715447,1,23aa6468-59f9-4ace-b656-9fea8d64764a,p5head_em,1,495881.5442788745
0.7771643629473689,0.7118475747318914,False,0.33614455770393925,0.1973254145408163,False,0.4274952168367347,0.9985860014139986,1,23ec5265-20bb-4f80-9315-66ef0d7adef9,p5head_em,2,495881.5442788745
0.7958918189001533,0.6362954330224674,True,0.2774693998907941,0.11182637117346939,False,0.35859773596938777,1.0,1,2409fc29-8acb-4e1d-8fdd-fc333d5c4852,p5head_em,2,495881.5442788745
0.8528085651350825,0.6206503176991054,True,0.07366777003160882,0.03294403698979592,False,0.30970982142857145,1.0,1,2411eac7-f0b6-4eb8-82ec-d5f1487bdebf,p5head_em,2,495881.5442788745
0.5585787044527756,0.5228960607554219,False,0.036672660769641915,0.05096061862244898,False,0.3380500637755102,1.0,1,2415c886-456c-447a-b418-bbf877ddefd1,p5head_em,2,495881.5442788745
0.7253882159330165,0.5308984637853574,False,0.13311521908912174,0.09683912627551021,False,0.26395089285714285,0.8711669067709406,1,25465a29-78c4-44cf-984d-b3b9477f2de2,p5head_em,2,495881.5442788745
0.3684825529857362,,False,0.0,0.010762117346938776,False,0.21759406887755103,0.0,1,254d15d9-dfc5-42a2-b2d6-f208527d6396,p5head_em,1,495881.5442788745
0.9121541309072925,0.8389678558445662,True,0.2166519949926542,0.11898118622448979,False,0.2833227040816326,0.8815745393634841,1,2554df23-d5d3-4ffc-86c7-952a535998fc,p5head_em,2,495881.5442788745
0.8085717067716169,0.5837984284230425,True,0.1727598254742309,0.07595264668367346,False,0.2618781887755102,0.9630018367882446,1,25957b99-212d-48d2-aef4-ca816f211f0e,p5head_em,2,495881.5442788745
0.8819331137866715,0.8925838631884656,True,0.16732204549074148,0.060427295918367346,False,0.3897082270408163,0.9548153034300791,1,25c7d4f1-d16e-4fba-9155-8f79a396aa81,p5head_em,2,495881.5442788745
0.8440094419883079,0.973817798681136,True,0.2406074593623184,0.10702327806122448,False,0.4729551977040816,0.3994413407821229,1,26df5099-c051-41e9-929d-99b6f1684815,p5head_em,2,495881.5442788745
0.9535061926025782,0.9727439608795924,True,0.30480366954445987,0.053810586734693876,False,0.4391940369897959,0.9925925925925926,1,27bdb2cc-9665-40ea-a6b4-248a1112dbe8,p5head_em,1,495881.5442788745
0.8072230119669555,0.7358274836226639,True,0.30761592031227664,0.13903061224489796,False,0.3877750318877551,0.7588876146788991,1,27feebaa-f4dc-4c68-9348-f0ff35134e43,p5head_em,2,495881.5442788745
0.5818267411505619,0.3718828124310668,False,0.04272836446222909,0.0712890625,False,0.3942323022959184,0.9228403690243221,1,28dfbd38-b24a-4cfb-a355-34c226dd2aa2,p5head_em,1,495881.5442788745
0.6548435800142566,0.5764237602876857,False,0.14951879548307045,0.09737723214285714,False,0.3970424107142857,0.898894801473598,1,290e32e9-3632-4642-a1d4-70c975d376b7,p5head_em,2,495881.5442788745
0.7915706320831605,0.7048872431348664,False,0.024282985391430298,0.014768016581632654,False,0.3976203762755102,1.0,1,297bc9fd-b7bd-4c9b-a46d-9131a3b9ffbb,p5head_em,1,495881.5442788745
0.7140565327921787,0.710644731211287,True,0.2279037871211683,0.14060507015306123,False,0.5270448022959183,0.9990077958894401,1,2a4489f6-6f7b-46f5-a937-281206307943,p5head_em,2,495881.5442788745
0.5630687202404716,0.3369700060885769,False,0.05745446607681481,0.07184709821428571,False,0.2637515943877551,1.0,1,2af2646f-3cc0-4ef2-a9e4-0beea36f335a,p5head_em,2,495881.5442788745
0.7540004838053163,0.8595138250850488,True,0.1297629145824453,0.05660076530612245,False,0.3444674744897959,0.9295774647887324,1,2ba20b8b-50aa-477d-8f39-ded35b460696,p5head_em,1,495881.5442788745
0.7622149688663639,0.6600996453258083,True,0.3518253362452771,0.14911511479591838,False,0.35714285714285715,0.9649826249665865,1,2bbcfa00-cfcb-4761-b3e3-83687fd65d5b,p5head_em,2,495881.5442788745
0.28028191768649785,0.34778558980830476,False,0.0,0.013113839285714286,False,0.34476642219387754,1.0,1,2bd2356b-305a-4726-9a47-034da8f5f2ee,p5head_em,1,495881.5442788745
0.42314620234163913,0.5,False,0.0,0.07059151785714286,False,0.2960578762755102,0.9836250705815923,1,2bd2f688-6bed-4f0c-a385-9eed1b1027de,p5head_em,2,495881.5442788745
0.9805596970628081,0.9224361449003151,False,0.029141125941271148,0.007334183673469388,False,0.24077248086734693,1.0,1,2c8258f4-ecf5-4dba-b17a-5411cc1d569e,p5head_em,1,495881.5442788745
0.9818392654623725,0.952882712017841,False,0.16865525562119463,0.04055723852040816,False,0.3949697066326531,1.0,1,2ca09b04-a0a9-4592-be28-bb6a47dc1732,p5head_em,1,495881.5442788745
0.9691010068508762,0.9263686644350028,False,0.035466759518165934,0.00896843112244898,False,0.4217554209183674,1.0,1,2cafbcf4-4191-44a1-b81e-b3b6c75ecc7d,p5head_em,1,495881.5442788745
0.674021787588282,0.4642175887911984,False,0.07888785097295727,0.06040736607142857,False,0.32011320153061223,1.0,1,2cd0cbc4-bf35-49de-963e-8ee3fd08ca75,p5head_em,3,495881.5442788745
0.6784308074662271,0.673545457712413,True,0.10831962122928523,0.05980947066326531,False,0.3175023915816326,0.923025658113962,1,2e4b20f7-69c4-4680-9c8b-6984c195b1cf,p5head_em,3,495881.5442788745
0.7891342130189688,0.7574489861976955,False,0.14471385993988117,0.08703364158163265,False,0.2624362244897959,0.9248912296771239,1,2fa75092-e364-4326-b5b0-f1d61df464c8,p5head_em,2,495881.5442788745
0.8833183075263,0.7359875459336073,False,0.054969847567276305,0.023018973214285716,False,0.3592554209183674,1.0,1,2feb2bad-6b36-4067-87f1-54d39235e3c5,p5head_em,1,495881.5442788745
0.7881251593033789,0.5282728778992201,True,0.28144641334390674,0.12593670280612246,False,0.21924824617346939,0.920873555942396,1,3066b0e3-9a51-4628-bc5f-82dc78c9d558,p5head_em,2,495881.5442788745
0.7440745762478301,0.5943333670157053,False,0.05121366534040572,0.030074139030612245,False,0.42061941964285715,1.0,1,30d3d2f9-4342-4ab4-9032-34d894c2cfbb,p5head_em,3,495881.5442788745
0.8006565530148605,0.6924362170082611,True,0.41177422053366064,0.25669642857142855,False,0.28798628826530615,0.7869565217391304,1,30f2c879-2104-45e4-acbd-6284f7a62d35,p5head_em,2,495881.5442788745
0.9647853425780221,0.967555112233005,True,0.24769979408463672,0.07782605229591837,False,0.4573501275510204,0.9994878361075544,1,31694f91-f16d-4d5c-9dac-b5c7dd5c767d,p5head_em,1,495881.5442788745
0.3056411920470975,0.49888532297922367,False,0.03402427108638555,0.06993383290816327,False,0.2707469706632653,0.9250498717583358,1,3188960a-9044-4c39-b74d-71b289d857d2,p5head_em,2,495881.5442788745
0.6956273514816029,0.5825514957479531,False,0.13002307804664895,0.07212611607142858,False,0.3358777104591837,0.9190384084001105,1,31a5e26b-48ea-4bb2-a0bc-8b2dbd234f0e,p5head_em,2,495881.5442788745
0.5806534186810811,0.6144702199655391,False,0.21037942408175633,0.11878188775510204,False,0.28944116709183676,0.6983221476510068,1,31ba8a38-bc46-4208-9225-f4a6290d7966,p5head_em,3,495881.5442788745
0.7042935366233021,0.6739262831253197,True,0.1356973797344526,0.07366071428571429,False,0.3542330994897959,0.8273809523809523,1,31bef3ba-3580-40ab-a7af-567a5c95e4da,p5head_em,2,495881.5442788745
0.4492551801633049,0.47110528735568385,False,0.01718207100809526,0.08111447704081633,False,0.3565051020408163,0.9992628992628992,1,31d565cd-7b80-48ab-a86d-c5aaec5b4505,p5head_em,2,495881.5442788745
0.7958496223991391,0.7705773393674676,True,0.26806095142332875,0.11770567602040816,False,0.41762994260204084,0.7636302065695902,1,3218b157-1f46-4da3-863f-9b97ae22308f,p5head_em,3,495881.5442788745
0.7867185406996797,0.6448130591706428,False,0.12723201486444685,0.05717873086734694,False,0.2926498724489796,0.8804461484837922,1,3246006e-f323-43c9-a322-4979fdb85f37,p5head_em,2,495881.5442788745
0.7261020106462379,0.7179510492639083,False,0.15243569553842717,0.07083067602040816,False,0.3408203125,1.0,1,327684d0-5fb9-405d-826f-5c8954cea401,p5head_em,2,495881.5442788745
0.3682961656377305,0.34313926122991917,False,0.0,0.050900829081632654,False,0.4284518494897959,0.7642913077525451,1,327988cd-ed44-464a-88bb-a903bef4c947,p5head_em,2,495881.5442788745
0.8744087536003755,0.8139103850374214,False,0.09525246148617711,0.04474250637755102,False,0.2530891262755102,0.7340757238307349,1,327af298-ff3a-44b9-b5bf-93ab3a5abb04,p5head_em,2,495881.5442788745
0.31110097060246084,0.2418176151050196,False,0.00914164592612058,0.056162308673469385,False,0.3251953125,0.6926898509581263,1,328ca6d8-ae49-41ad-9e58-823c8049b1bb,p5head_em,2,495881.5442788745
0.6849539134875055,0.37285521215994905,False,0.04252061918596204,0.027782206632653062,False,0.30825494260204084,0.994261119081779,1,329c254a-e6bc-44cf-bc09-365d5d43f4df,p5head_em,1,495881.5442788745
0.4181236673773987,0.4796446558477896,False,0.0,0.06529017857142858,False,0.3409000318877551,0.8574481074481074,1,32aeea3d-b01e-421f-9094-d4fdd87e85ac,p5head_em,2,495881.5442788745
0.7968376251387613,0.6957930391536434,False,0.1435401874967223,0.09175701530612244,False,0.3339046556122449,1.0,1,32b35555-525c-41c4-8bbe-44ae86d3ab26,p5head_em,2,495881.5442788745
0.2656317007742263,0.11060970026698301,False,0.005202787734847687,0.031050701530612245,False,0.2591079400510204,0.45121951219512196,1,32c9f801-2eaf-433b-a87b-08ab319ba27a,p5head_em,1,495881.5442788745
0.7785928857485642,0.7018197333180647,False,0.176685502247548,0.08099489795918367,False,0.2692123724489796,0.9406988188976378,1,32e6fd38-0e31-450c-93ec-f29ea5a6ad2c,p5head_em,2,495881.5442788745
0.8943374094069048,0.9485922874383848,False,0.03877273781631826,0.015605070153061224,False,0.24481823979591838,1.0,1,3331a818-6190-4caa-8e71-1849f68d1557,p5head_em,1,495881.5442788745
0.727334656505773,0.49049785794154005,True,0.16478708660836944,0.09548389668367346,False,0.21725526147959184,0.8252974326862867,1,33382d82-31fd-4a74-950a-1820412aa6c5,p5head_em,2,495881.5442788745
0.7885500856802331,0.5968390699949649,True,0.46601218115064674,0.28232621173469385,False,0.30502630739795916,0.7993082027389524,1,33ab4fe9-ce46-41c0-9074-c7ef83765af7,p5head_em,2,495881.5442788745
0.6800511436878839,0.6737126575467424,True,0.21097639074708627,0.12195073341836735,False,0.45316485969387754,0.8319986925968296,1,33b759a7-cc42-4d7e-8f54-c1a32b389674,p5head_em,2,495881.5442788745
0.7801641649913048,0.5703183405405741,True,0.413160009685224,0.3145328443877551,False,0.45547672193877553,0.9640096312254467,1,33da8f93-c3f9-413c-bc49-2a51f34aded2,p5head_em,2,495881.5442788745
0.8244783972943266,0.8461718341658148,True,0.27635872066080663,0.0780452806122449,False,0.411930006377551,0.9757405515832482,1,33dea6c5-2f2c-4164-a489-8ae440b921f1,p5head_em,2,495881.5442788745
0.6727715813295845,0.6743508834043507,True,0.5334726319009941,0.44021045918367346,False,0.3596938775510204,0.7103857298080406,1,33e4f74e-b8f2-470b-8815-6ee3e94b8590,p5head_em,2,495881.5442788745
0.48346354313269896,0.47216809143252036,False,0.16961565354798322,0.11937978316326531,False,0.2794563137755102,0.833889816360601,1,33f0fb8e-35b4-4680-8f22-990a36899bfa,p5head_em,2,495881.5442788745
0.9557035849091268,0.8875376731177895,False,0.0921733367998557,0.028599330357142856,False,0.39612563775510207,1.0,1,3416e4ff-a8a4-4822-85ab-2e7e066457ba,p5head_em,1,495881.5442788745
0.7393730553937106,0.7101611892579965,True,0.4250611593963287,0.24856505102040816,False,0.3379703443877551,0.8766035920461834,1,3460d66e-b863-4d11-8d55-14b559ec1588,p5head_em,2,495881.5442788745
0.25065946998904265,0.2529088050314465,False,0.0,0.017817283163265307,False,0.26817602040816324,0.8232662192393736,1,347476f1-b3e1-4e7d-a029-e6da07d7e57c,p5head_em,2,495881.5442788745
0.6602403843737101,0.646971535720713,True,0.34541732933478764,0.2183514030612245,False,0.3234016262755102,0.8975903614457831,1,34e283d8-3c14-4d47-8882-fb53ec242f87,p5head_em,2,495881.5442788745
0.7881823390107019,0.844962136187444,False,0.2932901362761175,0.17151626275510204,False,0.38783482142857145,0.8117592377411108,1,34f16115-b927-44eb-9880-b413b65421fa,p5head_em,2,495881.5442788745
0.6229260975070163,0.552238464728215,False,0.16372880592684658,0.09891183035714286,False,0.3594347895408163,0.9308885754583921,1,35129138-f9bb-40cb-bce0-927b0116faf7,p5head_em,2,495881.5442788745
0.5,0.5,False,0.0,0.07794563137755102,True,0.34476642219387754,0.5548453081053439,1,3533d3a6-27af-4d2b-a232-ce489a2148d9,p5head_em,2,495881.5442788745
0.3127792143442713,0.2962043560548186,False,7.080136683073515e-07,0.04225127551020408,False,0.26534598214285715,0.8216981132075472,1,35477f5b-9747-4f99-b1ce-7c97150cccfd,p5head_em,2,495881.5442788745
0.6343431055967261,0.5850339942058147,True,0.36993135901251895,0.2342155612244898,False,0.2947624362244898,0.72285568413887,1,356b4fae-852c-40cc-b736-53b64ea38a99,p5head_em,2,495881.5442788745
0.28955810409816346,0.3672801274110777,False,0.0,0.005978954081632653,False,0.34384964923469385,1.0,1,35726244-0298-433e-9376-d1a1fe5724cf,p5head_em,1,495881.5442788745
0.6461972278052248,0.6834752971523546,False,0.04690007731402605,0.040357940051020405,False,0.3971420599489796,0.49777777777777776,1,359355a8-5981-406a-a8c3-3dcfdde9169e,p5head_em,1,495881.5442788745
0.582018313399483,0.5798597354256683,True,0.4302533371274409,0.34767617984693877,False,0.4039779974489796,0.8857552307251362,1,35d5dba1-22ee-4f68-b28f-bd16ae96ae00,p5head_em,2,495881.5442788745
0.7782621680633499,0.49084548224927915,False,0.2122297971907181,0.09925063775510204,False,0.2569156568877551,0.9819277108433735,1,35dc2301-0e1e-4d37-8926-350cd1be37ca,p5head_em,2,495881.5442788745
0.8646572682544705,0.7832661196503962,True,0.4802031103650534,0.26339285714285715,False,0.3171436543367347,0.8588075060532687,1,35f287e7-12d7-41f4-a5e9-711086bd031d,p5head_em,2,495881.5442788745
0.6773859209742814,0.3521503479561441,False,0.1829303298802779,0.12858737244897958,False,0.22221779336734693,0.5891196528208308,1,363a77dc-eb92-45ec-9872-aaf32a4bc920,p5head_em,2,495881.5442788745
0.262120232708468,0.3106238273921201,False,0.0,0.013392857142857142,False,0.26833545918367346,1.0,1,3666d8e9-60ac-4d61-a527-a87a4fbe4459,p5head_em,1,495881.5442788745
0.6622771448534891,0.7331053032635468,True,0.467468284707387,0.38709741709183676,False,0.4033801020408163,0.8361221232559337,1,366b30d6-2c8b-4985-978b-b8cde00f4377,p5head_em,2,495881.5442788745
0.7111455095793052,0.9016682909188672,False,0.06127229508290525,0.04412468112244898,False,0.23288026147959184,0.8306233062330624,1,36af11b1-75ca-473d-b29c-4bfa1802a81e,p5head_em,2,495881.5442788745
0.147246151961785,0.1117535690528578,False,0.0,0.023716517857142856,False,0.40194515306122447,0.5252100840336135,1,36cf3250-2ea6-4ef9-8143-c1bbafe83475,p5head_em,1,495881.5442788745
0.7479646919647466,0.557761762650874,True,0.4860385862082876,0.35957429846938777,False,0.3421157525510204,0.7689834829841481,1,3703a60d-cd4c-4183-865d-82825a95af81,p5head_em,2,495881.5442788745
0.5030635113510686,0.20720760635780236,False,0.014321991859981252,0.07772640306122448,False,0.32619180484693877,0.9561538461538461,1,3705e8a9-bda4-43dc-8671-5f3bb5e1ff8b,p5head_em,1,495881.5442788745
0.8112465443721812,0.7216012151183467,True,0.20415801267971165,0.08801020408163265,False,0.29575892857142855,0.9415760869565217,1,372bf07c-c79b-45ef-b643-128dbb3efdc6,p5head_em,2,495881.5442788745
0.8781373338457249,0.8117950158312978,True,0.1571090689731634,0.07190688775510204,False,0.21131616709183673,0.8813747228381374,1,3734dfbc-ce7c-478e-8160-53ea00b32c5c,p5head_em,2,495881.5442788745
0.4827454239741798,0.4579707235377447,True,0.19504858554897292,0.15816326530612246,False,0.2927295918367347,0.7854082661290323,1,3768dc07-b49f-4e4d-8233-5dda9692ca68,p5head_em,2,495881.5442788745
0.4336870026525199,0.4415970986725058,False,0.0,0.03826530612244898,False,0.3295200892857143,1.0,1,37f70057-7e01-4aae-8940-6712bfe34255,p5head_em,1,495881.5442788745
0.7190481017384349,0.6144227027823743,True,0.4499793603853362,0.3254544005102041,False,0.3202527104591837,0.7969381506429883,1,380c4bec-022e-4b0e-b96b-40be0dddfd52,p5head_em,2,495881.5442788745
0.17249695902017534,0.1694516604647897,False,0.0,0.049705038265306124,False,0.3335658482142857,1.0,1,3818b3c2-3960-4490-9615-2747147f1950,p5head_em,1,495881.5442788745
0.41838413756221976,0.43476662991547227,False,0.0,0.031050701530612245,False,0.3021962691326531,1.0,1,382db3e8-f756-48c5-8def-e0630634a680,p5head_em,1,495881.5442788745
0.607248190205844,0.7026204560540393,True,0.37303533573817094,0.21308992346938777,False,0.42508370535714285,0.7984474373363262,1,38929efc-a8ad-42b5-9fff-8ba881a7873e,p5head_em,2,495881.5442788745
0.9257671835904105,0.8689561493860182,False,0.20789150564328907,0.07748724489795919,False,0.3680843431122449,1.0,1,38b557eb-bf26-4da1-b6ec-5674cddc9ef2,p5head_em,1,495881.5442788745
0.6377381508518762,0.5601009794015094,False,0.22957552707850812,0.1838329081632653,False,0.4038584183673469,0.9098005203816132,1,391589be-c014-4862-ae43-84f42b030f30,p5head_em,2,495881.5442788745
0.7939547945630113,0.6892794819560853,True,0.34344869658069116,0.1935188137755102,False,0.3003627232142857,0.9449021627188465,1,395738ff-53d2-42e6-aa6d-a01e4a07f01f,p5head_em,2,495881.5442788745
0.5,0.5,False,0.0,0.02311862244897959,True,0.2529894770408163,1.0,1,398cd60c-17b9-44bc-8547-5cb6b6dad714,p5head_em,1,495881.5442788745
0.8301066223780467,0.6628455773466335,False,0.1683852020667132,0.07533482142857142,False,0.29593829719387754,0.9322751322751323,1,39c1395d-f5d7-4ce2-9154-04bd38bc8729,p5head_em,2,495881.5442788745
0.5350007847135798,0.4735465039030074,True,0.3252487443795278,0.21205357142857142,False,0.32760682397959184,0.8581766917293233,1,39dfdacc-9000-4dc5-94e5-252e14307c10,p5head_em,2,495881.5442788745
0.4670096577691549,0.4041875847748285,False,0.004165730099183269,0.016143176020408163,False,0.36266342474489793,0.9024691358024691,1,3a010152-9ce2-4780-bdd8-bac6fa101991,p5head_em,1,495881.5442788745
0.9135506748928057,0.9533945113262072,True,0.3362613868290012,0.1298828125,False,0.34853316326530615,0.8444069357066135,1,3a183229-e56b-4c3e-9d3c-127adec8a2f3,p5head_em,1,495881.5442788745
0.37218708782860227,0.36311814624141975,False,0.004928366689583101,0.042091836734693876,False,0.4388950892857143,1.0,1,3a364ace-4994-4be2-a3e2-cab2627c740e,p5head_em,1,495881.5442788745
0.8311510118450854,0.803944134947704,False,0.2796622602252336,0.12025669642857142,False,0.48728475765306123,0.997514086841233,1,3a37447e-4d0a-4165-a5a2-74a015de8098,p5head_em,2,495881.5442788745
0.8062620334820031,0.7734219937704343,True,0.18159830723279388,0.0703125,False,0.32914142219387754,0.8035714285714286,1,3a5ff12c-56f6-4ea0-ba4e-82e49b889222,p5head_em,2,495881.5442788745
0.7770439387961936,0.8088807204941104,False,0.160560093936674,0.09845344387755102,False,0.3824936224489796,0.8993927125506073,1,3a902c1d-e41b-43d3-8484-4c0d92a30271,p5head_em,2,495881.5442788745
0.7637989729067213,0.5352786670139105,True,0.47450859072510265,0.24051339285714285,False,0.21137595663265307,0.6823831620815379,1,3a95e2d5-ec7a-4020-a48c-7d61fdb3d0af,p5head_em,2,495881.5442788745
0.37088096804516507,0.3230518455621048,False,0.00173648215862057,0.052734375,False,0.23513233418367346,0.9164777021919879,1,3a9cc5df-5d6a-4401-bd8e-8cd1f0b27285,p5head_em,1,495881.5442788745
0.4732809932664707,0.5341058306869776,True,0.33486778232897313,0.31752232142857145,False,0.4727359693877551,0.8835048958071805,1,3adf7f71-3ded-406d-a08c-a61d152f78dc,p5head_em,2,495881.5442788745
0.9243564471863863,0.8772023081952952,False,0.0915313497570237,0.030612244897959183,False,0.5966996173469388,1.0,1,3ae1c3de-e2a7-44f5-b794-b1ef71640d0f,p5head_em,1,495881.5442788745
0.5040832675512041,0.6576678978397713,False,0.13093969557270407,0.1493542729591837,False,0.30422911352040816,0.9613023752335201,1,3b081d12-6804-4a33-85cd-712a886e4e01,p5head_em,2,495881.5442788745
0.5471102322000811,0.5814806251496291,True,0.20957479701345824,0.11371970663265306,False,0.27040816326530615,0.8054679284963197,1,3b253e33-a932-4d96-a8fe-f3a5be6b66a6,p5head_em,2,495881.5442788745
0.730796053123802,0.6452195996337196,True,0.31005697064627513,0.16681281887755103,False,0.24778778698979592,0.7058542413381123,1,3b66da46-f0a2-4e41-bd6d-68a8ba799708,p5head_em,2,495881.5442788745
0.5,0.5,False,0.0,0.046197385204081634,True,0.4536033163265306,0.9969801553062986,1,3b935aac-701f-406e-a4e8-eab033f2cc38,p5head_em,1,495881.5442788745
0.544242746241296,0.5014714668287334,False,0.09233519787053882,0.08581792091836735,False,0.3789859693877551,0.8513701811425918,1,3b94276b-4b65-4339-a629-0500f0171c45,p5head_em,2,495881.5442788745
0.8557758715017252,0.730897511021894,False,0.07650384675860537,0.029994419642857144,False,0.281070631377551,1.0,1,3bb338a0-7e3d-4248-8731-a8daffa15e58,p5head_em,1,495881.5442788745
0.7873294654256199,0.6256860666461569,False,0.26893760503157765,0.16914461096938777,False,0.2481265943877551,0.8147755390597384,1,3bc8260d-31f1-45a4-bad5-06d0936f9bed,p5head_em,2,495881.5442788745
0.747622987362088,0.49177443596392395,True,0.34206270864633354,0.19210379464285715,False,0.28025350765306123,0.8380537400145244,1,3bd6f6e0-c07a-4c22-87e7-53d60de9ad0e,p5head_em,2,495881.5442788745
0.8033992854481,0.7183504560863356,True,0.5005422843980116,0.35616629464285715,False,0.33848852040816324,0.7750545576632533,1,3bdd7783-a978-415c-b0eb-d57c618d50de,p5head_em,2,495881.5442788745
0.7398626569353058,0.7349905347387549,True,0.1601959063158057,0.04767219387755102,False,0.45820711096938777,1.0,1,3c329c7a-1dcf-41c6-a3ab-1db886e8ebd8,p5head_em,1,495881.5442788745
0.912136492772912,0.809503153300827,True,0.2686433462207735,0.10855787627551021,False,0.37832828443877553,0.9854966036350284,1,3c679832-d552-4db1-b170-0a82e5753da5,p5head_em,2,495881.5442788745
0.5,0.5,False,0.0,0.1285674426020408,True,0.3811782525510204,0.7930553402573245,1,3c92c85a-acb7-49dc-b732-1b6e203e6d7b,p5head_em,2,495881.5442788745
0.809979911263925,0.6458603489129615,True,0.4693567067596797,0.32589285714285715,False,0.33695392219387754,0.8163527397260274,1,3cb2bebe-0b95-42af-9bfe-72aeff44f745,p5head_em,2,495881.5442788745
0.8566981852178389,0.7141128202293111,False,0.08816448996386486,0.03766741071428571,False,0.4115712691326531,0.9862433862433863,1,3d0964c8-b41f-4e3b-a871-fbaca943558b,p5head_em,1,495881.5442788745
0.7513200414487875,0.627376898955609,True,0.43414144269326405,0.2541454081632653,False,0.347476881377551,0.9149937264742786,1,3d1af87f-b6ad-408d-bddc-8bd1f27dd890,p5head_em,2,495881.5442788745
0.6625078788899273,0.5610369271705732,True,0.24241143981003765,0.1744658801020408,False,0.2843391262755102,0.9930317569111263,1,3d294e57-04ee-4a84-acf5-4974a1be2c5d,p5head_em,2,495881.5442788745
0.731273038467516,0.6787106861453426,True,0.36632410877089716,0.23058832908163265,False,0.2682557397959184,0.7974935177182368,1,3d48f4d3-7a90-4ead-8634-b2d394575284,p5head_em,2,495881.5442788745
0.4588318669665219,0.4132812107862319,False,0.13945628024234322,0.18869579081632654,False,0.2460339604591837,0.7839036755386565,1,3d57f7e9-b198-4478-84c4-063bea92b00e,p5head_em,2,495881.5442788745
0.6477231526916448,0.5985027718996915,True,0.29957284192292305,0.12691326530612246,False,0.2331592793367347,0.9346733668341709,1,3d63ab2e-862a-4f11-82d3-b9f561e8ecec,p5head_em,2,495881.5442788745
0.4047126363687751,0.3563212591266863,False,0.005876421989176288,0.05978954081632653,False,0.40658880739795916,0.9993333333333333,1,3d8a52f8-3769-48d7-9460-2df223a06632,p5head_em,2,495881.5442788745
0.45876022939622396,0.494860835495853,False,0.0,0.07212611607142858,False,0.46358816964285715,0.9969604863221885,1,3da1b7e0-888d-4b1b-8304-10d7d609d9ed,p5head_em,1,495881.5442788745
0.9004046489986467,0.8706733178591175,False,0.23639526485416487,0.12802933673469388,False,0.4513313137755102,0.8813823163138231,1,3da7cc6a-7864-4ab8-8842-297650b7db19,p5head_em,2,495881.5442788745
0.4870555934888268,0.5245166874592082,False,0.03724770386865956,0.044044961734693876,False,0.3405612244897959,1.0,1,3ddd8bc8-e9a2-42f2-b6fc-ef95c5a11d5c,p5head_em,1,495881.5442788745
0.967155575525849,0.9629424395537256,True,0.20496868683458425,0.06505102040816327,False,0.3944714604591837,0.7607230392156863,1,3de7efd4-d074-4fee-95d7-4718e4d7df91,p5head_em,1,495881.5442788745
0.8670440128432177,0.7133360714206037,True,0.469907094158575,0.26273517219387754,False,0.30185746173469385,0.8366077524084048,1,3df3ed06-02ba-49b0-9c46-d146e71cad5d,p5head_em,2,495881.5442788745
0.2805099468137336,0.19946329833118576,False,0.012377157777115773,0.22042410714285715,False,0.28298389668367346,0.8514466546112116,1,3e439e6d-97d9-40b8-b201-794a5ce5ff1e,p5head_em,2,495881.5442788745
0.8421411625930819,0.699939330805125,True,0.5532108675078328,0.3924585459183674,False,0.2405731823979592,0.5248324192565509,1,3e7fc50e-d9ae-4b91-909d-1ea4cc9ddcb1,p5head_em,2,495881.5442788745
0.47337534778574303,0.49471522240643195,False,0.12812741749105713,0.1324736926020408,False,0.4431999362244898,0.9995486685722883,1,3e881f10-28aa-4626-a79a-50cc014b7a1a,p5head_em,2,495881.5442788745
0.878169091523366,0.7793260864052941,False,0.15347238801824895,0.05963010204081633,False,0.4075454400510204,0.9832887700534759,1,3e8eea71-b36a-49a9-8fbc-47749ee2c641,p5head_em,1,495881.5442788745
0.7744134726922027,0.6820528725726125,True,0.37491051559459465,0.14781967474489796,False,0.2880261479591837,0.9146555211001752,1,3ea263f3-acee-461d-bbcd-9641d9db79d9,p5head_em,2,495881.5442788745
0.8491204280820422,0.6841015615644288,True,0.40646964271016833,0.23493303571428573,False,0.25418526785714285,0.8032745164574143,1,3eab8ad4-5d91-4b53-a7f7-9ccc04100665,p5head_em,2,495881.5442788745
0.40848755758724725,0.4265418524459042,False,8.570018560161586e-05,0.022321428571428572,False,0.3569236288265306,1.0,1,3ed5e37a-df95-4bf3-9ea9-fab48fc42f86,p5head_em,1,495881.5442788745
0.8091246685304663,0.7101034169976872,False,0.31767851840788935,0.18640385841836735,False,0.26869419642857145,0.9209879183149792,1,3ed75b04-2a32-44a8-9297-0e58441f0e8c,p5head_em,2,495881.5442788745
0.4841305595046178,0.48681913203134036,False,0.002812563514383044,0.03571428571428571,False,0.3021763392857143,0.9983258928571429,1,3f167edb-74e4-4a4a-b710-9732659ac767,p5head_em,1,495881.5442788745
0.43222923461391843,0.41739159306726875,False,0.0,0.05895248724489796,False,0.3590561224489796,0.9996619337390128,1,3f30761d-5615-4039-a155-0fd26f461742,p5head_em,1,495881.5442788745
0.6088091156901817,0.5555449424813113,False,0.3294254155773095,0.2661830357142857,False,0.3305763711734694,0.7909553758610363,1,3f679b9e-6ebc-4a39-a08b-a1bccc6111a1,p5head_em,2,495881.5442788745
0.5,0.5,False,0.0,0.10447225765306123,True,0.3231624681122449,0.9677603967951164,1,3fbd74df-08fb-4145-abdc-5e27828b3d30,p5head_em,2,495881.5442788745
0.8951523520045253,0.9290192629517574,True,0.13193786084976852,0.03635204081632653,False,0.2900988520408163,0.7823464912280702,1,3fd78890-11cf-4bb2-88ac-0a8e7fc54c61,p5head_em,1,495881.5442788745
0.9627407733742058,0.9655505504419054,True,0.28248645665121863,0.06702407525510204,False,0.3461814413265306,0.8180196253345228,1,3ff30575-fa0f-4e5c-bba6-651f4ea724af,p5head_em,1,495881.5442788745
0.5,0.5,False,0.0,0.06861846301020408,True,0.28944116709183676,0.8867266918385129,1,4007ffd5-5e8e-403d-8755-72ecaa2fce43,p5head_em,2,495881.5442788745
0.6544579502682525,0.6546880012632129,True,0.27345316776654405,0.20567602040816327,False,0.32246492346938777,0.8169573643410852,1,400f9de2-ee62-4c18-8d8b-7c122b688ecf,p5head_em,2,495881.5442788745
0.8928454071506362,0.8029745656061779,True,0.12377999288283632,0.06580835459183673,False,0.33462213010204084,0.88885523924894,1,401afe9b-4c20-41cc-b52d-21995c71e872,p5head_em,2,495881.5442788745
0.7279324002245172,0.7375551375608795,False,0.04049680500473453,0.024852519132653062,False,0.36776546556122447,1.0,1,40346c30-cf4a-4fe3-a6a1-935ac182a551,p5head_em,1,495881.5442788745
0.40642493107193584,0.4219455970493315,False,0.0,0.04583864795918367,False,0.24794722576530612,0.6939130434782609,1,405599ce-75dc-422c-b058-08022f60611a,p5head_em,1,495881.5442788745
0.7976943737422348,0.635922978545533,False,0.1234534967234183,0.07680963010204081,False,0.33238998724489793,0.9753502854177478,1,406aa509-7936-40d8-a5ee-1fe828f89320,p5head_em,1,495881.5442788745
0.9147251248011339,0.7276457455332128,True,0.2477812457243613,0.13560267857142858,False,0.26143973214285715,0.9983833039388595,1,40a2f7fd-342e-494b-a7e0-5857b73ec582,p5head_em,2,495881.5442788745
0.7969685235569441,0.6609375518417103,False,0.14078918038881674,0.06331712372448979,False,0.2776626275510204,0.4516839785961599,1,40e09e66-bed3-4fd7-9c73-683784dcf71c,p5head_em,2,495881.5442788745
0.988189117591808,0.9678269899042165,True,0.165901272247633,0.054807079081632654,False,0.36294244260204084,1.0,1,40f57a2e-1b3c-46fb-9350-558e34b8f4e9,p5head_em,1,495881.5442788745
0.9754117936916656,0.9576851792945625,True,0.15177757028686423,0.038584183673469385,False,0.3971619897959184,1.0,1,40fd6a4f-4987-494a-a297-80ba2cfa2dc4,p5head_em,1,495881.5442788745
0.9717111809241927,0.9438224811762105,True,0.14814605615005785,0.037587691326530615,False,0.3006218112244898,0.8748674443266172,1,415419bd-51a7-4708-8cb9-1adcba6921b1,p5head_em,1,495881.5442788745
0.8742191575528591,0.9093354993930833,True,0.16366927465382153,0.09793526785714286,False,0.3592155612244898,0.2733007733007733,1,419e1001-50d6-40bb-a448-57abdb795117,p5head_em,1,495881.5442788745
0.670671084150655,0.638501254690147,False,0.16766668366185838,0.1171875,False,0.2815489477040816,0.7799319727891156,1,41bf2042-53a2-44a8-9a29-55e643af5ac0,p5head_em,2,495881.5442788745
0.9354317277147552,0.7849515329208949,True,0.37505394246429985,0.2035235969387755,False,0.3032724808673469,0.9400705052878966,1,427412d0-cf4c-4a13-b58e-6ffdd004c6ec,p5head_em,2,495881.5442788745
0.9524068945615715,0.929368460732531,True,0.07934044622321967,0.02564971301020408,False,0.3805404974489796,1.0,1,44e8dcb4-99be-4173-b406-12d12a53a030,p5head_em,1,495881.5442788745
0.7453646223355467,0.653271833904287,False,0.2875117596154378,0.16001674107142858,False,0.2613998724489796,0.6857641051189438,1,4525bf0b-20b4-4f4f-9149-e32632812d89,p5head_em,2,495881.5442788745
0.7115236148347948,0.6002658420407233,True,0.32266390936791906,0.22227758290816327,False,0.3729671556122449,0.938133237693894,1,45415872-fc2a-43ba-869d-5131c57622f1,p5head_em,2,495881.5442788745
0.8835337275513989,0.6414078711404837,True,0.2573847972060784,0.14927455357142858,False,0.2529894770408163,0.9137516688918558,1,45877324-19f1-49c8-90f2-037d0a6ebfae,p5head_em,2,495881.5442788745
0.7682890930201131,0.5771692437587649,False,0.11190136575791246,0.06584821428571429,False,0.34394929846938777,0.9282687651331719,1,45a1e0ab-3eb3-4587-b679-2b2310635804,p5head_em,1,495881.5442788745
0.7077725309983246,0.7568888329596242,False,0.10160284139924844,0.051837531887755105,False,0.39140226403061223,0.9930795847750865,1,46d60c88-cc89-4a8a-88ba-bcebc581513c,p5head_em,1,495881.5442788745
0.8619035367861763,0.7494525949114855,True,0.17563122295376207,0.08043686224489796,False,0.2776028380102041,0.5106541129831517,1,470595fa-5702-4009-9b56-88549ad8c560,p5head_em,2,495881.5442788745
0.772714555857942,0.6074099864445807,False,0.2850882850372186,0.18459024234693877,False,0.33009805484693877,0.9862880587346146,1,4736f2b8-2834-467c-a8a4-49fbd25a18af,p5head_em,2,495881.5442788745
0.7405615152339728,0.7840534134114305,False,0.31108856099047116,0.20675223214285715,False,0.39871651785714285,0.9958550221708117,1,47ba820c-c63e-4efa-90af-7b88e6741151,p5head_em,2,495881.5442788745
0.9466407294977667,0.8746084782725018,False,0.07567002635418402,0.03431919642857143,False,0.289859693877551,0.967479674796748,1,47bb2ad1-6ee1-4bd2-858e-ade3df967177,p5head_em,1,495881.5442788745
0.958330482497473,0.8771663107743917,False,0.08526019697203588,0.02564971301020408,False,0.17771444515306123,0.9549339549339549,1,47cb63e4-4f88-40b7-b4d8-725fdc053c28,p5head_em,1,495881.5442788745
0.7878931312569464,0.7604189456301166,True,0.4698728809071102,0.3247568558673469,False,0.4792330994897959,0.8970849953973612,1,47f2c736-72d5-4897-b0c7-7119f0fd88c7,p5head_em,2,495881.5442788745
0.8232424260082187,0.6664435285207775,False,0.1834393387828799,0.0745376275510204,False,0.3634008290816326,0.8593582887700535,1,48235c65-9a41-426c-b695-a01590d15333,p5head_em,1,495881.5442788745
0.9216902290232427,0.7947539675039615,False,0.15359018927925217,0.049505739795918366,False,0.26957110969387754,1.0,1,4840410d-437a-4340-86b8-4571051d30b8,p5head_em,1,495881.5442788745
0.8115560178722352,0.6056048900433354,True,0.23656191375676106,0.15353954081632654,False,0.20029496173469388,0.8238577362409139,1,48d31260-a62e-4b8a-9d3c-cdc6da1a962f,p5head_em,2,495881.5442788745
0.6793805153268688,0.5236221935074901,False,0.3233919281366564,0.17536272321428573,False,0.3135363520408163,0.9548812365041482,1,48defac0-fab6-4c3f-9d1a-0ba441d599ec,p5head_em,2,495881.5442788745
0.7081155911909391,0.6081492459460094,True,0.4005230171784755,0.22929288903061223,False,0.32571348852040816,0.8278139939156889,1,48e340be-50e5-4495-9a4c-2f934435903d,p5head_em,2,495881.5442788745
0.2515092686853382,0.28122979961215255,False,0.0,0.15818319515306123,False,0.3619858099489796,0.7291167947587249,1,49b2fb17-b12c-4e5a-8c4a-02449027c42b,p5head_em,2,495881.5442788745
0.7239383055071018,0.6320956045686706,True,0.3121465735035183,0.14198022959183673,False,0.29667570153061223,0.9779618192026951,1,49b96a4d-7bfb-49f2-a31f-932371038652,p5head_em,2,495881.5442788745
0.9243444180109026,0.6989425160357947,True,0.31283893961732284,0.15011160714285715,False,0.25534119897959184,0.9856611789697292,1,4b7d10d8-97b4-4d5b-9a74-01c7c8a13b10,p5head_em,2,495881.5442788745
0.6948288310168763,0.6680452099607502,True,0.36572910035374695,0.23042889030612246,False,0.31349649234693877,0.7958830652136308,1,4b85f617-4e30-404c-b9c1-5e9b8776dfba,p5head_em,2,495881.5442788745
0.8247812242476026,0.7923752533811393,True,0.22288045286519997,0.11607142857142858,False,0.3639588647959184,0.9122596153846154,1,4b9908cd-9433-431c-9626-7e7590ff5978,p5head_em,2,495881.5442788745
0.7709414484811631,0.8393393010314208,False,0.3166445424398926,0.19931839923469388,False,0.31873804209183676,0.8361163883611639,1,4bfc4e8c-ee7b-4997-bcdd-e0734cba30b9,p5head_em,2,495881.5442788745
0.8752452084186628,0.705243627987513,True,0.13609435618307777,0.05994897959183673,False,0.22417091836734693,0.991688829787234,1,4bffacc2-e2b5-41b8-a5c3-804b8466bb47,p5head_em,1,495881.5442788745
0.6689186944086187,0.6091047645087501,True,0.3706567832841218,0.2168765943877551,False,0.36033163265306123,0.9918213563683147,1,4cdde362-4086-4e59-bb96-c0f38b20568c,p5head_em,2,495881.5442788745
0.7626129658982417,0.6522684693305972,True,0.37732170332825693,0.2562978316326531,False,0.3568638392857143,0.8779160186625194,1,4d2edbba-09ce-42b9-9ca7-032f14a76a66,p5head_em,2,495881.5442788745
0.9738158431074093,0.9589185327065103,True,0.311679654166399,0.08912627551020408,False,0.33922592474489793,0.9239713774597496,1,4d5d6c72-d216-4b0c-a277-a24ba9151f32,p5head_em,1,495881.5442788745
0.8120791448610475,0.6258710415896874,True,0.2939619535701098,0.1621890943877551,False,0.31411431760204084,0.9791103465224871,1,4db53f6a-d873-4ef7-b321-f505473504e6,p5head_em,2,495881.5442788745
0.9420502772621187,0.880490868725433,False,0.1749979748860267,0.04603794642857143,False,0.28152901785714285,0.9900432900432901,1,4e27dfb7-0951-4b29-9851-b28d24f9b9f3,p5head_em,1,495881.5442788745
0.6953500888189434,0.6514480298697357,False,0.29582167349106364,0.20021524234693877,False,0.34189652423469385,0.9785984471431416,1,4e31aec9-ea07-47c2-8712-678976de22af,p5head_em,2,495881.5442788745
0.8188833321782761,0.5818851342089157,True,0.2989242781679048,0.15692761479591838,False,0.2498405612244898,0.8216916433832868,1,4edf6d79-0dc8-4b45-b40f-2bdd0665e115,p5head_em,2,495881.5442788745
0.7588612889768636,0.7587400506679273,True,0.4591661842432324,0.19389748086734693,False,0.4728156887755102,0.9142769041011409,1,4ee60076-67b2-46f8-965e-29c167a30cd3,p5head_em,2,495881.5442788745
0.9097150244344622,0.8307882841351402,True,0.1623852880392788,0.05393016581632653,False,0.4174705038265306,1.0,1,4f1112bd-389c-4689-988f-14f6ff4687ce,p5head_em,1,495881.5442788745
0.8170049560363769,0.746917071232541,True,0.3600604390287687,0.20316485969387754,False,0.5982342155612245,0.9966647047282715,1,4f4289e7-3e09-4934-ab15-bd5c25546061,p5head_em,2,495881.5442788745
0.6503853375416478,0.5550283189369617,True,0.4763417367248062,0.26777742346938777,False,0.342594068877551,0.8891783268830009,1,4f5bd645-8b4a-4377-9e31-1ee3b5ef0286,p5head_em,2,495881.5442788745
0.7736704407653773,0.5797566368099808,True,0.27713844364427526,0.14546795280612246,False,0.32613201530612246,0.8386080284970544,1,4fd82276-a900-49e3-8282-ffda6edd6068,p5head_em,2,495881.5442788745
0.9421569661586826,0.6903601549663364,False,0.22035206558699624,0.09671954719387756,False,0.12958386479591838,0.8388625592417062,1,505e3473-fe7f-4c3e-8684-b7f9ecf1d052,p5head_em,2,495881.5442788745
0.8936976401065116,0.7160427336927325,True,0.27383201564665793,0.12075494260204081,False,0.14397321428571427,0.8101997029212742,1,50f7689c-9b02-4553-b96c-000d70d45d50,p5head_em,2,495881.5442788745
0.8101012528623628,0.7211781840190237,True,0.28761256254459266,0.17404735331632654,False,0.3204320790816326,0.9916409023245162,1,515ab870-a80e-47f1-bd51-05a6fc02cba0,p5head_em,2,495881.5442788745
0.8284785611842556,0.6647432789219698,True,0.304977040334026,0.1719547193877551,False,0.23660714285714285,0.8191933240611962,1,51e9d4d8-3c7e-4ad2-95ce-22aa2ff7da7e,p5head_em,2,495881.5442788745
0.855409537647937,0.8273184308877405,True,0.40841531853795326,0.25845025510204084,False,0.32742745535714285,0.807140653917335,1,51f540ba-aad8-4e1f-bc8b-7373d3d23ee2,p5head_em,2,495881.5442788745
0.784668228226607,0.7735154818301514,True,0.3570763491580655,0.22385204081632654,False,0.47670200892857145,0.9359864672364673,1,52188e35-d9e9-47de-a3c9-71a22f5de52c,p5head_em,2,495881.5442788745
0.9554286028447858,0.8833154659926253,False,0.24595409771318402,0.07979910714285714,False,0.25478316326530615,0.9453046953046953,1,52523b06-76b3-4a00-aab3-f27815a378c6,p5head_em,1,495881.5442788745
0.8491120464000045,0.8288997136779155,True,0.2839928889723261,0.15642936862244897,False,0.34030213647959184,0.8220155433813224,1,525ef0b0-b113-4fc3-b7f5-bafbe3dc0968,p5head_em,2,495881.5442788745
0.9590318005750262,0.9303594068185423,True,0.20710369939068626,0.06357621173469388,False,0.33338647959183676,0.9448275862068966,1,52816546-4463-4a7f-a120-7d492a86a524,p5head_em,1,495881.5442788745
0.9286927463292878,0.9051940245898372,False,0.21961845484005638,0.04741310586734694,False,0.3166454081632653,1.0,1,54539347-4e0a-4b42-af9a-420d5f0c95e7,p5head_em,1,495881.5442788745
0.9871095065830717,0.9810451319371841,True,0.33583531872242,0.07425860969387756,False,0.3229432397959184,0.8840579710144928,1,564eac4e-bec9-4cd6-94cb-cc6ba78983b9,p5head_em,1,495881.5442788745
0.8043836328885514,0.6585949637043903,False,0.11184674990697742,0.0595703125,False,0.34181680484693877,0.9742388758782201,1,56511fc0-4881-4ba9-bb78-d5b3a600cf6f,p5head_em,1,495881.5442788745
0.8886353594838491,0.8160384870525103,False,0.06693070815104042,0.03150908801020408,False,0.35018734056122447,1.0,1,565ebdfa-d002-4503-a1fe-855657522eb8,p5head_em,2,495881.5442788745
0.9464261424515625,0.9341650890617026,True,0.16048628217544839,0.040357940051020405,False,0.3233219068877551,0.9106172839506173,1,56b6f280-7857-4623-8f9d-4f0c69dc71a6,p5head_em,1,495881.5442788745
0.9792523848367229,0.9647338150771144,True,0.1515765997331674,0.043088329081632654,False,0.4321189413265306,1.0,1,56ca817b-e17d-4b2b-95c8-d544a7786124,p5head_em,1,495881.5442788745
0.9283991041298814,0.885919390258026,False,0.12272170736574335,0.05092075892857143,False,0.4712013711734694,1.0,1,56d45b74-a679-4ca1-bc70-822edcf8a015,p5head_em,1,495881.5442788745
0.7219854616349861,0.6541349193743571,False,0.09087584410848713,0.07174744897959184,False,0.5109215561224489,1.0,1,56d96f1b-0a2f-40f9-8d6f-dc2744ba04af,p5head_em,1,495881.5442788745
0.6147129378751932,0.527500621347921,False,0.018540839546848927,0.014349489795918368,False,0.262874681122449,0.38472222222222224,1,5735ead4-b24d-411d-8151-e3bf27f8f0a5,p5head_em,1,495881.5442788745
0.9899176678143831,0.9843613916668771,True,0.23898699066352302,0.08525988520408163,False,0.3610690369897959,0.8901355773726041,1,5774a68f-e370-4522-a1c2-cc03e2bfb3b6,p5head_em,1,495881.5442788745
0.7503548237476809,0.6937300103041326,True,0.198330240365639,0.09765625,False,0.2799744897959184,0.7840816326530612,1,5777035e-6415-45c0-a12c-b85f01256574,p5head_em,2,495881.5442788745
0.7151608158576761,0.5393684638528871,False,0.29405767539370453,0.19886001275510204,False,0.33205117984693877,0.9164161154539988,1,57835e6c-04e7-4e8f-9570-da0a6bef6b31,p5head_em,2,495881.5442788745
0.9305877804292573,0.8739263100249265,False,0.21823810002471625,0.07085060586734694,False,0.41274713010204084,0.99943741209564,1,578e3b58-53cf-44e8-9d2e-81bd47ec7edc,p5head_em,1,495881.5442788745
0.7041640796950994,0.7486167549614885,False,0.03742824221984606,0.033322704081632654,False,0.46494339923469385,1.0,1,57a3b6a4-4b5d-4436-b526-275ba2586b46,p5head_em,1,495881.5442788745
0.6762909311016502,0.7001542893931729,False,0.0988083972226185,0.03958067602040816,False,0.3200534119897959,0.9894259818731118,1,57ecf732-8919-406a-a0d2-d74622cdf302,p5head_em,2,495881.5442788745
0.8505414230501754,0.8770350302027005,True,0.1698419270567862,0.055982940051020405,False,0.3417171556122449,0.9423282306870773,1,5848e2cd-4a74-400f-8fe8-f78c136a2ec3,p5head_em,1,495881.5442788745
0.8426735624090107,0.7649266635390215,False,0.1968896065542238,0.1139389349489796,False,0.4098573022959184,1.0,1,58d2ffd9-f5a7-4215-9ca8-3b41536a989a,p5head_em,2,495881.5442788745
0.5815162733412425,0.5593165028509628,True,0.27205710429378066,0.15977758290816327,False,0.45569595025510207,0.9771735062991144,1,590adf90-b0e6-40df-9500-85b6bfd85e21,p5head_em,2,495881.5442788745
0.9895428508098699,0.9619635051887474,True,0.15806117789213148,0.036830357142857144,False,0.29603794642857145,1.0,1,594d0672-dd1c-401d-ab95-598b28a480cf,p5head_em,1,495881.5442788745
0.3302040816326531,0.3444743744240448,False,0.0,0.0234375,False,0.30458785076530615,1.0,1,59751586-7297-4037-a4a2-faf0a96cb7c3,p5head_em,1,495881.5442788745
0.9939866456306035,0.9852985470380676,True,0.17064399706113706,0.0478515625,False,0.4186264349489796,1.0,1,59f86f85-1504-41f2-b6e7-51394fd65ca1,p5head_em,1,495881.5442788745
0.9668248332467082,0.9517339088477628,True,0.23843408231345756,0.07971938775510204,False,0.27250079719387754,0.87625,1,5a8e51d4-1b33-45b3-8f96-5a4027462cbc,p5head_em,1,495881.5442788745
0.7407617438658117,0.7257617891057896,False,0.27462553092699254,0.05913185586734694,False,0.39744100765306123,1.0,1,5b19f8e2-420c-42a8-82d5-5e1e5d30939b,p5head_em,2,495881.5442788745
0.9450988986556593,0.9526260992247428,True,0.3347113255464941,0.12167171556122448,False,0.3512635522959184,0.8288288288288288,1,5b6f828f-98b3-4a29-b93c-763594d135fd,p5head_em,1,495881.5442788745
0.8822138401377718,0.8745420050543588,True,0.3887836546106056,0.14385363520408162,False,0.3717713647959184,0.9037129398725409,1,5b9d346b-8f6e-4ebf-8865-0c1ff9baac49,p5head_em,2,495881.5442788745
0.9927463523926954,0.9786433515191656,False,0.044902859084489974,0.01171875,False,0.32736766581632654,1.0,1,5c0bb75f-a4d1-4070-b40d-6fff71138147,p5head_em,1,495881.5442788745
0.8082399023010788,0.8164419227328579,True,0.20068481997620963,0.09183673469387756,False,0.3657326211734694,0.9986979166666666,1,5c251c5b-f578-4c22-a373-d5973a41076a,p5head_em,2,495881.5442788745
0.7152662196327695,0.5766446528265303,False,0.08209842449354118,0.06337691326530612,False,0.25851004464285715,0.9433962264150944,1,5c71c9c5-9ec5-4db9-be98-32f960fb02eb,p5head_em,1,495881.5442788745
0.33459193151072164,0.3560517351500958,False,0.0,0.012954400510204082,False,0.3873963647959184,1.0,1,5ca7b965-3241-4b44-b6cb-32ad06bcca84,p5head_em,1,495881.5442788745
0.44717946601741426,0.47945600461338844,False,0.0,0.034080038265306124,False,0.4488002232142857,1.0,1,5cde22a6-dc4b-4306-8af7-a81baa15734b,p5head_em,1,495881.5442788745
0.985531044242905,0.9678795782773156,True,0.12185399644529203,0.028698979591836735,False,0.36648995535714285,1.0,1,5d1d1eb6-1c43-416e-b280-7aa689c4589a,p5head_em,1,495881.5442788745
0.9591972223902583,0.8631198168549505,False,0.08573643808059003,0.02100605867346939,False,0.16212930484693877,1.0,1,5d5f2759-c1af-454a-86a1-5f190fa0f001,p5head_em,1,495881.5442788745
0.264919521254643,0.11095192613817256,False,0.0,0.03419961734693878,False,0.27638711734693877,0.7599067599067599,1,5d8dbcf9-0d68-4aec-8638-b0a9f45d71d6,p5head_em,1,495881.5442788745
0.8573400923584809,0.7064523190204454,False,0.14101977185288356,0.07228555484693877,False,0.37733179209183676,1.0,1,5e0d73fb-b207-4bab-a1e5-9d6b3163520e,p5head_em,1,495881.5442788745
0.9865780676921981,0.9570552803788326,True,0.22966646966133605,0.06489158163265306,False,0.3269092793367347,0.9996928746928747,1,5e30641a-d90c-47f8-a798-76155850846b,p5head_em,1,495881.5442788745
0.9284015710786879,0.8807028403916212,False,0.09282109502931372,0.037607621173469385,False,0.40688775510204084,0.9920508744038156,1,5e875cfe-01a5-4433-a953-f460c315838a,p5head_em,1,495881.5442788745
0.40792502466293984,0.3479096148568292,False,0.0,0.030293367346938774,False,0.24814652423469388,1.0,1,5f1d47f7-b5e6-45fd-9393-fbfafb495c4f,p5head_em,1,495881.5442788745
0.9112404811081303,0.820625582179586,True,0.20940132855044855,0.10670440051020408,False,0.27596859056122447,0.8539409787075084,1,5f40e828-88a4-4f07-8286-b5446f4d4790,p5head_em,2,495881.5442788745
0.9873874767113685,0.9738839277107505,True,0.2091554308460853,0.06050701530612245,False,0.3737643494897959,1.0,1,5fb1f7f4-d9ee-45d0-b335-fed129ce68dd,p5head_em,1,495881.5442788745
0.9871753537611206,0.9763209561934563,True,0.1312057813385459,0.041135204081632654,False,0.34628109056122447,0.9500968992248062,1,604a0eca-1494-47b8-a49b-713d24d070f9,p5head_em,1,495881.5442788745
0.9904017668118507,0.983565891384421,True,0.2093317527546276,0.06606744260204081,False,0.35507015306122447,0.9800904977375565,1,604e0958-831f-40cd-87ff-08fe60c9890d,p5head_em,1,495881.5442788745
0.9794384407335422,0.9479088087060625,True,0.19098694669105767,0.06050701530612245,False,0.3252551020408163,0.9930830039525692,1,609b8bfe-7b3c-4514-a8ae-9db863d4c362,p5head_em,1,495881.5442788745
0.9333655998176139,0.923064814549935,False,0.14133324763695082,0.044642857142857144,False,0.3280054209183674,0.8491071428571428,1,60d168f2-20b8-46ac-b873-4293e0cb5728,p5head_em,1,495881.5442788745
0.4688292712624551,0.49107385099571327,False,0.0,0.017916932397959183,False,0.3852040816326531,1.0,1,61d1d633-b916-4c45-bdd4-cbd800153f00,p5head_em,1,495881.5442788745
0.9797946914259246,0.9555434943512259,True,0.3043120991539363,0.09761639030612244,False,0.4721580038265306,1.0,1,620ef67c-0975-48e0-88cd-170226a62e8b,p5head_em,1,495881.5442788745
0.9963814535618879,0.9878336694252333,False,0.025432953486438897,0.010084502551020409,False,0.304508131377551,1.0,1,62127739-ede8-468f-902d-51260da4dce3,p5head_em,1,495881.5442788745
0.9834435039600365,0.9836626400614109,True,0.10757798714837892,0.02744339923469388,False,0.4830994897959184,1.0,1,6222228a-e831-40b9-8d5e-eed896717642,p5head_em,1,495881.5442788745
0.38010989925901256,0.40172694885574545,False,0.0,0.042490433673469385,False,0.3725486288265306,1.0,1,628eea1d-9db2-4a99-acb3-0d846c3ac48f,p5head_em,1,495881.5442788745
0.988500045064215,0.982315516502393,True,0.2201300411357004,0.05943080357142857,False,0.46251195790816324,1.0,1,629df578-2436-419b-9393-8ed83e2bda8a,p5head_em,1,495881.5442788745
0.4689546446762066,0.5,False,0.0,0.013950892857142858,False,0.3602718431122449,1.0,1,62b4b084-06c5-413b-a365-ef2882ca98ab,p5head_em,1,495881.5442788745
0.8790235268518175,0.8183068154719076,False,0.08496659801447015,0.04121492346938776,False,0.2670400191326531,1.0,1,62ce6e7f-e6f9-400f-81aa-1efd9301e256,p5head_em,2,495881.5442788745
0.8975432933889308,0.8127728559818305,True,0.13423319392794375,0.07019292091836735,False,0.3123405612244898,0.9982964224872232,1,6327bbe9-a523-4204-b542-028c366d9f11,p5head_em,2,495881.5442788745
0.9762120797052326,0.9511378391612616,True,0.10557101529740673,0.03180803571428571,False,0.37635522959183676,0.9266917293233082,1,641ead6c-0e54-4a5f-a3c3-e49d137ce16e,p5head_em,1,495881.5442788745
0.5790226932805693,0.40003391258528925,False,0.009514382045464804,0.00914779974489796,False,0.3009406887755102,1.0,1,646917f3-2303-43ef-acac-37470021e91f,p5head_em,1,495881.5442788745
0.4372549019607843,0.5,False,0.0,0.02423469387755102,False,0.3283840880102041,1.0,1,64b36fb9-40c8-431a-abd2-6b9170f52db6,p5head_em,1,495881.5442788745
0.858923273390316,0.8588264082532729,True,0.2975189903173183,0.1434948979591837,False,0.40174585459183676,0.8698611111111111,1,6565a9e6-3f01-4de8-a18d-ade3121c5d7c,p5head_em,2,495881.5442788745
0.7236931398373432,0.6042436662526579,True,0.2605807635210922,0.1588408801020408,False,0.36941964285714285,0.9565872020075282,1,65845e8f-2cb8-4a56-a529-e6b856b0a6fb,p5head_em,2,495881.5442788745
0.8181710560311606,0.7166442045207337,True,0.2509624656511143,0.1477000956632653,False,0.31521045918367346,0.9767912562407233,1,65a4eba0-f1af-4eea-bb11-03b9957b36f1,p5head_em,3,495881.5442788745
0.9700925854696746,0.9401431865437808,True,0.09609238813007435,0.025430484693877552,False,0.3751195790816326,1.0,1,65b87566-709e-4b0f-b4bb-55020515f6e7,p5head_em,1,495881.5442788745
0.9918459560211877,0.9844188360298468,True,0.2543398364515526,0.05291374362244898,False,0.4985849808673469,1.0,1,65d36e7a-f867-4bbf-98fe-f6ce549cae87,p5head_em,1,495881.5442788745
0.8728234466440675,0.7581693219963704,False,0.09902761338505194,0.056740274234693876,False,0.3250358737244898,1.0,1,65f61ec4-b763-4d94-93ef-135e22717e12,p5head_em,1,495881.5442788745
0.8765221955360158,0.7599613632836986,True,0.12312436257668591,0.05580357142857143,False,0.3712133290816326,0.9978571428571429,1,66a4d456-d66e-4341-aa83-b011427fd9de,p5head_em,2,495881.5442788745
0.8486947497553834,0.4994449669791762,False,0.035791971728723296,0.014907525510204082,False,0.15654894770408162,0.9224598930481284,1,66bcb6f8-946f-4f66-8d18-06f17b01d3cd,p5head_em,1,495881.5442788745
0.635979463528023,0.3437085817240055,False,0.042298936913593085,0.03372130102040816,False,0.1574657206632653,1.0,1,66c52ba5-c91d-4f0c-af96-18148fd9dd66,p5head_em,1,495881.5442788745
0.5451831190327007,0.49000892820740927,False,0.08030616329150138,0.06271922831632654,False,0.2700892857142857,1.0,1,66fbe46c-488b-4571-9c74-ee8742f09ccb,p5head_em,2,495881.5442788745
0.6298626208335197,0.5571455111665682,False,0.1604052864295553,0.07627152423469388,False,0.3459622130102041,0.9286647504572773,1,67ce8121-c2fd-493a-ae78-f256b3c1b0f0,p5head_em,2,495881.5442788745
0.9110356119911973,0.8494526323463301,False,0.09867378930082177,0.039381377551020405,False,0.4179089604591837,1.0,1,6882ecfb-e577-42f1-9cbd-5f6408ae189a,p5head_em,1,495881.5442788745
0.5105565482389309,0.4921541001369438,False,0.00487918316947053,0.008330676020408163,False,0.35120376275510207,1.0,1,68ceed79-9969-4054-9631-b1c84808d6e8,p5head_em,1,495881.5442788745
0.9457783137941993,0.8442676657210848,False,0.15394519096230028,0.07983896683673469,False,0.2530094068877551,0.9970044932601099,1,68d4ee73-479a-4e8c-beab-6822aa605a0f,p5head_em,2,495881.5442788745
0.9081090627202693,0.7821608623062872,False,0.08668383801656016,0.04842952806122449,False,0.3003627232142857,0.991358024691358,1,69b99b7a-439a-4813-97c9-58b48f7ff969,p5head_em,1,495881.5442788745
0.19008922832681552,0.06370714001007473,False,0.013733204185509081,0.03942123724489796,False,0.30990911989795916,0.4332659251769464,1,6a4d75d0-51ae-4952-ad56-132474a2cf7b,p5head_em,1,495881.5442788745
0.9900318288472539,0.97452485016063,True,0.09196219858885697,0.03342235331632653,False,0.3466198979591837,1.0,1,6a6df4ea-7a2d-4e5d-9092-d8870a19ec86,p5head_em,1,495881.5442788745
0.4326939256267878,0.47955165779229497,False,0.0,0.052455357142857144,False,0.497867506377551,1.0,1,6a97ec99-92f5-4989-a29c-30bdcf595eed,p5head_em,1,495881.5442788745
0.36336235766912256,0.29185213857170506,False,0.0,0.04783163265306122,False,0.2522720025510204,0.9683333333333334,1,6ad6525d-5225-4623-9f5a-65816cc3436f,p5head_em,1,495881.5442788745
0.9763349704319395,0.9666831671071734,True,0.10593506109659072,0.0272640306122449,False,0.4589245854591837,1.0,1,6b2e1586-e6d6-4df6-89ce-06d8f4698cac,p5head_em,1,495881.5442788745
0.9502360168478403,0.948893958112979,True,0.2324213947372647,0.07798549107142858,False,0.31774154974489793,0.823153590595451,1,6bf5ff1a-07df-4c64-8fdf-dd8a26ab9b5b,p5head_em,1,495881.5442788745
0.7115544703240332,0.7002020988349212,True,0.09696986768771707,0.03981983418367347,False,0.4312220982142857,1.0,1,6c0341ef-950c-45c1-9009-777d893e8060,p5head_em,2,495881.5442788745
0.7850054835636178,0.7010490676514365,False,0.02106251866748548,0.013392857142857142,False,0.2161591198979592,1.0,1,6c6483ba-b672-402d-8d8a-10452b1e1387,p5head_em,1,495881.5442788745
0.9955939820467437,0.9863001814331949,True,0.06781327413240779,0.018973214285714284,False,0.3344826211734694,1.0,1,6ca9f96b-f164-4022-8c4d-28eed6214c4f,p5head_em,1,495881.5442788745
0.88493641306643,0.8317466991128268,False,0.08903192924791323,0.03862404336734694,False,0.35341597576530615,1.0,1,6dc8b0d2-34f9-4570-a0c3-bb9b4715498a,p5head_em,1,495881.5442788745
0.7974276014725105,0.7350153013557656,True,0.14155114577429206,0.0875717474489796,False,0.34640066964285715,1.0,1,6e028cf7-8ea4-4e7d-a2b5-0d5bd2eca495,p5head_em,2,495881.5442788745
0.9681152030619882,0.9167347666401192,True,0.1902079067113116,0.07940051020408163,False,0.3234016262755102,0.9636044176706827,1,6e66dd4c-d183-42c7-ad77-32abf6ca9760,p5head_em,1,495881.5442788745
0.9706223357937971,0.9179780658695473,True,0.1345619295822061,0.04538026147959184,False,0.23618861607142858,1.0,1,6ea77647-dfcc-46bc-b15f-d41dd2349037,p5head_em,1,495881.5442788745
0.665735354390452,0.6051104120970294,True,0.18954200612220068,0.12836814413265307,False,0.3743423150510204,1.0,1,6ec7e05c-1bbe-40ae-8d65-ec917da68f16,p5head_em,3,495881.5442788745
0.8105745203861383,0.6852994494797855,False,0.06599715654757601,0.04846938775510204,False,0.3424545599489796,1.0,1,6efd348c-705e-4e83-bbd1-97e336ee6b1e,p5head_em,2,495881.5442788745
0.4175148815824759,0.2702956518851368,False,0.002220698234180768,0.009088010204081632,False,0.41970264668367346,1.0,1,6f0797fa-820f-489f-b7d5-75231b307bf7,p5head_em,1,495881.5442788745
0.9273538834184788,0.9125473603869303,False,0.09314629836453078,0.019650829081632654,False,0.26329320790816324,1.0,1,6f0b7ce0-dbac-4190-94eb-c252d9a36b83,p5head_em,1,495881.5442788745
0.455766181827802,0.29167144723633864,False,0.025995567367645838,0.083984375,False,0.3880141900510204,0.9985761746559089,1,6f402f79-f774-41bd-b722-6319665ee388,p5head_em,1,495881.5442788745
0.9585845825479077,0.8941806830157207,True,0.3101300523776085,0.09709821428571429,False,0.3955875318877551,0.9889162561576355,1,6f47bae9-705f-41c8-8a28-d5cf88927b0e,p5head_em,1,495881.5442788745
0.9114804199818617,0.8072023826264498,True,0.3345010506909846,0.1797472895408163,False,0.3110451211734694,0.4771038917840115,1,6f5eb191-d7ee-472e-b08c-e6975896f5c4,p5head_em,2,495881.5442788745
0.8337387735735019,0.6336144132328463,False,0.295870050038199,0.16882573341836735,False,0.24752869897959184,0.8970605595561327,1,6f964e55-2f17-4361-b6f2-3af8e5d6e55a,p5head_em,2,495881.5442788745
0.8244009670356862,0.7343524918398723,True,0.29593514483312916,0.22004544005102042,False,0.30301339285714285,0.8968390544334752,1,7002c25e-83ce-4af1-9cdb-a9d4899d6104,p5head_em,2,495881.5442788745
0.34580202548186867,0.3103594678743278,False,0.0,0.02391581632653061,False,0.44638871173469385,1.0,1,70338dbe-6db2-410b-89b6-3d4e3fef82d2,p5head_em,1,495881.5442788745
0.9317264685293488,0.914949313741943,True,0.47194304230256656,0.14457110969387754,False,0.23467394770408162,0.6111111111111112,1,70a2c018-870c-4a1a-b3d3-d2647df5d30e,p5head_em,1,495881.5442788745
0.960318753675815,0.9337404011227581,True,0.13724936803172635,0.04276945153061224,False,0.4785754145408163,1.0,1,70b0ae1e-ee05-4bdf-a35f-0d7eac98e3cb,p5head_em,1,495881.5442788745
0.8341333366921868,0.9178256805100994,True,0.40387378706657706,0.23860012755102042,False,0.11603156887755102,0.2652856665552957,1,70d7f4df-5497-4205-a36b-e47b58145fa2,p5head_em,2,495881.5442788745
0.9698195675698961,0.938222356260248,True,0.15167189777177087,0.04276945153061224,False,0.33629623724489793,1.0,1,70df055d-95ca-4ea1-bae5-d98a6a17aecc,p5head_em,1,495881.5442788745
0.5455190723883832,0.36688169003467513,False,0.012592311873292425,0.01913265306122449,False,0.23945711096938777,1.0,1,71069ed0-4e0e-4afd-8fdb-d35863770c87,p5head_em,1,495881.5442788745
0.7296991723839374,0.6553860067996824,True,0.4268168821993925,0.31995376275510207,False,0.477718431122449,0.9319172791827582,1,71131596-6768-4832-a4b4-5b7a1478d060,p5head_em,2,495881.5442788745
0.9812869494266093,0.8797765862999075,True,0.11500381953636908,0.02507174744897959,False,0.12978316326530612,1.0,1,715befe0-993e-4532-85e1-30e038524fb9,p5head_em,1,495881.5442788745
0.7334089099126956,0.5965959811548682,True,0.399515637603022,0.28455835459183676,False,0.31692442602040816,0.8105476957557081,1,717269da-561f-461f-93c5-f5047f91e5b5,p5head_em,2,495881.5442788745
0.9561292883171715,0.9430619286192644,True,0.13988094271768683,0.03049266581632653,False,0.46073820153061223,1.0,1,718d6d9e-aa8e-46bf-8b5d-1e42e6f398bf,p5head_em,1,495881.5442788745
0.8652479106252831,0.7599460101309722,True,0.3894733234158549,0.24565529336734693,False,0.3137755102040816,0.8819568392016874,1,7193cbb0-daf6-4ee6-90b4-1db93123040d,p5head_em,2,495881.5442788745
0.8989603418698966,0.8328467634725524,False,0.067539575014849,0.021524234693877552,False,0.20796795280612246,0.9824074074074074,1,71a40b76-1525-460e-88e4-8ecdff621e5f,p5head_em,1,495881.5442788745
0.7893946823580186,0.687822319743685,True,0.15751474137706578,0.09462691326530612,False,0.20812739158163265,0.3930075821398484,1,71c5e5fa-6d92-44a3-a9fa-1e3421b27a07,p5head_em,2,495881.5442788745
0.9851100622650767,0.9643869505654658,False,0.06808937292931053,0.01650191326530612,False,0.3203922193877551,1.0,1,721ca747-d0c2-45c2-adf3-4c3640034519,p5head_em,1,495881.5442788745
0.953992483611318,0.9264340740101518,False,0.18361595223714766,0.05660076530612245,False,0.4534438775510204,1.0,1,722ad9c3-919a-4c08-bb67-cafd603ba754,p5head_em,1,495881.5442788745
0.9565181491594354,0.9295747568319325,False,0.14950386805731783,0.04370615433673469,False,0.36949936224489793,1.0,1,725e5df8-932f-48f6-bb2a-619c40e00bd6,p5head_em,1,495881.5442788745
0.88215002431282,0.5832879519042496,True,0.25241269596664717,0.12747130102040816,False,0.2467315051020408,0.9890556597873671,1,72a10e64-2d93-4b61-8b90-8efef7284ced,p5head_em,2,495881.5442788745
0.221919922033623,0.13610664327143346,False,0.0,0.018415178571428572,False,0.411930006377551,0.1645021645021645,1,72a2d10b-cc88-433c-b988-8013f7530d99,p5head_em,1,495881.5442788745
0.8124123557158661,0.8163578755673514,True,0.2142515790391451,0.11172672193877552,False,0.2431640625,0.7215483410631466,1,72dfb20b-bace-4888-85b5-22646ca74a28,p5head_em,3,495881.5442788745
0.8720169505003064,0.8378638013263331,True,0.320828722504858,0.19489397321428573,False,0.3500279017857143,0.9319971367215462,1,72fd2587-d327-4e42-9e18-03479b1a18f9,p5head_em,2,495881.5442788745
0.38087241532796506,0.38467993980784815,False,0.0,0.014947385204081632,False,0.3485132334183674,0.2786666666666667,1,730b6928-fd01-4955-b4be-bca1e1e9306f,p5head_em,1,495881.5442788745
0.8023069148407275,0.6688591660888741,False,0.03284947701240459,0.020089285714285716,False,0.2678372130102041,1.0,1,733320d8-8270-4171-b6f3-7ab2eda1e109,p5head_em,1,495881.5442788745
0.7507542768208315,0.7997006450939744,False,0.10748472512243938,0.03983976403061224,False,0.3722297512755102,0.7698849424712356,1,734b9290-8d34-4d42-9d2b-1b3bdb98c373,p5head_em,2,495881.5442788745
0.8827073836427162,0.6986499935223942,False,0.06089903523289407,0.028459821428571428,False,0.2641701211734694,1.0,1,737007e0-adbe-4773-8e57-da8a0c7b3f53,p5head_em,1,495881.5442788745
0.7782684001257949,0.6692119689096776,True,0.12423373905384925,0.06939572704081633,False,0.3046077806122449,0.9784606547960942,1,737030d6-07d1-43de-9e11-82b31accd240,p5head_em,2,495881.5442788745
0.7564494184903968,0.608238458335285,True,0.28437982928744127,0.15322066326530612,False,0.2696906887755102,0.7721123829344433,1,737aa32f-2044-45a6-b50c-b3aadb51394a,p5head_em,2,495881.5442788745
0.563993877329452,0.6122879863963332,False,0.04115890487882452,0.038982780612244895,False,0.35624601403061223,0.9913087934560327,1,73b46983-7780-4d82-874a-d9255dd639cb,p5head_em,2,495881.5442788745
0.8673157848110449,0.8208159993172167,True,0.24181002565582382,0.13105867346938777,False,0.3383689413265306,0.8848844282238443,1,73b9e53d-0501-4d0e-bc35-9eab24af5551,p5head_em,2,495881.5442788745
0.8523917942392397,0.6585124201410053,True,0.2506955237769528,0.14012675382653061,False,0.3596141581632653,0.9819371355425971,1,73cd5772-d381-4e83-a022-3fab0f78b035,p5head_em,2,495881.5442788745
0.9717852412593032,0.9407831879316839,False,0.07958374716799588,0.028021364795918366,False,0.27602838010204084,0.9537695590327169,1,741e924e-b826-47e9-a349-879561029b24,p5head_em,1,495881.5442788745
0.7405503591996477,0.691897873183232,True,0.24474015124026255,0.13454639668367346,False,0.3324497767857143,0.7533698711302029,1,742365a8-d9a5-41e4-b8a3-24a03a894f9f,p5head_em,2,495881.5442788745
0.8528503845837513,0.8402864899458053,True,0.06969626626529885,0.024394132653061226,False,0.35829878826530615,0.9983660130718954,1,74340139-eebf-445a-a0a1-2b9101233a3a,p5head_em,1,495881.5442788745
0.9895774990956931,0.972660910260408,False,0.10602796382446167,0.023995535714285716,False,0.3911232461734694,1.0,1,7469db63-0c15-4e73-b6c4-9df8c2b9dd6c,p5head_em,1,495881.5442788745
0.9142707316689229,0.8134360589725271,False,0.03304724106656472,0.009167729591836735,False,0.31602758290816324,1.0,1,74e774b3-ca7c-47c7-b580-393f6a432206,p5head_em,1,495881.5442788745
0.995262206391086,0.9855568591128949,False,0.06624964698040231,0.010463169642857142,False,0.33322704081632654,1.0,1,754ca39f-2e96-47ed-bb55-a56727317591,p5head_em,1,495881.5442788745
0.9835084581775335,0.914034889754922,True,0.17263490311530688,0.05311304209183673,False,0.10758131377551021,0.8904315196998124,1,761160f0-7d5b-448c-b708-c77838def919,p5head_em,1,495881.5442788745
0.9450399676200268,0.8956619132844524,False,0.07606006782228035,0.01793686224489796,False,0.36314174107142855,1.0,1,7639c65f-52bf-4040-8907-729964dc5563,p5head_em,1,495881.5442788745
0.9882252633902165,0.9751883520175276,True,0.08536652172404477,0.03515625,False,0.31618702168367346,0.9965986394557823,1,769f98fc-59c7-4f3a-af65-80a75b679923,p5head_em,1,495881.5442788745
0.990444832809957,0.9659280532656745,False,0.07091472461674876,0.018534757653061226,False,0.2932079081632653,1.0,1,76cee8c3-d2a0-47c8-9755-b65d3c152134,p5head_em,1,495881.5442788745
0.8976518550189739,0.7423455131639485,False,0.05429490702121859,0.0272640306122449,False,0.33529974489795916,1.0,1,7759e7ae-641f-4504-b373-95a8763dc59a,p5head_em,2,495881.5442788745
0.9175273874134176,0.755440128905899,True,0.12634824813679413,0.06397480867346939,False,0.27674585459183676,1.0,1,775cfd2b-66a5-46ef-8531-c554744b634e,p5head_em,2,495881.5442788745
0.944001162259845,0.89955503608872,True,0.1275511429418887,0.04763233418367347,False,0.3772122130102041,1.0,1,776835b8-9137-4b15-abd4-3aebda8793d5,p5head_em,2,495881.5442788745
0.6625173551857044,0.5142541865843425,False,0.05460233965135895,0.0389030612244898,False,0.28146922831632654,1.0,1,776b44fa-43e6-4f7b-87fb-7ae97763085f,p5head_em,1,495881.5442788745
0.7580888581008024,0.6173120717007377,True,0.052823935923257154,0.020388233418367346,False,0.15066964285714285,1.0,1,77b4b295-c277-42a7-b210-b236ea42274e,p5head_em,2,495881.5442788745
0.7341918859256591,0.7200143561757776,True,0.40147751647872404,0.26552535076530615,False,0.4470065369897959,0.8937176311641523,1,783cc3b7-1d84-45f8-b42d-96ceb9fc7e43,p5head_em,2,495881.5442788745
0.47842004543373795,0.5391682724560727,False,9.645396396504156e-05,0.013153698979591837,False,0.4362643494897959,1.0,1,78815820-d7fd-4763-b69d-7bad8475e7ed,p5head_em,1,495881.5442788745
0.7388665982104623,0.7004799333052664,False,0.05204948653259858,0.02903778698979592,False,0.2918726084183674,0.24227865477007549,1,78b4b710-15b7-4ea3-b761-c2371594cbf1,p5head_em,1,495881.5442788745
0.9404879159549262,0.7665613642444229,False,0.21522221913632522,0.10833864795918367,False,0.28396045918367346,1.0,1,79398af7-b117-4371-b174-9a7644c12e06,p5head_em,2,495881.5442788745
0.9926415665602598,0.9705924079581048,False,0.04980305475981813,0.011479591836734694,False,0.2560985331632653,1.0,1,79bb5ea3-ca6c-4d75-a379-a6ee6c6da659,p5head_em,1,495881.5442788745
0.9903945077977132,0.9749032459190318,False,0.09416506742588042,0.023417570153061226,False,0.36075015943877553,1.0,1,79c5d2b3-0df0-4d85-b0f1-7936545c8c54,p5head_em,1,495881.5442788745
0.8723362868840389,0.8530409878255891,True,0.06299386641630213,0.022122130102040817,False,0.2830436862244898,1.0,1,7a32a64b-a415-4585-a110-981b913ac959,p5head_em,1,495881.5442788745
0.7099033869636027,0.639603173848316,True,0.1853427883867336,0.07643096301020408,False,0.3003029336734694,0.5833116036505867,1,7b2d7682-0c3a-4ce5-aae4-d06a5ab14ba9,p5head_em,2,495881.5442788745
0.8445014572161083,0.6957156879386563,False,0.029500171019942883,0.018136160714285716,False,0.3148915816326531,1.0,1,7b56e6a2-be01-44b9-9ccd-a70cd5c8fbfa,p5head_em,1,495881.5442788745
0.7948281601277051,0.6279680896888133,True,0.11766058407510768,0.06417410714285714,False,0.30873325892857145,1.0,1,7b8e6b7c-06c0-4006-8cbe-f1d92edeed07,p5head_em,2,495881.5442788745
0.8137223476478748,0.7236417440378883,True,0.3579385812189297,0.23493303571428573,False,0.35331632653061223,0.9339158466236851,1,7b94fc31-0735-4840-beb8-c685f22ec90b,p5head_em,2,495881.5442788745
0.9737032983348156,0.9439385264737884,True,0.1139678646900997,0.026785714285714284,False,0.2504185267857143,0.9873511904761905,1,7bb5c7df-51a0-4675-9962-6407d0160c65,p5head_em,1,495881.5442788745
0.8924269746023465,0.8053737784897614,False,0.08967713604016316,0.04789142219387755,False,0.2932876275510204,0.6937161880982106,1,7c086e53-4bad-4bc6-9ff6-292614b69e07,p5head_em,3,495881.5442788745
0.7928322916562672,0.7083891063332853,False,0.015986330328251266,0.008709343112244899,False,0.22584502551020408,1.0,1,7c142fbc-8cd2-4b09-a687-c0253a2a3b06,p5head_em,1,495881.5442788745
0.8516077304074251,0.7992933894454108,True,0.2614871648584444,0.17468510841836735,False,0.41665338010204084,0.9756988020536224,1,7c5188fb-01b8-4923-9715-83f13a5e861b,p5head_em,2,495881.5442788745
0.9925863842905663,0.9876941058823733,True,0.2297306428759405,0.052614795918367346,False,0.33462213010204084,0.9901515151515151,1,7c9c96d6-47f9-4ab5-ad10-9be7371ac649,p5head_em,1,495881.5442788745
0.46109895453440314,0.4857079547972524,False,0.0,0.01634247448979592,False,0.37611607142857145,1.0,1,7d6b6af5-80ec-48c7-8efd-c11183e16280,p5head_em,1,495881.5442788745
0.9580372218018958,0.8977528340475905,True,0.21511258968307384,0.07354113520408163,False,0.3520408163265306,1.0,1,7dc708a6-2f23-45e3-b924-67c0b5c621f2,p5head_em,1,495881.5442788745
0.8286144814966392,0.6662772671375968,False,0.1058106675264224,0.052614795918367346,False,0.31192203443877553,1.0,1,7eb0abcb-860e-4745-b311-28657770c038,p5head_em,1,495881.5442788745
0.7727662561794432,0.832924732726558,True,0.1901054495686216,0.11519451530612244,False,0.41988201530612246,0.9121107266435986,1,7ebeb647-d104-412c-a202-247b650f7cc0,p5head_em,2,495881.5442788745
0.7279408612804548,0.6309229275209696,False,0.049638994382115845,0.027802136479591837,False,0.27525111607142855,1.0,1,7ef28198-53a4-408e-8a54-1d421c97edba,p5head_em,2,495881.5442788745
0.8086281078131506,0.7070718126242109,False,0.1418591007925343,0.07473692602040816,False,0.35315688775510207,0.8413333333333334,1,7ef47be2-106c-41d5-aa52-7c14a0fb82a1,p5head_em,2,495881.5442788745
0.7800207764601528,0.6889123671681768,True,0.05532079248778514,0.02702487244897959,False,0.34436782525510207,1.0,1,7efc355d-92be-4776-8134-7c3daa100a00,p5head_em,2,495881.5442788745
0.9806077791083858,0.959706145632392,True,0.13648523760348924,0.026965082908163265,False,0.36300223214285715,1.0,1,7f44bc68-029e-4c1f-ad3a-9c020086afb0,p5head_em,1,495881.5442788745
0.920125623523293,0.8828068383407154,True,0.23808718883171992,0.12639508928571427,False,0.34681919642857145,0.9631031220435194,1,7f9859ae-f79c-495a-b5ab-f717e2bde686,p5head_em,2,495881.5442788745
0.623707298249851,0.4310332027582352,False,0.01664713261820336,0.019730548469387755,False,0.25021922831632654,1.0,1,803c7f34-9b41-41b2-8cac-1b78147e3c32,p5head_em,1,495881.5442788745
0.3148616273550653,0.21711401341813827,False,0.0840727369910762,0.23596938775510204,False,0.33663504464285715,0.23868243243243242,1,805f684c-7781-45ba-83db-4ae332bd2cd7,p5head_em,1,495881.5442788745
0.6942223816602242,0.48623177003943474,False,0.24836571077199357,0.15581154336734693,False,0.13048070790816327,0.6242005628037861,1,809830cd-c757-4e81-abec-0d6d935ae0ce,p5head_em,2,495881.5442788745
0.46026983404378596,0.4851981462215076,False,0.0,0.03687021683673469,False,0.4583067602040816,1.0,1,8106073f-c91e-49cc-bfd8-c191fe793638,p5head_em,1,495881.5442788745
0.5493231944783405,0.4364581140843087,True,0.29798782172596894,0.15477519132653061,False,0.3778499681122449,0.7343548802472315,1,811411e8-31da-4df5-9244-dd888c6af020,p5head_em,2,495881.5442788745
0.5075034230545608,0.6813851550506802,False,0.07540706865805263,0.11790497448979592,False,0.2852758290816326,0.6962474645030426,1,811b44c8-1564-4d18-b19a-37caa720c102,p5head_em,2,495881.5442788745
0.974928774357088,0.9717018414980355,True,0.2213902287700424,0.06796077806122448,False,0.4729551977040816,0.9821114369501466,1,815dd1c1-3e01-4038-9723-39d05e8b3cd3,p5head_em,1,495881.5442788745
0.9463885327940073,0.9402645836716914,True,0.1815870273956891,0.06839923469387756,False,0.4121691645408163,0.8458624708624709,1,8160b6e6-9cbf-4083-b849-991b1eaed067,p5head_em,1,495881.5442788745
0.8994483037226645,0.516026881973441,True,0.09594005983923344,0.04159359056122449,False,0.2023078762755102,1.0,1,8194b336-dd7c-42de-9471-ebba8c4db0c0,p5head_em,2,495881.5442788745
0.9465519258015289,0.9484389760825856,True,0.20080187922821954,0.03746811224489796,False,0.39072464923469385,1.0,1,820ace18-945b-49e0-99b7-386c94a92182,p5head_em,1,495881.5442788745
0.8115733272422526,0.506789658301206,True,0.11567733109046358,0.06869818239795919,False,0.29067681760204084,0.886858137510879,1,821694bc-d155-4690-84f8-268eb8da05d7,p5head_em,2,495881.5442788745
0.6829937918402064,0.48446889913588126,True,0.42855232846539065,0.3062021683673469,False,0.4425422512755102,0.9053631866701379,1,822ac3a2-71b5-4540-9139-2dcca518f09f,p5head_em,2,495881.5442788745
0.7689460337895788,0.7078873324678416,True,0.410191327827287,0.22821667729591838,False,0.2596460459183674,0.6283294035455419,1,82ad571f-aa41-4f2c-b07f-de31c4d1a53c,p5head_em,2,495881.5442788745
0.867812388950922,0.7822779245959278,True,0.5067908276371643,0.3106265943877551,False,0.3251155931122449,0.702361093288849,1,83094251-fcda-4f05-a02c-00b6fd9d764b,p5head_em,2,495881.5442788745
0.797785364757977,0.6769864787247976,True,0.17350228479780802,0.09729751275510204,False,0.23457429846938777,0.8453502662843098,1,83a7cf6f-434d-487a-b273-5185ab1b2f24,p5head_em,2,495881.5442788745
0.7879780916131798,0.7565080394741174,True,0.6140534936806623,0.47034438775510207,False,0.366390306122449,0.755,1,844ac956-e1e2-4f27-b58c-390d6405c3a0,p5head_em,2,495881.5442788745
0.908318070265722,0.871001852189227,True,0.5821778104292133,0.3430923150510204,False,0.2522720025510204,0.6376996805111821,1,848a75c0-f225-406c-ace5-4c8589cc2368,p5head_em,2,495881.5442788745
0.3620463960219866,0.34360478139835027,False,0.018459984036551164,0.07969945790816327,False,0.37503985969387754,0.9764941235308827,1,84a14ff5-f4fe-4ee4-9873-ccb84b76d5a8,p5head_em,2,495881.5442788745
0.8882761869219681,0.8927318350719406,True,0.40547175290637094,0.15595105229591838,False,0.325374681122449,0.7229392971246006,1,84b0f6d4-30e5-4124-8d7d-5f747e2368bf,p5head_em,2,495881.5442788745
0.33184633035697714,0.1750705156420373,False,0.0006455252746275905,0.12926498724489796,False,0.2861926020408163,0.6951896392229417,1,8570eacc-7d96-40b8-9be9-11a7b56db4c7,p5head_em,2,495881.5442788745
0.9264613959687293,0.9674652992168205,True,0.3307451680007461,0.09859295280612244,False,0.3128188775510204,0.6339195472003234,1,859ec41e-8eb9-4aca-a0bf-c17a0984b894,p5head_em,1,495881.5442788745
0.8083022936229081,0.6142499086232481,False,0.12700209403671778,0.06975446428571429,False,0.3301578443877551,0.9971428571428571,1,85a40af4-f5e5-4fae-8260-6c6031a73e0b,p5head_em,2,495881.5442788745
0.7270518321519849,0.7267976504532795,True,0.5395865025021609,0.13837292729591838,False,0.40652901785714285,0.9428201065821691,1,85d594b2-bfec-4a82-a67d-79b59ebed297,p5head_em,3,495881.5442788745
0.9104275729971104,0.9897970736752325,True,0.1760150304298337,0.042490433673469385,False,0.34550382653061223,0.8977485928705441,1,8615728f-3449-4e56-aa8f-cc4e2e2aef5c,p5head_em,1,495881.5442788745
0.9315204340443205,0.8713327336389867,True,0.2804539442088267,0.14564732142857142,False,0.4076450892857143,0.9943897099069513,1,863e0a4a-8eaf-4dae-9a9f-fe81a437b27c,p5head_em,2,495881.5442788745
0.613324843770921,0.4682355690140956,False,0.15762160601314532,0.10511001275510204,False,0.3372130102040816,0.9023511566173682,1,86656024-1e59-42b7-984b-db90873f1de8,p5head_em,2,495881.5442788745
0.822158773169385,0.8539598791821162,True,0.590234375964545,0.3798828125,False,0.30165816326530615,0.7182729132784219,1,86853bbd-5af2-4551-8273-f2978dffdd76,p5head_em,2,495881.5442788745
0.8784169864470901,0.8864955942475091,False,0.2186266710448869,0.08801020408163265,False,0.35415338010204084,0.8145380434782609,1,86a6c564-e88d-4a30-9dc7-cddbab5773b5,p5head_em,1,495881.5442788745
0.7732464807995274,0.7424993758852584,True,0.4732126096582538,0.20703125,False,0.5239158163265306,0.8079514824797843,1,86f084ef-539c-404b-9a91-c9a5d5ab3771,p5head_em,2,495881.5442788745
0.5039577166040837,0.16556489640532152,False,0.052309544901011425,0.07172751913265306,False,0.3823341836734694,0.3298138371769936,1,87122134-7b22-4c4b-b447-2a4056846af9,p5head_em,1,495881.5442788745
0.8828953756053559,0.6813359404088439,True,0.3297023237274494,0.1942761479591837,False,0.1981823979591837,0.8357611817808781,1,87c837b2-2bcb-424f-9ba3-c49aea7b3860,p5head_em,2,495881.5442788745
0.8895113241092861,0.9127576050024505,False,0.3908707326718569,0.24230707908163265,False,0.34030213647959184,0.6608817239677579,1,882203ce-6bd1-4fee-905f-2d72d9dde0ce,p5head_em,2,495881.5442788745
0.8213979271839491,0.7681801329657915,True,0.433584220717525,0.17040019132653061,False,0.3272680165816326,0.8656140350877193,1,88334a4b-2cbe-44e1-8e19-2d45a576be9f,p5head_em,2,495881.5442788745
0.8898926911301052,0.7771975824679614,True,0.28504533788925296,0.15019132653061223,False,0.2643494897959184,0.9064490445859873,1,88363702-59f4-4dc3-b3cc-316b9216fdc1,p5head_em,2,495881.5442788745
0.8020564115764428,0.7407390984008105,True,0.30821988209749573,0.11543367346938775,False,0.3454041772959184,0.924378453038674,1,883e12fd-4837-41dc-9298-86e3c6a5cc5a,p5head_em,2,495881.5442788745
0.9088822949164317,0.8759835438978676,True,0.545952621253343,0.35439253826530615,False,0.2522720025510204,0.6461028005848611,1,887f1973-3952-40a2-acf7-19a471c1c92d,p5head_em,2,495881.5442788745
0.8547695167604227,0.7894206878693458,False,0.1655915748117285,0.08394451530612244,False,0.31094547193877553,0.8725071225071225,1,88d25c7b-029a-484e-b860-284e164422cf,p5head_em,2,495881.5442788745
0.6579832283821673,0.6824891634838091,True,0.37416523744819835,0.2408123405612245,False,0.3463807397959184,0.8113051394521228,1,89167da1-8247-4305-a734-2ca77f25fc82,p5head_em,2,495881.5442788745
0.712861338226791,0.6250118765697152,True,0.3500878297117023,0.22253667091836735,False,0.29324776785714285,0.8010926025434354,1,89492f31-d3a7-4e3f-b715-efa858eb1c8c,p5head_em,2,495881.5442788745
0.5326871186374511,0.3970565781304235,False,0.1736563027273766,0.18263711734693877,False,0.30100047831632654,0.5592536010475775,1,895c1071-db4e-4163-a754-1f3e0d32d439,p5head_em,2,495881.5442788745
0.7592740861531831,0.7078865776668721,False,0.084421603323979,0.06676498724489796,False,0.40880102040816324,0.9988059701492538,1,8996833b-bd93-4721-bf63-1da145e7f851,p5head_em,1,495881.5442788745
0.7532058820657914,0.6098573729008512,False,0.4140841444415793,0.2969945790816326,False,0.3075573979591837,0.8241846731982284,1,8a19e3ab-3b83-40d2-8ba3-40906f01c5a4,p5head_em,2,495881.5442788745
0.8043266495123661,0.7313044506354099,True,0.19679680397074142,0.1259765625,False,0.35560825892857145,0.9498497073247903,1,8a36f06f-80b0-43d6-8dcf-391e49587ebc,p5head_em,2,495881.5442788745
0.6398270247972222,0.7289994603479069,False,0.1364857703099711,0.06584821428571429,False,0.37406329719387754,0.8223365617433414,1,8a545321-245d-4e23-a4ca-634a90c5ba89,p5head_em,1,495881.5442788745
0.8911524605203723,0.8721809803951923,True,0.36027145371390445,0.18323501275510204,False,0.4934630102040816,0.9698716554274527,1,8b2e953f-7c4d-48ee-ada6-8d12f1b4025a,p5head_em,2,495881.5442788745
0.796421587105368,0.4810306310689452,False,0.20779412532337999,0.12236926020408163,False,0.14708227040816327,0.6376221498371335,1,8b3ffca6-7869-474c-b397-58e089dd09ab,p5head_em,2,495881.5442788745
0.7564884916548835,0.5727715592818942,True,0.5349564787076424,0.37063536352040816,False,0.3368542729591837,0.7651234070011292,1,8b6be652-97a4-4149-bd5a-92464ba031ef,p5head_em,2,495881.5442788745
0.8273513458690319,0.6167577464936539,True,0.2992575593433327,0.17908960459183673,False,0.2662826849489796,0.8983975072334743,1,8b78523f-8061-41b9-9be6-cd64fef9f2d2,p5head_em,2,495881.5442788745
0.7244498131664902,0.4736778538233277,True,0.5302999893551116,0.41133211096938777,False,0.3444674744897959,0.7760550414264257,1,8b7faeea-4312-42a0-876c-bf8b1ead07e8,p5head_em,2,495881.5442788745
0.32023812415243624,0.1245651026499257,False,0.00016765220008901026,0.17815290178571427,False,0.43369339923469385,0.7467278219040161,1,8b905c1d-6d77-4502-8ccd-e3b23c313610,p5head_em,2,495881.5442788745
0.6843182179199788,0.6171450542577456,True,0.4242656505177245,0.336734693877551,False,0.3333067602040816,0.7993016098484849,1,8baa988a-3db3-4abb-8824-5532a4a020da,p5head_em,2,495881.5442788745
0.8444843947157373,0.8005688165220024,True,0.4796152269546061,0.2858139349489796,False,0.29372608418367346,0.7277037863468377,1,8bcaf61e-7a7b-477e-9618-02c434998ffd,p5head_em,2,495881.5442788745
0.6240014737484229,0.6877950086827829,False,0.1658603211789539,0.09580277423469388,False,0.31923628826530615,0.9858539629706677,1,8be52575-7877-41c2-a1cd-cb16915273b6,p5head_em,2,495881.5442788745
0.6798018809602917,0.6178814991343683,True,0.20888913921943664,0.12149234693877552,False,0.3672472895408163,0.993766404199475,1,8c07ec1c-76d2-459d-ad7e-7b3e198affb8,p5head_em,2,495881.5442788745
0.7856739613931574,0.6516339026903885,True,0.2723125690548498,0.17402742346938777,False,0.4138034119897959,0.9918689876316995,1,8c10567b-8e66-4f35-bc42-d2698469e586,p5head_em,2,495881.5442788745
0.7100071147882857,0.7141000850225087,True,0.40186960064796656,0.25550063775510207,False,0.3916015625,0.9451638065522621,1,8c2aa2bb-ac88-4f14-a322-72d7e23749e8,p5head_em,2,495881.5442788745
0.7309774664155759,0.694579379925919,True,0.48185355340772523,0.3090919961734694,False,0.3726084183673469,0.7761944677284157,1,8cb6fe1e-ed23-44af-9a1d-85fe2bdb106e,p5head_em,2,495881.5442788745
0.8391284707034098,0.567531832691379,False,0.04418374141873004,0.01865433673469388,False,0.20665258290816327,1.0,1,8cd0ae94-29a7-4c44-a95d-ac1415018644,p5head_em,1,495881.5442788745
0.6998514867909166,0.45145493580151447,False,0.18165277694109966,0.1398078762755102,False,0.34287308673469385,0.9107626514611546,1,8cd0b312-ea6b-43c6-b637-ccba125ee5cd,p5head_em,1,495881.5442788745
0.9074056008975526,0.8119515730597748,True,0.3900059244053596,0.23180404974489796,False,0.32597257653061223,0.907488608030264,1,8d1a4fe3-329f-4eea-a5b7-953d617a74fa,p5head_em,2,495881.5442788745
0.7799529308845292,0.7761385534429599,True,0.48681790012021264,0.25566007653061223,False,0.24433992346938777,0.6501403180542563,1,8d469ff7-e46f-4102-9e95-fdd63753b34c,p5head_em,2,495881.5442788745
0.8695451703234921,0.9558522953924254,False,0.41298203707386194,0.14923469387755103,False,0.3583187181122449,0.6989850427350427,1,8d4da897-7d1c-4d08-a5f4-f99092face76,p5head_em,1,495881.5442788745
0.6639402881500218,0.5511730969447041,True,0.24789170485071108,0.14823820153061223,False,0.29041772959183676,0.7756117235816079,1,8dac50e2-b384-42f6-b05f-80347f7d30a9,p5head_em,2,495881.5442788745
0.38958552493162213,0.2961451885199775,False,0.0,0.052734375,False,0.2451171875,0.6186696900982616,1,8dbe2174-b173-4e56-be9c-a2a1c29c0919,p5head_em,1,495881.5442788745
0.6030056762692403,0.7023617331581881,True,0.31409066236899624,0.2200653698979592,False,0.39853714923469385,0.5785183843506612,1,8dee40b1-4d3a-4d8b-853d-5651925b0ffa,p5head_em,2,495881.5442788745
0.32314520180874223,0.36761754587155965,False,0.0,0.04799107142857143,False,0.32230548469387754,0.9219269102990033,1,8e09afee-7a2c-4a53-84ed-ed2dad8d02be,p5head_em,1,495881.5442788745
0.7416700080645404,0.7424819347133121,True,0.4415804039785334,0.331234056122449,False,0.31417410714285715,0.7569193742478941,1,8eb51db4-ac8d-4a83-b071-53fce028dd27,p5head_em,2,495881.5442788745
0.7769565695914337,0.7908972694738896,True,0.4219485883699208,0.28675063775510207,False,0.33689413265306123,0.7608423686405338,1,8eef29e3-b9de-4c4f-b1f5-efb9fe7b349a,p5head_em,2,495881.5442788745
0.836854057965119,0.8459883136389225,True,0.48578351872606435,0.3070790816326531,False,0.3995336415816326,0.9022585669781932,1,8f03d98b-553c-4fb4-b1e3-ea86a8e2c92d,p5head_em,2,495881.5442788745
0.7925883151891231,0.6608937466901097,True,0.5530423180587569,0.366390306122449,False,0.30271444515306123,0.7488033072236727,1,8f96a328-72fe-4c24-a57f-be79315acddf,p5head_em,2,495881.5442788745
0.8447216350950716,0.704121762185371,False,0.18447286891162729,0.08250956632653061,False,0.3741430165816326,0.9975845410628019,1,8fac10c1-1b23-447b-9169-ea50cae270c2,p5head_em,2,495881.5442788745
0.9012034139725783,0.8427368582563325,True,0.19123790285823586,0.1015625,False,0.3683235012755102,0.9733124018838305,1,8fe8e95c-46a1-4ee2-a2d6-2174c6ec50cf,p5head_em,2,495881.5442788745
0.7660750639825411,0.8639932874039766,True,0.48030950257377414,0.35435267857142855,False,0.3578404017857143,0.7809898762654668,1,905a246c-e06d-4060-88f6-98e3b063786e,p5head_em,2,495881.5442788745
0.2526050420168067,0.16609495807470326,False,0.0,0.05133928571428571,False,0.40365911989795916,0.7329192546583851,1,905cf7dc-9b4f-4c3d-816c-65c3b6be7237,p5head_em,1,495881.5442788745
0.9340753911170274,0.8878524456045135,True,0.2069705506083023,0.07174744897959184,False,0.4112523915816326,0.9433333333333334,1,908d0efc-973e-4880-84e9-fc1b0a892461,p5head_em,1,495881.5442788745
0.8448960954217534,0.6426639417629008,True,0.4711749192775675,0.33264907525510207,False,0.29342713647959184,0.7123599544664789,1,90ca0844-924a-4f74-926e-7561a808c0f4,p5head_em,2,495881.5442788745
0.6393356807209153,0.684022979182696,True,0.41608883364925603,0.319515306122449,False,0.3150111607142857,0.8330214570858283,1,90cdd0b1-e8b4-40e7-bd3c-ae5a5674db3c,p5head_em,2,495881.5442788745
0.7724574770359118,0.8945121619109527,True,0.2846356190197336,0.16270727040816327,False,0.27445392219387754,0.8848603625673689,1,90dc43af-fe27-4f49-92c3-969de5551b5a,p5head_em,2,495881.5442788745
0.521352023201059,0.5793996158958148,False,0.2768281614143377,0.29282924107142855,False,0.4944395727040816,0.9111821956033486,1,911027e5-82d0-44f8-af40-de9049922430,p5head_em,2,495881.5442788745
0.7228395131239996,0.6782518750041465,True,0.6244957579292167,0.3675063775510204,False,0.254703443877551,0.5799349240780911,1,911a46a2-4371-4012-9f0c-c3b2b323c4fd,p5head_em,2,495881.5442788745
0.5393880207181919,0.4297858889683741,True,0.221423075599688,0.14594626913265307,False,0.34267378826530615,0.7943465792707907,1,9131bb85-6251-4f0e-9ccb-4a4189f84087,p5head_em,3,495881.5442788745
0.7491449475427057,0.6115083444484273,True,0.5950001638218497,0.33701371173469385,False,0.28696986607142855,0.5311058545239503,1,9164c28f-9820-49e5-8020-460bf25c270c,p5head_em,2,495881.5442788745
0.8906243876749829,0.9606862934116224,True,0.6206497482449315,0.41761001275510207,False,0.3377710459183674,0.6817791352486399,1,916a0cd0-d682-43e0-aeb2-8da59c626599,p5head_em,2,495881.5442788745
0.7560664518241946,0.7142555489652862,True,0.4532628737261612,0.21504304846938777,False,0.3507453762755102,0.7967562557924004,1,916de1f3-688e-4d39-bd41-db3f653e90b8,p5head_em,2,495881.5442788745
0.9833560838325094,0.9655819305657157,True,0.09872194887878306,0.04583864795918367,False,0.30630181760204084,0.9956521739130435,1,917ea1aa-b1b2-402b-b831-cacf85756279,p5head_em,1,495881.5442788745
0.6999838274232232,0.5873809104224947,True,0.4484780882788399,0.2919124681122449,False,0.22116151147959184,0.6553560456066089,1,9271f16e-e163-4ade-939b-3383b8252da3,p5head_em,2,495881.5442788745
0.9835679381422611,0.9666462274507891,True,0.22110247062800223,0.06321747448979592,False,0.35251913265306123,0.9962168978562421,1,92c60df4-5279-45d0-90ca-d15b74d7d7b1,p5head_em,1,495881.5442788745
0.8584824334534726,0.8062903730647452,True,0.631596762579952,0.38693797831632654,False,0.329898756377551,0.7444244141127994,1,9363ce31-c17d-4287-ba3e-39ea2884a3cf,p5head_em,2,495881.5442788745
0.30017346053772764,0.3035989965264377,False,0.0,0.08083545918367346,False,0.4789341517857143,0.8143491124260355,1,938fb8f0-71d5-4c4b-98d4-0539a59a9ba4,p5head_em,1,495881.5442788745
0.9601773435259284,0.7587786530091465,False,0.2621888218196822,0.11997767857142858,False,0.1461455676020408,0.7887043189368771,1,93a95c68-c487-4e09-89e2-6e3849e44886,p5head_em,2,495881.5442788745
0.7405863477052528,0.5332605203983296,False,0.5081220388884677,0.35024713010204084,False,0.31050701530612246,0.8051667235689086,1,93b49de9-9267-43c2-a507-6885e4caeaba,p5head_em,2,495881.5442788745
0.8419527038464704,0.7817176341516384,True,0.4687899858991017,0.19357860331632654,False,0.29023836096938777,0.8084011119118707,1,9402fbff-b5cd-4372-a203-074a2f7d8bd1,p5head_em,2,495881.5442788745
0.940935862256133,0.8930023469895058,True,0.2491096436563716,0.10281808035714286,False,0.31857860331632654,0.9437875557278542,1,9406092a-9d4f-4143-be9e-452da62457b5,p5head_em,2,495881.5442788745
0.8415036582801283,0.9347478482971923,True,0.7139299495714031,0.26466836734693877,False,0.4682118941326531,0.6944277108433735,1,94ae3bbb-8079-4a25-bd9b-5aaabfb38948,p5head_em,1,495881.5442788745
0.9737668505467927,0.931288061859871,True,0.23636334338019838,0.04858896683673469,False,0.268375318877551,0.9774405250205086,1,94c76c85-6c36-4c63-bb12-704c4cdd422f,p5head_em,1,495881.5442788745
0.9810127502736498,0.9310591253975079,True,0.15782677936358613,0.05227598852040816,False,0.13133769132653061,0.6873808616088448,1,97558fff-a0e4-4d73-98da-0de2750873fb,p5head_em,1,495881.5442788745
0.818555768042928,0.8264146463868692,True,0.569159518944959,0.4268375318877551,False,0.35648517219387754,0.7500116729700705,1,97d33835-1ad8-4c7b-8fce-4552d9dbe2f4,p5head_em,2,495881.5442788745
0.9366798680759243,0.889356735924441,True,0.4989155836580112,0.28822544642857145,False,0.39951371173469385,0.8822431199004287,1,97fe9a9a-3b11-4cbe-b053-2d5de0739dff,p5head_em,2,495881.5442788745
0.6541736175471116,0.5170494298221697,False,0.059520984146374856,0.053810586734693876,False,0.3659717793367347,0.4388888888888889,1,9889dd70-f91b-462c-a5ce-8b77b97052a1,p5head_em,1,495881.5442788745
0.8235549572846452,0.8194359987688665,True,0.22532444898152737,0.12834821428571427,False,0.4418247767857143,0.8510869565217392,1,98c8bc72-1779-43f0-a118-538edcbc9e71,p5head_em,1,495881.5442788745
0.8391942011646992,0.9104840675151276,True,0.1773135597611334,0.11053093112244898,False,0.24758848852040816,0.7971510998918139,1,998e3a78-6d50-43e2-af5c-56a1b747092b,p5head_em,1,495881.5442788745
0.6405084768020877,0.6891028933059523,True,0.5547989430776932,0.38992745535714285,False,0.36015226403061223,0.8164068489649885,1,9a2accbb-06fe-4051-9542-2fa5f0c9e261,p5head_em,2,495881.5442788745
0.9760233373042959,0.9807117170904671,True,0.33117236296984304,0.06780133928571429,False,0.29161352040816324,0.7189888300999412,1,9a543e59-766e-4da2-82aa-a891682b2793,p5head_em,1,495881.5442788745
0.9494782177482425,0.8907825768861231,True,0.22053005244728788,0.08286830357142858,False,0.35744180484693877,0.9860509860509861,1,9a61bc75-01c7-496c-b5a9-b4ad264b7885,p5head_em,1,495881.5442788745
0.8564502471077754,0.9339661999121749,True,0.4155808749616433,0.21354830994897958,False,0.26365194515306123,0.5087260849276715,1,9a970136-ec7d-430f-9a70-c873fe64eddb,p5head_em,2,495881.5442788745
0.96013700380918,0.9628790011503311,True,0.383068313904604,0.11688855229591837,False,0.2924306441326531,0.742540494458653,1,9aed29ce-85b0-4cc5-9dad-7a1aac9c28b5,p5head_em,1,495881.5442788745
0.6448178317417079,0.9881267348968805,True,0.2640196328936565,0.18552694515306123,False,0.2635124362244898,0.18208185626812762,1,9b72e9f6-1001-4372-9120-951dab8c68eb,p5head_em,2,495881.5442788745
0.48718350845979325,0.27152996322083667,False,0.08964834470971131,0.1428172831632653,False,0.2450573979591837,0.451018699413899,1,9c48a4fc-de51-4ec0-a6e8-24995708ce92,p5head_em,2,495881.5442788745
0.7460529407517266,0.3133093841061847,True,0.32000180153735736,0.2090640943877551,False,0.2507174744897959,0.7343183984747379,1,9d021f29-5ab1-4713-a377-3cd80baaa477,p5head_em,2,495881.5442788745
0.6030494649170934,0.5419894059678447,False,0.1743083825030989,0.13887117346938777,False,0.30996890943877553,0.5261194029850746,1,9d42ccce-13f6-4053-8597-988d3ca98b74,p5head_em,1,495881.5442788745
0.8591159495229264,0.9310156350791604,True,0.3824776372121756,0.2258250956632653,False,0.3331273915816326,0.6955255493778131,1,9d5d0c30-fdd7-4799-a106-97b3bd6c4274,p5head_em,2,495881.5442788745
0.9831710599768038,0.9775648935716077,True,0.2984827815685595,0.08848852040816327,False,0.39809869260204084,0.9997747747747747,1,9d801278-8699-4eee-ac13-14de9cc773d1,p5head_em,1,495881.5442788745
0.9282762614730137,0.8314550457935133,True,0.1352004248050175,0.04591836734693878,False,0.2218391262755102,0.9952256944444444,1,9d82f9f6-b84d-48d0-9ce5-68329990d7fa,p5head_em,1,495881.5442788745
0.8704756124642302,0.8983488666289773,True,0.3754044142753013,0.15312101403061223,False,0.3542330994897959,0.9193023558505792,1,9dd62ca4-f07b-4843-97bb-a69b7bf8d327,p5head_em,2,495881.5442788745
0.40577507598784196,0.3696942223687464,False,0.0,0.16071428571428573,False,0.3846460459183674,0.8887648809523809,1,9dde630b-1f95-46e6-bcde-117eee4c7283,p5head_em,1,495881.5442788745
0.9562055790746563,0.9546213566486296,True,0.2522781658997544,0.09317203443877552,False,0.4764030612244898,0.9807486631016042,1,9e0e05ef-1c6a-4883-957e-f36f5c59b9ad,p5head_em,1,495881.5442788745
0.8655528112565792,0.7542365187919869,True,0.4263179986598845,0.21731505102040816,False,0.12278778698979592,0.43993030080704326,1,9e149c3a-0dbc-4d4d-a7f6-939c4e4d8688,p5head_em,2,495881.5442788745
0.9476339339385216,0.9404094592026132,True,0.09856315147423138,0.0372688137755102,False,0.30911192602040816,0.9,1,9e14bba9-48f8-4382-b606-d47030e9b893,p5head_em,1,495881.5442788745
0.9739425004395132,0.9661808005824021,True,0.23946639680243273,0.07760682397959184,False,0.3092713647959184,0.9530046224961479,1,9e2df0fb-8488-4301-9e4c-8ca2457fca54,p5head_em,1,495881.5442788745
0.8414304460255898,0.8102548935198733,False,0.09776607999004977,0.037109375,False,0.27732382015306123,0.38990332975295383,1,9e310044-aadf-4584-871c-b0db5fc0982e,p5head_em,1,495881.5442788745
0.919965194464839,0.9816088525738486,True,0.34114739619042234,0.13962850765306123,False,0.28310347576530615,0.8355695118469882,1,9ed655dd-cc93-4bde-be51-804bac051f25,p5head_em,1,495881.5442788745
0.8258162499061694,0.7276213640642795,True,0.22655475966152921,0.11774553571428571,False,0.376773756377551,0.9920446851726472,1,9efa04ab-254a-4047-8f2f-91e5fe93062f,p5head_em,2,495881.5442788745
0.22136389686314004,0.2646176128520723,False,0.0019918811279270097,0.07477678571428571,False,0.29037786989795916,0.1921641791044776,1,9f9e35d3-2032-489f-8729-474a160fa176,p5head_em,1,495881.5442788745
0.7594135032167576,0.38692113540059336,True,0.40101749407592086,0.2659438775510204,False,0.21016023596938777,0.5795863309352518,1,a011c70e-6fda-4056-b364-8bfa67a878d0,p5head_em,2,495881.5442788745
0.7903169155491394,0.8171793994981802,True,0.4132649070064432,0.29813058035714285,False,0.4057118941326531,0.8438398288655659,1,a0af1a60-0f1c-4d53-9a71-dd438aa06b70,p5head_em,2,495881.5442788745
0.8841359182223437,0.8697524632466301,True,0.22862884585540252,0.08370535714285714,False,0.44375797193877553,0.9973809523809524,1,a0c4fc4a-52c9-49df-8564-5d23e9d0ebc0,p5head_em,1,495881.5442788745
0.9051134147114465,0.8339886881812014,True,0.16697655998671915,0.07680963010204081,False,0.41816804846938777,1.0,1,a11a11e6-18b1-4efb-9c26-37f458bc1b0c,p5head_em,1,495881.5442788745
0.8368216866783232,0.8122605977884548,True,0.36884945029152194,0.22921316964285715,False,0.3641780931122449,0.8614033562298931,1,a1225d16-619e-4bfe-89a8-49106b1534ee,p5head_em,2,495881.5442788745
0.9868236215546505,0.9918980110118165,True,0.3288986310344581,0.09416852678571429,False,0.3440688775510204,0.6711111111111111,1,a199305a-70db-4d2b-8354-691e91c8c27b,p5head_em,1,495881.5442788745
0.7148854601137274,0.46917087813030406,False,0.07252742591372212,0.048828125,False,0.287109375,0.830204081632653,1,a1aff3c3-4eae-40ed-800d-d5aa693e1132,p5head_em,1,495881.5442788745
0.5,0.5,False,0.0,0.07659040178571429,True,0.3978794642857143,0.8766588602654176,1,a2018dbd-1979-452a-a629-b5230b69d259,p5head_em,1,495881.5442788745
0.6778934723001511,0.09653309129541933,False,0.210442844892696,0.23604910714285715,False,0.20733019770408162,0.41979061127997297,1,a20c1c8f-e16e-440b-89d0-2393ea43b340,p5head_em,2,495881.5442788745
0.9743554929925933,0.9315284378236263,False,0.12448668531097436,0.034837372448979595,False,0.3133569834183674,0.9948512585812357,1,a25056f9-2c4e-42f3-a035-26552647dcd4,p5head_em,1,495881.5442788745
0.827199293020866,0.7383206155630132,False,0.08616477664699904,0.05082110969387755,False,0.3215880102040816,0.5890196078431372,1,a28266ba-94b1-4789-88e7-e7a1c4bc6d0d,p5head_em,1,495881.5442788745
0.4343939642447105,0.46375260519348843,False,0.0,0.027901785714285716,False,0.3817163584183674,1.0,1,a2d27e14-d9c0-4596-84d8-c526b0afc9a7,p5head_em,1,495881.5442788745
0.9300462331857094,0.8445230586128192,True,0.3867158585674319,0.1348254145408163,False,0.35574776785714285,0.9259423503325942,1,a2ddccd7-9c2b-4d81-9375-928b418da482,p5head_em,1,495881.5442788745
0.900253568739859,0.8158634084210818,True,0.27228361219242847,0.08787069515306123,False,0.34036192602040816,0.9988659559990928,1,a303195a-cda8-484b-ace4-04c4a0c40c30,p5head_em,2,495881.5442788745
0.9683180209654103,0.9724285584872491,True,0.4262540368185499,0.12643494897959184,False,0.39829799107142855,0.9538146279949559,1,a30808af-7822-4f47-beaf-0c1a840cd980,p5head_em,1,495881.5442788745
0.4336952467780034,0.4403911658059554,False,0.0,0.03814572704081633,False,0.3997329400510204,0.9691745036572623,1,a30e9f7b-4de5-4e40-afc3-cf23361a14e2,p5head_em,1,495881.5442788745
0.3329858984588102,0.2501067446005886,False,1.830058333288569e-05,0.02499202806122449,False,0.2854153380102041,0.4473684210526316,1,a37e89b4-7aa4-42f0-969f-f92816142442,p5head_em,1,495881.5442788745
0.683612390060745,0.6906545214195743,False,0.2562979445325242,0.16071428571428573,False,0.530891262755102,0.831969246031746,1,a3e9eaec-d502-4e5d-abc9-bb5e28742b83,p5head_em,2,495881.5442788745
0.5672876341962663,0.5674262426768798,True,0.16651117046720296,0.09683912627551021,False,0.40555245535714285,0.9374356863552171,1,a3f77eaf-8e19-4ad8-84b2-9549f3dcbef8,p5head_em,2,495881.5442788745
0.7136237998668572,0.5828969929004557,True,0.34157455901269884,0.23899872448979592,False,0.2513950892857143,0.7971981320880587,1,a41249dd-3195-4d4d-bcaa-7ea2178e2d68,p5head_em,2,495881.5442788745
0.8032947515118861,0.6252346497553694,True,0.23445863453301152,0.15760522959183673,False,0.3196548150510204,0.9371522508851796,1,a4444af9-6137-4f0e-9b51-ca7236cf43b2,p5head_em,2,495881.5442788745
0.89464667426417,0.8597115821877077,True,0.2958142326847552,0.15098852040816327,False,0.36836336096938777,0.9883843717001056,1,a47c09af-6f13-4057-a0e6-6e1f422b584d,p5head_em,2,495881.5442788745
0.9487976558211884,0.917486529067138,True,0.14033133950021143,0.04498166454081633,False,0.3713926977040816,1.0,1,a4a28a4f-9496-430c-8cc1-cff2b44ac359,p5head_em,1,495881.5442788745
0.9619576519569232,0.9769231989616723,True,0.1152688196020364,0.048708545918367346,False,0.19618941326530612,0.5781505728314239,1,a5282399-d86c-4e4a-a91e-bd62a535d2ad,p5head_em,1,495881.5442788745
0.8475094106563221,0.6361648901297228,True,0.2050775635896709,0.11658960459183673,False,0.2561184630102041,0.9702564102564103,1,a57f578f-1e6f-4248-bd38-2dacfa772fdb,p5head_em,2,495881.5442788745
0.8632105537838849,0.9187008782254108,True,0.42045911294932553,0.19862085459183673,False,0.44228316326530615,0.8997591812161349,1,a595fe39-ce96-43dd-ac73-89d49124b966,p5head_em,1,495881.5442788745
0.23584418934605958,0.2178276771285192,False,0.0,0.07290338010204081,False,0.26694036989795916,0.4475123018042646,1,a5a07f9f-959f-4210-ac86-6cdab44b099b,p5head_em,1,495881.5442788745
0.9618552198333556,0.9117646679075302,True,0.309123123870289,0.15082908163265307,False,0.3289421237244898,0.9781976744186046,1,a5dcb09b-5ae9-47a6-a561-524d7838b22c,p5head_em,2,495881.5442788745
0.6303728973554285,0.5946886234636519,False,0.20546752184275713,0.14496970663265307,False,0.19891980229591838,0.5295573274676931,1,a6236ddd-6367-4569-b5f1-07d2df9390ad,p5head_em,2,495881.5442788745
0.5998856020567296,0.5814121891911732,True,0.3364407622965169,0.2300701530612245,False,0.46219308035714285,0.9417879417879418,1,a6905106-5479-4725-b81f-532376d24222,p5head_em,2,495881.5442788745
0.8362008783077725,0.7276027817381402,True,0.30643852297255436,0.18801817602040816,False,0.3477359693877551,0.9589781640873436,1,a6a94200-33a0-410a-9e4b-bb080cfed624,p5head_em,2,495881.5442788745
0.9693530350141254,0.9587065254321855,True,0.2559026131873218,0.08801020408163265,False,0.4055125956632653,0.9893568840579711,1,a6d95e82-3d6c-4047-abf2-505f059cdf17,p5head_em,1,495881.5442788745
0.8068229100819909,0.8026175670322778,False,0.3139745842815318,0.1859454719387755,False,0.39102359693877553,0.9230439442658093,1,a6e6e9be-4ced-4c05-ad59-a07061fe72d6,p5head_em,2,495881.5442788745
0.9309821043259866,0.8640600927725984,True,0.22517079110782084,0.06796077806122448,False,0.3274673150510204,0.9929618768328445,1,a6f211a6-43f4-4f15-aa2a-cf72fb29bd3b,p5head_em,1,495881.5442788745
0.9765273144220606,0.9380112346999913,True,0.2957451898122153,0.07826450892857142,False,0.3106265943877551,0.9646040234275528,1,a70f69e6-aae3-459e-a3dc-175a2bcae6b9,p5head_em,1,495881.5442788745
0.5,0.5,False,0.0,0.06875797193877552,True,0.3923190369897959,0.5921739130434782,1,a7170988-66ea-4448-bfd7-d64b06d33753,p5head_em,1,495881.5442788745
0.6843722132579473,0.6407580238786735,True,0.3390704065991842,0.23274075255102042,False,0.4136240433673469,0.9595821202260661,1,a7a45cd9-785e-402c-a66c-4762b71ec4bb,p5head_em,2,495881.5442788745
0.9684140057100047,0.9561085354696733,True,0.22103989461787035,0.06010841836734694,False,0.30369100765306123,0.8454907161803713,1,a7a95de8-1075-49df-a0ed-edc1baca084d,p5head_em,1,495881.5442788745
0.8626107540798011,0.9362135288802899,False,0.1675496013608584,0.07653061224489796,False,0.39024633290816324,0.59375,1,a7b7222f-91db-467e-afb7-68f44f06c6a2,p5head_em,1,495881.5442788745
0.5625980250652582,0.1834432016745534,False,0.0468943652740231,0.04627710459183673,False,0.30630181760204084,0.9229112833763996,1,a7cc220e-bef4-4d27-a921-7773ebef1282,p5head_em,1,495881.5442788745
0.9553550834512889,0.9480423694658335,True,0.26967783903286974,0.09183673469387756,False,0.22391183035714285,0.6579861111111112,1,a86617dd-c1b7-4a69-aff1-68537437cb93,p5head_em,1,495881.5442788745
0.5818184142652807,0.5790550118342975,False,0.24967042249931287,0.15654894770408162,False,0.5839245854591837,0.8646721833227243,1,a8a32c9b-44bf-4f83-a091-2f006901ef22,p5head_em,2,495881.5442788745
0.9051119548057001,0.818778842607537,False,0.12060220842406102,0.04663584183673469,False,0.3655532525510204,0.9978632478632479,1,a8d21d6b-c91f-4ed1-97cc-9f5b9f138146,p5head_em,1,495881.5442788745
0.9364442889806669,0.7971721572216194,True,0.13116520513979538,0.047532684948979595,False,0.2228156887755102,0.8658280922431866,1,a94f400d-d742-49a8-9821-f0028c807a5e,p5head_em,1,495881.5442788745
0.8427732386057932,0.6927230089165587,True,0.36732527390641306,0.16063456632653061,False,0.2997448979591837,0.6745657568238214,1,a965cb42-5f7b-4cfb-9970-6fe6b80f640c,p5head_em,1,495881.5442788745
0.9395426115578803,0.9408367340676874,True,0.22179838818111608,0.0791015625,False,0.35574776785714285,0.927185689090451,1,a99561a5-2c12-48cd-be57-ce6b6cf58da1,p5head_em,1,495881.5442788745
0.6683135480708984,0.625725414103085,True,0.3628422826835978,0.1491749043367347,False,0.27700494260204084,0.7392117568470273,1,aa02e36b-226b-454b-8d8a-66e4ada01d99,p5head_em,2,495881.5442788745
0.9380226110637321,0.9221286855929257,True,0.22315866423360137,0.08545918367346939,False,0.43955277423469385,0.9547574626865671,1,aa49ed8f-c583-41e7-9fed-d5f930e19366,p5head_em,1,495881.5442788745
0.7532314773201879,0.7335417048059217,True,0.6068341532942054,0.4619140625,False,0.45461973852040816,0.8416965094705958,1,aa636938-1fb2-4d4c-9678-b703388552e7,p5head_em,2,495881.5442788745
0.9545979639071968,0.9842377103810025,True,0.4541993280115915,0.16310586734693877,False,0.37063536352040816,0.6648338220918866,1,aa720b92-39d2-4db4-a6c1-318840cb973b,p5head_em,1,495881.5442788745
0.9472488816238889,0.7311696659992004,False,0.244531616665352,0.08661511479591837,False,0.2178531568877551,0.9279797514956282,1,aadb6dc2-bcd7-42fe-a424-a5f7af6c9f74,p5head_em,1,495881.5442788745
0.9469765178765585,0.9331939701339942,True,0.18836745800883295,0.05895248724489796,False,0.40981744260204084,0.986815415821501,1,aaf27f12-2f10-4f29-bff2-ab9407234c83,p5head_em,1,495881.5442788745
0.945429216314155,0.9006825491255847,False,0.03868484727451411,0.018415178571428572,False,0.2003547512755102,0.9924242424242424,1,ab15c0f4-0b43-47d5-85cb-b5d29f330ef6,p5head_em,1,495881.5442788745
0.889341457097877,0.808686124763002,True,0.4176044482839694,0.25868941326530615,False,0.26602359693877553,0.8090138674884437,1,ab17c7e8-3447-431f-afcd-efec89229fe2,p5head_em,2,495881.5442788745
0.9040014958352535,0.8762281731476974,True,0.4221282471840428,0.22905373086734693,False,0.2901586415816326,0.8802749499695467,1,ab439d42-75cf-4049-82c7-1155a8e92560,p5head_em,2,495881.5442788745
0.8279679445201173,0.7072923370361044,True,0.392142390816371,0.23915816326530612,False,0.3333067602040816,0.792,1,ab6619ee-546c-4245-be8d-6e0eece3581a,p5head_em,2,495881.5442788745
0.5647465940422639,0.3971539836586192,False,0.04725065133005599,0.06421396683673469,False,0.5142498405612245,0.9990689013035382,1,ab6e779b-d387-46fe-be63-74bb6c2a1d08,p5head_em,2,495881.5442788745
0.8378952984381816,0.8433112835275166,False,0.1500546796930899,0.06283880739795919,False,0.4932238520408163,1.0,1,ab96fe46-8079-448d-a9e2-76b8e096e6ae,p5head_em,2,495881.5442788745
0.8411033606991214,0.792855583413696,False,0.2948992393487902,0.11407844387755102,False,0.30887276785714285,0.6650943396226415,1,abc07cd4-2d0f-4ad8-a516-b45d035dadb1,p5head_em,2,495881.5442788745
0.971525582977737,0.9303464510427158,True,0.1483467963307539,0.04027822066326531,False,0.31752232142857145,1.0,1,abcb43a2-7b1d-428a-b909-e54c92acbd5b,p5head_em,1,495881.5442788745
0.8118609860371953,0.8214369074994975,True,0.5094853961283549,0.39407286352040816,False,0.43142139668367346,0.8492894350882516,1,ac2257b8-e600-42bd-ab9c-951fa49b3ec6,p5head_em,2,495881.5442788745
0.6754397321237675,0.582582641821636,True,0.13393584137942,0.05903220663265306,False,0.30177774234693877,0.699189736664416,1,ac29e848-bceb-4233-8a07-14778f17d575,p5head_em,2,495881.5442788745
0.8237275078110291,0.7571812033198918,False,0.2144854050648973,0.09805484693877552,False,0.276546556122449,0.9266260162601626,1,ac2dbd3f-3b25-4628-8b69-338d34cbf628,p5head_em,2,495881.5442788745
0.658098197125677,0.4565542428233462,True,0.2589344923988261,0.185546875,False,0.40774473852040816,0.8432867883995704,1,ac38760f-7332-4278-b011-982c9615f3cf,p5head_em,2,495881.5442788745
0.715927574505507,0.6986647892912182,True,0.11806425327769209,0.05763711734693878,False,0.23192362882653061,0.7562240663900415,1,ac512fbd-8e85-4cc8-9af2-fb035189a72c,p5head_em,2,495881.5442788745
0.5,0.5,False,0.0,0.047353316326530615,True,0.470703125,1.0,1,ac6b624d-71ba-44ca-957e-592a715f0ac2,p5head_em,1,495881.5442788745
0.8867824749176012,0.9644657984871825,False,0.0701002065128058,0.023317920918367346,False,0.29544005102040816,0.4897435897435897,1,ac710523-7dfb-4d63-821c-34b2d6ef03d7,p5head_em,1,495881.5442788745
0.6639755945141215,0.5241790133703667,True,0.5101521762407115,0.27901785714285715,False,0.32035235969387754,0.8249285714285715,1,ac81e9b6-5789-4797-ad85-510186cdd4a9,p5head_em,2,495881.5442788745
0.4300320895003636,0.43292610552081795,False,0.10433547247900363,0.15465561224489796,False,0.3421157525510204,0.9456185567010309,1,aca5cb44-9cfc-420b-a0c4-19f9ef692afb,p5head_em,2,495881.5442788745
0.7590672288768272,0.8028576108508721,True,0.33182766635075694,0.20635363520408162,False,0.42442602040816324,0.9022599961367588,1,acb5c720-f741-415c-993c-65855be08ffa,p5head_em,2,495881.5442788745
0.9390736331025766,0.8871720447567281,True,0.21743242502048574,0.08133370535714286,False,0.3599330357142857,0.9982847341337907,1,acd43666-c66e-48f6-ac31-c7789f9acc62,p5head_em,1,495881.5442788745
0.3418862690707351,0.2888561780240714,False,0.0,0.08035714285714286,False,0.30514588647959184,0.9330357142857143,1,acdc118f-742d-4e1c-a5b4-f9f052adf54d,p5head_em,1,495881.5442788745
0.7624078430088905,0.7882301017634036,True,0.33787407351718474,0.1561702806122449,False,0.325992506377551,0.7366003062787136,1,ad95ae75-d5e0-456b-a375-43efc5c21ee1,p5head_em,2,495881.5442788745
0.41317265052242985,0.4118751505650498,False,0.029328538194998175,0.087890625,False,0.37820870535714285,0.999092970521542,1,adbd0f93-b694-41f2-947e-44c7804cacb4,p5head_em,1,495881.5442788745
0.7391315752529367,0.467816643030008,True,0.408129832397597,0.2549426020408163,False,0.33223054846938777,0.9310506566604128,1,add89c20-44cf-461a-9857-c41d753d4062,p5head_em,2,495881.5442788745
0.8627139535283584,0.7597743818359082,True,0.4628737090280329,0.30404974489795916,False,0.397281568877551,0.8975485055060304,1,adf7e674-fb5f-4f3c-a302-961d784bdd48,p5head_em,2,495881.5442788745
0.9146725952214896,0.7370420541600913,False,0.29393796330718386,0.11850286989795919,False,0.28457828443877553,0.9926000672721157,1,ae06b30f-ae30-40d3-b237-c934ce499774,p5head_em,2,495881.5442788745
0.5780866188032815,0.7078992396686612,True,0.09371462361145923,0.06606744260204081,False,0.25753348214285715,0.6907993966817496,1,ae1a7456-d4f8-4f0e-9764-ee93b0ec3245,p5head_em,2,495881.5442788745
0.1481172942352549,,False,0.0,0.043048469387755105,False,0.4338926977040816,0.0,1,ae2e618e-ca4d-4fbc-aae5-d6f39e4b484f,p5head_em,1,495881.5442788745
0.7291715408629948,0.7318413451311103,False,0.32492171745574555,0.19730548469387754,False,0.3055444834183674,0.8232323232323232,1,aeac2576-33b3-41a1-bf61-355103e4d3ea,p5head_em,2,495881.5442788745
0.9812655194357436,0.9845071558704322,False,0.18482638424357797,0.055006377551020405,False,0.24192841198979592,0.7148550724637681,1,aead3682-bdf4-4f43-8468-8e6ac3cd41fa,p5head_em,1,495881.5442788745
0.9510548745172644,0.8853265394404521,True,0.1766202053564653,0.0419921875,False,0.3237802933673469,1.0,1,aeae6cbc-d713-4760-845c-fcc93ed5ad64,p5head_em,1,495881.5442788745
0.5425185655959843,0.4952435804007303,False,0.026822708869903043,0.033482142857142856,False,0.15459582270408162,1.0,1,aebb193e-64ef-4368-b139-c0ee72709945,p5head_em,1,495881.5442788745
0.6064478779714675,0.4381729984990778,True,0.21694339249862593,0.1564891581632653,False,0.39756058673469385,0.9992358634742741,1,aee1a1e1-5de4-4a11-96e6-13de381cf308,p5head_em,2,495881.5442788745
0.33144532883458677,0.2593263268721678,False,0.08306067956534115,0.1701610331632653,False,0.37954400510204084,0.8289997657531037,1,af59f4a2-32d4-4888-ac7f-fc0bcc23abd2,p5head_em,2,495881.5442788745
0.8854342920128389,0.8649179090984683,False,0.18434395398279657,0.0498046875,False,0.4424625318877551,1.0,1,af7ebb36-6ff3-4d40-9330-3bc530b1f7fe,p5head_em,1,495881.5442788745
0.8795486883759154,0.6969352253298308,True,0.45181199959880297,0.2761280293367347,False,0.2971141581632653,0.8625766871165644,1,af8fc053-b69b-4915-9ea8-f538028f9b2c,p5head_em,2,495881.5442788745
0.7363742198942749,0.6450816144195392,False,0.24150828573793945,0.14409279336734693,False,0.22435028698979592,0.8961272475795298,1,afb87feb-0409-42d0-b5cf-7e6a820f67c0,p5head_em,2,495881.5442788745
0.6699962418305491,0.691600470914283,True,0.26693798244672134,0.06686463647959184,False,0.3999123086734694,1.0,1,afe1b6e2-203e-4ee5-856a-2f205d8bca2a,p5head_em,2,495881.5442788745
0.8119610094601379,0.6725319716218815,False,0.3031149700828521,0.16908482142857142,False,0.2616390306122449,0.954031117397454,1,b00f4013-c09b-4067-b9ad-f9a5a5bb99e2,p5head_em,2,495881.5442788745
0.795954178680568,0.8162213740682793,False,0.24488507210035132,0.07607222576530612,False,0.2248485331632653,0.8176578464762903,1,b01c0d6b-11ad-463d-85bc-f4e4f1dfbc8a,p5head_em,2,495881.5442788745
0.5034465168330483,0.31884681583476765,False,0.2242783253340911,0.20334422831632654,False,0.1952527104591837,0.27687934921101637,1,b03867f9-6a0e-4115-ac46-ed96db6b6644,p5head_em,2,495881.5442788745
0.8365741592434479,0.7685261428910174,True,0.21946855002324137,0.10369499362244898,False,0.4319595025510204,1.0,1,b038a798-3637-4f41-9e6a-c84660b45560,p5head_em,1,495881.5442788745
0.7374127733463876,0.5583079468823492,True,0.22899297358911122,0.1453483737244898,False,0.2470703125,0.7910324969148499,1,b053417c-836f-4f6f-9224-f9dc286ee6d0,p5head_em,2,495881.5442788745
0.8859767675020224,0.6077244250044822,True,0.315768871428196,0.17028061224489796,False,0.2119937818877551,0.8745318352059925,1,b06a0fe5-dd0c-448e-bbbd-b773b17e5537,p5head_em,2,495881.5442788745
0.7246251602674176,0.5371133505966865,True,0.1640634679144889,0.09167729591836735,False,0.2454559948979592,0.9771739130434782,1,b0780603-efa4-453c-a51c-a23c4efedfc1,p5head_em,2,495881.5442788745
0.8144462516337465,0.5556889290832286,True,0.21306727554166482,0.08966438137755102,False,0.1441924426020408,0.8753056234718827,1,b0b3639e-7625-4bd2-b9a6-0bb87918987a,p5head_em,2,495881.5442788745
0.5979957666774699,0.6838273509058219,True,0.34564227595048147,0.2959781568877551,False,0.3081552933673469,0.864857585347788,1,b0b3ee88-fc81-4a0a-acdb-d8c030fac137,p5head_em,2,495881.5442788745
0.3803862527255737,0.4287537333695357,False,0.0,0.04027822066326531,False,0.4072863520408163,1.0,1,b0d3f19f-10f9-487b-9cf8-8c2d6dc5d746,p5head_em,1,495881.5442788745
0.5312778341202312,0.9043123415529388,True,0.32646949892884325,0.20392219387755103,False,0.2518734056122449,0.4457584050039093,1,b0dbfa41-de0b-40f5-b635-3bdb73c620a6,p5head_em,2,495881.5442788745
0.8506608495615533,0.8730259371051523,True,0.4666713085102958,0.29709422831632654,False,0.2870296556122449,0.7412624941302743,1,b0e1aaa6-9bd5-4ee3-832a-dd12e0486252,p5head_em,2,495881.5442788745
0.8472836300894846,0.6969843472525803,True,0.40672062966008965,0.24358258928571427,False,0.3704161352040816,0.9138438880706922,1,b13e0bd3-f990-4d48-8eae-f841a45af664,p5head_em,2,495881.5442788745
0.8093317380598961,0.6886955433695241,True,0.4796208515940969,0.21008051658163265,False,0.3438695790816326,0.9571198178540935,1,b13ff5d7-7ba5-4cf4-9ff0-e87e87c3489c,p5head_em,2,495881.5442788745
0.4690829907564737,0.376893833150748,False,0.042060311171313106,0.17869100765306123,False,0.3405811543367347,0.9180236448806602,1,b145a972-a2b6-4dca-b98b-37d41f7c371f,p5head_em,2,495881.5442788745
0.8580099819739949,0.8989770759100406,False,0.2999028400993411,0.16157126913265307,False,0.34335140306122447,0.7387442950536574,1,b159a6c8-a3de-419a-a9c4-41309ef57e0a,p5head_em,2,495881.5442788745
0.37554831999276445,0.39716401582092065,False,0.0,0.11858258928571429,False,0.30504623724489793,0.5752941176470588,1,b17cb86b-e90c-4a31-926a-2e5b022c6275,p5head_em,1,495881.5442788745
0.29488250101890984,0.23450600437048696,False,1.870451241430808e-05,0.05315290178571429,False,0.3448860012755102,0.941132358455193,1,b1c0e005-6c1f-4231-b878-415b4cf1b578,p5head_em,2,495881.5442788745
0.7051024809103251,0.6323188970737967,True,0.384211384641333,0.2758689413265306,False,0.2942044005102041,0.8618696720127149,1,b1c9ed5a-9be6-4f5e-a7f8-5eba7289c156,p5head_em,2,495881.5442788745
0.7679062387933678,0.5984901035165513,True,0.2910136077235105,0.1568877551020408,False,0.27812101403061223,0.9805640243902439,1,b1e7b5cd-f1b6-400d-b62a-57e6c45c663b,p5head_em,2,495881.5442788745
0.8429724260518295,0.8470482546368383,True,0.11995758273045443,0.033482142857142856,False,0.4018056441326531,0.9880952380952381,1,b1f2db42-68ac-4c11-a4f4-3f6b8b6be999,p5head_em,1,495881.5442788745
0.7842515801147156,0.7034543609302452,True,0.1965151269306658,0.10766103316326531,False,0.33237005739795916,0.8635690485005554,1,b21091fa-70ab-432b-a05d-edfa6674cf9f,p5head_em,2,495881.5442788745
0.615908747358284,0.5594702561872382,False,0.07237783182127772,0.04233099489795918,False,0.27975526147959184,1.0,1,b23184fc-0e6e-4802-a451-da82e2ac6e9a,p5head_em,2,495881.5442788745
0.5,0.5,False,0.0,0.050860969387755105,True,0.5911989795918368,0.9996081504702194,1,b2753475-d0b2-4dde-8a7b-311e1db27397,p5head_em,2,495881.5442788745
0.4179198643030015,0.5,False,0.0,0.03653140943877551,False,0.20163026147959184,0.8685215493726132,1,b2761cd1-6932-4d3b-a9dc-88f5a79a98ed,p5head_em,2,495881.5442788745
0.6880070694723162,0.6776154294160787,True,0.1579144700199894,0.07021285076530612,False,0.3381497130102041,0.9128583593528243,1,b28ef305-54b7-4a24-9edc-00eb8e13d649,p5head_em,2,495881.5442788745
0.3970031751554956,0.4578348128135855,False,0.0,0.08358577806122448,False,0.3772122130102041,0.8061516452074392,1,b29dcdc8-57c8-443a-a69c-615fa7dc9973,p5head_em,2,495881.5442788745
0.6433784396961103,0.6080502719472567,False,0.1352517937693827,0.06885762117346939,False,0.2897201849489796,0.7927641099855283,1,b2dca982-bfb0-4201-9a43-255cb277682d,p5head_em,2,495881.5442788745
0.33012087553087227,0.29580279813457694,False,0.0,0.02391581632653061,False,0.32288345025510207,0.9925,1,b3198fbd-a80a-4b5b-8a12-f89bb4a72b4a,p5head_em,1,495881.5442788745
0.6561056503147473,0.6234940104302209,False,0.16438211541687192,0.08868781887755102,False,0.2671396683673469,0.8982022471910113,1,b358f0ea-23d2-43a9-a5f1-54fc78a8c5e7,p5head_em,2,495881.5442788745
0.6721174013661023,0.6142141162212327,False,0.11881986930207387,0.06287866709183673,False,0.45585538903061223,0.8282091917591126,1,b35a3c89-f199-4924-98f0-8d5beea4b41d,p5head_em,2,495881.5442788745
0.6185924817419409,0.5093060259519159,True,0.3537441784038549,0.20543686224489796,False,0.25019929846938777,0.8911525029103609,1,b35d3c12-7c68-4747-b4a1-49c291b6ff94,p5head_em,2,495881.5442788745
0.667079928246822,0.7708554284419172,True,0.48664392141130974,0.381656568877551,False,0.41916454081632654,0.7855352480417754,1,b35dfbda-395c-4c9d-befb-331f6ac3da84,p5head_em,2,495881.5442788745
0.8332795679034882,0.5684644287320945,True,0.2651624711344815,0.1231265943877551,False,0.30404974489795916,0.9035286500485594,1,b3671358-67b4-4e10-93af-c62a561d1546,p5head_em,2,495881.5442788745
0.3330409751270634,0.36193346969533857,False,0.0,0.11379942602040816,False,0.29336734693877553,0.951138353765324,1,b38cc4d8-f90d-4052-843b-675a43417c82,p5head_em,2,495881.5442788745
0.5796884426576063,0.4234836373548653,False,0.029341323275607054,0.03559470663265306,False,0.33852838010204084,1.0,1,b3b09e3c-3e2c-43cc-bf1f-56d317769ee1,p5head_em,1,495881.5442788745
0.9061985753410361,0.8830380464290285,True,0.4162961950231896,0.23646763392857142,False,0.447086256377551,0.9551622418879055,1,b3e8a708-d8e1-434e-92ca-5d5e79aca86e,p5head_em,2,495881.5442788745
0.5858571276576179,0.4697509211462565,True,0.2526593949639177,0.21823182397959184,False,0.35947464923469385,0.913972602739726,1,b402960f-5989-4469-941e-b8dee9ff6275,p5head_em,2,495881.5442788745
0.6985553605357561,0.7374109163212204,True,0.25605756451315825,0.17932876275510204,False,0.2942442602040816,0.4423205156701489,1,b407bfac-f351-4129-9e55-53e825f7ab16,p5head_em,2,495881.5442788745
0.9248969457152817,0.8912687510588806,True,0.3793881129777624,0.18466996173469388,False,0.39638472576530615,0.862723936973883,1,b434200b-248e-4aa3-aeff-b0c9351a65fc,p5head_em,2,495881.5442788745
0.3283757580758282,0.4080926455661161,False,0.0,0.03384088010204082,False,0.24980070153061223,0.9994110718492344,1,b43dbfe0-cea8-4ce6-b608-e8ab671f09a4,p5head_em,2,495881.5442788745
0.7935086984434951,0.5132876683547362,True,0.39764069073955766,0.25279017857142855,False,0.25874920280612246,0.8002995900346894,1,b448e93a-18aa-4aa0-8b28-2e58529cf8e6,p5head_em,2,495881.5442788745
0.3584612767405265,0.44603742256849094,False,0.0,0.06277901785714286,False,0.3630420918367347,0.8117460317460318,1,b450fa50-1d6d-4e97-b843-fc0fe530d2ff,p5head_em,1,495881.5442788745
0.28552266362014916,0.34089531414892665,False,0.0015046238635865153,0.04583864795918367,False,0.3054049744897959,0.6234782608695653,1,b49313fa-77c1-4a52-8d29-f28478f8929c,p5head_em,1,495881.5442788745
0.4062271062271062,0.38670664997034204,False,0.0,0.0478515625,False,0.34996811224489793,0.9941690962099126,1,b4dd880c-d830-470d-80b4-afca617a4261,p5head_em,1,495881.5442788745
0.4855011444788827,0.2711086546025637,False,0.09833497826432151,0.13731664540816327,False,0.32041214923469385,0.7921625544267054,1,b5463e1b-58dd-4541-823a-6b29bb1c3ae2,p5head_em,2,495881.5442788745
0.6568921721320484,0.5980547325506899,True,0.3493082309099442,0.24627311862244897,False,0.32124920280612246,0.8697094764101319,1,b5a0f268-4711-4c94-8056-9f9dfc3b4462,p5head_em,2,495881.5442788745
0.871845080445893,0.8615116378513632,False,0.17503163051207704,0.09542410714285714,False,0.33751195790816324,0.8991228070175439,1,b6276787-bf66-4151-9f7a-b3d7fdf5ae30,p5head_em,2,495881.5442788745
0.7664450459724518,0.6773030893878681,True,0.6044646327529639,0.4362045599489796,False,0.45944276147959184,0.8227715082012154,1,b6485351-ddd3-4bae-9b4e-6038370e827b,p5head_em,2,495881.5442788745
0.7693851514447432,0.7157204010388065,True,0.31903097463449814,0.23357780612244897,False,0.2247688137755102,0.6936006825938567,1,b6628d2e-e8dc-427e-bcb4-a19cf31b9ec7,p5head_em,2,495881.5442788745
0.986522466529231,0.9751726766184647,True,0.16994405581654917,0.06686463647959184,False,0.3464405293367347,0.9311475409836065,1,b6c45f07-6068-46af-b35d-302cd05ed4d2,p5head_em,1,495881.5442788745
0.5785632924297525,0.538162027970691,False,0.16711371118452856,0.07593271683673469,False,0.4807079081632653,0.9905511811023622,1,b6d61fae-fa1f-4328-b065-033ee168cd98,p5head_em,2,495881.5442788745
0.8418305711733511,0.5923572733346989,True,0.3287041089696567,0.21462452168367346,False,0.3012794961734694,0.9232983563933513,1,b6e488a3-8ae5-4b90-82d7-2679cdffa4b0,p5head_em,2,495881.5442788745
0.46788827796709387,0.5,False,0.0,0.04669563137755102,False,0.284976881377551,0.9991463935125907,1,b6fa6fc8-812c-4110-9881-5a5f8f2fea65,p5head_em,1,495881.5442788745
0.7500741589805229,0.858421727341387,False,0.17182740586743003,0.09883211096938775,False,0.35873724489795916,0.8219399072393627,1,b7069aa5-9e33-4918-aba2-f76b0abef6a4,p5head_em,2,495881.5442788745
0.9741658289158338,0.9319026476906807,False,0.08850362837955307,0.030233577806122448,False,0.3765146683673469,1.0,1,b72902be-6ca3-4ac1-abf3-f9da96e52e61,p5head_em,1,495881.5442788745
0.6711134773682266,0.6990899933293813,True,0.31472992960721263,0.17028061224489796,False,0.4495376275510204,0.8183520599250936,1,b75c6c0c-b9da-4d7d-a968-c1fb92ee5327,p5head_em,2,495881.5442788745
0.8471788410586658,0.800833154311333,True,0.2606327847224669,0.14724170918367346,False,0.3145129145408163,0.9370600974553329,1,b7734503-5808-403e-96d7-5ea55a96a1a3,p5head_em,2,495881.5442788745
0.7699997615352832,0.7826324507969833,True,0.5450279545520159,0.3391063456632653,False,0.3464405293367347,0.7137819570966794,1,b77669dd-8554-4531-9903-9719747fdb63,p5head_em,2,495881.5442788745
0.7937617573907637,0.8770871753970175,True,0.14664412796296186,0.05978954081632653,False,0.41476004464285715,0.9653333333333334,1,b776a863-b1da-4a7e-b688-b9a6ce6c3e75,p5head_em,1,495881.5442788745
0.3685662944423052,0.42446585672392123,False,0.0,0.068359375,False,0.28535554846938777,0.6947521865889212,1,b77ab795-de76-4715-b371-eb7be54b584c,p5head_em,2,495881.5442788745
0.8622479035838077,0.8058216572747092,True,0.45921806776398194,0.23365752551020408,False,0.2645288584183674,0.8718867280791539,1,b78a4ada-0963-4067-a009-3f8ee134e069,p5head_em,2,495881.5442788745
0.8628421958602595,0.7808080645394262,True,0.39658769727909815,0.26209741709183676,False,0.3593152104591837,0.8178085316705954,1,b79b76d3-6bd0-4102-af73-4251f313e907,p5head_em,2,495881.5442788745
0.6423340978887526,0.5133720026194688,False,0.1968318120088248,0.11019212372448979,False,0.2373046875,0.6355579670826551,1,b7ac0a9c-3226-407d-9734-91a45d371732,p5head_em,2,495881.5442788745
0.902670926761319,0.7705338657202011,False,0.05651647559006373,0.018415178571428572,False,0.3115234375,0.1893939393939394,1,b7d86d4e-7d73-4269-bd19-3d24b7f4259b,p5head_em,1,495881.5442788745
0.34341637010676157,0.27137234195747134,False,0.0,0.10395408163265306,False,0.5042251275510204,0.8564033742331288,1,b7f5ecee-6ab8-4dab-a4b7-fefee43cd079,p5head_em,2,495881.5442788745
0.48841124657494034,0.5703354650203379,False,0.11857541340965491,0.10792012117346939,False,0.4705835459183674,0.7183748845798708,1,b8020472-9c2d-44ce-a09b-f5795b95f230,p5head_em,2,495881.5442788745
0.3999281578836158,0.4506885278383198,False,0.0,0.0568000637755102,False,0.4591438137755102,1.0,1,b86479a1-e997-4026-acfc-2d467291eb50,p5head_em,1,495881.5442788745
0.41767976432513176,0.4145248330741791,False,0.0,0.039341517857142856,False,0.25723453443877553,1.0,1,b892d98e-84ae-4ca8-9996-fc0006cf0d2f,p5head_em,1,495881.5442788745
0.7140972525296023,0.6561117901834936,True,0.15523683315602557,0.06244021045918367,False,0.33627630739795916,0.941908713692946,1,b8a563db-5bfd-4638-9b55-30c3a230485f,p5head_em,2,495881.5442788745
0.8354092935239226,0.8100307752183274,True,0.22047260818863426,0.09921077806122448,False,0.3754185267857143,0.9485737243873041,1,b8f18ef1-9d70-48a2-abd0-1944aaee8efc,p5head_em,2,495881.5442788745
0.7482365601670877,0.6840349187827192,True,0.5282302461257038,0.29135443239795916,False,0.5138711734693877,0.9800259935700116,1,b8fa31a7-52ba-4bd1-8b63-0568b6935306,p5head_em,2,495881.5442788745
0.6630987361285554,0.6473378293900814,True,0.3609418721719175,0.13984773596938777,False,0.3153499681122449,0.8285592133390338,1,b9250558-2525-459d-894d-65355b4cf432,p5head_em,2,495881.5442788745
0.24348156273732174,0.18121693121693122,False,0.0,0.05524553571428571,False,0.19210379464285715,0.4772727272727273,1,b957974c-211b-4f52-86d3-25d18825dfa3,p5head_em,1,495881.5442788745
0.4683794466403162,0.49258148831488313,False,0.0,0.03188775510204082,False,0.28946109693877553,0.9475,1,b9683119-5341-4b9a-b423-9c7960446840,p5head_em,2,495881.5442788745
0.9591505611261387,0.927562324551326,True,0.39693526728277,0.087890625,False,0.2896006058673469,0.9605442176870749,1,b992d796-9416-4270-af33-f251ab52e07b,p5head_em,1,495881.5442788745
0.5303373440803694,0.5392928178548583,True,0.28647839559871596,0.23090720663265307,False,0.42416693239795916,0.7771448299672018,1,b9a50c1f-4b93-4a91-963f-a8d06fe077ee,p5head_em,2,495881.5442788745
0.8863653887312672,0.6555969301572975,True,0.3517937877153707,0.16774952168367346,False,0.27810108418367346,0.9729119638826185,1,b9de5953-04f1-4b45-b601-b2408b36fffa,p5head_em,2,495881.5442788745
0.34222985030932485,0.36765303621092976,False,0.004918763022483449,0.07178730867346939,False,0.31090561224489793,0.941976679622432,1,ba036253-6844-428c-a27b-14e9b6021740,p5head_em,2,495881.5442788745
0.5,0.5,False,0.0,0.059291294642857144,True,0.36951929209183676,0.973781512605042,1,ba0cb1e8-7198-4465-9498-1a650c0a6402,p5head_em,2,495881.5442788745
0.7243108033878545,0.704995771739649,False,0.3895357690857325,0.1335499043367347,False,0.26869419642857145,0.8565885688703179,1,ba0e4666-cf09-4ba1-a758-f4960ef162c9,p5head_em,2,495881.5442788745
0.38694562294390017,0.16413301840775332,False,0.010459936475339956,0.04165338010204082,False,0.33705357142857145,0.6124401913875598,1,ba1065ce-267d-422f-aef5-6d04c04402d8,p5head_em,1,495881.5442788745
0.6041584294075585,0.4436027440765939,True,0.248681828369684,0.12326610331632654,False,0.35317681760204084,0.9511721907841553,1,ba1649bf-15b7-46ba-b841-7aeb71f9e4c6,p5head_em,2,495881.5442788745
0.6408744968861134,0.6109131334986467,True,0.30658056780058784,0.2492625956632653,False,0.24587452168367346,0.7855600863516431,1,ba353385-091c-4c4a-8048-eca0388c7a43,p5head_em,2,495881.5442788745
0.7117775383419386,0.5872524415898713,True,0.36513691916574165,0.20465959821428573,False,0.17540258290816327,0.7223682929204401,1,baac301e-08a6-4267-a17a-78e3fcb23f21,p5head_em,2,495881.5442788745
0.4853443705796198,0.5544376808729901,False,0.10742332895112781,0.11180644132653061,False,0.302913743622449,0.971301247771836,1,bacb9e6d-ad87-4841-99e0-685aa0249bbe,p5head_em,2,495881.5442788745
0.4986172364367535,0.46243036522621644,True,0.26629063918239815,0.2666015625,False,0.3400829081632653,0.9333183822979741,1,badbcf00-4431-4336-ba44-c519688be0e4,p5head_em,2,495881.5442788745
0.606187150324447,0.6307150612688072,False,0.29312073676629413,0.13825334821428573,False,0.39321588010204084,0.8526740665993946,1,bae7b652-311f-4a84-a031-653424887f35,p5head_em,2,495881.5442788745
0.7584202830545222,0.7491979926329235,False,0.18752878961523436,0.08557876275510204,False,0.35762117346938777,0.8791336748952026,1,baec024d-a216-40bf-a988-bd229ae5cec6,p5head_em,2,495881.5442788745
0.941658933815543,0.8684566830361908,True,0.18828075936400004,0.0568000637755102,False,0.44981664540816324,1.0,1,baed4093-ba48-42d5-8479-92b2612217e0,p5head_em,1,495881.5442788745
0.6025867552822601,0.6470818354503967,False,0.025239526367948177,0.039341517857142856,False,0.37820870535714285,0.7669706180344478,1,baf525a5-daf5-465e-ba60-b779cce1e576,p5head_em,1,495881.5442788745
0.7836992024773417,0.6927301018220993,True,0.4766908149193346,0.2855947066326531,False,0.2824856505102041,0.7234473133286811,1,bb13f699-a024-4946-a481-8d2e91d3cf72,p5head_em,2,495881.5442788745
0.7154487754334651,0.6339778315910026,True,0.3970188101981584,0.24441964285714285,False,0.23467394770408162,0.7398075668623614,1,bb37ae16-f3b1-45ec-a814-392f7bc7caa9,p5head_em,2,495881.5442788745
0.8403010255335064,0.8036962181884764,True,0.5811166067667177,0.17215401785714285,False,0.408203125,0.9887705487381339,1,bb47fccc-23c4-4264-bd35-616a3c44161e,p5head_em,2,495881.5442788745
0.41850147880381205,0.439117199391172,False,0.0,0.02965561224489796,False,0.38319116709183676,1.0,1,bb51a303-4438-43ae-b843-415616c99b0d,p5head_em,1,495881.5442788745
0.44546461590899405,0.4773373341756159,False,0.0,0.064453125,False,0.2977319834183674,0.7034632034632035,1,bb6d8e4b-f416-435a-8dee-fe3f60b4db11,p5head_em,1,495881.5442788745
0.6615204361898335,0.6407808117083877,False,0.18376517738340203,0.142578125,False,0.20007573341836735,0.8247134470226447,1,bba14241-9fd6-40ae-91f3-945af76178aa,p5head_em,2,495881.5442788745
0.855899143636008,0.7645905443267573,True,0.3022702856795968,0.12960379464285715,False,0.21213329081632654,0.8680608949715516,1,bbd7abfe-8b9c-46aa-ab4b-8ff854615770,p5head_em,2,495881.5442788745
0.6690388650986523,0.5513448876803307,False,0.27995205263291345,0.22199856505102042,False,0.3313137755102041,0.8804201454349583,1,bc054c4c-280f-4e1d-9b93-9563cd368aae,p5head_em,2,495881.5442788745
0.6331363995015878,0.5992843702099492,True,0.4004159107055925,0.2964365433673469,False,0.41173070790816324,0.8141723813365604,1,bc234c2b-96aa-4263-931b-b7420c235daa,p5head_em,2,495881.5442788745
0.5520174668754462,0.751859995060102,False,0.07276908426181623,0.07659040178571429,False,0.2819276147959184,0.5204267499349466,1,bc407298-ee2e-4723-b4ec-58f4603ce88d,p5head_em,1,495881.5442788745
0.7952325534401926,0.742623777464274,True,0.5081195199243931,0.30369100765306123,False,0.439273756377551,0.9681060506628166,1,bc41e91e-506d-4ff9-8dba-3fd085f38491,p5head_em,2,495881.5442788745
0.49961097340797306,0.3546782500119065,False,0.16661618886931673,0.15525350765306123,False,0.356265943877551,0.9182284980744544,1,bc48ee69-de8c-416a-b023-b2f841b3be1d,p5head_em,2,495881.5442788745
0.3896650217664357,0.3512745665077955,False,0.014496664370783953,0.10317681760204081,False,0.3577407525510204,0.7915781340544717,1,bc5360ed-0247-47b8-93a0-c34ebbf936bb,p5head_em,3,495881.5442788745
0.9973051152038426,0.9914952933703969,True,0.2577572339910098,0.05859375,False,0.11696827168367346,0.8319727891156462,1,bc668e08-44be-4aed-aa17-7b321c8e11a5,p5head_em,1,495881.5442788745
0.3380015768289141,0.2676142986659759,False,0.0,0.03942123724489796,False,0.3324497767857143,0.6263902932254802,1,bc7f4d5d-cc08-44d7-b091-4df20dba6556,p5head_em,1,495881.5442788745
0.7997788436921468,0.6743705751360285,True,0.33102876123637237,0.19909917091836735,False,0.3689811862244898,0.9373373373373374,1,bc87d74c-9d22-4046-ae17-5891adfa0b41,p5head_em,2,495881.5442788745
0.5068472843530935,0.6893999686110781,False,0.15832279236348898,0.10744180484693877,False,0.3762755102040816,0.6815062140604712,1,bc88fe07-10a9-4032-9a0b-21f57f10d555,p5head_em,2,495881.5442788745
0.9285630250663831,0.8427357755803715,True,0.27555669979460645,0.09201610331632654,False,0.2850964604591837,0.8917045700671432,1,bc92c935-81cf-4e5b-8edc-381c0327072b,p5head_em,1,495881.5442788745
0.5029977808502448,0.553508021218998,False,0.16073101002874807,0.22361288265306123,False,0.3104870854591837,0.9081105169340463,1,bcaa0edc-16d6-44b7-b548-91ddf6ed5cec,p5head_em,2,495881.5442788745
0.9295526732221182,0.9084877420165223,True,0.2466079468359311,0.09769610969387756,False,0.37862723214285715,0.9026927784577723,1,bcaf0768-3841-4280-8de4-57e822f38c7a,p5head_em,1,495881.5442788745
0.45643294543866325,0.45721880540736254,False,0.0585999328770771,0.1639030612244898,False,0.3292610012755102,0.9743433852140078,1,bcb3a190-1449-47b4-a24d-ffd8701723d5,p5head_em,2,495881.5442788745
0.7362573733840542,0.9310310564789097,True,0.44940713383117836,0.2396564094387755,False,0.32997847576530615,0.6576299376299376,1,bcbb2132-0a68-4baa-b264-9c9e6567e35b,p5head_em,1,495881.5442788745
0.5134388952672535,0.5713700582632338,False,0.08978626268629923,0.06529017857142858,False,0.27493223852040816,0.7579365079365079,1,bcbcf3f5-244b-4979-9405-9cfe410b37a7,p5head_em,2,495881.5442788745
0.7993869816837496,0.6465560258730719,True,0.4596910479238584,0.28212691326530615,False,0.3367546237244898,0.8905764340209099,1,bce1a9aa-127b-4535-9e96-d1ca41d72e0c,p5head_em,2,495881.5442788745
0.5536391512838558,0.5214351841754764,False,0.01787589784604693,0.029017857142857144,False,0.32059151785714285,0.9986263736263736,1,bcff3700-de7c-42c2-be5d-1c95d008966a,p5head_em,1,495881.5442788745
0.8224966930068485,0.8488022329466164,True,0.21938301165005175,0.09032206632653061,False,0.346500318877551,0.9448367166813769,1,bd017f59-fd9d-4eb5-8805-58ffb96550df,p5head_em,2,495881.5442788745
0.9535694946403682,0.9067684147218414,False,0.11970210846444188,0.0380859375,False,0.44009088010204084,1.0,1,bd0bb326-cd0d-4dd8-be1c-25c15b076377,p5head_em,1,495881.5442788745
0.6085507745807592,0.4944412859462681,False,0.31681570817145344,0.2825454400510204,False,0.38614078443877553,0.8620300486703816,1,bd1356ed-d7fc-41d7-a11b-b1b1f2c5add1,p5head_em,2,495881.5442788745
0.8315063239218846,0.8081641046946406,False,0.1363604973270441,0.06947544642857142,False,0.40019132653061223,0.9982788296041308,1,bd1f8cea-15a5-4bb8-9eb4-d6fa3714a78e,p5head_em,1,495881.5442788745
0.9560845709657648,0.9479268022612282,True,0.2104239721092524,0.11648995535714286,False,0.38767538265306123,0.773994867408041,1,bd35798d-704b-4e3e-83c5-7957dfdf6715,p5head_em,2,495881.5442788745
0.6667264110879393,0.5922590097863527,True,0.3904758556788549,0.23712531887755103,False,0.2805723852040816,0.8738443435871575,1,bd4fa84d-813d-4ed5-b68f-c88127ed2f80,p5head_em,2,495881.5442788745
0.2501848960473334,0.20868165386353366,False,0.0,0.029894770408163265,False,0.37968351403061223,0.898,1,bd562b4a-0bcd-4d3f-8fe5-b8bfb3875b1c,p5head_em,1,495881.5442788745
0.8317299284603583,0.7682427973695699,True,0.4187438065943709,0.2707469706632653,False,0.27070711096938777,0.7520794994479205,1,bd88f2af-7d9f-44a8-8004-ea76250dc9b2,p5head_em,2,495881.5442788745
0.7016689201187807,0.7008691655316406,False,0.2091671223655458,0.14564732142857142,False,0.48026945153061223,0.981663929939792,1,bd9af100-1805-4e0a-8875-4a4b7195f0d8,p5head_em,2,495881.5442788745
0.6532839533341012,0.5809273628461918,True,0.4502899790046508,0.3266501913265306,False,0.3452845982142857,0.788163514338011,1,bd9d41e6-9e2b-4db5-9cbe-21d32f185421,p5head_em,2,495881.5442788745
0.44779535052340597,0.5,False,0.0,0.12041613520408163,False,0.403499681122449,0.9197285666997683,1,bdd8ef21-50b0-4243-b67f-95f3e197ae70,p5head_em,2,495881.5442788745
0.9540696077968116,0.9177503992483823,False,0.11299144691512546,0.0389030612244898,False,0.41768973214285715,1.0,1,bdfea255-f9dc-4694-b0fe-d699aec5b10e,p5head_em,1,495881.5442788745
0.6303311878056291,0.5281501315081368,True,0.6490672251891555,0.2830436862244898,False,0.31431361607142855,0.8392479932403887,1,be265039-f0ab-4d31-9859-2de2f9d97492,p5head_em,2,495881.5442788745
0.6877990522044501,0.4801619275291087,True,0.33746139004943587,0.18779894770408162,False,0.28073182397959184,0.8841133397007322,1,be309060-220f-445f-9aa5-4a8825783fb2,p5head_em,2,495881.5442788745
0.5695840782216376,0.6864852707573996,False,0.17359113333400103,0.11527423469387756,False,0.26389110331632654,0.9068118948824343,1,be367de2-d888-41df-90bd-82baaa80541f,p5head_em,2,495881.5442788745
0.6991573377472464,0.735363474712644,False,0.38211134567530897,0.30624202806122447,False,0.2854153380102041,0.7857607705323442,1,be379186-93d4-4aa0-b4ae-0c86c9f6b31e,p5head_em,2,495881.5442788745
0.46290157935747117,0.38633730697536756,False,0.1264129349779968,0.1416812818877551,False,0.4145408163265306,0.9146152764101843,1,be4073e5-f1ef-4259-b7a4-8c379844cbaa,p5head_em,2,495881.5442788745
0.7265543228595348,0.6374759811999401,False,0.005054512571706785,0.02303890306122449,False,0.37234933035714285,1.0,1,be9e9eea-96d0-43a3-801e-b39bfd209ca7,p5head_em,1,495881.5442788745
0.37274967041991747,0.4091951994352277,False,0.0,0.07782605229591837,False,0.4012476084183674,0.8028169014084507,1,beb63eac-b9ba-40b5-89b1-8aed84ab43b6,p5head_em,1,495881.5442788745
0.6084744509049864,0.5517183495027381,False,0.26828738410850805,0.22620376275510204,False,0.3486926020408163,0.938942731277533,1,bec35362-40e8-4f43-99aa-8d1eec483456,p5head_em,2,495881.5442788745
0.7627833501533234,0.6285668330470189,True,0.36967385378809486,0.18965242346938777,False,0.27792171556122447,0.907313997477932,1,becced78-9df7-4e9a-94c8-7cb750d41507,p5head_em,2,495881.5442788745
0.6456234078435384,0.7079665076397313,True,0.2448402340021712,0.12651466836734693,False,0.4010483099489796,0.8353812224322621,1,bed364d9-7bad-4de8-b618-9de875b73d67,p5head_em,2,495881.5442788745
0.9467494411918695,0.5200466060982318,True,0.29254854114242723,0.13014190051020408,False,0.16747050382653061,0.9062787136294027,1,bf1103d5-18c7-4578-9ad2-a7e279d9a6a3,p5head_em,2,495881.5442788745
0.44186851211072664,0.47376534060591685,False,0.0,0.0784438775510204,False,0.4018455038265306,0.8373983739837398,1,bf22936e-6390-4f6f-b7c2-9452972c3ab1,p5head_em,1,495881.5442788745
0.5381661648481518,0.6956893869842604,False,0.1877270785194635,0.13058035714285715,False,0.38620057397959184,0.737942612942613,1,bf27db61-1c2e-4710-9f25-31eacb526f5e,p5head_em,2,495881.5442788745
0.44556994539036715,0.5055114060733165,False,0.08039949809369157,0.09020248724489796,False,0.36276307397959184,0.9412284577993814,1,bf3d9218-58b3-4a3b-b68f-54b16f3570d7,p5head_em,2,495881.5442788745
0.5952469521380486,0.4957323126116425,True,0.3123534395085462,0.28061224489795916,False,0.32296316964285715,0.8855113636363636,1,bf6e8629-59e7-4866-8033-65db70e55b14,p5head_em,2,495881.5442788745
0.32462162455018045,0.31615592431809747,False,6.582639292412542e-05,0.029974489795918366,False,0.3042091836734694,1.0,1,bf7225ea-722d-483c-8fd6-3118966ca7b1,p5head_em,1,495881.5442788745
0.6165137787625157,0.5805608934969488,True,0.7754367659025813,0.27256058673469385,False,0.3168447066326531,0.7937262357414449,1,bf7bc9a6-d454-4edd-8752-9273448a3b10,p5head_em,2,495881.5442788745
0.8039457802339993,0.8367120604977483,False,0.20726451956317654,0.09835379464285714,False,0.29707429846938777,0.9663627152988855,1,bfb48b34-fe9a-4f31-bb5a-27ffe55a49fb,p5head_em,1,495881.5442788745
0.8255626482578268,0.6468423022078682,True,0.47356779553521383,0.24940210459183673,False,0.24980070153061223,0.7983058973949176,1,bfc8780a-6911-4006-a427-0898ccd3a5f9,p5head_em,2,495881.5442788745
0.8199253497842864,0.7927039985904163,True,0.35213827349489735,0.20752949617346939,False,0.4576889349489796,0.8740036492845482,1,bfd60c29-4ac3-4bc1-be29-579a65a843cd,p5head_em,2,495881.5442788745
0.22186132648968865,0.3619174452285408,False,1.238458043872184e-05,0.08904655612244898,False,0.1994579081632653,0.7457475380483438,1,bfd6493b-7b0d-4bb6-a7ed-bd69007dc433,p5head_em,2,495881.5442788745
0.978565782767919,0.979143289790214,True,0.30360937721653797,0.1136001275510204,False,0.32264429209183676,0.872280701754386,1,bfd8ef59-552b-479a-888c-1444384b828b,p5head_em,1,495881.5442788745
0.4450340519449041,0.4763941873949097,False,0.034761859420376934,0.21942761479591838,False,0.31562898596938777,0.9671207992733878,1,bfdffef0-de93-45a5-a743-af5e2b3ac681,p5head_em,2,495881.5442788745
0.7331554734225504,0.6094622911637733,True,0.33129928199713754,0.2284359056122449,False,0.26656170280612246,0.8499389286337463,1,bfe7e758-97b3-4763-a91b-8bf559c143a4,p5head_em,2,495881.5442788745
0.8060195282412508,0.7787993244745416,True,0.34840156107105763,0.20774872448979592,False,0.46438536352040816,0.97544128933231,1,c0654897-6bfe-4b7c-abd3-dda76d0fcac2,p5head_em,2,495881.5442788745
0.701874627175916,0.5504369219933002,True,0.245343354952158,0.15222417091836735,False,0.32621173469387754,0.9989526053940823,1,c07f52df-d481-434f-84c1-04263926ac40,p5head_em,2,495881.5442788745
0.5692841686752496,0.758955285411176,False,0.16980177032682758,0.16491948341836735,False,0.2872688137755102,0.9023564954682779,1,c1415e26-fddf-4a0c-a7eb-7b9a0d9e9983,p5head_em,2,495881.5442788745
0.7854626202041395,0.6686944735278476,True,0.2133895391986805,0.08589764030612244,False,0.24021444515306123,0.9779582366589327,1,c1e73a4e-7afe-4ec5-8af6-ce8315d7a2f2,p5head_em,2,495881.5442788745
0.7892641665455564,0.6426760428495482,False,0.25530379482224447,0.15473533163265307,False,0.280452806122449,0.8739052035033488,1,c1f7889a-9ea9-4acb-b64c-b737c929599a,p5head_em,2,495881.5442788745
0.5468260717397679,0.642102516022654,False,0.14347226498618978,0.12669403698979592,False,0.22596460459183673,0.9178857951864087,1,c203f4e6-0963-4543-a34c-48b9d62b3e27,p5head_em,2,495881.5442788745
0.7644157420434026,0.8075684860386676,False,0.35828491973837967,0.2254264987244898,False,0.44094786352040816,0.8634957121386261,1,c26c0bb6-125b-497f-a3fa-04a5729b36c0,p5head_em,2,495881.5442788745
0.7283036583466193,0.549485782222312,False,0.15540703802769118,0.09287308673469388,False,0.2770448022959184,0.9989270386266095,1,c26d7023-7b0d-4b3a-9621-1eb5007eac7c,p5head_em,2,495881.5442788745
0.7363225257422366,0.7138333880449826,False,0.3660216442091524,0.26767777423469385,False,0.30211654974489793,0.833445015263197,1,c2802780-8f5c-4240-8d71-0be1664a8b6f,p5head_em,2,495881.5442788745
0.5,0.5,False,0.0,0.06301817602040816,True,0.4772999043367347,0.8074003795066413,1,c2c49031-f803-495d-9abf-32589c04a99b,p5head_em,1,495881.5442788745
0.5,0.5,False,0.0,0.15977758290816327,True,0.41035554846938777,0.902332543345391,1,c2c4dd48-9a14-440e-9d97-3433553934ef,p5head_em,2,495881.5442788745
0.5319315708844271,0.5036752673710315,True,0.17293291644692935,0.11593191964285714,False,0.3182796556122449,0.8946192195289668,1,c2c9a42f-a4ca-4ba6-9a79-7e670787e0cd,p5head_em,2,495881.5442788745
0.38131792306365364,0.46043656207366984,False,0.0,0.07573341836734694,False,0.2909359056122449,0.9481578947368421,1,c2cd0631-a09e-4d53-afe4-f904899392fb,p5head_em,1,495881.5442788745
0.5994702748614693,0.2510069517233609,False,0.0317509730552627,0.0272640306122449,False,0.34998804209183676,0.8823099415204678,1,c2e05765-ebf6-4e52-ac88-1e9d928282b8,p5head_em,1,495881.5442788745
0.9540185299341183,0.9332029087804598,True,0.24114639689997236,0.07802535076530612,False,0.3752989477040816,0.9915708812260536,1,c2ee643f-0568-4816-9fa5-19d50cde5386,p5head_em,1,495881.5442788745
0.4460292323437126,0.47485939902005786,True,0.22026246323196425,0.14449139030612246,False,0.407047193877551,0.7969655172413793,1,c34a3ea0-04d7-4df6-afab-0d7c7280b749,p5head_em,2,495881.5442788745
0.5790622453024488,0.5511148128391836,True,0.24849889160910604,0.12021683673469388,False,0.4429209183673469,0.912632625994695,1,c3751c94-ea6f-4a7c-b3bf-87a54012fa80,p5head_em,2,495881.5442788745
0.8108855363323121,0.7757561180172542,True,0.4404174939800634,0.18345424107142858,False,0.3366549744897959,0.9011406844106464,1,c3768927-0d7e-4624-bf5a-3eea2011a5c1,p5head_em,2,495881.5442788745
0.7751288040841396,0.5984778294326545,True,0.445590801112218,0.2610411352040816,False,0.3218470982142857,0.8324171629256375,1,c37e4ade-605d-4b78-ada5-231c82b72b43,p5head_em,2,495881.5442788745
0.562396649186236,0.5479315401047593,True,0.249299300524936,0.16438137755102042,False,0.39285714285714285,0.8347478176527643,1,c3a9ec26-c2c0-4c78-b52e-ed023bf16b3d,p5head_em,2,495881.5442788745
0.7575576328566518,0.44189756616518816,False,0.2505264215467433,0.14829799107142858,False,0.2819276147959184,0.9822604488643999,1,c3c1ef6e-055c-4f54-a7f5-d0f6eed1d2da,p5head_em,2,495881.5442788745
0.8311411912469501,0.8573906132446593,True,0.35551104950692614,0.15846221301020408,False,0.38219467474489793,0.9400075462206012,1,c3ed4cdc-183a-4b8f-a51f-d915d912abab,p5head_em,2,495881.5442788745
0.8458938578037178,0.5047024143598108,True,0.39008038381213805,0.23676658163265307,False,0.29073660714285715,0.923063973063973,1,c4328895-fac4-4ecc-b164-88f77dee37ca,p5head_em,2,495881.5442788745
0.8291556191087596,0.5513351157428166,True,0.4456315139923247,0.27395567602040816,False,0.27640704719387754,0.824021533537029,1,c48c38f1-a9ac-49e8-bd3b-de77c20446c5,p5head_em,2,495881.5442788745
0.7386694162339976,0.6230309792037442,True,0.3716372859907128,0.2560985331632653,False,0.3076769770408163,0.9017898832684825,1,c4c02f02-e91c-4a0f-8a56-d89f9fec81f3,p5head_em,2,495881.5442788745
0.9581989007673288,0.9814056475512987,True,0.3218547273299464,0.11688855229591837,False,0.3942721619897959,0.6069906223358909,1,c574a647-fb1f-4344-9568-892f4d66f4ed,p5head_em,1,495881.5442788745
0.9576037293037604,0.972035619350318,True,0.1463896385898052,0.064453125,False,0.30757732780612246,0.4291898577612863,1,c5a27c73-aef3-407e-9724-333e97a583c9,p5head_em,1,495881.5442788745
0.23157092018301983,0.23678573678573678,False,0.0,0.05915178571428571,False,0.3754982461734694,1.0,1,c7024796-39ed-4eda-906d-65a1fb5d5c52,p5head_em,1,495881.5442788745
0.5,0.5,False,0.0,0.020806760204081634,True,0.480289381377551,1.0,1,c75ada7c-f5f2-4ea0-9876-05d332328e67,p5head_em,1,495881.5442788745
0.7467867225231274,0.3816422160836143,False,0.04068423828825641,0.023676658163265307,False,0.16906489158163265,1.0,1,c7ccf0d3-c18a-4b89-acdd-9a106d6d882f,p5head_em,1,495881.5442788745
0.8996906227176638,0.7732537406502495,True,0.44444083875842544,0.2796157525510204,False,0.2850366709183674,0.8076265146115467,1,c907dcd1-6011-430b-9515-009900b4a98f,p5head_em,2,495881.5442788745
0.9542107312973745,0.8991338037888132,True,0.3395394355826004,0.11730707908163265,False,0.28224649234693877,0.9680598029221883,1,c993e08f-b497-4f6f-936e-0a44a834d24f,p5head_em,1,495881.5442788745
0.9146913659017952,0.9312905494189272,True,0.33405707624281433,0.12934470663265307,False,0.37398357780612246,0.8298921417565486,1,ca1470f8-20fe-4e11-ad99-9c83248e7b11,p5head_em,1,495881.5442788745
0.9092407433565823,0.7218157817501576,True,0.4106727439712387,0.22004544005102042,False,0.23875956632653061,0.8126981251698215,1,ca2ee113-9d1d-486c-aab0-ef51cb27c79e,p5head_em,2,495881.5442788745
0.9524065754353355,0.8927877351803472,True,0.3715272155229057,0.15760522959183673,False,0.23148517219387754,0.5728376327769348,1,cb3816db-93c9-4d0a-a163-eb40363c45fe,p5head_em,2,495881.5442788745
0.9547907599727244,0.8254090884882699,False,0.24444692345664248,0.07952008928571429,False,0.18640385841836735,0.9423558897243107,1,cb601b71-9d46-4db3-8b4d-061874787669,p5head_em,1,495881.5442788745
0.970825264296785,0.991914984836662,True,0.33322178226307403,0.12974330357142858,False,0.3456433354591837,0.7797235023041474,1,cb683934-8d2d-4cda-b996-55cfc8d012f6,p5head_em,1,495881.5442788745
0.9410347163852889,0.8570652821005752,False,0.24151025092127665,0.06425382653061225,False,0.36965880102040816,0.9602977667493796,1,cb85b732-7abe-42b6-843e-c6884a619361,p5head_em,1,495881.5442788745
0.8829591271273711,0.8647724405089796,True,0.24315411034609885,0.1259765625,False,0.2905173788265306,0.8587248853029584,1,ccb56286-f7d5-4786-82bd-b6b3e18e2149,p5head_em,2,495881.5442788745
0.8164199075414941,0.6778594473355146,True,0.34947712452403035,0.13707748724489796,False,0.29553970025510207,0.9965106135504507,1,ccfe0d0f-f75e-48ef-b754-4c2030a94c7b,p5head_em,2,495881.5442788745
0.7293361334379169,0.7027682959492381,True,0.4868194671651886,0.30032286352040816,False,0.3661511479591837,0.8982016059459819,1,cd1d42a0-e085-4f64-baaf-1da212416e8d,p5head_em,2,495881.5442788745
0.856836823033503,0.7088409541341939,True,0.3073082991851226,0.16741071428571427,False,0.24864477040816327,0.8554761904761905,1,cd4f439d-61be-4ecb-bc27-383f9cd29569,p5head_em,2,495881.5442788745
0.7186627812415348,0.6665394956277045,True,0.35623374853239564,0.14773995535714285,False,0.34950972576530615,0.961554026709834,1,cd78f228-1c12-4421-adb5-f739f0ce306e,p5head_em,2,495881.5442788745
0.6897829643515921,0.863124191260239,False,0.12952347820001156,0.07270408163265306,False,0.23385682397959184,0.6691337719298246,1,cd79b093-d3a2-49bd-8868-b463ff05f3e8,p5head_em,1,495881.5442788745
0.8888477502447635,0.9649843440512607,False,0.07998757430209949,0.03647161989795918,False,0.2504783163265306,0.5885245901639344,1,ceae50d1-5854-438c-8cb1-0579e376e286,p5head_em,1,495881.5442788745
0.8503763530109808,0.8257047535284889,True,0.23938645519775634,0.09091996173469388,False,0.36607142857142855,0.9162647961420429,1,ceb849b4-5618-4c3b-b34a-6ef007ae2ba0,p5head_em,2,495881.5442788745
0.8228710723064179,0.7539473313134311,True,0.3180540116152955,0.1999561543367347,False,0.2581114477040816,0.7525166949068075,1,cf1ea4a8-9530-4ddf-969d-c5570838ae11,p5head_em,2,495881.5442788745
0.9664319073979659,0.9457526129812516,True,0.2703825667660273,0.08155293367346939,False,0.32852359693877553,0.998533724340176,1,cf6e4dd7-5d71-4ff8-aa41-2bfdb80e2e3e,p5head_em,1,495881.5442788745
0.9004753959114797,0.8477624974931196,True,0.40678219685293565,0.22899394132653061,False,0.3875358737244898,0.8629242819843342,1,cf7e865e-f0b1-4a22-8508-f0636247f895,p5head_em,2,495881.5442788745
0.9538760698264439,0.927084005052536,False,0.2955332075130759,0.08035714285714286,False,0.2782605229591837,0.7514880952380952,1,d080e8cd-17fa-44d5-8401-736bf2e7f213,p5head_em,1,495881.5442788745
0.7539451511949067,0.6363048690986853,True,0.1948251500257632,0.10323660714285714,False,0.33557876275510207,0.9903474903474904,1,d29caa55-2027-4078-8d93-c6aaa25f7044,p5head_em,2,495881.5442788745
0.6353441134096425,0.5607123835845172,True,0.1386106953041176,0.11212531887755102,False,0.21781329719387754,0.7523995734091717,1,d3fbcb3d-b39c-4c8b-a23d-ae786dc11bfe,p5head_em,1,495881.5442788745
0.9896582288620291,0.9846013590993445,True,0.2097958009077936,0.05787627551020408,False,0.4607780612244898,0.9855371900826446,1,d49f6b2a-8e3b-4b04-93a7-b1e11cd9657c,p5head_em,1,495881.5442788745
0.9092397488818086,0.8025753639441655,True,0.49949654662071924,0.25386639030612246,False,0.362125318877551,0.8961375412152615,1,d4a31817-cd95-46ad-b41d-9350faa087c8,p5head_em,2,495881.5442788745
0.6511267180751256,0.4704949903850583,False,0.1334255984525656,0.11549346301020408,False,0.2973134566326531,0.9546160483175151,1,d50e7c06-768f-4943-8e00-392d664fe580,p5head_em,1,495881.5442788745
0.9340397423037121,0.8952022128958412,True,0.27533861833786705,0.11049107142857142,False,0.42103794642857145,0.974025974025974,1,d5277276-f8f8-40e9-b8e1-791cf5d96ac0,p5head_em,1,495881.5442788745
0.40838820498139133,0.39436717182201925,False,0.0,0.025390625,False,0.3120814732142857,0.9481946624803768,1,d5d9c073-56ac-4102-abda-ef3b1f00331b,p5head_em,1,495881.5442788745
0.4118904786727412,0.48566384735639556,False,1.1561820618405451e-05,0.028758769132653062,False,0.25619818239795916,0.34996534996534995,1,d62307ce-2535-4c0e-b7f1-5369cb77b461,p5head_em,1,495881.5442788745
0.4191869877459336,0.2660415962328576,False,0.007112067968078636,0.020089285714285716,False,0.32045200892857145,1.0,1,d6406a7b-d4ce-4495-ac63-ccde4b062fa7,p5head_em,1,495881.5442788745
0.586327464729487,0.6000884273800259,False,0.019975923582686746,0.023596938775510203,False,0.4499362244897959,1.0,1,d6931240-6770-4832-a4b8-4a47dd51c0ac,p5head_em,1,495881.5442788745
0.971931333303455,0.9190100744161676,False,0.1439509914532982,0.04296875,False,0.294742506377551,0.9842300556586271,1,d6fb1e39-32df-463f-9d7e-064b2b64a3bf,p5head_em,1,495881.5442788745
0.9829472213282106,0.9555957182351482,True,0.09038703153704905,0.023138552295918366,False,0.35006776147959184,1.0,1,d7131b83-ef4c-4a0a-b1a2-d09c163bda48,p5head_em,1,495881.5442788745
0.9508853735713848,0.9373042696492244,False,0.12137462169842639,0.03946109693877551,False,0.38205516581632654,0.9595959595959596,1,d71602f4-ca1e-4651-8eb1-86bfde77556f,p5head_em,1,495881.5442788745
0.716421114938069,0.6898827173522639,True,0.34462308002724606,0.22947225765306123,False,0.5222018494897959,0.9297377106131666,1,d7545025-6654-4cc3-83d1-99a34476c72a,p5head_em,2,495881.5442788745
0.3502954165070275,0.36775106082036774,False,0.0,0.011658960459183673,False,0.34982860331632654,1.0,1,d78166b3-fbdf-4d19-bc24-d805269418f8,p5head_em,1,495881.5442788745
0.9636829751305795,0.884811880647757,False,0.06502717388877688,0.02100605867346939,False,0.3051060267857143,1.0,1,d815454a-5088-407c-8822-af205bec401d,p5head_em,1,495881.5442788745
0.9917291009638538,0.9660118469557635,True,0.0922354277362031,0.02574936224489796,False,0.26235650510204084,1.0,1,d84d271a-8ea1-4065-90e5-9f9c94794310,p5head_em,1,495881.5442788745
0.775513193183544,0.5970221963495781,True,0.21208012678290036,0.10465162627551021,False,0.31435347576530615,0.9843839268710721,1,d9245b95-1261-4dd6-88a8-2c9a69578b0e,p5head_em,2,495881.5442788745
0.9783891571380026,0.967115333940207,False,0.08636225898915789,0.024214764030612245,False,0.2803930165816326,0.842798353909465,1,d930583e-0c91-4b5f-9a23-0f71f0349586,p5head_em,1,495881.5442788745
0.4527393814562871,0.2610887526445764,False,0.02260484124857292,0.04823022959183673,False,0.3349609375,1.0,1,d9728525-2c4b-4526-bbf7-873831872a20,p5head_em,1,495881.5442788745
0.31621840242669363,0.3110777694423606,False,0.0,0.01446906887755102,False,0.33320711096938777,0.9958677685950413,1,d9c09d71-4b04-4f5c-95f1-582f7d64467a,p5head_em,1,495881.5442788745
0.8134711002169449,0.6960984393265883,False,0.12006842184838509,0.08233019770408163,False,0.35995296556122447,0.9663519728879206,1,d9e15ec8-682f-43ed-b652-ce3d9e827716,p5head_em,1,495881.5442788745
0.9879027374031008,0.9710961618405014,True,0.11661877986793315,0.04017857142857143,False,0.4221938775510204,1.0,1,d9fc48eb-9f51-4a78-b132-3532f4aa05f7,p5head_em,1,495881.5442788745
0.9626193459108172,0.9753873589202567,True,0.28336538318218524,0.06736288265306123,False,0.28525589923469385,0.6121301775147929,1,db0018a5-7d08-4723-ac31-884bbb52910b,p5head_em,1,495881.5442788745
0.34394758650888785,0.25792973847446415,False,0.0002443491333069252,0.013871173469387755,False,0.3342434630102041,1.0,1,db5399f8-e0cb-4208-8694-a7136f9ac574,p5head_em,1,495881.5442788745
0.8498464006008261,0.7881923618211736,False,0.0876978709475992,0.03866390306122449,False,0.29749282525510207,0.9690721649484536,1,db798a1e-84b8-43ff-b4d5-990470c2579d,p5head_em,2,495881.5442788745
0.9006904369366457,0.8089402570052215,True,0.21375989257014993,0.10112404336734694,False,0.3233617665816326,0.9456050453291289,1,dcc879b2-a7f1-4526-95af-e87539dc4925,p5head_em,1,495881.5442788745
0.3119389767741416,0.3277732176360225,False,0.0,0.009765625,False,0.3496890943877551,1.0,1,dda53143-9bcc-4c5f-aca6-970626733e17,p5head_em,1,495881.5442788745
0.9901854418213668,0.9821607318336283,True,0.27048195556855664,0.06473214285714286,False,0.27146444515306123,0.916871921182266,1,dde8d2fb-aa94-4fbf-a3eb-3a58ea13ea75,p5head_em,1,495881.5442788745
0.5504707116840164,0.35541167892445985,False,0.02995242669254816,0.033322704081632654,False,0.3401028380102041,1.0,1,de0753bc-4086-4b85-a0bf-ca66c5832ce3,p5head_em,1,495881.5442788745
0.972960171480814,0.9276995994160101,True,0.07927014238588027,0.025669642857142856,False,0.1646404655612245,0.8245341614906833,1,de304f9b-f407-43d5-89b9-bdb07f8308b1,p5head_em,1,495881.5442788745
0.8747247849372703,0.7859260979447805,True,0.1688784648621386,0.06732302295918367,False,0.3471181441326531,1.0,1,df07876c-6dc6-480b-8b62-440dc2c1a73a,p5head_em,2,495881.5442788745
0.7655555661595348,0.612195791859224,False,0.10574241674351584,0.07344148596938775,False,0.3482142857142857,0.9609226594301221,1,df8f2c22-ada6-4e53-9609-bc70528c5999,p5head_em,1,495881.5442788745
0.9826360788992892,0.9477513224377235,True,0.11315581051771631,0.04528061224489796,False,0.2672791772959184,1.0,1,e06a973d-844c-4799-923a-9ab7215fe5bc,p5head_em,1,495881.5442788745
0.8308598003910751,0.6886852874156063,True,0.13120891519818006,0.05815529336734694,False,0.23644770408163265,1.0,1,e09d1d80-ae35-426e-870f-56421e61c48c,p5head_em,2,495881.5442788745
0.787363936256757,0.6036847941152692,False,0.06118734315721636,0.04225127551020408,False,0.3399234693877551,1.0,1,e0e6d81f-d19c-4e66-99a5-ebc202d727ce,p5head_em,1,495881.5442788745
0.9882492133210772,0.9696125691866613,True,0.09042643246860678,0.025390625,False,0.34927056760204084,1.0,1,e140e6e5-cdf1-47d6-b2f1-602aa8a1a69c,p5head_em,1,495881.5442788745
0.265968723719868,0.06401447162571895,False,1.014341689266145e-05,0.007254464285714286,False,0.38928970025510207,1.0,1,e15ecf55-b05a-4f6f-bb25-d51d4a438963,p5head_em,1,495881.5442788745
0.9469165346793557,0.8614149593628114,False,0.11559482948415227,0.037109375,False,0.36754623724489793,0.9983888292158969,1,e1d5a233-39ca-41dc-a289-b07c3e78cdb1,p5head_em,1,495881.5442788745
0.8684115133463314,0.8799254790174429,False,0.1266960023934823,0.04603794642857143,False,0.4411073022959184,1.0,1,e1eb1f53-a6e1-461d-96bc-ca7fd48b8836,p5head_em,1,495881.5442788745
0.9406483520515431,0.8121594665996351,False,0.05990238971311681,0.026785714285714284,False,0.2405731823979592,1.0,1,e1f97b99-23fc-4fb8-a960-b9e26f2920a7,p5head_em,1,495881.5442788745
0.9717677398629474,0.9743345701402888,True,0.0960530790940762,0.024274553571428572,False,0.2998046875,0.6133004926108374,1,e212adf7-2a29-4069-aa94-8ea5d366d0eb,p5head_em,1,495881.5442788745
0.9463908858998145,0.9333328901701746,False,0.08359481751478415,0.017857142857142856,False,0.33573820153061223,1.0,1,e21bd38d-504c-4256-9168-2f1ccc10ad94,p5head_em,1,495881.5442788745
0.8249932451367495,0.7335777033937873,False,0.1404985056865308,0.07712850765306123,False,0.35501036352040816,0.9695090439276486,1,e2cb1c89-244e-407f-9798-9a9670616850,p5head_em,2,495881.5442788745
0.2634011090573013,0.27918490349429576,False,0.0,0.018833705357142856,False,0.29659598214285715,1.0,1,e2efa725-693d-46a1-9abc-545ea633794c,p5head_em,1,495881.5442788745
0.8573996597873741,0.7150652399295341,False,0.05153676998526863,0.02311862244897959,False,0.34925063775510207,1.0,1,e32be4a8-2f2c-436a-8a3c-e4e424fad060,p5head_em,1,495881.5442788745
0.9710676069663815,0.9281726961106154,True,0.0855714188511331,0.03150908801020408,False,0.31253985969387754,1.0,1,e34cceab-c358-4257-8fcc-4ec1e7d7de36,p5head_em,1,495881.5442788745
0.681711458632212,0.5471965341225155,False,0.07187937779576081,0.0568000637755102,False,0.2744140625,0.9831578947368421,1,e380d5fb-dc74-41c9-adad-05b7b88b9137,p5head_em,1,495881.5442788745
0.8025330331079512,0.8387221706208776,False,0.04310049909095629,0.019650829081632654,False,0.4299465880102041,1.0,1,e4f130d7-0a85-4d4d-a989-936db8cbf598,p5head_em,1,495881.5442788745
0.7929021465057977,0.6351006756442398,False,0.09866420352304124,0.05678013392857143,False,0.38803411989795916,0.9922779922779923,1,e5bff349-8b02-4c62-8c64-b32344fa690c,p5head_em,2,495881.5442788745
0.9290953294864336,0.9208705195989422,False,0.028178456421969027,0.011001275510204082,False,0.3030532525510204,1.0,1,e6063bd8-e46c-4430-a63c-03adc37511f7,p5head_em,1,495881.5442788745
0.9934581220149994,0.9789717365455822,True,0.14043010548491042,0.02040816326530612,False,0.29356664540816324,1.0,1,e6237a2c-514c-477b-8e79-727ebb9436a3,p5head_em,1,495881.5442788745
0.9906261448216404,0.933612438552056,False,0.044163075544131396,0.017916932397959183,False,0.15541294642857142,1.0,1,e63d1f50-43f7-4e95-aa71-0108a062eee0,p5head_em,1,495881.5442788745
0.9608535049298303,0.95319372580405,False,0.21805518876070373,0.07334183673469388,False,0.42251275510204084,1.0,1,e65d66fe-2835-4e27-859b-a65065758cab,p5head_em,1,495881.5442788745
0.977594859849044,0.9338597390716044,True,0.1389587338340505,0.04225127551020408,False,0.32627152423469385,1.0,1,e70795e5-58b2-4b08-a9eb-6929c8905ea0,p5head_em,1,495881.5442788745
0.918517012178591,0.8118047277062193,False,0.12381584208631023,0.049107142857142856,False,0.33047672193877553,0.992288961038961,1,e75caca3-22a7-48dc-9b2d-d6e19db6bb29,p5head_em,2,495881.5442788745
0.9931942984130072,0.9797598708743287,True,0.07723289572838359,0.031568877551020405,False,0.35413345025510207,1.0,1,e813b239-43c9-426d-b768-4a88d5e2c2e4,p5head_em,1,495881.5442788745
0.735725099924273,0.5881763287494404,True,0.09901012357456532,0.05349170918367347,False,0.2351124043367347,0.8651266766020864,1,e836c27c-e180-4c15-a929-bc98fab4df67,p5head_em,2,495881.5442788745
0.41500571407822745,0.3578716592441391,False,0.006998773254179124,0.03802614795918367,False,0.4602598852040816,1.0,1,e84da550-d09e-46cd-94c1-617b6d7aa461,p5head_em,1,495881.5442788745
0.4351425849733477,0.45452193039203004,False,0.0,0.0166812818877551,False,0.32093032525510207,0.7706093189964157,1,e95fd267-cade-4b0d-ba4d-77d2765817a1,p5head_em,1,495881.5442788745
0.8785308034917212,0.8266911649972125,False,0.14930379695279006,0.05739795918367347,False,0.42283163265306123,1.0,1,e97da81f-c608-49cd-acf5-4ec961861bbd,p5head_em,1,495881.5442788745
0.7890697067197948,0.7145388641354179,True,0.2831078465344978,0.1861846301020408,False,0.37954400510204084,0.9641404410190537,1,e9e58e10-2795-4dec-a738-c9792ea8f685,p5head_em,2,495881.5442788745
0.8456881952562862,0.7984429810046992,False,0.055934048714696497,0.02098612882653061,False,0.2461734693877551,0.9895536562203229,1,ea1cf22d-0ec1-4820-86ed-a2bce81fa924,p5head_em,1,495881.5442788745
0.9774159959534283,0.9605814066590146,False,0.08169670835165636,0.0243343431122449,False,0.4989038584183674,1.0,1,ea2f0e9e-8cca-4037-a456-9fb1f07af5d2,p5head_em,1,495881.5442788745
0.8193819619197085,0.6949678338388016,False,0.036252689486770975,0.01793686224489796,False,0.40345982142857145,1.0,1,ea4e3c77-6956-4ba1-9c73-3bc93c1f0398,p5head_em,1,495881.5442788745
0.64206757360057,0.6843010915706489,False,0.0977710362354918,0.049127072704081634,False,0.3739038584183674,1.0,1,ea97a1ff-8582-4f89-be4f-b8cfd2eb73b1,p5head_em,2,495881.5442788745
0.969139939670576,0.9587376197288096,True,0.19341715982112814,0.05741788903061224,False,0.47181919642857145,0.9600833044081916,1,eadbf3c9-f034-4b29-9a46-b90a16978a2a,p5head_em,1,495881.5442788745
0.865443690907579,0.7596364801301888,False,0.15161741579707833,0.08340640943877552,False,0.3725486288265306,0.8970131421744325,1,eb0cc4c8-4ce7-46b9-9ad2-c4bb71fcbf59,p5head_em,2,495881.5442788745
0.4377318333840073,0.5,False,0.0,0.016761001275510203,False,0.32577327806122447,1.0,1,eb17c134-0bf7-472a-96df-9253e86ceaa2,p5head_em,1,495881.5442788745
0.9309055633812463,0.8646368523466894,True,0.15890035242088468,0.07525510204081633,False,0.4103156887755102,1.0,1,eb867723-c976-423b-b56d-5d802bc2f04f,p5head_em,2,495881.5442788745
0.9795099562485022,0.9754310914503498,True,0.14185795586041916,0.040896045918367346,False,0.46976642219387754,1.0,1,ebc7b6eb-6b18-4807-af64-55d4723479a8,p5head_em,1,495881.5442788745
0.8540584055043206,0.7404695256583139,True,0.25751031486956605,0.16198979591836735,False,0.34941007653061223,0.8796751968503937,1,ec885fc7-04cc-47a5-b971-11ef284c229f,p5head_em,3,495881.5442788745
0.9951949275511646,0.9858951164248839,False,0.06506112749830219,0.016063456632653062,False,0.34867267219387754,1.0,1,ec8965a5-1774-4644-8e58-dd62eacc160e,p5head_em,1,495881.5442788745
0.9521753142747168,0.9255731054615904,False,0.12347106283956631,0.04603794642857143,False,0.5339405293367347,1.0,1,ecfe8040-c2e5-45d0-9ee7-d1a6963270ca,p5head_em,1,495881.5442788745
0.9311263997433108,0.8649616608536459,True,0.15868896247931275,0.07174744897959184,False,0.3446069834183674,0.9352777777777778,1,ed38283d-165f-481b-bbb3-5532450b82c1,p5head_em,2,495881.5442788745
0.9871748472435937,0.9677196505123518,False,0.06764339794536765,0.02100605867346939,False,0.40367904974489793,1.0,1,edf1fe7e-46a9-47be-8f65-132b2f8dd56a,p5head_em,1,495881.5442788745
0.9573484515990853,0.9286061020340939,False,0.08103808228637606,0.02236128826530612,False,0.33793048469387754,1.0,1,edfb87ef-944e-42df-a5f1-49b415d1741a,p5head_em,1,495881.5442788745
0.9620022929759312,0.9420068987143305,True,0.05879129281946263,0.017338966836734693,False,0.3351203762755102,1.0,1,ee373825-44f6-45ca-8ec9-d2d1d9541450,p5head_em,1,495881.5442788745
0.9815872426704166,0.944643003500884,False,0.05813950427480232,0.020089285714285716,False,0.3443080357142857,1.0,1,ee674127-083a-4562-a4e6-3ee96bae758a,p5head_em,1,495881.5442788745
0.6832384898885333,0.5252642866079668,True,0.21173123565781174,0.12675382653061223,False,0.37563775510204084,0.9352201257861635,1,ee8a4128-a907-475b-a363-9cd60d65e46e,p5head_em,2,495881.5442788745
0.9844567559249,0.9727023833921301,True,0.095166380735869,0.021524234693877552,False,0.29316804846938777,0.9842592592592593,1,efa863b3-24a7-4688-9015-e656c933d04c,p5head_em,1,495881.5442788745
0.9878291562115099,0.9892901242791214,True,0.14289704476070944,0.03685028698979592,False,0.4200813137755102,0.9497025419145484,1,efc9c6a8-8568-426f-9fc6-2a6106bbb98c,p5head_em,1,495881.5442788745
0.6677181005264023,0.5230693626017723,False,0.10312721712292734,0.06421396683673469,False,0.25839046556122447,0.8876474239602731,1,f1ba6a94-27b8-4537-8a11-6c4dbc3fe428,p5head_em,3,495881.5442788745
0.8296890018334789,0.8203477284346332,False,0.32433105074656426,0.06429368622448979,False,0.3198142538265306,0.7820830750154991,1,f1c0e838-08dd-4ec4-84a7-cedf9b87f592,p5head_em,2,495881.5442788745
0.4685297492214391,0.46628723925712107,False,0.0,0.0272640306122449,False,0.39319595025510207,1.0,1,f23907b3-9638-4986-b471-b4f2873f6504,p5head_em,1,495881.5442788745
0.9747913563653359,0.9223326960436028,True,0.21316110964218013,0.06008848852040816,False,0.24475845025510204,0.9990049751243781,1,f26ede75-cee6-4248-9219-017f327b25ca,p5head_em,1,495881.5442788745
0.8551078868052181,0.8285397307047788,False,0.16560548258816035,0.09711814413265306,False,0.3243781887755102,0.9517750872152678,1,f3236920-9024-4ee1-bbac-a89b68cfb44b,p5head_em,2,495881.5442788745
0.7086918610833044,0.2692041264430596,False,0.07341852527324162,0.042689732142857144,False,0.2971938775510204,1.0,1,f336113a-6002-41da-8451-997d62e36a34,p5head_em,1,495881.5442788745
0.9634641457559726,0.9066394237922825,False,0.08785503473158356,0.02806122448979592,False,0.22897401147959184,1.0,1,f34899e1-3927-4191-b50c-bec95808139c,p5head_em,1,495881.5442788745
0.7069568767952144,0.5864099957215734,False,0.06032680412140977,0.042689732142857144,False,0.42930883290816324,1.0,1,f3a72d62-fce7-4654-92a1-9cf26353d156,p5head_em,1,495881.5442788745
0.9811154908297379,0.9087612642444379,True,0.06344083202877014,0.019650829081632654,False,0.15180564413265307,1.0,1,f3b1b61e-693d-4fee-b67b-fa4f09554391,p5head_em,1,495881.5442788745
0.9953919895201017,0.986062236395056,True,0.17592584729990934,0.034279336734693876,False,0.350765306122449,1.0,1,f3bea900-7094-44d2-bb12-fdec80766f9d,p5head_em,1,495881.5442788745
0.9764135133089609,0.9121833556363467,False,0.19932835612080976,0.05592315051020408,False,0.29013871173469385,1.0,1,f42223b1-1a5b-45c2-a1d2-25c6df776484,p5head_em,1,495881.5442788745
0.5573117012636511,0.4751563583222487,True,0.16978957198034872,0.08663504464285714,False,0.4038584183673469,0.9790660225442834,1,f50616b4-c6ab-44bc-8a70-28464c77c397,p5head_em,2,495881.5442788745
0.7445329387773516,0.523269329834567,False,0.05698204999214776,0.034279336734693876,False,0.38877152423469385,1.0,1,f57af871-f713-436b-85b3-58e686c685f2,p5head_em,1,495881.5442788745
0.7869233134148699,0.6048054762567079,False,0.08623038127513294,0.05231584821428571,False,0.358219068877551,0.9855238095238095,1,f5848669-b012-4685-9bc2-3c76680f7289,p5head_em,1,495881.5442788745
0.8225830749506129,0.8497888824475661,False,0.09614862469277112,0.03786670918367347,False,0.5843032525510204,1.0,1,f5ec1010-b315-453d-a163-2cc716ab182f,p5head_em,1,495881.5442788745
0.8712258514198442,0.8263526230459154,True,0.22448772512018594,0.11818399234693877,False,0.39022640306122447,0.9521079258010118,1,f6669e27-825f-4fb9-b86a-ba61b9538342,p5head_em,2,495881.5442788745
0.6035799345701405,0.5616172163069479,False,0.1901091694112427,0.11487563775510204,False,0.2990872130102041,0.9862942401110341,1,f67d2434-0c18-441e-9ed4-66af65f511f7,p5head_em,2,495881.5442788745
0.7579470483984375,0.5893675765153894,True,0.22611478196816798,0.13962850765306123,False,0.34371014030612246,0.9708821010562375,1,f733b1be-95cb-427f-b799-8810dab0ed0c,p5head_em,2,495881.5442788745
0.6835876794985745,0.5518199501534714,False,0.1532725708784092,0.09827407525510204,False,0.31212133290816324,0.9789089434191848,1,f736efcc-ac9e-4f00-9e27-03add80f6f63,p5head_em,2,495881.5442788745
0.9036382046347361,0.6898457541314157,True,0.23659321447859322,0.08229033801020408,False,0.23816167091836735,0.9634294017922015,1,f77b0afe-0085-4ee0-afad-a1e9fda8fe65,p5head_em,2,495881.5442788745
0.9859584732348887,0.9664629972646268,True,0.10133835462507271,0.034279336734693876,False,0.3948501275510204,1.0,1,f78a62d0-f9aa-4828-ad8c-ec4917f52d48,p5head_em,1,495881.5442788745
0.7542491375818302,0.6269861809464276,False,0.24510696384483766,0.15411750637755103,False,0.3849250637755102,0.9997413681624208,1,f79fc759-fde0-4e2e-8951-26ac8af5ef89,p5head_em,2,495881.5442788745
0.7736069879300972,0.6785933725529094,False,0.349330636542668,0.23547114158163265,False,0.4690489477040816,0.9672450275074058,1,f7a42b73-f909-4e1f-89dd-c776f45cdc40,p5head_em,2,495881.5442788745
0.9893462861523601,0.9740900144486094,True,0.2189241113762697,0.060267857142857144,False,0.35927535076530615,1.0,1,f7d0e9c2-68d8-4742-9ce6-1ac3d250cb35,p5head_em,1,495881.5442788745
0.9708594135127442,0.9337675573707674,True,0.13168851335261975,0.01865433673469388,False,0.3129384566326531,1.0,1,f8153745-24f3-43d5-8684-209b59fcddfe,p5head_em,1,495881.5442788745
0.8323387805105366,0.8512769658111453,False,0.07755294985316537,0.030253507653061226,False,0.3405213647959184,0.14031620553359683,1,f87332a3-9e9b-4405-bcb2-d52652adbaba,p5head_em,1,495881.5442788745
0.9346266552401686,0.8111945389812476,True,0.1556559050962783,0.08258928571428571,False,0.2705078125,0.9958976833976834,1,f88e605a-a637-4df6-a153-5c51bb304a73,p5head_em,2,495881.5442788745
0.8317841181839003,0.6198036204400326,False,0.11703520784239445,0.057716836734693876,False,0.20284598214285715,0.9958563535911602,1,f957afbf-fa78-47a0-942c-17b2f5262fc9,p5head_em,2,495881.5442788745
0.6752833764637814,0.5064275898868068,True,0.24944180493908108,0.16091358418367346,False,0.32631138392857145,0.9077285112707456,1,f961ffa3-2df5-48ce-854a-1440df7f7a6e,p5head_em,2,495881.5442788745
0.715955348627732,0.6510456062037203,True,0.14940316314463967,0.09422831632653061,False,0.3017578125,0.9602368866328257,1,f966c01e-ee55-4544-a700-032f9d538a2b,p5head_em,2,495881.5442788745
0.9167291818554008,0.8948509439536018,True,0.12035752096370575,0.04352678571428571,False,0.47995057397959184,1.0,1,f9a571b8-65a5-463c-8ee7-db2f3728f5d2,p5head_em,1,495881.5442788745
0.9456783042129796,0.8690552557881477,True,0.12619118113875832,0.048708545918367346,False,0.3219666772959184,1.0,1,f9bf7579-e589-4953-bd68-d92f44f0aa95,p5head_em,1,495881.5442788745
0.7551552648515464,0.692331519846769,False,0.23288439531819116,0.15140704719387754,False,0.3331672512755102,0.9998683690930631,1,f9c26b15-b775-437a-8a40-0850794f23bb,p5head_em,2,495881.5442788745
0.9375812228988941,0.8585999649751949,True,0.2438783191065426,0.13117825255102042,False,0.33400430484693877,0.9931631722880584,1,fa2492de-0260-45e3-9491-a0eaed9658a0,p5head_em,2,495881.5442788745
0.7724552045393958,0.64252453437699,True,0.2774745629974851,0.16059470663265307,False,0.3243383290816326,0.9332340531149168,1,fb06bc98-4c80-4b67-94d2-b9e20e168f3c,p5head_em,2,495881.5442788745
0.9787277717999983,0.9265600579854584,True,0.10632965381599851,0.02734375,False,0.296695631377551,1.0,1,fb82c2c6-3560-400e-a6d3-1b8b473db183,p5head_em,1,495881.5442788745
0.8822549896515781,0.8654536765464678,False,0.21140560223972357,0.07798549107142858,False,0.35965401785714285,1.0,1,fbb1a00f-e687-4f08-a085-94ba2a3ff0ec,p5head_em,1,495881.5442788745
0.9551919356814103,0.9518556359309784,True,0.16215778705636638,0.06839923469387756,False,0.39138233418367346,1.0,1,fc0912c2-0cfc-420e-8c77-0fae34451d7e,p5head_em,1,495881.5442788745
0.9559980965893059,0.9030726138613346,False,0.15127614864257014,0.0771484375,False,0.29842952806122447,0.9896667527770602,1,fc3759df-79a4-41f1-a461-a2d12f09f489,p5head_em,2,495881.5442788745
0.9471429393344659,0.9807761704869488,True,0.33421857210476236,0.06576849489795919,False,0.42360889668367346,0.7266666666666667,1,fc412463-62af-401b-aa44-3caef9de2352,p5head_em,1,495881.5442788745
0.9695769800549212,0.9539904818656572,True,0.23451720756846814,0.06489158163265306,False,0.43435108418367346,1.0,1,fc6f309f-f4b2-45af-bfee-c756cabdd3c1,p5head_em,1,495881.5442788745
0.9749914300885109,0.911412009022676,False,0.07844857515525831,0.020228794642857144,False,0.296695631377551,1.0,1,fc753cd9-e419-4baa-8233-008548b8aa3a,p5head_em,1,495881.5442788745
0.8963489890675317,0.7449780299520508,True,0.29242174846672886,0.1517657844387755,False,0.36405851403061223,1.0,1,fc9c1884-617f-4a89-be08-0af7d6fc2cca,p5head_em,2,495881.5442788745
0.9780019381681831,0.9600472732204819,True,0.1771520795528646,0.04974489795918367,False,0.43899473852040816,1.0,1,fd2af0f9-4bfa-4f2a-87c4-4ba774e2fcec,p5head_em,1,495881.5442788745
0.6561253869927571,0.5770908140807751,False,0.1993998450094116,0.14496970663265307,False,0.31961495535714285,0.9881770690129228,1,fde9b6e5-382b-4fec-8406-70a279a4b696,p5head_em,2,495881.5442788745
0.9797383890378302,0.9529623014012439,True,0.11233244971792242,0.03431919642857143,False,0.40236367984693877,1.0,1,fdfce1ff-203e-4b23-a360-3803558a7f7a,p5head_em,1,495881.5442788745
0.7827582832101665,0.6781473589291483,True,0.20923039176243113,0.11840322066326531,False,0.38034119897959184,0.9956236323851203,1,fe1289af-87c8-49c6-800c-1e87b2296df8,p5head_em,2,495881.5442788745
0.8610244857114416,0.7979361289553757,True,0.19948177308948753,0.12846779336734693,False,0.3272281568877551,0.9818492088116662,1,fe7f6d2d-9ee1-4e1d-ac8c-bad8d2c4317b,p5head_em,2,495881.5442788745
0.756133308589146,0.5460074648439398,True,0.0733682490945025,0.04203204719387755,False,0.30056202168367346,0.9971550497866287,1,ff0200e1-3bac-42d1-880b-17d6a3366d2c,p5head_em,2,495881.5442788745
0.9437718682059607,0.9261152386971381,True,0.1527277248158635,0.05112005739795918,False,0.4590441645408163,1.0,1,ff9d37d1-3660-4187-8f57-d31f9c91a3fd,p5head_em,1,495881.5442788745
