file,y,p_clean,p_last_epoch,p_zoom_in,p_shift,p_rotate,p_low_contr,p_bright,p_blur,p_lowres
train\NORMAL\IM-0135-0001.png,0.0,0.00010233480861643329,0.00010233480861643329,0.0003348811296746135,3.7362675357144326e-05,0.0010841167531907558,0.0002909075701609254,0.001119186170399189,0.00013832870172336698,0.00023645198962185532
train\NORMAL\IM-0152-0001.png,0.0,0.0028453997801989317,0.0028453997801989317,0.003112978767603636,0.006644273176789284,0.012290680781006813,0.004064538981765509,0.07683434337377548,0.006619509309530258,0.00523762172088027
train\NORMAL\IM-0156-0001.png,0.0,0.010638325475156307,0.010638325475156307,0.0017212367383763194,0.0007766521885059774,0.0008775052847340703,0.04024440050125122,0.00914051290601492,0.01136744674295187,0.014811577275395393
train\NORMAL\IM-0176-0001.png,0.0,0.0014204992912709713,0.0014204992912709713,0.026268934831023216,0.004129231441766024,0.006919213104993105,0.00843237154185772,0.1503247618675232,0.0049532740376889706,0.006818292196840048
train\NORMAL\IM-0178-0001.png,0.0,0.32076871395111084,0.32076871395111084,0.16508927941322327,0.05087347701191902,0.32076871395111084,0.36668097972869873,0.9680003523826599,0.42401382327079773,0.5913198590278625
train\NORMAL\IM-0183-0001.png,0.0,0.0006997466553002596,0.0006997466553002596,0.0011203440371900797,0.0010619813110679388,0.0010154107585549355,0.0021400481928139925,0.00565963564440608,0.00221083196811378,0.002673650626093149
train\NORMAL\IM-0191-0001.png,0.0,0.003138985252007842,0.003138985252007842,0.0029854781460016966,0.004154491703957319,0.0007808392401784658,0.0064751701429486275,0.04471556469798088,0.001221511047333479,0.0012098776642233133
train\NORMAL\IM-0199-0001.png,0.0,0.013148493133485317,0.013148493133485317,0.006467396859079599,0.02158065140247345,0.046125736087560654,0.027167001739144325,0.2148769050836563,0.11682261526584625,0.12338806688785553
train\NORMAL\IM-0201-0001.png,0.0,1.7234398910659365e-05,1.7234398910659365e-05,4.051696669193916e-05,6.082840627641417e-05,7.479658961528912e-05,5.3758496505906805e-05,3.589323387132026e-05,6.209508137544617e-05,5.8366415032651275e-05
train\NORMAL\IM-0220-0001.png,0.0,0.00010510192078072578,0.00010510192078072578,0.0002620267332531512,6.44258689135313e-05,0.00010667495371308178,0.00040892657125368714,0.0015241604996845126,0.00017858653154689819,0.00014883790572639555
train\NORMAL\IM-0222-0001.png,0.0,0.018455522134900093,0.018455522134900093,0.02576146274805069,0.14581817388534546,0.14527682960033417,0.040927328169345856,0.1565186083316803,0.024828331544995308,0.025108255445957184
train\NORMAL\IM-0229-0001.png,0.0,3.3495201932964846e-05,3.3495201932964846e-05,6.40246071270667e-05,3.467258648015559e-05,0.0011215978302061558,0.0001287639170186594,0.001101875794120133,0.00018679225468076766,0.00018188382091466337
train\NORMAL\IM-0231-0001.png,0.0,9.333598427474499e-06,9.333598427474499e-06,1.9314536984893493e-05,2.0750709154526703e-05,2.1588506569969468e-05,3.8669331843266264e-05,5.7400731748202816e-05,6.56367265037261e-05,6.84492479194887e-05
train\NORMAL\IM-0240-0001.png,0.0,0.000458360998891294,0.000458360998891294,0.0019540071953088045,0.0003494198899716139,0.000434398913057521,0.0008714951109141111,0.003407100448384881,0.0004487748956307769,0.000615443685092032
train\NORMAL\IM-0241-0001.png,0.0,6.624844445468625e-06,6.624844445468625e-06,1.1181156878592446e-05,8.087125934252981e-06,2.6288616936653852e-06,1.1849841939692851e-05,8.091140625765547e-05,1.181078732770402e-05,1.1410666957090143e-05
train\NORMAL\IM-0250-0001.png,0.0,6.407579348888248e-05,6.407579348888248e-05,7.691398059250787e-05,6.384588778018951e-05,5.225323184276931e-05,0.00020265455532353371,0.0008066262817010283,0.0002951625792775303,0.00042730721179395914
train\NORMAL\IM-0269-0001.png,0.0,0.00019950343994423747,0.00019950343994423747,0.0005786162219010293,0.00012341573892626911,0.004894463811069727,0.0006809142068959773,0.06878738850355148,0.00022353764506988227,0.0002135752874892205
train\NORMAL\IM-0270-0001.png,0.0,0.0018064400646835566,0.0018064400646835566,0.017186179757118225,0.0021296795457601547,0.012055417522788048,0.008163155987858772,0.012619048357009888,0.005681633949279785,0.0060721104964613914
train\NORMAL\IM-0280-0001.png,0.0,2.4689634301466867e-05,2.4689634301466867e-05,2.4948929421952926e-05,0.00010375501005910337,6.826255412306637e-05,0.00011906435247510672,0.00010306862532161176,0.00018548834486864507,0.00019236214575357735
train\NORMAL\IM-0290-0001.png,0.0,0.00015444803284481168,0.00015444803284481168,0.0003427318297326565,0.00010652552009560168,3.716360515682027e-05,0.0001676333777140826,0.0016128600109368563,0.0003764730936381966,0.0003825730236712843
train\NORMAL\IM-0293-0001.png,0.0,0.0010629375465214252,0.0010629375465214252,0.0006114736315794289,0.0007846247171983123,0.0007293961243703961,0.0038736872375011444,0.0029477644711732864,0.004331010859459639,0.0035119864623993635
train\NORMAL\IM-0304-0001.png,0.0,0.0012988917296752334,0.0012988917296752334,0.0005543045699596405,0.001036102999933064,0.008664805442094803,0.01123493816703558,0.001694143982604146,0.014018944464623928,0.014535380527377129
train\NORMAL\IM-0305-0001.png,0.0,0.0003910041123162955,0.0003910041123162955,0.0016102363588288426,0.0005307956598699093,0.001339586335234344,0.0008826685370877385,0.007407789118587971,0.002914483891800046,0.0023060243111103773
train\NORMAL\IM-0315-0001.png,0.0,0.00019360212900210172,0.00019360212900210172,0.00028786782058887184,0.0001715759572107345,0.0001926246186485514,0.000855367339681834,0.004253039602190256,0.0009411536739207804,0.00133784010540694
train\NORMAL\IM-0317-0001.png,0.0,3.95242495869752e-05,3.95242495869752e-05,0.00012783460260834545,2.907801535911858e-05,0.0003755466022994369,0.0001791172835510224,0.0007213317439891398,8.215613343054429e-05,0.00010498631309019402
train\NORMAL\IM-0319-0001.png,0.0,2.714824859140208e-06,2.714824859140208e-06,5.093941126688151e-06,1.2105730093026068e-05,3.9240967453224584e-05,1.3183396731619723e-05,7.922253644210286e-06,2.292990029673092e-05,2.036198929999955e-05
train\NORMAL\IM-0326-0001.png,0.0,0.01487375795841217,0.01487375795841217,0.05696463584899902,0.007983590476214886,0.03035106509923935,0.032098203897476196,0.014391781762242317,0.01977291703224182,0.024483175948262215
train\NORMAL\IM-0338-0001.png,0.0,5.051322659710422e-06,5.051322659710422e-06,2.1769205886812415e-06,4.3134173211001325e-06,1.0338109859731048e-05,2.9136139346519485e-05,1.5336874639615417e-05,1.7327613022644073e-05,2.0158171537332237e-05
train\NORMAL\IM-0340-0001.png,0.0,5.987725671730004e-05,5.987725671730004e-05,4.943160820403136e-05,1.8425647795083933e-05,1.6170486560440622e-05,0.00012967865040991455,0.0020904226694256067,4.832038393942639e-05,7.953166641527787e-05
train\NORMAL\IM-0349-0001.png,0.0,9.663903620094061e-05,9.663903620094061e-05,0.0004971058224327862,2.3024309484753758e-05,0.00010776869021356106,9.744787530507892e-05,0.0028931566048413515,0.0001560476957820356,0.00014943494170438498
train\NORMAL\IM-0354-0001.png,0.0,0.002792381215840578,0.002792381215840578,0.0006802843417972326,0.0018330332823097706,0.0031292701605707407,0.010336032137274742,0.045851707458496094,0.015273429453372955,0.01801333576440811
train\NORMAL\IM-0359-0001.png,0.0,3.1301926810556324e-06,3.1301926810556324e-06,6.034005764377071e-06,3.5852092423738213e-06,6.629829840676393e-06,8.471381988783833e-06,7.506438123527914e-05,3.165145608363673e-05,3.844342063530348e-05
train\NORMAL\IM-0362-0001.png,0.0,0.0018375320360064507,0.0018375320360064507,0.0013279981212690473,0.0020832300651818514,0.010178211145102978,0.0024458151310682297,0.013826527632772923,0.0013635860523208976,0.0011691211257129908
train\NORMAL\IM-0363-0001.png,0.0,2.1750814994447865e-05,2.1750814994447865e-05,0.0008053364581428468,4.430524495546706e-05,0.002261072862893343,6.853001104900613e-05,0.0001680928107816726,5.1127226470271125e-05,0.00010313322127331048
train\NORMAL\IM-0365-0001.png,0.0,9.122063602262642e-06,9.122063602262642e-06,1.0235135050606914e-06,6.435894647438545e-06,1.5300087397918105e-05,4.091087612323463e-05,2.664428211573977e-05,4.799781527253799e-05,3.713288970175199e-05
train\NORMAL\IM-0383-0001.png,0.0,0.000195342130609788,0.000195342130609788,0.0017895918572321534,0.00032910460140556097,0.0008533753571100533,0.00046270195161923766,0.0016296316171064973,0.00040701881516724825,0.0005392336170189083
train\NORMAL\IM-0387-0001.png,0.0,8.060633263085037e-05,8.060633263085037e-05,0.001201002043671906,0.00026666553458198905,9.474663966102526e-05,0.0001527093700133264,0.0005962074501439929,0.00018490351794753224,0.000258735817624256
train\NORMAL\IM-0388-0001.png,0.0,3.928276328224456e-06,3.928276328224456e-06,3.7133515888854163e-06,9.768745258043054e-06,9.762341505847871e-06,1.0446166015753988e-05,2.0328636310296133e-05,1.4374791135196574e-05,2.5332828954560682e-05
train\NORMAL\IM-0403-0001.png,0.0,2.2532596631208435e-05,2.2532596631208435e-05,0.00012210318527650088,3.304378333268687e-05,3.4675340430112556e-05,7.709752389928326e-05,0.004693901166319847,5.414481711341068e-05,5.353155574994162e-05
train\NORMAL\IM-0410-0001.png,0.0,0.00297164055518806,0.00297164055518806,0.0067154522985219955,0.0008694111020304263,0.015237114392220974,0.004431968554854393,0.03601817414164543,0.0016435971483588219,0.0016384799964725971
train\NORMAL\IM-0414-0001.png,0.0,0.0001210358677781187,0.0001210358677781187,3.7676854844903573e-05,9.855078678810969e-05,5.4643758630845696e-05,0.0003325468860566616,0.0008603185997344553,0.0002522840804886073,0.0003734118363354355
train\NORMAL\IM-0419-0001.png,0.0,0.001389572862535715,0.001389572862535715,0.0011552261421456933,0.0008494968060404062,0.026578010991215706,0.009065321646630764,0.02555304579436779,0.0022057967726141214,0.0020846500992774963
train\NORMAL\IM-0424-0001.png,0.0,0.00023561633133795112,0.00023561633133795112,0.0003176580066792667,0.00012051204248564318,0.00234588491730392,0.0005793900927528739,0.014173746109008789,0.00035485925036482513,0.0004620323015842587
train\NORMAL\IM-0430-0001.png,0.0,0.0018404939910396934,0.0018404939910396934,0.0017652020324021578,0.010800063610076904,0.001398616237565875,0.004262350033968687,0.012311908416450024,0.014942742884159088,0.013683363795280457
train\NORMAL\IM-0437-0001-0001.png,0.0,0.0008616156992502511,0.0008616156992502511,0.0002283311478095129,0.00217401678673923,0.0027210949920117855,0.003657551482319832,0.020928146317601204,0.009877392090857029,0.008810658939182758
train\NORMAL\IM-0437-0001-0002.png,0.0,0.0003605724195949733,0.0003605724195949733,0.0009389074984937906,0.00020325130026321858,0.0017404879909008741,0.0018305012490600348,0.01536136120557785,0.003259902587160468,0.004072194918990135
train\NORMAL\IM-0437-0001.png,0.0,0.0007108013960532844,0.0007108013960532844,0.001260928576812148,0.00020526963635347784,0.0017788370605558157,0.004151397384703159,0.0009018891723826528,0.0015505548799410462,0.00183609570376575
train\NORMAL\IM-0442-0001.png,0.0,6.871789810247719e-05,6.871789810247719e-05,0.00034884727210737765,0.00021322032262105495,0.0001913790183607489,0.00030803019762970507,0.002060982398688793,0.0007874814327806234,0.0006455996772274375
train\NORMAL\IM-0444-0001.png,0.0,6.817097892053425e-05,6.817097892053425e-05,0.00016298210539389402,0.00011923650890821591,5.242722181719728e-05,0.00022105014068074524,0.00027688671252690256,0.00013940955977886915,0.00015366756997536868
train\NORMAL\IM-0445-0001.png,0.0,0.0001296096743317321,0.0001296096743317321,0.0004254837695043534,0.0005042979610152543,0.002041031140834093,0.00020530505571514368,0.0010799085721373558,0.00010507365368539467,0.00011355956667102873
train\NORMAL\IM-0449-0001.png,0.0,2.8444042982300743e-05,2.8444042982300743e-05,1.91420222108718e-05,3.817848482867703e-05,3.639921123976819e-05,0.00015861577412579209,0.0007447122479788959,9.922820026986301e-05,9.799469989957288e-05
train\NORMAL\IM-0469-0001.png,0.0,2.9811084459652193e-05,2.9811084459652193e-05,1.9669163521029986e-05,1.7814312741393223e-05,1.0405449756945018e-05,8.562074071960524e-05,0.00044448114931583405,7.038008334347978e-05,7.915684545878321e-05
train\NORMAL\IM-0475-0001.png,0.0,4.6146440581651405e-05,4.6146440581651405e-05,0.00011208768410142511,3.200292121618986e-05,0.00017175647371914238,0.0002516490058042109,0.0003449289361014962,5.598126517725177e-05,7.29152889107354e-05
train\NORMAL\IM-0488-0001.png,0.0,0.037314120680093765,0.037314120680093765,0.04610668867826462,0.09571455419063568,0.03526365011930466,0.0990498885512352,0.07539653033018112,0.08353687822818756,0.0706758201122284
train\NORMAL\IM-0490-0001.png,0.0,0.013765284791588783,0.013765284791588783,0.034479204565286636,0.011647162958979607,0.007805217523127794,0.04839440807700157,0.08283758163452148,0.009010148234665394,0.01476723700761795
train\NORMAL\IM-0491-0001-0001.png,0.0,0.00016834908456075937,0.00016834908456075937,4.83636831631884e-05,0.00014365476090461016,0.0003672892053145915,0.0005655136192217469,0.004195522516965866,0.00032578103127889335,0.0003272303147241473
train\NORMAL\IM-0491-0001-0002.png,0.0,0.0003135925508104265,0.0003135925508104265,0.0005732134450227022,0.00026183269801549613,0.000509192468598485,0.0013132139574736357,0.03451923280954361,0.000778017973061651,0.001036611502058804
train\NORMAL\IM-0491-0001.png,0.0,0.0005639291484840214,0.0005639291484840214,0.0020327726379036903,0.0010857810266315937,0.01274536456912756,0.0012732840841636062,0.0005479254759848118,0.0008018932421691716,0.000588891445659101
train\NORMAL\IM-0495-0001.png,0.0,0.00024295176262967288,0.00024295176262967288,0.0008989235502667725,0.0004576719366014004,7.093507156241685e-05,0.00042169075459241867,0.0044275750406086445,0.0002918486134149134,0.0003160714404657483
train\NORMAL\IM-0500-0001.png,0.0,0.00010652164201019332,0.00010652164201019332,0.001009449828416109,0.00035677506821230054,0.00034861936001107097,0.0003089375968556851,0.02307935804128647,0.00041146541479974985,0.000568079820368439
train\NORMAL\IM-0510-0001.png,0.0,0.0008123203879222274,0.0008123203879222274,0.0009303930564783514,0.0004257683758623898,0.0012358651729300618,0.003729582531377673,0.02719898335635662,0.002497450215741992,0.0023894566111266613
train\NORMAL\IM-0517-0001-0001.png,0.0,6.678266072412953e-05,6.678266072412953e-05,0.00018805521540343761,0.00010709446360124275,0.00010754568211268634,0.0004081550578121096,0.015035998076200485,0.0002763531228993088,0.00029525504214689136
train\NORMAL\IM-0517-0001.png,0.0,0.0021674646995961666,0.0021674646995961666,0.00558785255998373,0.008987976238131523,0.009751840494573116,0.011421864852309227,0.00844994094222784,0.009919986128807068,0.009298712946474552
train\NORMAL\IM-0522-0001.png,0.0,0.0001532028109068051,0.0001532028109068051,4.91353239340242e-05,0.00013562435924541205,7.776152779115364e-05,0.0007856609299778938,0.000623871514108032,0.0005454618367366493,0.0008015590137802064
train\NORMAL\IM-0525-0001-0001.png,0.0,0.0001053759187925607,0.0001053759187925607,0.0001471424475312233,0.00019939390767831355,0.0001243128499481827,0.0005199066363275051,0.0005811754381284118,0.0004993036272935569,0.0003557526506483555
train\NORMAL\IM-0525-0001-0002.png,0.0,0.0006410324131138623,0.0006410324131138623,0.0009269241709262133,0.0006173090077936649,0.000567483773920685,0.0034826137125492096,0.010831305757164955,0.006203375291079283,0.00511743500828743
train\NORMAL\IM-0525-0001.png,0.0,0.0008199956500902772,0.0008199956500902772,4.5298591430764645e-05,0.0003075530403293669,0.0012040302390232682,0.005348737817257643,0.000657505588606,0.0019172066822648048,0.0019575143232941628
train\NORMAL\IM-0531-0001-0001.png,0.0,3.196754914824851e-05,3.196754914824851e-05,5.158281965123024e-06,2.212580329796765e-05,0.00019313872326165438,8.660479943500832e-05,0.00027646252419799566,3.106197254965082e-05,3.614838351495564e-05
train\NORMAL\IM-0531-0001.png,0.0,8.757978503126651e-05,8.757978503126651e-05,0.00019818323198705912,0.00014603359159082174,0.0006276951171457767,0.00018318455840926617,0.0009147166274487972,0.000390343222534284,0.0004613968194462359
train\NORMAL\IM-0535-0001.png,0.0,0.0015419486444443464,0.0015419486444443464,0.0011162974406033754,0.0017736951122060418,0.004934909753501415,0.0034198437351733446,0.09544860571622849,0.011254234239459038,0.015818243846297264
train\NORMAL\IM-0536-0001.png,0.0,0.001756500219926238,0.001756500219926238,0.003178641200065613,0.0022983415983617306,0.0015383217250928283,0.011064206250011921,0.03111814707517624,0.0032633906230330467,0.0036824867129325867
train\NORMAL\IM-0544-0001.png,0.0,0.0007361692260019481,0.0007361692260019481,0.0016287617618218064,0.0008426324930042028,0.001904618227854371,0.0018594416324049234,0.002508415374904871,0.0027024117298424244,0.002613303018733859
train\NORMAL\IM-0547-0001.png,0.0,0.0016913054278120399,0.0016913054278120399,0.0009340500691905618,0.002921072533354163,0.0031073426362127066,0.0017990507185459137,0.7077795267105103,0.0008702217019163072,0.0010995601769536734
train\NORMAL\IM-0551-0001-0001.png,0.0,0.0005517269019037485,0.0005517269019037485,0.00043658781214617193,0.0006082955515012145,0.009478092193603516,0.002419175347313285,0.003355083055794239,0.0032380460761487484,0.00464509055018425
train\NORMAL\IM-0551-0001-0002.png,0.0,0.018218794837594032,0.018218794837594032,0.0050526149570941925,0.0044476925395429134,0.0028451429679989815,0.019747890532016754,0.09940221905708313,0.03263269364833832,0.020428460091352463
train\NORMAL\IM-0551-0001.png,0.0,0.0027825746219605207,0.0027825746219605207,0.006087837740778923,0.0010635582730174065,0.04244072735309601,0.011938095092773438,0.0068900566548109055,0.0009481313754804432,0.0009426627075299621
train\NORMAL\IM-0552-0001.png,0.0,0.0031733070500195026,0.0031733070500195026,0.0018337700748816133,0.0008764528902247548,0.0021146689541637897,0.006083609536290169,0.02673468552529812,0.0018981023458763957,0.003240581601858139
train\NORMAL\IM-0559-0001.png,0.0,0.005800958257168531,0.005800958257168531,0.0029448941349983215,0.0018490911461412907,0.032844848930835724,0.014995102770626545,0.13635402917861938,0.018494071438908577,0.02518964186310768
train\NORMAL\IM-0561-0001.png,0.0,0.00013049726840108633,0.00013049726840108633,0.0004233617219142616,0.00016828367370180786,0.006740516051650047,0.0005970260826870799,0.0005912428605370224,0.0003607258840929717,0.00038172784843482077
train\NORMAL\IM-0568-0001.png,0.0,3.965095311286859e-05,3.965095311286859e-05,0.00017671383102424443,3.152781937387772e-05,7.336543058045208e-05,8.299393812194467e-05,0.0006994633586145937,9.737730579217896e-05,0.00010402611223980784
train\NORMAL\IM-0570-0001.png,0.0,0.00018065786571241915,0.00018065786571241915,0.00021991983521729708,0.00014746704255230725,0.000765851407777518,0.0009658451308496296,0.0013099167263135314,0.0007590755121782422,0.000610021932516247
train\NORMAL\IM-0571-0001.png,0.0,1.034610795613844e-05,1.034610795613844e-05,1.0284358722856268e-05,6.601086352020502e-05,0.001541695324704051,3.162126085953787e-05,9.79374599410221e-05,3.3864580473164096e-05,3.8853937439853325e-05
train\NORMAL\IM-0577-0001.png,0.0,0.00022517473553307354,0.00022517473553307354,0.0015349282184615731,0.0005665917997248471,0.0002926762099377811,0.0008040581597015262,0.004315069876611233,0.0004545867268461734,0.0005369047867134213
train\NORMAL\IM-0580-0001.png,0.0,0.09030241519212723,0.09030241519212723,0.16865313053131104,0.04470191150903702,0.051969002932310104,0.09471073746681213,0.1255389302968979,0.04117278754711151,0.046941932290792465
train\NORMAL\IM-0581-0001.png,0.0,0.0011403412790969014,0.0011403412790969014,0.02062683366239071,0.002110421424731612,0.0024109208025038242,0.0027279884088784456,0.008961466141045094,0.003938278183341026,0.004806396551430225
train\NORMAL\IM-0582-0001.png,0.0,0.0076730395667254925,0.0076730395667254925,0.010885889641940594,0.0031899844761937857,0.010332418605685234,0.01918002963066101,0.003546319203451276,0.006390588358044624,0.012990888208150864
train\NORMAL\IM-0588-0001.png,0.0,0.00036871101474389434,0.00036871101474389434,0.00020267035870347172,0.00013454190047923476,0.0004124579136259854,0.001642312272451818,0.006407612934708595,0.0015042054001241922,0.0013222034322097898
train\NORMAL\IM-0593-0001.png,0.0,0.0008675343124195933,0.0008675343124195933,0.0008327900432050228,0.0008145307074300945,0.0028234447818249464,0.0016796188428997993,0.4531666040420532,0.0016943698283284903,0.0028451429679989815
train\NORMAL\IM-0613-0001.png,0.0,5.8484201872488484e-05,5.8484201872488484e-05,0.000306392292259261,2.5116834876826033e-05,3.883860699716024e-05,6.795780791435391e-05,0.0011024827836081386,6.168036634335294e-05,9.463079913984984e-05
train\NORMAL\IM-0627-0001.png,0.0,0.0001877373142633587,0.0001877373142633587,0.0005178736755624413,0.00015057966811582446,3.782630665227771e-05,0.00038352623232640326,0.0011329465778544545,0.00023365877859760076,0.0002540046989452094
train\NORMAL\IM-0628-0001.png,0.0,0.000743042619433254,0.000743042619433254,0.0005426014540717006,0.0025465518701821566,0.0011954886140301824,0.0032183644361793995,0.034385427832603455,0.0013226697919890285,0.0014414390316233039
train\NORMAL\IM-0629-0001-0001.png,0.0,0.00024920704890973866,0.00024920704890973866,0.000999968033283949,0.00024002786085475236,0.00019687527674250305,0.0013347348431125283,0.0028900918550789356,0.0002734840090852231,0.0003033687826246023
train\NORMAL\IM-0629-0001-0002.png,0.0,0.0003808062756434083,0.0003808062756434083,0.0010742287850007415,0.0007692212238907814,0.014279350638389587,0.0011701566400006413,0.00338129629381001,0.0008261806215159595,0.000686824438162148
train\NORMAL\IM-0629-0001-0003.png,0.0,0.0005075624212622643,0.0005075624212622643,0.004090732429176569,0.0008999232668429613,0.005512692965567112,0.0009940405143424869,0.002301557455211878,0.0009366556769236922,0.0008083447464741766
train\NORMAL\IM-0629-0001.png,0.0,9.918696014210582e-05,9.918696014210582e-05,0.0001327082427451387,0.00018309788720216602,0.00025551390717737377,0.0004010008997283876,0.0037374235689640045,0.0005829327274113894,0.0006670666625723243
train\NORMAL\IM-0632-0001.png,0.0,1.1218558029213455e-05,1.1218558029213455e-05,2.2676968001178466e-05,3.7035937566543e-05,3.030064544873312e-05,0.00011590478243306279,0.00010721146827563643,6.399600533768535e-05,5.813274037791416e-05
train\NORMAL\IM-0636-0001.png,0.0,5.248019806458615e-05,5.248019806458615e-05,9.205947571899742e-05,0.00013093028974253684,0.0007506321999244392,0.00014294753782451153,0.002372004557400942,7.178730447776616e-05,7.745794573565945e-05
train\NORMAL\IM-0640-0001-0001.png,0.0,0.00012932771642226726,0.00012932771642226726,0.00017545322771184146,0.0001307525672018528,0.0008293878636322916,0.0005049781175330281,0.00031332927756011486,0.0010924598900601268,0.0013786734780296683
train\NORMAL\IM-0640-0001-0002.png,0.0,6.385896995197982e-05,6.385896995197982e-05,0.00012418425467330962,8.108685142360628e-05,6.284946721279994e-05,0.00012317876098677516,0.0013569493312388659,0.00013827056682202965,0.00018873570661526173
train\NORMAL\IM-0640-0001.png,0.0,0.0007586850551888347,0.0007586850551888347,0.000870118266902864,0.0005382035742513835,0.0015317070065066218,0.0019127392442896962,0.019573697820305824,0.0011781121138483286,0.0011209382209926844
train\NORMAL\IM-0646-0001.png,0.0,8.625911141280085e-05,8.625911141280085e-05,2.0104356735828333e-05,6.130454858066514e-05,0.00018708394782152027,0.0004513429885264486,0.003727237693965435,0.0006210402934812009,0.00045315263560041785
train\NORMAL\IM-0662-0001.png,0.0,0.00038587074959650636,0.00038587074959650636,5.999575660098344e-05,0.00017488824960310012,0.00019221143156755716,0.0007897467585280538,0.032548628747463226,0.001080378657206893,0.001222760882228613
train\NORMAL\IM-0663-0001.png,0.0,0.008934776298701763,0.008934776298701763,0.022853108122944832,0.010161644779145718,0.09105897694826126,0.02828887104988098,0.024648845195770264,0.04270431771874428,0.04609683156013489
train\NORMAL\IM-0667-0001.png,0.0,6.598315667361021e-05,6.598315667361021e-05,0.0014831128064543009,6.626958929700777e-05,6.598315667361021e-05,0.0001260911813005805,0.0016590193845331669,7.008543616393581e-05,0.00010264575394103304
train\NORMAL\IM-0668-0001.png,0.0,0.0008981419960036874,0.0008981419960036874,0.00301573658362031,0.0006480592419393361,0.006277195177972317,0.0023447389248758554,0.05120886117219925,0.0012801510747522116,0.0014084470458328724
train\NORMAL\IM-0674-0001.png,0.0,0.00024005323939491063,0.00024005323939491063,0.0002102202270179987,0.000280608277535066,0.004889323376119137,0.0008715803269296885,0.0017857274506241083,0.0009669160353951156,0.00116883241571486
train\NORMAL\IM-0675-0001.png,0.0,0.00036519605782814324,0.00036519605782814324,0.0010689112823456526,0.0004144174454268068,0.00035517715150490403,0.0006786034791730344,0.008278646506369114,0.001790301757864654,0.0011339157354086637
train\NORMAL\IM-0677-0001.png,0.0,0.00041577842785045505,0.00041577842785045505,0.00016522414807695895,0.0001520272926427424,0.0004207469755783677,0.0014512590132653713,0.11066164821386337,0.0010037020547315478,0.0010171020403504372
train\NORMAL\IM-0686-0001.png,0.0,0.00036799299414269626,0.00036799299414269626,9.371237683808431e-05,0.00015385172446258366,0.0009667231934145093,0.001557018724270165,0.0013406401267275214,0.00015270432049874216,0.0003054185362998396
train\NORMAL\IM-0691-0001.png,0.0,0.010697274468839169,0.010697274468839169,0.0064639737829566,0.019048668444156647,0.12804444134235382,0.03583472594618797,0.04787936806678772,0.15173254907131195,0.10778200626373291
train\NORMAL\IM-0692-0001.png,0.0,0.005603969097137451,0.005603969097137451,0.01357770524919033,0.004404005128890276,0.011634492315351963,0.006250911392271519,0.05632904917001724,0.002746027894318104,0.0021298606880009174
train\NORMAL\IM-0693-0001.png,0.0,0.0012408951297402382,0.0012408951297402382,0.00027192692505195737,0.0002641339087858796,0.001595955458469689,0.004212874453514814,0.003697943640872836,0.006919513456523418,0.006517184432595968
train\NORMAL\IM-0703-0001.png,0.0,0.013319771736860275,0.013319771736860275,0.001653212821111083,0.008228288032114506,0.005995176732540131,0.037558600306510925,0.03533318638801575,0.06107142195105553,0.060064155608415604
train\NORMAL\IM-0709-0001.png,0.0,0.00015707344573456794,0.00015707344573456794,0.0005857322830706835,0.0001934613101184368,0.0001989839511225,0.0006891787052154541,0.0032848443370312452,0.0005686010117642581,0.000592258118558675
train\NORMAL\IM-0716-0001.png,0.0,7.916003960417584e-05,7.916003960417584e-05,0.00018297933274880052,5.103568400954828e-05,0.0002951779752038419,0.0006942272302694619,0.00014010585437063128,0.0004386384680401534,0.00029834339511580765
train\NORMAL\IM-0717-0001.png,0.0,0.0008056742371991277,0.0008056742371991277,0.000251507997745648,0.0006664650281891227,0.0018779211677610874,0.004386570770293474,0.0036005270667374134,0.005263885948807001,0.0026987798046320677
train\NORMAL\IM-0721-0001.png,0.0,2.4429439235973405e-06,2.4429439235973405e-06,1.1266790352237877e-05,4.474296474654693e-06,3.314089099148987e-06,7.302577159862267e-06,1.6645424693706445e-05,1.228797100338852e-05,1.2098929801140912e-05
train\NORMAL\IM-0729-0001.png,0.0,2.0486831999733113e-05,2.0486831999733113e-05,2.0876197595498525e-05,1.0047171599580906e-05,1.5471805454581045e-05,0.00016252719797194004,0.00019308282935526222,2.8076194212189876e-05,2.608936483738944e-05
train\NORMAL\IM-0734-0001.png,0.0,3.034385917999316e-05,3.034385917999316e-05,6.084224150981754e-05,6.885479524498805e-05,8.566324140701909e-06,0.00011054261995013803,0.00011210990487597883,6.481631862698123e-05,6.889244104968384e-05
train\NORMAL\IM-0747-0001.png,0.0,0.0002753057051450014,0.0002753057051450014,7.520969666074961e-05,0.0004406123189255595,0.0003683549875859171,0.0008317368337884545,0.0005961267161183059,0.0013280637795105577,0.0009613658185116947
train\NORMAL\IM-0752-0001.png,0.0,0.0001663385919528082,0.0001663385919528082,0.00029535594512708485,4.354817792773247e-05,0.0003730892203748226,0.0003221010265406221,0.003213346702978015,0.001113841193728149,0.001423306530341506
train\NORMAL\IM-0766-0001.png,0.0,0.0004259929701220244,0.0004259929701220244,0.0028077303431928158,0.00036385844578035176,0.0003239074721932411,0.00458737276494503,0.002167128724977374,0.000548221287317574,0.0006820833659730852
train\NORMAL\NORMAL2-IM-0383-0001.png,0.0,6.678124918835238e-05,6.678124918835238e-05,6.324319838313386e-05,8.354493911610916e-05,0.005463908892124891,0.00018780732352752239,0.0006464091711677611,0.0003480634477455169,0.00025528232799842954
train\NORMAL\NORMAL2-IM-0388-0001.png,0.0,0.00012758061347994953,0.00012758061347994953,9.616972965886816e-05,0.00041808263631537557,0.0002686572552192956,0.000348960718838498,0.013898768462240696,0.0006375802331604064,0.0008532225620001554
train\NORMAL\NORMAL2-IM-0403-0001.png,0.0,0.00020823634986300021,0.00020823634986300021,6.294904596870765e-05,0.00032013413147069514,0.0008773111621849239,0.0005939578986726701,0.0009014162933453918,0.0030429137405008078,0.0030698494520038366
train\NORMAL\NORMAL2-IM-0410-0001.png,0.0,2.8166256015538238e-05,2.8166256015538238e-05,2.1860112155991374e-06,8.87362602952635e-06,3.496779754641466e-05,7.674183143535629e-05,0.0012337366351857781,3.316621950943954e-05,5.217302532400936e-05
train\NORMAL\NORMAL2-IM-0414-0001.png,0.0,2.4289796783705242e-05,2.4289796783705242e-05,0.00014269183157011867,3.340829789522104e-05,0.00013071818102616817,6.129470421001315e-05,0.00011284493666607887,4.5490265620173886e-05,6.665961700491607e-05
train\NORMAL\NORMAL2-IM-0415-0001.png,0.0,0.0006822554860264063,0.0006822554860264063,0.004620586521923542,0.0012955834390595555,0.01760602369904518,0.002216709079220891,0.008139005862176418,0.00017407962877769023,0.00014078040840104222
train\NORMAL\NORMAL2-IM-0419-0001.png,0.0,0.0004909861600026488,0.0004909861600026488,0.00017447298159822822,0.00042617678991518915,0.0004536789783742279,0.0016608621226623654,0.0017713709967210889,0.0031993857119232416,0.002963375300168991
train\NORMAL\NORMAL2-IM-0424-0001.png,0.0,0.002959438366815448,0.002959438366815448,0.00215758103877306,0.001211301889270544,0.0024652439169585705,0.00657628895714879,0.01753048226237297,0.005730970297008753,0.005118530709296465
train\NORMAL\NORMAL2-IM-0437-0001.png,0.0,8.776273170951754e-05,8.776273170951754e-05,0.0001356678403681144,0.00012393678480293602,0.00013779370055999607,0.0006042458117008209,0.0002472198975738138,0.0005360555369406939,0.0004795389249920845
train\NORMAL\NORMAL2-IM-0445-0001.png,0.0,0.0002676798903848976,0.0002676798903848976,4.710128632723354e-05,4.3575651943683624e-05,0.00027172520640306175,0.0004560337110888213,0.016879236325621605,9.332838817499578e-05,0.00011079784599132836
train\NORMAL\NORMAL2-IM-0449-0001.png,0.0,0.0057073733769357204,0.0057073733769357204,0.0020718728192150593,0.0022206706926226616,0.0026686848141252995,0.008945033885538578,0.05485537648200989,0.016317062079906464,0.014273662120103836
train\NORMAL\NORMAL2-IM-0475-0001.png,0.0,1.1398182323318906e-05,1.1398182323318906e-05,2.716293465709896e-06,1.2955806596437469e-05,1.509070261818124e-05,8.018308290047571e-05,0.00035924179246649146,4.054962846566923e-05,5.08638950122986e-05
train\NORMAL\NORMAL2-IM-0488-0001.png,0.0,0.0006370493210852146,0.0006370493210852146,0.0011097785318270326,0.007386642042547464,0.0006742093828506768,0.0024212277494370937,0.002330972347408533,0.01639355719089508,0.009783024899661541
train\NORMAL\NORMAL2-IM-0490-0001.png,0.0,1.4107672541285865e-05,1.4107672541285865e-05,2.2759411876904778e-05,2.7353329642210156e-05,9.424637028132565e-06,7.073485903674737e-05,4.0617120248498395e-05,0.00016194987983908504,0.00016039368347264826
train\NORMAL\NORMAL2-IM-0491-0001.png,0.0,1.8253743974128156e-06,1.8253743974128156e-06,9.780298569239676e-06,5.178849733056268e-06,2.7179960397916147e-06,9.404361662745941e-06,7.610457942064386e-06,8.161850928445347e-06,1.0722088518377859e-05
train\NORMAL\NORMAL2-IM-0500-0001.png,0.0,1.8834623915608972e-05,1.8834623915608972e-05,2.2660229660687037e-05,2.5046289010788314e-05,1.559455631650053e-05,6.701091479044408e-05,0.00015259848441928625,0.00014083727728575468,0.00011517632810864598
train\NORMAL\NORMAL2-IM-0517-0001.png,0.0,0.0012805314036086202,0.0012805314036086202,0.0003793348150793463,0.0012162672355771065,0.0609201155602932,0.006827919278293848,0.004491440020501614,0.007484122645109892,0.005221726838499308
train\NORMAL\NORMAL2-IM-0522-0001.png,0.0,0.005095818545669317,0.005095818545669317,0.015950387343764305,0.008913906291127205,0.0776347741484642,0.00804054457694292,0.04315616190433502,0.03727879375219345,0.05057955160737038
train\NORMAL\NORMAL2-IM-0525-0001.png,0.0,0.0001239779230672866,0.0001239779230672866,0.0016917564207687974,0.00033672337303869426,0.00045507895993068814,0.0003301789693068713,0.005019411910325289,0.0008350372081622481,0.0011155613465234637
train\NORMAL\NORMAL2-IM-0531-0001.png,0.0,0.005722980946302414,0.005722980946302414,0.002464026678353548,0.010130545124411583,0.006792881991714239,0.02681060880422592,0.0022602886892855167,0.017129618674516678,0.021236011758446693
train\NORMAL\NORMAL2-IM-0535-0001-0002.png,0.0,0.000185945798875764,0.000185945798875764,0.00040059781167656183,0.0002032936317846179,0.016523558646440506,0.0010787382489070296,0.0054619209840893745,0.0005892592016607523,0.0005570395151153207
train\NORMAL\NORMAL2-IM-0535-0001.png,0.0,0.0005794137832708657,0.0005794137832708657,0.002189488150179386,0.0009575746953487396,0.005967588163912296,0.0007353333057835698,0.001425771159119904,0.004886175971478224,0.0036875566001981497
train\NORMAL\NORMAL2-IM-0536-0001.png,0.0,0.0007751111406832933,0.0007751111406832933,0.00030355306807905436,0.00030769145814701915,0.001302572200074792,0.0020316410809755325,0.012357227504253387,0.0003815238596871495,0.0004455817979760468
train\NORMAL\NORMAL2-IM-0547-0001.png,0.0,0.0002957067044917494,0.0002957067044917494,0.0008374332683160901,0.000346548535162583,0.0002957067044917494,0.0004735684487968683,0.0006906863418407738,0.0004480694478843361,0.00038112018955871463
train\NORMAL\NORMAL2-IM-0551-0001.png,0.0,0.00010966431727865711,0.00010966431727865711,0.0006344818975776434,0.0012374157086014748,0.0003492202376946807,0.00021586325601674616,0.002648070454597473,0.00010172153997700661,0.00014522948185913265
train\NORMAL\NORMAL2-IM-0552-0001.png,0.0,0.00011049690510844812,0.00011049690510844812,0.00015198590699583292,0.0002315976016689092,0.0025374037213623524,0.0005705132498405874,0.0028646683786064386,0.0002118124539265409,0.00029872453887946904
train\NORMAL\NORMAL2-IM-0558-0001.png,0.0,9.708951256470755e-05,9.708951256470755e-05,3.575286245904863e-05,3.857010597130284e-05,0.0018791086040437222,0.00042554226820357144,0.0006838261615484953,0.00019201691611669958,0.0003135782608296722
train\NORMAL\NORMAL2-IM-0559-0001.png,0.0,0.00010098357597598806,0.00010098357597598806,0.0026528723537921906,0.0009075032430700958,0.0026833894662559032,0.0006654734024778008,0.001517241820693016,0.0004471780266612768,0.0003791416238527745
train\NORMAL\NORMAL2-IM-0561-0001.png,0.0,1.1297964192635845e-05,1.1297964192635845e-05,1.6110227079479955e-05,6.495540583273396e-05,3.373983781784773e-05,9.179571497952566e-05,0.00019756062829401344,0.00016185913409572095,0.0001698807900538668
train\NORMAL\NORMAL2-IM-0568-0001.png,0.0,0.0006812021601945162,0.0006812021601945162,0.004191570915281773,0.0010093891760334373,0.0054823728278279305,0.0011315656593069434,0.0024070399813354015,0.0037783931475132704,0.002808172954246402
train\NORMAL\NORMAL2-IM-0571-0001.png,0.0,0.014808166772127151,0.014808166772127151,0.005595216527581215,0.010601243004202843,0.0007780750165693462,0.02383238822221756,0.03062557987868786,0.008935063146054745,0.01570161059498787
train\NORMAL\NORMAL2-IM-0577-0001.png,0.0,0.0004729555803351104,0.0004729555803351104,0.0008032963960431516,0.00032516676583327353,0.009412598796188831,0.0009560853359289467,0.002516320673748851,0.0003078070003539324,0.0003535111609380692
train\NORMAL\NORMAL2-IM-0580-0001.png,0.0,0.000504572584759444,0.000504572584759444,0.0030103414319455624,0.00013395636051427573,5.7806126278592274e-05,0.0015963335754349828,0.005183315835893154,0.0004303165478631854,0.0005130096105858684
train\NORMAL\NORMAL2-IM-0582-0001.png,0.0,0.0005075808730907738,0.0005075808730907738,0.0005747154355049133,0.0003594091976992786,0.006735880859196186,0.0007070928113535047,0.004053207580000162,0.0019526785472407937,0.0021866753231734037
train\NORMAL\NORMAL2-IM-0587-0001-0001.png,0.0,0.009203750640153885,0.009203750640153885,0.04891286790370941,0.024427512660622597,0.006283306982368231,0.02184179052710533,0.11408618837594986,0.0018381880363449454,0.002057557925581932
train\NORMAL\NORMAL2-IM-0587-0001-0002.png,0.0,0.009203750640153885,0.009203750640153885,0.04891286790370941,0.021684033796191216,0.02234041318297386,0.02184179052710533,0.11408618837594986,0.0018381880363449454,0.002057557925581932
train\NORMAL\NORMAL2-IM-0587-0001.png,0.0,0.004879831802099943,0.004879831802099943,0.009141722694039345,0.001648730249144137,0.005825144704431295,0.012870349921286106,0.0174696184694767,0.02654738910496235,0.02459496445953846
train\NORMAL\NORMAL2-IM-0588-0001.png,0.0,0.002491464838385582,0.002491464838385582,0.0011121516581624746,0.004439958371222019,0.005187925882637501,0.0075471107847988605,0.006566046737134457,0.01027971226722002,0.010447039268910885
train\NORMAL\NORMAL2-IM-0627-0001.png,0.0,0.00012883917952422053,0.00012883917952422053,0.00023150668130256236,5.951856655883603e-05,0.0022700501140207052,0.00021504749020095915,0.0007938873604871333,0.0005174820544198155,0.00045786035479977727
train\NORMAL\NORMAL2-IM-0629-0001.png,0.0,3.273191396147013e-05,3.273191396147013e-05,0.000133189168991521,7.943547097966075e-05,0.0010112299351021647,9.389019396621734e-05,0.00039614210254512727,0.00010723611922003329,9.026999759953469e-05
train\NORMAL\NORMAL2-IM-0636-0001.png,0.0,0.04706747829914093,0.04706747829914093,0.0610600970685482,0.08548054844141006,0.05527084320783615,0.07101866602897644,0.4121539890766144,0.03632735460996628,0.04812252148985863
train\NORMAL\NORMAL2-IM-0640-0001.png,0.0,0.0001811487745726481,0.0001811487745726481,2.859729647752829e-05,8.757591422181576e-05,0.0001811487745726481,0.0012047713389620185,0.0011376970214769244,0.0007234102813526988,0.0008868530276231468
train\NORMAL\NORMAL2-IM-0653-0001.png,0.0,0.002084234729409218,0.002084234729409218,0.0016793416580185294,0.0023950524628162384,0.005754403304308653,0.008596825413405895,0.007406855933368206,0.003398400265723467,0.0039044274017214775
train\NORMAL\NORMAL2-IM-0662-0001.png,0.0,0.021736815571784973,0.021736815571784973,0.015277441591024399,0.006191001273691654,0.05152162164449692,0.07245401293039322,0.03978820517659187,0.20913062989711761,0.1796259880065918
train\NORMAL\NORMAL2-IM-0663-0001.png,0.0,7.870389526942745e-05,7.870389526942745e-05,0.0005973452352918684,0.0002814501349348575,0.011423100717365742,0.00037400226574391127,0.0010080282809212804,0.00010741041478468105,0.00014302389172371477
train\NORMAL\NORMAL2-IM-0667-0001.png,0.0,1.6613073967164382e-05,1.6613073967164382e-05,3.775802906602621e-05,1.5203966540866531e-05,6.129354460426839e-06,4.976032505510375e-05,0.00029934110352769494,0.00013404537457972765,0.00010312436643289402
train\NORMAL\NORMAL2-IM-0668-0001.png,0.0,2.4053451852523722e-05,2.4053451852523722e-05,9.7840660600923e-05,4.759289004141465e-05,6.099683014326729e-05,7.125405682018027e-05,0.0006543489871546626,4.527380224317312e-05,6.338230014080182e-05
train\NORMAL\NORMAL2-IM-0675-0001.png,0.0,0.0006821703282184899,0.0006821703282184899,0.014079698361456394,0.0013858041493222117,0.0013999472139403224,0.0028302015271037817,0.0018377660308033228,0.003693523583933711,0.008258062414824963
train\NORMAL\NORMAL2-IM-0686-0001.png,0.0,0.00048175716074183583,0.00048175716074183583,0.0003531056281644851,2.9167433240218088e-05,0.0003306538856122643,0.000809048768132925,0.002257478889077902,0.00010908338299486786,0.000181691357283853
train\NORMAL\NORMAL2-IM-0692-0001.png,0.0,1.1300115147605538e-05,1.1300115147605538e-05,2.3416672775056213e-05,7.508926501031965e-06,1.4592926163459197e-05,4.5839595259167254e-05,3.783310603466816e-05,6.933970144018531e-05,0.00010271002975059673
train\NORMAL\NORMAL2-IM-0693-0001.png,0.0,0.0028304383158683777,0.0028304383158683777,0.02270542085170746,0.003349981037899852,0.016031909734010696,0.014094934798777103,0.07671555131673813,0.010900009423494339,0.008146156556904316
train\NORMAL\NORMAL2-IM-0772-0001.png,0.0,0.0027444299776107073,0.0027444299776107073,0.002599685685709119,0.0007917361799627542,0.0015827878378331661,0.012692802585661411,0.0008602703455835581,0.017666544765233994,0.01953878626227379
train\NORMAL\NORMAL2-IM-0781-0001.png,0.0,0.003331512678414583,0.003331512678414583,0.004757171496748924,0.013487760908901691,0.004315035883337259,0.0036751984152942896,0.15601158142089844,0.004250666592270136,0.003901755902916193
train\NORMAL\NORMAL2-IM-0815-0001.png,0.0,0.0001508959976490587,0.0001508959976490587,5.995381434331648e-05,8.940158295445144e-05,0.00027684756787493825,0.00045891222544014454,0.004532696213573217,0.0012308377772569656,0.001108635333366692
train\NORMAL\NORMAL2-IM-0822-0001.png,0.0,4.814697240362875e-05,4.814697240362875e-05,1.8007722246693447e-05,3.750044197659008e-05,0.00012067783973179758,0.00026768058887682855,0.00023405007959809154,0.00016456002776976675,0.00016582234820816666
train\NORMAL\NORMAL2-IM-0827-0001.png,0.0,0.0018888064660131931,0.0018888064660131931,0.015736941248178482,0.0032896846532821655,0.010010726749897003,0.003844441380351782,0.0015934820985421538,0.002148127881810069,0.0022524727974087
train\NORMAL\NORMAL2-IM-0831-0001.png,0.0,0.0002838333020918071,0.0002838333020918071,0.0008272197446785867,0.0009380033006891608,0.00019438692834228277,0.002339370083063841,0.00036579815787263215,0.0013404249912127852,0.0014223420294001698
train\NORMAL\NORMAL2-IM-0841-0001.png,0.0,0.04696235433220863,0.04696235433220863,0.0845177173614502,0.04193025827407837,0.07548167556524277,0.07120124995708466,0.1844605803489685,0.020320098847150803,0.020222608000040054
train\NORMAL\NORMAL2-IM-0847-0001.png,0.0,1.4355287930811755e-05,1.4355287930811755e-05,1.9471533960313536e-05,2.012261211348232e-05,1.1744859875761904e-05,5.206450441619381e-05,6.722608668496832e-05,3.9017108065309e-05,3.870068030664697e-05
train\NORMAL\NORMAL2-IM-0856-0001.png,0.0,0.09106653183698654,0.09106653183698654,0.08420884609222412,0.052965197712183,0.03985612094402313,0.1471291184425354,0.7812954187393188,0.07052742689847946,0.059911780059337616
train\NORMAL\NORMAL2-IM-0857-0001.png,0.0,3.560625918908045e-05,3.560625918908045e-05,8.402175444643945e-05,0.00012523420446086675,2.2528574845637195e-05,0.00026632120716385543,0.0001246754836756736,0.00010825086064869538,0.00010380927415098995
train\NORMAL\NORMAL2-IM-0866-0001.png,0.0,0.019213752821087837,0.019213752821087837,0.07673443853855133,0.007001339923590422,0.016109231859445572,0.014283668249845505,0.021845413371920586,0.010798259638249874,0.010601385496556759
train\NORMAL\NORMAL2-IM-0882-0001.png,0.0,8.86343841557391e-05,8.86343841557391e-05,0.00026307455846108496,0.00014705484500154853,0.00023255312407854944,0.0003263207618147135,0.00014982894936110824,0.0002255002618767321,0.00019521114882081747
train\NORMAL\NORMAL2-IM-0893-0001.png,0.0,0.0015261315274983644,0.0015261315274983644,0.0033584157936275005,0.001637832261621952,0.002711823908612132,0.003430351847782731,0.021208295598626137,0.0022140671499073505,0.004117399454116821
train\NORMAL\NORMAL2-IM-0897-0001.png,0.0,3.9698395994491875e-05,3.9698395994491875e-05,4.007163443020545e-05,8.569128840463236e-05,0.0020442530512809753,0.00018237048061564565,0.04237784072756767,0.000159365008585155,0.00018514442490413785
train\NORMAL\NORMAL2-IM-0903-0001.png,0.0,0.00022183208784554154,0.00022183208784554154,0.0016827908111736178,0.0002763792290352285,0.00023889065778348595,0.00035592028871178627,0.0032034949399530888,0.0010785950580611825,0.0010710443602874875
train\NORMAL\NORMAL2-IM-0912-0001.png,0.0,0.0010252223582938313,0.0010252223582938313,0.0015507492935284972,0.0012522500474005938,0.002442554570734501,0.004177383612841368,0.06549621373414993,0.003447142196819186,0.00262473919428885
train\NORMAL\NORMAL2-IM-0930-0001.png,0.0,5.633464752463624e-05,5.633464752463624e-05,1.910902574309148e-05,5.169845462660305e-05,8.535482629667968e-05,0.0002810938167385757,0.0009289035806432366,0.0002786467084661126,0.0002177142014261335
train\NORMAL\NORMAL2-IM-0936-0001.png,0.0,4.630634066415951e-06,4.630634066415951e-06,5.58123019800405e-06,3.6590727177099325e-06,4.867149255005643e-05,1.1363291378074791e-05,3.116360676358454e-05,1.025720212055603e-05,1.59261380758835e-05
train\NORMAL\NORMAL2-IM-0937-0001.png,0.0,2.472942287568003e-05,2.472942287568003e-05,0.00012797460658475757,0.0001908623962663114,5.134655293659307e-05,0.00012861838331446052,0.00027870768099091947,0.0001669806515565142,0.00017972596106119454
train\NORMAL\NORMAL2-IM-0939-0001.png,0.0,0.00029220464057289064,0.00029220464057289064,0.00038037647027522326,0.0002694354916457087,0.003065036376938224,0.0007893666042946279,0.014204476028680801,0.0006043699686415493,0.0008315868908539414
train\NORMAL\NORMAL2-IM-0941-0001.png,0.0,0.007572384085506201,0.007572384085506201,0.0031033542472869158,0.005757607519626617,0.005441541317850351,0.025118904188275337,0.33208999037742615,0.004511665087193251,0.006815056782215834
train\NORMAL\NORMAL2-IM-0945-0001.png,0.0,0.014975547790527344,0.014975547790527344,0.005785249639302492,0.005989219527691603,0.012873969040811062,0.005316798575222492,0.5008540749549866,0.03392098844051361,0.026263786479830742
train\NORMAL\NORMAL2-IM-0947-0001.png,0.0,0.0004846047959290445,0.0004846047959290445,0.0009422146249562502,0.0008873944170773029,0.001372644561342895,0.0010411515831947327,0.004104984924197197,0.0009877964621409774,0.0008908566669560969
train\NORMAL\NORMAL2-IM-0948-0001.png,0.0,0.00045799106010235846,0.00045799106010235846,0.0003515167045406997,0.0012379843974485993,0.0018441359279677272,0.0008371649892069399,0.0024679258931428194,0.0003228643909096718,0.00038695387775078416
train\NORMAL\NORMAL2-IM-0952-0001.png,0.0,0.0001609313185326755,0.0001609313185326755,6.410951755242422e-05,9.096942085307091e-05,0.00015762806287966669,0.0006965842330828309,0.0008962269639596343,0.0012301912065595388,0.0014873085310682654
train\NORMAL\NORMAL2-IM-0956-0001.png,0.0,8.292276470456272e-05,8.292276470456272e-05,2.7849913749378175e-05,3.802573337452486e-05,6.200648931553587e-05,0.0001336880959570408,0.00025498034665361047,0.00036039616679772735,0.0003014050598721951
train\NORMAL\NORMAL2-IM-0959-0001.png,0.0,0.00030416352092288435,0.00030416352092288435,0.00037118251202628016,0.00014347437536343932,0.0006566105294041336,0.000554325059056282,0.004321373999118805,0.0004333923279773444,0.0005473136552609503
train\NORMAL\NORMAL2-IM-0974-0001.png,0.0,0.0002714540169108659,0.0002714540169108659,0.002456537913531065,0.0006396208191290498,0.027185825631022453,0.0009480619337409735,0.002162948716431856,0.0017617702251300216,0.001705914386548102
train\NORMAL\NORMAL2-IM-0975-0001.png,0.0,2.040753315668553e-05,2.040753315668553e-05,2.19465382542694e-05,2.4230059352703393e-05,0.0001500268408562988,5.7083841966232285e-05,0.0006228637648746371,4.911454379907809e-05,6.913673132658005e-05
train\NORMAL\NORMAL2-IM-0976-0001.png,0.0,3.642103911261074e-05,3.642103911261074e-05,4.130902743781917e-05,3.860509968944825e-05,0.00017931306501850486,9.292858885601163e-05,7.18118462827988e-05,0.00013778860738966614,0.00013048485561739653
train\NORMAL\NORMAL2-IM-0989-0001.png,0.0,0.0006440342403948307,0.0006440342403948307,0.001406834926456213,0.000880711420904845,0.0005445115966722369,0.0007873961003497243,0.01709875650703907,0.0009151009144261479,0.0007114322506822646
train\NORMAL\NORMAL2-IM-0992-0001.png,0.0,0.00010889284749282524,0.00010889284749282524,0.00010539723007241264,8.134500967571512e-05,0.00014614897372666746,0.0005247184890322387,0.0007283551967702806,0.000326603592839092,0.00040980702033266425
train\NORMAL\NORMAL2-IM-0995-0001-0001.png,0.0,0.00037436719867400825,0.00037436719867400825,0.0004423394857440144,0.0005445551360026002,0.0052160415798425674,0.0015066657215356827,0.0036595105193555355,0.0015108202351257205,0.0015004334272816777
train\NORMAL\NORMAL2-IM-0995-0001-0002.png,0.0,0.001962789101526141,0.001962789101526141,0.01690526492893696,0.0035716909915208817,0.005652652122080326,0.004277287516742945,0.013319702818989754,0.00163983553647995,0.0036720987409353256
train\NORMAL\NORMAL2-IM-0995-0001.png,0.0,0.0013798453146591783,0.0013798453146591783,0.0008939627441577613,0.0010675801895558834,0.0010370641248300672,0.003282304387539625,0.22495678067207336,0.00045037391828373075,0.0005039179231971502
train\NORMAL\NORMAL2-IM-1025-0001.png,0.0,0.0001326814090134576,0.0001326814090134576,2.2341553631122224e-05,0.00020581803983077407,0.0001326814090134576,0.0015370844630524516,8.540759154129773e-05,0.0011541221756488085,0.001284927362576127
train\NORMAL\NORMAL2-IM-1035-0001.png,0.0,0.0001756096025928855,0.0001756096025928855,0.0003091093385592103,0.00010489871056051925,0.0008210920495912433,0.0004073895688634366,0.003513481467962265,0.0004987975116819143,0.0006671962328255177
train\NORMAL\NORMAL2-IM-1051-0001.png,0.0,0.0004802167823072523,0.0004802167823072523,0.0003093457780778408,0.00031901654438115656,0.0014648850774392486,0.0007828904781490564,0.0037288826424628496,0.0028808012139052153,0.0037325138691812754
train\NORMAL\NORMAL2-IM-1056-0001.png,0.0,0.00021152020781300962,0.00021152020781300962,6.908396608196199e-05,0.00027915745158679783,0.0003464878536760807,0.0007564802654087543,0.0007944082608446479,0.0032704160548746586,0.0019346055341884494
train\NORMAL\NORMAL2-IM-1058-0001.png,0.0,0.0006132751586847007,0.0006132751586847007,0.003489484777674079,0.0007617190130986273,0.0006132751586847007,0.0006652883603237569,0.002524923300370574,0.0011110404739156365,0.0011411268496885896
train\NORMAL\NORMAL2-IM-1060-0001.png,0.0,0.0007344449986703694,0.0007344449986703694,0.0007359738228842616,0.00022931637067813426,0.0005198681610636413,0.0016769905341789126,0.0033387483563274145,0.0011190309887751937,0.0007207425660453737
train\NORMAL\NORMAL2-IM-1067-0001-0001.png,0.0,0.0008562812581658363,0.0008562812581658363,0.00016055045125540346,0.00014015179476700723,0.002039749873802066,0.005121313501149416,0.0009346659062430263,0.0011133633088320494,0.001348868478089571
train\NORMAL\NORMAL2-IM-1067-0001.png,0.0,0.004810618236660957,0.004810618236660957,0.009830014780163765,0.003472200594842434,0.021878737956285477,0.01873106136918068,0.027681654319167137,0.013005021959543228,0.01084210816770792
train\NORMAL\NORMAL2-IM-1096-0001-0001.png,0.0,3.309364956294303e-06,3.309364956294303e-06,6.339254468912259e-06,7.415314485115232e-06,9.525337372906506e-05,8.497550879837945e-06,0.0020209059584885836,9.160979061562102e-06,8.985801287053619e-06
train\NORMAL\NORMAL2-IM-1096-0001-0003.png,0.0,2.857654726540204e-05,2.857654726540204e-05,0.0002188525686506182,2.8611439120140858e-05,0.00023411506845150143,5.636373316519894e-05,0.0002643001498654485,2.782978117465973e-05,2.7280540962237865e-05
train\NORMAL\NORMAL2-IM-1096-0001.png,0.0,2.688563836272806e-05,2.688563836272806e-05,3.402595757506788e-05,2.3258995497599244e-05,1.8252731024404056e-05,0.00018618338799569756,5.159532156540081e-05,4.17754017689731e-05,9.3201277195476e-05
train\NORMAL\NORMAL2-IM-1102-0001-0001.png,0.0,0.004562223330140114,0.004562223330140114,0.0018497392302379012,0.004620256833732128,0.004820176865905523,0.009996111504733562,0.09253594279289246,0.009492177516222,0.009003223851323128
train\NORMAL\NORMAL2-IM-1102-0001-0002.png,0.0,0.03791041672229767,0.03791041672229767,0.04362008348107338,0.04380699619650841,0.004388082772493362,0.06938793510198593,0.14623437821865082,0.016441913321614265,0.018984144553542137
train\NORMAL\NORMAL2-IM-1102-0001.png,0.0,0.00041368367965333164,0.00041368367965333164,0.0003868104540742934,0.0006634910241700709,0.0004291693912819028,0.001977032981812954,0.007166119758039713,0.001377318985760212,0.002082629594951868
train\NORMAL\NORMAL2-IM-1105-0001.png,0.0,0.0018623294308781624,0.0018623294308781624,0.001765633118338883,0.0016216592630371451,0.0500129833817482,0.0017836949555203319,0.17357566952705383,0.0016358200227841735,0.0024751245509833097
train\NORMAL\NORMAL2-IM-1106-0001.png,0.0,0.00015608307148795575,0.00015608307148795575,0.0005385688855312765,4.3518022721400484e-05,3.74187329725828e-05,0.0003000491124112159,0.0016459146281704307,0.0001647034368943423,0.00020775689336005598
train\NORMAL\NORMAL2-IM-1110-0001.png,0.0,1.4202852980815805e-05,1.4202852980815805e-05,5.066159428679384e-05,9.099551789404359e-06,0.0001761558378348127,6.52411617920734e-05,2.405308623565361e-05,0.00015619494661223143,0.00011670171079458669
train\NORMAL\NORMAL2-IM-1118-0001.png,0.0,0.00040724905556999147,0.00040724905556999147,0.0006415301468223333,0.0006689726142212749,0.0006187126855365932,0.0007706243777647614,0.0015516083221882582,0.004302141256630421,0.003925446420907974
train\NORMAL\NORMAL2-IM-1122-0001.png,0.0,0.00026722828624770045,0.00026722828624770045,0.00207833806052804,0.001408262993209064,0.0015943562611937523,0.0014966719318181276,0.0008877906948328018,0.0008496618247590959,0.0011580112623050809
train\NORMAL\NORMAL2-IM-1123-0001.png,0.0,0.0007728356285952032,0.0007728356285952032,0.000123685720609501,0.00030594170675612986,0.000710578344296664,0.0015121940523386002,0.00356437754817307,0.001264635007828474,0.001651838654652238
train\NORMAL\NORMAL2-IM-1125-0001.png,0.0,0.019389217719435692,0.019389217719435692,0.019128942862153053,0.06238187849521637,0.019389217719435692,0.0531008280813694,0.13092976808547974,0.046769049018621445,0.03430012986063957
train\NORMAL\NORMAL2-IM-1126-0001.png,0.0,8.208361396100372e-05,8.208361396100372e-05,0.0009087404469028115,0.00029098891536705196,0.0011104976292699575,0.00017542099521961063,0.009612762369215488,0.0011905317660421133,0.0011858076322823763
train\NORMAL\NORMAL2-IM-1127-0001.png,0.0,0.00019455196161288768,0.00019455196161288768,0.00014545186422765255,6.386998575180769e-05,0.00031635750201530755,0.0013136379420757294,0.000562352011911571,0.0011929544853046536,0.0014056643703952432
train\NORMAL\NORMAL2-IM-1130-0001.png,0.0,0.00020835778559558094,0.00020835778559558094,0.00031304056756198406,0.00015729910228401423,0.000264754839008674,0.0008971465867944062,0.0012401187559589744,0.0006799698458053172,0.0007038145558908582
train\NORMAL\NORMAL2-IM-1135-0001.png,0.0,0.00046829594066366553,0.00046829594066366553,0.00100176059640944,0.0003153816796839237,0.0023369337432086468,0.0018172464333474636,0.008005895651876926,0.006758525036275387,0.008075326681137085
train\NORMAL\NORMAL2-IM-1136-0001.png,0.0,4.6516604925272986e-05,4.6516604925272986e-05,0.0002681577461771667,5.122820221004076e-05,0.0004743594618048519,0.0001854522997746244,0.003511075396090746,8.47675692057237e-05,0.0001347191573586315
train\NORMAL\NORMAL2-IM-1164-0001.png,0.0,0.0015312460018321872,0.0015312460018321872,0.0001547007996123284,0.0008794669411145151,0.0012524881167337298,0.004321894142776728,0.0028760884888470173,0.004185268189758062,0.004391566850244999
train\NORMAL\NORMAL2-IM-1175-0001.png,0.0,4.010184420621954e-05,4.010184420621954e-05,8.090338815236464e-05,4.137453288421966e-05,0.00010176975774811581,0.0001605652942089364,0.00021368246234487742,8.184133912436664e-05,0.00010702638246584684
train\NORMAL\NORMAL2-IM-1176-0001.png,0.0,0.00027556036366149783,0.00027556036366149783,0.0012581154005602002,0.001294407993555069,0.0013684872537851334,0.0008096929523162544,0.0077826278284192085,0.0007516031037084758,0.0006569064571522176
train\NORMAL\NORMAL2-IM-1181-0001.png,0.0,0.00012537963630165905,0.00012537963630165905,2.4119335648720153e-05,2.3418639102601446e-05,3.500445018289611e-05,0.0009674576576799154,0.0021005533635616302,0.0004655803495552391,0.0005301251658238471
train\NORMAL\NORMAL2-IM-1182-0001.png,0.0,0.0002695891889743507,0.0002695891889743507,0.0002474660868756473,0.000555494159925729,0.0003295122005511075,0.000719390285667032,0.010121235623955727,0.0009215156896971166,0.000919371610507369
train\NORMAL\NORMAL2-IM-1183-0001.png,0.0,4.622327833203599e-05,4.622327833203599e-05,0.0002810176520142704,7.723575254203752e-05,3.383140210644342e-05,0.00015164795331656933,0.0007451865822076797,5.9259396948618814e-05,7.534539327025414e-05
train\NORMAL\NORMAL2-IM-1200-0001.png,0.0,0.0006142815691418946,0.0006142815691418946,0.004601189401000738,0.0004641680570784956,0.0011526303132995963,0.001343686250038445,0.0011115996167063713,0.001056346925906837,0.0013461100170388818
train\NORMAL\NORMAL2-IM-1218-0001.png,0.0,5.8227651607012376e-05,5.8227651607012376e-05,9.469774522585794e-05,3.6039375117979944e-05,5.8227651607012376e-05,0.00025163020472973585,0.0004293926467653364,5.241083272267133e-05,6.531516555696726e-05
train\NORMAL\NORMAL2-IM-1220-0001.png,0.0,3.5402950743446127e-05,3.5402950743446127e-05,0.00010871578706428409,0.00013434942229650915,0.00011149552301503718,9.879966819426045e-05,0.00043789047049358487,6.0969778132857755e-05,6.1019574786769226e-05
train\NORMAL\NORMAL2-IM-1221-0001.png,0.0,0.0010314860846847296,0.0010314860846847296,0.0013878411846235394,0.0010305228643119335,0.0024704299867153168,0.0043676444329321384,0.0061778598465025425,0.00587068498134613,0.005878616124391556
train\NORMAL\NORMAL2-IM-1231-0001.png,0.0,0.0070100584998726845,0.0070100584998726845,0.012204941362142563,0.0037228267174214125,0.008872940205037594,0.012744603678584099,0.011808174662292004,0.0011084164725616574,0.0030781147070229053
train\NORMAL\NORMAL2-IM-1257-0001.png,0.0,0.0019869140814989805,0.0019869140814989805,0.062297526746988297,0.005166762974113226,0.03189302980899811,0.009324516169726849,0.12188444286584854,0.0015729862498119473,0.0020273367408663034
train\NORMAL\NORMAL2-IM-1279-0001.png,0.0,7.278099656105042e-05,7.278099656105042e-05,0.00016895312000997365,0.00011058457312174141,7.278099656105042e-05,0.00045161685557104647,0.0002505734737496823,0.0002753397566266358,0.0003573581052478403
train\NORMAL\NORMAL2-IM-1280-0001.png,0.0,0.00015919245197437704,0.00015919245197437704,0.00030764268012717366,8.727807289687917e-05,0.00030556507408618927,0.0005526746972464025,0.0021072844974696636,0.0003541611658874899,0.0004426850937306881
train\NORMAL\NORMAL2-IM-1281-0001.png,0.0,0.0011216726852580905,0.0011216726852580905,0.001038208371028304,7.692206418141723e-05,0.001746396766975522,0.0011212668614462018,0.008704992942512035,0.0006946158246137202,0.0007045401725918055
train\NORMAL\NORMAL2-IM-1282-0001.png,0.0,3.343796925037168e-05,3.343796925037168e-05,9.819622209761292e-05,3.4276217775186524e-05,7.465941598638892e-05,0.00011149559577461332,0.0002100964920828119,0.0002860855311155319,0.0004057154292240739
train\NORMAL\NORMAL2-IM-1287-0001.png,0.0,0.0017262620385736227,0.0017262620385736227,0.012763713486492634,0.002462582429870963,0.00494189839810133,0.004418932367116213,0.024005088955163956,0.001089749508537352,0.0014937998494133353
train\NORMAL\NORMAL2-IM-1289-0001.png,0.0,0.00030244296067394316,0.00030244296067394316,0.0009208635310642421,0.00044918133062310517,0.0010028149699792266,0.0008500356343574822,0.0030731346923857927,0.00029955143691040576,0.00037748346221633255
train\NORMAL\NORMAL2-IM-1290-0001.png,0.0,0.0010222686687484384,0.0010222686687484384,0.0009179876651614904,0.0006847862969152629,0.009926019236445427,0.002137328265234828,0.06076132878661156,0.0060986545868217945,0.005355313420295715
train\NORMAL\NORMAL2-IM-1304-0001.png,0.0,2.0946235963492654e-05,2.0946235963492654e-05,0.00015953215188346803,3.924205884686671e-05,5.2995284931967035e-05,5.9546702686930075e-05,0.0009021733421832323,3.6337452911539e-05,2.442722143314313e-05
train\NORMAL\NORMAL2-IM-1307-0001.png,0.0,1.89389811566798e-05,1.89389811566798e-05,7.66470329836011e-05,2.3559668989037164e-05,0.0019814425613731146,5.8543344493955374e-05,0.0005754985031671822,5.5897362472023815e-05,6.993403076194227e-05
train\NORMAL\NORMAL2-IM-1310-0001.png,0.0,0.00012316045467741787,0.00012316045467741787,0.0003364373405929655,0.00030324168619699776,9.57464289967902e-05,0.0003254941839259118,0.010174372233450413,0.0008191338274627924,0.00115791498683393
train\NORMAL\NORMAL2-IM-1319-0001.png,0.0,0.00022283436555881053,0.00022283436555881053,0.0003014247922692448,0.00011265364446444437,0.0022819642908871174,0.0002677000593394041,0.009604367427527905,0.00019211226026527584,0.0002305563830304891
train\NORMAL\NORMAL2-IM-1327-0001.png,0.0,0.00010100920189870521,0.00010100920189870521,8.247906225733459e-05,2.651300746947527e-05,0.0008601299487054348,0.000148056133184582,0.0006279065855778754,0.00011053992784582078,0.00010108995775226504
train\NORMAL\NORMAL2-IM-1330-0001.png,0.0,0.0005527758621610701,0.0005527758621610701,0.0019725316669791937,0.004698511213064194,0.0025298495311290026,0.003069740254431963,0.00043169979471713305,0.0006873959209769964,0.0010096412152051926
train\NORMAL\NORMAL2-IM-1334-0001.png,0.0,0.00034451979445293546,0.00034451979445293546,0.0034862288739532232,0.0011883917031809688,0.0005143294692970812,0.0008303892100229859,0.004168111830949783,0.001308236736804247,0.0010066559771075845
train\NORMAL\NORMAL2-IM-1335-0001.png,0.0,0.0030072499066591263,0.0030072499066591263,0.0009149184916168451,0.0032803802751004696,0.0007592043839395046,0.010484825819730759,0.011250711046159267,0.006225805263966322,0.004297998733818531
train\NORMAL\NORMAL2-IM-1337-0001.png,0.0,0.0046745422296226025,0.0046745422296226025,0.004012530203908682,0.008221108466386795,0.049827221781015396,0.03935785964131355,0.004062668886035681,0.019910970702767372,0.01817345805466175
train\NORMAL\NORMAL2-IM-1344-0001.png,0.0,1.3042042155575473e-05,1.3042042155575473e-05,2.0261317331460305e-05,1.518516455689678e-05,1.4674434169137385e-05,6.899985601194203e-05,6.327062874333933e-05,6.1031911172904074e-05,6.148270040284842e-05
train\NORMAL\NORMAL2-IM-1346-0001.png,0.0,7.173930498538539e-05,7.173930498538539e-05,7.893161091487855e-05,3.7491619877982885e-05,0.00018757198995444924,0.0005998790147714317,6.751585169695318e-05,0.000114883529022336,0.00017844342801254243
train\NORMAL\NORMAL2-IM-1356-0001.png,0.0,0.6466855406761169,0.6466855406761169,0.4619899094104767,0.8129302859306335,0.8247889280319214,0.8352097272872925,0.8037611246109009,0.615787923336029,0.5496993660926819
train\NORMAL\NORMAL2-IM-1365-0001.png,0.0,0.5500358939170837,0.5500358939170837,0.7871310710906982,0.302214652299881,0.46055322885513306,0.8286392092704773,0.800087034702301,0.5247312784194946,0.4797346293926239
train\NORMAL\NORMAL2-IM-1376-0001.png,0.0,0.0034223569091409445,0.0034223569091409445,0.005619024392217398,0.0034081600606441498,0.0063286470249295235,0.013533779419958591,0.04371318221092224,0.0024965431075543165,0.002428221283480525
train\PNEUMONIA\person1000_bacteria_2931.png,1.0,0.9982359409332275,0.9982359409332275,0.9939608573913574,0.9985677599906921,0.9978296160697937,0.9986299276351929,0.9933131337165833,0.9988834261894226,0.9988208413124084
train\PNEUMONIA\person1000_virus_1681.png,1.0,0.9501404762268066,0.9501404762268066,0.8530009984970093,0.8847413659095764,0.8931374549865723,0.9806053638458252,0.9191505312919617,0.9415037035942078,0.954886794090271
train\PNEUMONIA\person1006_bacteria_2937.png,1.0,0.399431437253952,0.399431437253952,0.11056363582611084,0.49855613708496094,0.2897646129131317,0.35593125224113464,0.8499782681465149,0.594875156879425,0.7413751482963562
train\PNEUMONIA\person1019_bacteria_2950.png,1.0,0.9993571639060974,0.9993571639060974,0.9992720484733582,0.9997333884239197,0.9990550875663757,0.9995681643486023,0.9970663189888,0.9992443323135376,0.9991114735603333
train\PNEUMONIA\person1019_virus_1707.png,1.0,0.9990371465682983,0.9990371465682983,0.9914448857307434,0.9994547963142395,0.9984346032142639,0.998344898223877,0.9960666298866272,0.9977936744689941,0.9977926015853882
train\PNEUMONIA\person1019_virus_1708.png,1.0,0.9935006499290466,0.9935006499290466,0.9780939221382141,0.9960229992866516,0.9937835335731506,0.9956071972846985,0.9918272495269775,0.9947027564048767,0.9933993816375732
train\PNEUMONIA\person101_virus_187.png,1.0,0.9381701350212097,0.9381701350212097,0.8436892032623291,0.9087212681770325,0.9480109810829163,0.9593061804771423,0.8871076703071594,0.9272211790084839,0.9223565459251404
train\PNEUMONIA\person101_virus_188.png,1.0,0.39692845940589905,0.39692845940589905,0.4080168306827545,0.35889413952827454,0.22385640442371368,0.5523542761802673,0.10786815732717514,0.5071033835411072,0.40520182251930237
train\PNEUMONIA\person1020_bacteria_2951.png,1.0,0.9998878240585327,0.9998878240585327,0.9994169473648071,0.9997624754905701,0.99977046251297,0.9999228715896606,0.9996670484542847,0.9998683929443359,0.9998668432235718
train\PNEUMONIA\person1020_virus_1710.png,1.0,0.9985761642456055,0.9985761642456055,0.9960529208183289,0.9981082677841187,0.9976219534873962,0.9987008571624756,0.9982482194900513,0.9983440637588501,0.9984022974967957
train\PNEUMONIA\person1037_bacteria_2971.png,1.0,0.9990401268005371,0.9990401268005371,0.9995452761650085,0.9990610480308533,0.999208390712738,0.9992256164550781,0.9979923963546753,0.9990500807762146,0.9990304708480835
train\PNEUMONIA\person1041_bacteria_2975.png,1.0,0.9997960925102234,0.9997960925102234,0.9990436434745789,0.9998587369918823,0.9998370409011841,0.9997547268867493,0.9993836879730225,0.9996587038040161,0.9996907711029053
train\PNEUMONIA\person1041_virus_1736.png,1.0,0.9503785967826843,0.9503785967826843,0.7571442127227783,0.9145351052284241,0.9362304210662842,0.9762793779373169,0.9165696501731873,0.9300787448883057,0.9123548865318298
train\PNEUMONIA\person1053_bacteria_2987.png,1.0,0.998867392539978,0.998867392539978,0.9980176687240601,0.9987965822219849,0.9951131939888,0.9983745217323303,0.9962834715843201,0.9993650317192078,0.9993376135826111
train\PNEUMONIA\person1068_bacteria_3002.png,1.0,0.9972543120384216,0.9972543120384216,0.9969817399978638,0.995917022228241,0.9954954385757446,0.9969843029975891,0.985975444316864,0.9935281872749329,0.9920895099639893
train\PNEUMONIA\person1068_virus_1771.png,1.0,0.9995923638343811,0.9995923638343811,0.9986366629600525,0.9982690811157227,0.9995796084403992,0.9995278120040894,0.9994173049926758,0.9995037317276001,0.9994922876358032
train\PNEUMONIA\person1077_bacteria_3017.png,1.0,0.9996944665908813,0.9996944665908813,0.9996383190155029,0.9998080134391785,0.9993417859077454,0.9996696710586548,0.9991492033004761,0.999452531337738,0.9994266033172607
train\PNEUMONIA\person1077_virus_1787.png,1.0,0.940045177936554,0.940045177936554,0.8580682873725891,0.9566742777824402,0.9164818525314331,0.9724772572517395,0.9465663433074951,0.9581505656242371,0.953417956829071
train\PNEUMONIA\person1079_bacteria_3019.png,1.0,0.9995344877243042,0.9995344877243042,0.9926372766494751,0.9939100742340088,0.9993152618408203,0.9996021389961243,0.9985148310661316,0.9990272521972656,0.9990149736404419
train\PNEUMONIA\person1079_virus_1789.png,1.0,0.9995591044425964,0.9995591044425964,0.9992515444755554,0.9984762072563171,0.9997164607048035,0.9996868371963501,0.9995269775390625,0.9988731741905212,0.9985777139663696
train\PNEUMONIA\person1082_bacteria_3022.png,1.0,0.9948949813842773,0.9948949813842773,0.9855733513832092,0.9808946251869202,0.9967917799949646,0.9982388019561768,0.9794859886169434,0.9935190081596375,0.9931815266609192
train\PNEUMONIA\person1082_virus_1794.png,1.0,0.9305566549301147,0.9305566549301147,0.9399672150611877,0.9593570828437805,0.9720278382301331,0.9729247689247131,0.9052574634552002,0.9362960457801819,0.9548931121826172
train\PNEUMONIA\person1083_bacteria_3023.png,1.0,0.9987496137619019,0.9987496137619019,0.9990668892860413,0.9986752271652222,0.9980219602584839,0.9990363121032715,0.9914466142654419,0.9982079267501831,0.9980247020721436
train\PNEUMONIA\person1083_virus_1795.png,1.0,0.9993994235992432,0.9993994235992432,0.9984409213066101,0.9994397759437561,0.9989746809005737,0.9993305206298828,0.9991857409477234,0.9995361566543579,0.9994924068450928
train\PNEUMONIA\person108_virus_199.png,1.0,0.982148289680481,0.982148289680481,0.9574558734893799,0.9853566288948059,0.982148289680481,0.9878437519073486,0.9312823414802551,0.9616191983222961,0.9617811441421509
train\PNEUMONIA\person108_virus_200.png,1.0,0.9944509267807007,0.9944509267807007,0.9916532635688782,0.9947172999382019,0.9923846125602722,0.9977670907974243,0.9756307601928711,0.9894459843635559,0.9899946451187134
train\PNEUMONIA\person108_virus_201.png,1.0,0.9419175982475281,0.9419175982475281,0.9132261872291565,0.9832524061203003,0.9510872960090637,0.9669201970100403,0.8370068073272705,0.8862332701683044,0.9155288338661194
train\PNEUMONIA\person1091_bacteria_3031.png,1.0,0.9995730519294739,0.9995730519294739,0.9997413754463196,0.9996745586395264,0.9993882179260254,0.9996987581253052,0.9989109039306641,0.9995908141136169,0.9994878768920898
train\PNEUMONIA\person1091_virus_1810.png,1.0,0.9980345368385315,0.9980345368385315,0.9982581734657288,0.996173083782196,0.994911253452301,0.9959801435470581,0.9971309304237366,0.9971380233764648,0.9966854453086853
train\PNEUMONIA\person1099_bacteria_3040.png,1.0,0.8021257519721985,0.8021257519721985,0.6037527918815613,0.6153516173362732,0.4571266174316406,0.9613116383552551,0.9423487782478333,0.970799446105957,0.9635740518569946
train\PNEUMONIA\person1099_virus_1819.png,1.0,0.16033771634101868,0.16033771634101868,0.25164276361465454,0.08552099019289017,0.20455417037010193,0.22321483492851257,0.9437406659126282,0.5344874262809753,0.5994630455970764
train\PNEUMONIA\person1100_bacteria_3041.png,1.0,0.9965882301330566,0.9965882301330566,0.9890000224113464,0.9966008067131042,0.9947090148925781,0.9962494969367981,0.9967323541641235,0.9970721006393433,0.9968950748443604
train\PNEUMONIA\person1100_virus_1820.png,1.0,0.9994302988052368,0.9994302988052368,0.9992357492446899,0.997345507144928,0.9994913339614868,0.999289333820343,0.9984886050224304,0.9989118576049805,0.999051034450531
train\PNEUMONIA\person1103_bacteria_3044.png,1.0,0.9872428178787231,0.9872428178787231,0.9884069561958313,0.9828978776931763,0.9916644096374512,0.9966425895690918,0.9927728772163391,0.9935474991798401,0.9941799640655518
train\PNEUMONIA\person1103_virus_1825.png,1.0,0.9985223412513733,0.9985223412513733,0.9912852644920349,0.9961735606193542,0.9974665641784668,0.9984991550445557,0.9947346448898315,0.9989814162254333,0.9991664886474609
train\PNEUMONIA\person1104_virus_1826.png,1.0,0.9987030029296875,0.9987030029296875,0.9982762336730957,0.9983382821083069,0.9992009997367859,0.9976722598075867,0.9974689483642578,0.9984180927276611,0.9985930323600769
train\PNEUMONIA\person1106_virus_1829.png,1.0,0.9820044636726379,0.9820044636726379,0.9443447589874268,0.9910562038421631,0.9779087901115417,0.9865630865097046,0.9565235376358032,0.986229658126831,0.9835847616195679
train\PNEUMONIA\person1109_bacteria_3050.png,1.0,0.9997989535331726,0.9997989535331726,0.9995598196983337,0.9995620846748352,0.9998865127563477,0.9997097849845886,0.9988829493522644,0.9997733235359192,0.9997244477272034
train\PNEUMONIA\person1118_bacteria_3059.png,1.0,0.9760794043540955,0.9760794043540955,0.9884418845176697,0.975171685218811,0.9870163798332214,0.984015703201294,0.9643184542655945,0.9905151128768921,0.9898223876953125
train\PNEUMONIA\person1124_bacteria_3065.png,1.0,0.3398953974246979,0.3398953974246979,0.4377877116203308,0.4706120491027832,0.3935154676437378,0.6206717491149902,0.6583303213119507,0.7843626737594604,0.7065736055374146
train\PNEUMONIA\person1124_virus_1851.png,1.0,0.9961864352226257,0.9961864352226257,0.9577867984771729,0.9767726063728333,0.9963424801826477,0.9942495822906494,0.997342050075531,0.9956450462341309,0.9947794675827026
train\PNEUMONIA\person1129_bacteria_3070.png,1.0,0.9992135763168335,0.9992135763168335,0.9990310668945312,0.9990673661231995,0.9977805018424988,0.9992848038673401,0.9969016313552856,0.9990682005882263,0.9989531636238098
train\PNEUMONIA\person1129_virus_1857.png,1.0,0.9816899299621582,0.9816899299621582,0.9963558912277222,0.97734135389328,0.9966257810592651,0.9878607392311096,0.9859486818313599,0.9895415306091309,0.9869011044502258
train\PNEUMONIA\person1140_bacteria_3083.png,1.0,0.9995997548103333,0.9995997548103333,0.9948557615280151,0.999152660369873,0.9986573457717896,0.9996583461761475,0.997847318649292,0.9993610978126526,0.9994761347770691
train\PNEUMONIA\person1140_virus_1885.png,1.0,0.9573832154273987,0.9573832154273987,0.9153159260749817,0.767471432685852,0.8553029894828796,0.9731600284576416,0.9202766418457031,0.9783635139465332,0.9747326970100403
train\PNEUMONIA\person1160_bacteria_3105.png,1.0,0.9990044236183167,0.9990044236183167,0.999683141708374,0.9985414743423462,0.9988001585006714,0.9982573390007019,0.9978559613227844,0.9996284246444702,0.9995629191398621
train\PNEUMONIA\person1160_virus_1947.png,1.0,0.9524537920951843,0.9524537920951843,0.783452033996582,0.9311369061470032,0.9445465803146362,0.9579232931137085,0.9588205814361572,0.9851513504981995,0.9826205372810364
train\PNEUMONIA\person1165_bacteria_3111.png,1.0,0.9974533915519714,0.9974533915519714,0.9911850094795227,0.9941838383674622,0.9935271739959717,0.9981809854507446,0.996117115020752,0.9935898780822754,0.993715226650238
train\PNEUMONIA\person1165_virus_1959.png,1.0,0.9985571503639221,0.9985571503639221,0.9984484314918518,0.9973418116569519,0.9985571503639221,0.9988400340080261,0.9973421692848206,0.9988875985145569,0.998519241809845
train\PNEUMONIA\person1172_bacteria_3119.png,1.0,0.9938520193099976,0.9938520193099976,0.9708031415939331,0.9636619687080383,0.9896715879440308,0.9950502514839172,0.9814839959144592,0.982581615447998,0.9826430082321167
train\PNEUMONIA\person1172_virus_1977.png,1.0,0.9954952001571655,0.9954952001571655,0.9421137571334839,0.9903498888015747,0.9936656951904297,0.9950456619262695,0.987689733505249,0.9920119643211365,0.9911732077598572
train\PNEUMONIA\person1173_virus_1978.png,1.0,0.10402034223079681,0.10402034223079681,0.030733268707990646,0.20346246659755707,0.05576774850487709,0.19981127977371216,0.25833532214164734,0.3381153643131256,0.3288884162902832
train\PNEUMONIA\person1179_bacteria_3127.png,1.0,0.7324653267860413,0.7324653267860413,0.78224778175354,0.6352856755256653,0.8226943612098694,0.7646278738975525,0.8563283681869507,0.9638838768005371,0.9635356664657593
train\PNEUMONIA\person1179_virus_2006.png,1.0,0.9629719853401184,0.9629719853401184,0.9884932637214661,0.9758675694465637,0.9450528025627136,0.9623547792434692,0.9596649408340454,0.9747775793075562,0.9706634283065796
train\PNEUMONIA\person1182_virus_2017.png,1.0,0.06950661540031433,0.06950661540031433,0.09405962377786636,0.19216617941856384,0.04115499556064606,0.10161344707012177,0.2580300271511078,0.41300690174102783,0.45116671919822693
train\PNEUMONIA\person1186_bacteria_3134.png,1.0,0.9697374701499939,0.9697374701499939,0.8965471386909485,0.9332865476608276,0.791114330291748,0.9714506268501282,0.9556143879890442,0.9153599739074707,0.9225598573684692
train\PNEUMONIA\person1186_bacteria_3135.png,1.0,0.999446451663971,0.999446451663971,0.999497652053833,0.9961334466934204,0.999255359172821,0.9993114471435547,0.996397078037262,0.998472273349762,0.9986364245414734
train\PNEUMONIA\person1186_virus_2021.png,1.0,0.9861366748809814,0.9861366748809814,0.9917538166046143,0.9803211688995361,0.9723976850509644,0.9900976419448853,0.9607557058334351,0.9859407544136047,0.983124852180481
train\PNEUMONIA\person1186_virus_2022.png,1.0,0.9872642755508423,0.9872642755508423,0.9763814210891724,0.9913464188575745,0.9875470995903015,0.9937133193016052,0.9684901237487793,0.9912330508232117,0.9910105466842651
train\PNEUMONIA\person1194_bacteria_3143.png,1.0,0.999537467956543,0.999537467956543,0.9987534284591675,0.9997546076774597,0.9982553124427795,0.9995079040527344,0.9991118311882019,0.9995496869087219,0.9995212554931641
train\PNEUMONIA\person1201_bacteria_3151.png,1.0,0.999612033367157,0.999612033367157,0.9997618794441223,0.9995191097259521,0.9993020296096802,0.9994747042655945,0.9994781613349915,0.9995303153991699,0.9995118379592896
train\PNEUMONIA\person1206_bacteria_3158.png,1.0,0.997443675994873,0.997443675994873,0.987427830696106,0.9992363452911377,0.9965735673904419,0.9987911581993103,0.9955482482910156,0.9986910223960876,0.9983622431755066
train\PNEUMONIA\person1206_virus_2051.png,1.0,0.9916552305221558,0.9916552305221558,0.9784390330314636,0.9916849136352539,0.9903836846351624,0.9911203980445862,0.963523268699646,0.980620801448822,0.9763253927230835
train\PNEUMONIA\person1212_bacteria_3164.png,1.0,0.9995423555374146,0.9995423555374146,0.9984052777290344,0.9995344877243042,0.9921184182167053,0.9996398687362671,0.9984453320503235,0.9993358254432678,0.9992732405662537
train\PNEUMONIA\person1212_virus_2057.png,1.0,0.8057911992073059,0.8057911992073059,0.4759964346885681,0.7949240803718567,0.510602593421936,0.956956148147583,0.9527676701545715,0.8932210803031921,0.8888416290283203
train\PNEUMONIA\person1215_bacteria_3167.png,1.0,0.9997203946113586,0.9997203946113586,0.9975222945213318,0.9995170831680298,0.9994919300079346,0.999829888343811,0.9992280006408691,0.9996538162231445,0.9996473789215088
train\PNEUMONIA\person1217_bacteria_3169.png,1.0,0.9981743097305298,0.9981743097305298,0.9967128038406372,0.9978135228157043,0.9973016381263733,0.99906986951828,0.989452064037323,0.9987578392028809,0.9987105131149292
train\PNEUMONIA\person1217_virus_2063.png,1.0,0.9632988572120667,0.9632988572120667,0.9665347337722778,0.9467594027519226,0.9645087122917175,0.9835168719291687,0.9727464318275452,0.9833457469940186,0.9762237668037415
train\PNEUMONIA\person1220_bacteria_3173.png,1.0,0.9395948648452759,0.9395948648452759,0.9483657479286194,0.9375289678573608,0.9352009892463684,0.9804405570030212,0.9026471376419067,0.9876595139503479,0.9840050935745239
train\PNEUMONIA\person1220_bacteria_3174.png,1.0,0.9994034767150879,0.9994034767150879,0.9976171255111694,0.9986302852630615,0.9964872598648071,0.999360978603363,0.9986944794654846,0.9994325041770935,0.999376118183136
train\PNEUMONIA\person1220_virus_2068.png,1.0,0.9638153314590454,0.9638153314590454,0.8157057166099548,0.9151585698127747,0.97786545753479,0.9475021362304688,0.980251133441925,0.983777642250061,0.9760161638259888
train\PNEUMONIA\person1223_bacteria_3178.png,1.0,0.9825406670570374,0.9825406670570374,0.9472489953041077,0.9777151346206665,0.980941116809845,0.9905993342399597,0.9620717763900757,0.9922631978988647,0.992263913154602
train\PNEUMONIA\person1223_virus_2073.png,1.0,0.9876796007156372,0.9876796007156372,0.9408035278320312,0.8924996852874756,0.9762687683105469,0.9926896691322327,0.9702631831169128,0.9771125912666321,0.9784892797470093
train\PNEUMONIA\person1224_virus_2074.png,1.0,0.979375422000885,0.979375422000885,0.9785582423210144,0.9768492579460144,0.9633178114891052,0.9839861392974854,0.9643995761871338,0.9753227829933167,0.9742072224617004
train\PNEUMONIA\person1228_bacteria_3183.png,1.0,0.9998007416725159,0.9998007416725159,0.9990265369415283,0.999514102935791,0.9986830353736877,0.9997853636741638,0.9991587400436401,0.9994057416915894,0.9993889331817627
train\PNEUMONIA\person1228_virus_2079.png,1.0,0.9978585839271545,0.9978585839271545,0.9975786805152893,0.9874520897865295,0.9969462752342224,0.996955394744873,0.9972782731056213,0.998353123664856,0.9981953501701355
train\PNEUMONIA\person1237_bacteria_3193.png,1.0,0.9998809099197388,0.9998809099197388,0.9996510744094849,0.9998610019683838,0.9987908005714417,0.9998922348022461,0.9996114373207092,0.9998903274536133,0.9998984336853027
train\PNEUMONIA\person1237_virus_2097.png,1.0,0.9989768266677856,0.9989768266677856,0.9997119307518005,0.9991980195045471,0.9994874000549316,0.9979221224784851,0.9983206987380981,0.9982491731643677,0.9974514842033386
train\PNEUMONIA\person1257_bacteria_3215.png,1.0,0.9985495209693909,0.9985495209693909,0.9975836277008057,0.9984269142150879,0.9981669783592224,0.9987488985061646,0.9961456060409546,0.998909592628479,0.9989705085754395
train\PNEUMONIA\person1258_bacteria_3216.png,1.0,0.2569694519042969,0.2569694519042969,0.13706330955028534,0.21503609418869019,0.4796300232410431,0.41058677434921265,0.3856819272041321,0.793204128742218,0.7055681347846985
train\PNEUMONIA\person1258_virus_2138.png,1.0,0.9677080512046814,0.9677080512046814,0.9087837338447571,0.9660467505455017,0.9713707566261292,0.9848067760467529,0.9455594420433044,0.9774407148361206,0.9760898947715759
train\PNEUMONIA\person1259_bacteria_3217.png,1.0,0.9892639517784119,0.9892639517784119,0.9414705634117126,0.9568701386451721,0.9844712018966675,0.9898423552513123,0.9826985001564026,0.9957656860351562,0.994260311126709
train\PNEUMONIA\person1259_virus_2139.png,1.0,0.9996360540390015,0.9996360540390015,0.998170018196106,0.99943608045578,0.998185932636261,0.9994485974311829,0.9996323585510254,0.998979926109314,0.99885094165802
train\PNEUMONIA\person1266_bacteria_3224.png,1.0,0.999447762966156,0.999447762966156,0.9985458850860596,0.9967393279075623,0.999646782875061,0.9995597004890442,0.9984160661697388,0.998994767665863,0.9990872144699097
train\PNEUMONIA\person1266_bacteria_3225.png,1.0,0.9996576309204102,0.9996576309204102,0.9998674392700195,0.999214768409729,0.9996364116668701,0.9994035959243774,0.9995326995849609,0.9997738003730774,0.9997343420982361
train\PNEUMONIA\person1266_virus_2158.png,1.0,0.8771672248840332,0.8771672248840332,0.7509780526161194,0.9000651240348816,0.8536420464515686,0.9143602252006531,0.8566043376922607,0.8610134720802307,0.8361656069755554
train\PNEUMONIA\person1267_bacteria_3226.png,1.0,0.9999202489852905,0.9999202489852905,0.9999254941940308,0.9997256398200989,0.9998679161071777,0.9998942613601685,0.9998371601104736,0.9998778104782104,0.9998782873153687
train\PNEUMONIA\person1267_virus_2160.png,1.0,0.987981379032135,0.987981379032135,0.9485458135604858,0.9900689721107483,0.9872575402259827,0.9878569841384888,0.9955957531929016,0.977994978427887,0.9850677847862244
train\PNEUMONIA\person1272_bacteria_3232.png,1.0,0.49268531799316406,0.49268531799316406,0.08514191955327988,0.4047297537326813,0.6465610265731812,0.6262063980102539,0.9396025538444519,0.8079315423965454,0.744678258895874
train\PNEUMONIA\person1272_virus_2190.png,1.0,0.8773090243339539,0.8773090243339539,0.613286018371582,0.8443162441253662,0.8504062294960022,0.932929277420044,0.9235115051269531,0.7874069213867188,0.8146677613258362
train\PNEUMONIA\person1275_bacteria_3237.png,1.0,0.9957626461982727,0.9957626461982727,0.9979650974273682,0.9925199747085571,0.9977523684501648,0.9967373013496399,0.9908667206764221,0.998518168926239,0.9979571104049683
train\PNEUMONIA\person1281_bacteria_3244.png,1.0,0.9984779953956604,0.9984779953956604,0.9978845715522766,0.9976795315742493,0.9982336163520813,0.9983939528465271,0.9980705380439758,0.9992631077766418,0.9991542100906372
train\PNEUMONIA\person1281_virus_2204.png,1.0,0.09630408138036728,0.09630408138036728,0.20200832188129425,0.14062903821468353,0.22613681852817535,0.2641669511795044,0.5755775570869446,0.05388543754816055,0.0833788514137268
train\PNEUMONIA\person1283_bacteria_3246.png,1.0,0.9990107417106628,0.9990107417106628,0.9975103139877319,0.9990930557250977,0.9945167899131775,0.9981483221054077,0.9785583019256592,0.9959961175918579,0.9962168335914612
train\PNEUMONIA\person1283_virus_2206.png,1.0,0.9989097118377686,0.9989097118377686,0.998444139957428,0.9963345527648926,0.997385561466217,0.9987508058547974,0.996929943561554,0.9986491799354553,0.9981687068939209
train\PNEUMONIA\person1288_bacteria_3251.png,1.0,0.9997718930244446,0.9997718930244446,0.9987878203392029,0.9998304843902588,0.9996535778045654,0.9997326731681824,0.9984678030014038,0.999565064907074,0.9995206594467163
train\PNEUMONIA\person1288_virus_2211.png,1.0,0.5073947906494141,0.5073947906494141,0.3268505036830902,0.6882427334785461,0.36455076932907104,0.7090153694152832,0.9798306226730347,0.4594476819038391,0.5105934739112854
train\PNEUMONIA\person1291_virus_2217.png,1.0,0.9616987705230713,0.9616987705230713,0.855872631072998,0.9737430214881897,0.9766252040863037,0.9494853615760803,0.9902573823928833,0.966849684715271,0.9611213803291321
train\PNEUMONIA\person1295_bacteria_3258.png,1.0,0.9970968961715698,0.9970968961715698,0.9974488019943237,0.9968955516815186,0.9919608235359192,0.996001660823822,0.9853450655937195,0.9972172975540161,0.9971240162849426
train\PNEUMONIA\person1295_virus_2223.png,1.0,0.0424378365278244,0.0424378365278244,0.13277600705623627,0.26472094655036926,0.11895892024040222,0.26575854420661926,0.7439639568328857,0.06914529949426651,0.13329409062862396
train\PNEUMONIA\person1296_virus_2224.png,1.0,0.437652587890625,0.437652587890625,0.13548514246940613,0.2952818274497986,0.5521247386932373,0.7018889784812927,0.6220617890357971,0.38575777411460876,0.3905406892299652
train\PNEUMONIA\person12_bacteria_46.png,1.0,0.34489864110946655,0.34489864110946655,0.7410991787910461,0.8015632033348083,0.9416961073875427,0.5401386618614197,0.5697103142738342,0.7039638757705688,0.6065334677696228
train\PNEUMONIA\person12_bacteria_47.png,1.0,0.9969474673271179,0.9969474673271179,0.9816328287124634,0.9940842986106873,0.9975267052650452,0.9977986812591553,0.9910186529159546,0.9950127601623535,0.9961528182029724
train\PNEUMONIA\person12_bacteria_48.png,1.0,0.9871872663497925,0.9871872663497925,0.9628278613090515,0.975502610206604,0.9686557054519653,0.9855661392211914,0.9731461405754089,0.9398261308670044,0.9442982077598572
train\PNEUMONIA\person1302_bacteria_3266.png,1.0,0.9997270703315735,0.9997270703315735,0.9987186193466187,0.9995348453521729,0.9997127652168274,0.9997782111167908,0.9987905621528625,0.9995042085647583,0.9995429515838623
train\PNEUMONIA\person1304_bacteria_3269.png,1.0,0.9981949925422668,0.9981949925422668,0.9968662858009338,0.9987958669662476,0.9983978867530823,0.9980284571647644,0.9970201253890991,0.998548150062561,0.9981299042701721
train\PNEUMONIA\person1306_bacteria_3272.png,1.0,0.999340832233429,0.999340832233429,0.9988605976104736,0.9985674023628235,0.9991980195045471,0.9992409944534302,0.9988972544670105,0.9986938834190369,0.9983072280883789
train\PNEUMONIA\person1306_bacteria_3274.png,1.0,0.9627407193183899,0.9627407193183899,0.9371165037155151,0.9676607251167297,0.9426535367965698,0.969072699546814,0.962334156036377,0.9481730461120605,0.9449031352996826
train\PNEUMONIA\person1306_bacteria_3275.png,1.0,0.9937605261802673,0.9937605261802673,0.9909396171569824,0.9912144541740417,0.9885770082473755,0.9962112903594971,0.9934525489807129,0.9952710270881653,0.9952486157417297
train\PNEUMONIA\person1306_bacteria_3276.png,1.0,0.9974120259284973,0.9974120259284973,0.9977896213531494,0.9953022003173828,0.9978953003883362,0.9978276491165161,0.9963175654411316,0.9980169534683228,0.9974846243858337
train\PNEUMONIA\person1306_bacteria_3277.png,1.0,0.9906920790672302,0.9906920790672302,0.9165825247764587,0.9672699570655823,0.957286536693573,0.9968699812889099,0.9956694841384888,0.9936777949333191,0.9922623634338379
train\PNEUMONIA\person1306_virus_2249.png,1.0,0.9896642565727234,0.9896642565727234,0.9254154562950134,0.9446501731872559,0.985153317451477,0.9933923482894897,0.9930955171585083,0.9962370991706848,0.993905246257782
train\PNEUMONIA\person1307_bacteria_3278.png,1.0,0.8758517503738403,0.8758517503738403,0.7961766719818115,0.928844153881073,0.9330371618270874,0.9541233777999878,0.9343593120574951,0.9177916049957275,0.9051011800765991
train\PNEUMONIA\person1307_virus_2251.png,1.0,0.9433339238166809,0.9433339238166809,0.8528634309768677,0.8935784697532654,0.8876825571060181,0.9599089622497559,0.9816514253616333,0.9446842670440674,0.9506328701972961
train\PNEUMONIA\person1311_bacteria_3312.png,1.0,0.9974201917648315,0.9974201917648315,0.9934107661247253,0.9932284951210022,0.9922552108764648,0.9977691173553467,0.9970856308937073,0.9965041875839233,0.9964781403541565
train\PNEUMONIA\person1311_virus_2257.png,1.0,0.9496578574180603,0.9496578574180603,0.8861327171325684,0.9893173575401306,0.9539970755577087,0.9728700518608093,0.9763025641441345,0.8483753204345703,0.8431988954544067
train\PNEUMONIA\person1311_virus_2259.png,1.0,0.9835145473480225,0.9835145473480225,0.9520444273948669,0.9852299094200134,0.9377213716506958,0.988211452960968,0.9485009908676147,0.8832060694694519,0.8820133209228516
train\PNEUMONIA\person1312_bacteria_3313.png,1.0,0.9905548691749573,0.9905548691749573,0.9768036603927612,0.9852555990219116,0.989801824092865,0.9915896058082581,0.9630707502365112,0.9911826848983765,0.9913753867149353
train\PNEUMONIA\person1312_bacteria_3314.png,1.0,0.9935517311096191,0.9935517311096191,0.9763352870941162,0.9946619868278503,0.9828845262527466,0.9924947023391724,0.976887047290802,0.9856577515602112,0.9848161935806274
train\PNEUMONIA\person1312_bacteria_3316.png,1.0,0.9960582256317139,0.9960582256317139,0.9930258989334106,0.9942319393157959,0.998030960559845,0.9963207244873047,0.9967997670173645,0.9928678274154663,0.992838442325592
train\PNEUMONIA\person1312_bacteria_3317.png,1.0,0.9988553524017334,0.9988553524017334,0.981894314289093,0.9901466965675354,0.9958738684654236,0.9989362359046936,0.9955484867095947,0.9966493248939514,0.9967656135559082
train\PNEUMONIA\person1312_bacteria_3318.png,1.0,0.9988553524017334,0.9988553524017334,0.981894314289093,0.9975413084030151,0.9983762502670288,0.9989362359046936,0.9955484867095947,0.9966493248939514,0.9967656135559082
train\PNEUMONIA\person1312_bacteria_3319.png,1.0,0.9952855706214905,0.9952855706214905,0.9839569330215454,0.9987913966178894,0.9975578784942627,0.9973045587539673,0.9881945848464966,0.9918906688690186,0.9920369386672974
train\PNEUMONIA\person1312_virus_2261.png,1.0,0.9920124411582947,0.9920124411582947,0.9818118214607239,0.9710958003997803,0.9817032217979431,0.9941995143890381,0.998117208480835,0.9910252094268799,0.9911901950836182
train\PNEUMONIA\person1314_virus_2266.png,1.0,0.9970768690109253,0.9970768690109253,0.997316300868988,0.9932215213775635,0.9967585206031799,0.9970155954360962,0.993353009223938,0.996245265007019,0.9959192872047424
train\PNEUMONIA\person1314_virus_2268.png,1.0,0.995293378829956,0.995293378829956,0.9948486089706421,0.9955412745475769,0.9934930205345154,0.995815098285675,0.9930845499038696,0.9947912693023682,0.993455171585083
train\PNEUMONIA\person1314_virus_2269.png,1.0,0.784350574016571,0.784350574016571,0.7876715064048767,0.8456233143806458,0.8795145153999329,0.8416115045547485,0.8059206604957581,0.8656446933746338,0.8471953272819519
train\PNEUMONIA\person1315_bacteria_3322.png,1.0,0.9966801404953003,0.9966801404953003,0.994390070438385,0.9971231818199158,0.9938936233520508,0.998151421546936,0.9940651059150696,0.9980512857437134,0.9978052973747253
train\PNEUMONIA\person1315_virus_2270.png,1.0,0.9700716137886047,0.9700716137886047,0.8740329146385193,0.9513217806816101,0.9652188420295715,0.9839075803756714,0.8818723559379578,0.9293240904808044,0.9410046935081482
train\PNEUMONIA\person1321_bacteria_3358.png,1.0,0.9955759048461914,0.9955759048461914,0.9922004342079163,0.9904114603996277,0.9970760345458984,0.9974863529205322,0.9855103492736816,0.9941237568855286,0.9927209615707397
train\PNEUMONIA\person1321_bacteria_3359.png,1.0,0.9933404326438904,0.9933404326438904,0.9869242906570435,0.9927369356155396,0.9906569719314575,0.9961249232292175,0.989014208316803,0.9908437728881836,0.9869662523269653
train\PNEUMONIA\person1321_virus_2279.png,1.0,0.0015001532156020403,0.0015001532156020403,0.0004552266327664256,0.0003897007554769516,0.0011354133021086454,0.004524873569607735,0.07241174578666687,0.0005803669919259846,0.0006655635079368949
train\PNEUMONIA\person1324_virus_2284.png,1.0,0.10166843980550766,0.10166843980550766,0.2345292866230011,0.17094287276268005,0.09423413127660751,0.26134368777275085,0.6253858804702759,0.12587180733680725,0.14034084975719452
train\PNEUMONIA\person1324_virus_2285.png,1.0,0.9241406917572021,0.9241406917572021,0.6110609769821167,0.8529327511787415,0.4531017541885376,0.9409847259521484,0.9450052976608276,0.8502612709999084,0.8704256415367126
train\PNEUMONIA\person132_virus_266.png,1.0,0.9622414112091064,0.9622414112091064,0.8360878229141235,0.9658105969429016,0.9168370366096497,0.9859840273857117,0.9393066763877869,0.9509076476097107,0.9451716542243958
train\PNEUMONIA\person1331_bacteria_3380.png,1.0,0.9841028451919556,0.9841028451919556,0.979971706867218,0.9920511841773987,0.9902894496917725,0.9915685057640076,0.9853179454803467,0.9748836159706116,0.973321259021759
train\PNEUMONIA\person1331_virus_2299.png,1.0,0.43092647194862366,0.43092647194862366,0.2757958471775055,0.3459450602531433,0.33769986033439636,0.8945842981338501,0.46564003825187683,0.6759682893753052,0.7305655479431152
train\PNEUMONIA\person1337_virus_2307.png,1.0,0.9529166221618652,0.9529166221618652,0.7069190144538879,0.8566249012947083,0.6011525392532349,0.9744695425033569,0.9375177621841431,0.7274332046508789,0.6892439723014832
train\PNEUMONIA\person1338_bacteria_3394.png,1.0,0.9914944171905518,0.9914944171905518,0.9593961834907532,0.9951437711715698,0.9826987981796265,0.9948524832725525,0.9477471709251404,0.98446124792099,0.9864605665206909
train\PNEUMONIA\person1338_bacteria_3395.png,1.0,0.9855119585990906,0.9855119585990906,0.9569835662841797,0.9656810760498047,0.9826024770736694,0.9903704524040222,0.9664379358291626,0.9940800666809082,0.9935831427574158
train\PNEUMONIA\person1338_bacteria_3397.png,1.0,0.9515427947044373,0.9515427947044373,0.8024466633796692,0.9166720509529114,0.8907941579818726,0.9672049283981323,0.8629262447357178,0.9330114722251892,0.9315625429153442
train\PNEUMONIA\person1338_virus_2308.png,1.0,0.9996834993362427,0.9996834993362427,0.9998742341995239,0.9996008276939392,0.9994605183601379,0.9995267391204834,0.9994325041770935,0.9995643496513367,0.9995637536048889
train\PNEUMONIA\person1345_bacteria_3422.png,1.0,0.9647566080093384,0.9647566080093384,0.979610800743103,0.9875466227531433,0.9958321452140808,0.9738297462463379,0.9608449935913086,0.9786827564239502,0.9705390930175781
train\PNEUMONIA\person1345_bacteria_3424.png,1.0,0.9837502837181091,0.9837502837181091,0.9739784002304077,0.9645655155181885,0.9909460544586182,0.9876185655593872,0.9915695786476135,0.9943000078201294,0.9942124485969543
train\PNEUMONIA\person1345_bacteria_3425.png,1.0,0.9921219348907471,0.9921219348907471,0.980423092842102,0.9847671389579773,0.9940800666809082,0.9938338994979858,0.9939078688621521,0.9927236437797546,0.9935839772224426
train\PNEUMONIA\person1345_bacteria_3426.png,1.0,0.7561657428741455,0.7561657428741455,0.46826860308647156,0.8709074854850769,0.9435439109802246,0.9282530546188354,0.604439377784729,0.9278436899185181,0.916080117225647
train\PNEUMONIA\person1345_bacteria_3427.png,1.0,0.9575393795967102,0.9575393795967102,0.888049304485321,0.9542040228843689,0.9849135279655457,0.9731714129447937,0.9792784452438354,0.9762291312217712,0.9618216156959534
train\PNEUMONIA\person1345_bacteria_3428.png,1.0,0.9978492259979248,0.9978492259979248,0.9949617385864258,0.9990921020507812,0.9978876709938049,0.9976383447647095,0.9957911372184753,0.9947583675384521,0.9948753714561462
train\PNEUMONIA\person1345_virus_2321.png,1.0,0.9452494978904724,0.9452494978904724,0.8621421456336975,0.762214183807373,0.9171611070632935,0.97734135389328,0.9619356393814087,0.9537351131439209,0.9517555832862854
train\PNEUMONIA\person1347_virus_2323.png,1.0,0.965969443321228,0.965969443321228,0.9190344214439392,0.8614615797996521,0.9550610780715942,0.9775819182395935,0.9722384214401245,0.9169585108757019,0.9097599387168884
train\PNEUMONIA\person1348_virus_2324.png,1.0,0.9940671920776367,0.9940671920776367,0.9727197885513306,0.9815741181373596,0.9736087322235107,0.9952459931373596,0.9747034907341003,0.9923933744430542,0.9920960068702698
train\PNEUMONIA\person1348_virus_2326.png,1.0,0.9959115982055664,0.9959115982055664,0.9834347367286682,0.9945709109306335,0.993587851524353,0.9968084096908569,0.986423909664154,0.9927606582641602,0.9918323755264282
train\PNEUMONIA\person1349_bacteria_3434.png,1.0,0.9986773133277893,0.9986773133277893,0.9931602478027344,0.998499870300293,0.9973138570785522,0.9992030262947083,0.9989437460899353,0.9990262985229492,0.9991472959518433
train\PNEUMONIA\person1349_bacteria_3436.png,1.0,0.9571403861045837,0.9571403861045837,0.9156373739242554,0.9222370982170105,0.9651749730110168,0.9716392159461975,0.9461889266967773,0.9472562074661255,0.9396349787712097
train\PNEUMONIA\person1349_bacteria_3437.png,1.0,0.9571403861045837,0.9571403861045837,0.9156373739242554,0.9119902849197388,0.9268442392349243,0.9716392159461975,0.9461889266967773,0.9472562074661255,0.9396349787712097
train\PNEUMONIA\person1349_bacteria_3438.png,1.0,0.9775800108909607,0.9775800108909607,0.95389324426651,0.9796804785728455,0.9912952780723572,0.9807819128036499,0.9918919801712036,0.9817910194396973,0.978225827217102
train\PNEUMONIA\person1349_bacteria_3439.png,1.0,0.8642625212669373,0.8642625212669373,0.7152891159057617,0.9162456393241882,0.8996793627738953,0.9234309792518616,0.9620681405067444,0.954567015171051,0.941638171672821
train\PNEUMONIA\person1350_virus_2329.png,1.0,0.975122332572937,0.975122332572937,0.9688426852226257,0.9412299990653992,0.9793993234634399,0.988716185092926,0.9933518767356873,0.9953116774559021,0.9925569891929626
train\PNEUMONIA\person1359_virus_2340.png,1.0,0.8252303600311279,0.8252303600311279,0.8366251587867737,0.8687314391136169,0.7889271974563599,0.9330456852912903,0.9799537658691406,0.7276070713996887,0.7530769109725952
train\PNEUMONIA\person135_virus_270.png,1.0,0.9984122514724731,0.9984122514724731,0.9992050528526306,0.9978697299957275,0.9975469708442688,0.998129665851593,0.9972073435783386,0.9983803033828735,0.9981124401092529
train\PNEUMONIA\person135_virus_271.png,1.0,0.9971645474433899,0.9971645474433899,0.9981496334075928,0.9927642941474915,0.9967505931854248,0.9971814155578613,0.9947486519813538,0.9980217218399048,0.9980708956718445
train\PNEUMONIA\person1360_virus_2341.png,1.0,0.14904621243476868,0.14904621243476868,0.309475302696228,0.20374248921871185,0.5678043961524963,0.4161991775035858,0.7388502359390259,0.14395244419574738,0.18069449067115784
train\PNEUMONIA\person1371_virus_2361.png,1.0,0.5972743034362793,0.5972743034362793,0.3578745126724243,0.4924613833427429,0.7876213788986206,0.8959299921989441,0.9737185835838318,0.7300320267677307,0.7086637020111084
train\PNEUMONIA\person1371_virus_2362.png,1.0,0.7333833575248718,0.7333833575248718,0.5308491587638855,0.651450514793396,0.8350967764854431,0.8801229000091553,0.8175528645515442,0.8446211814880371,0.8836379051208496
train\PNEUMONIA\person1374_bacteria_3506.png,1.0,0.8983268141746521,0.8983268141746521,0.7348114252090454,0.9275155067443848,0.939102053642273,0.9853288531303406,0.9825034141540527,0.9400649070739746,0.9530882239341736
train\PNEUMONIA\person1374_bacteria_3507.png,1.0,0.004362205974757671,0.004362205974757671,0.006201805081218481,0.020011093467473984,0.055229607969522476,0.016240669414401054,0.30311742424964905,0.011511122807860374,0.018848799169063568
train\PNEUMONIA\person1374_virus_2365.png,1.0,0.9987885355949402,0.9987885355949402,0.9950933456420898,0.9878451228141785,0.9976668357849121,0.9987162351608276,0.9974344372749329,0.9983810186386108,0.9974743723869324
train\PNEUMONIA\person1390_bacteria_3534.png,1.0,0.9970852732658386,0.9970852732658386,0.9785395860671997,0.9920786023139954,0.9948667883872986,0.9953452944755554,0.9808452129364014,0.9943329095840454,0.9940811991691589
train\PNEUMONIA\person1390_bacteria_3535.png,1.0,0.9916350841522217,0.9916350841522217,0.995557963848114,0.9975625276565552,0.9868936538696289,0.9889740943908691,0.9920936226844788,0.993911623954773,0.9944682121276855
train\PNEUMONIA\person1394_virus_2397.png,1.0,0.8942553400993347,0.8942553400993347,0.7345275282859802,0.835231363773346,0.8940936326980591,0.9570257067680359,0.7863770723342896,0.8806552886962891,0.8980970978736877
train\PNEUMONIA\person1398_bacteria_3548.png,1.0,0.6252117156982422,0.6252117156982422,0.7088801264762878,0.6756611466407776,0.7004585266113281,0.8602651357650757,0.9138736128807068,0.4398064613342285,0.3907511532306671
train\PNEUMONIA\person1398_virus_2401.png,1.0,0.7781158089637756,0.7781158089637756,0.9046646356582642,0.9773178100585938,0.9769653081893921,0.8873164653778076,0.676928699016571,0.8726202249526978,0.8745829463005066
train\PNEUMONIA\person1408_bacteria_3579.png,1.0,0.999127209186554,0.999127209186554,0.9902599453926086,0.9987571239471436,0.9969333410263062,0.9985628724098206,0.9899188280105591,0.994926929473877,0.9947015047073364
train\PNEUMONIA\person1408_bacteria_3581.png,1.0,0.9983707070350647,0.9983707070350647,0.9969455599784851,0.9986239671707153,0.998680055141449,0.997861921787262,0.98091721534729,0.9972444772720337,0.996971070766449
train\PNEUMONIA\person1408_virus_2411.png,1.0,0.9930364489555359,0.9930364489555359,0.9944826364517212,0.9947485327720642,0.9834517240524292,0.9932758808135986,0.9520372748374939,0.9698452949523926,0.9790761470794678
train\PNEUMONIA\person1412_bacteria_3612.png,1.0,0.9866575598716736,0.9866575598716736,0.8513435125350952,0.9841272234916687,0.9663718342781067,0.9945456981658936,0.9953635334968567,0.9878948926925659,0.9838855266571045
train\PNEUMONIA\person1418_bacteria_3636.png,1.0,0.8268116116523743,0.8268116116523743,0.7784618139266968,0.849762499332428,0.8563956022262573,0.8867330551147461,0.7781231999397278,0.6192048192024231,0.600530743598938
train\PNEUMONIA\person1418_bacteria_3637.png,1.0,0.6375154256820679,0.6375154256820679,0.8201484680175781,0.8252852559089661,0.9278671145439148,0.8301810026168823,0.5186861753463745,0.700911819934845,0.6932631731033325
train\PNEUMONIA\person1418_bacteria_3638.png,1.0,0.8305418491363525,0.8305418491363525,0.8423135280609131,0.8413962721824646,0.8402343988418579,0.9729974865913391,0.9552776217460632,0.9010775089263916,0.8771243095397949
train\PNEUMONIA\person1418_bacteria_3639.png,1.0,0.2442992776632309,0.2442992776632309,0.46795734763145447,0.3704148232936859,0.1964508593082428,0.48753347992897034,0.7463281154632568,0.5594658255577087,0.48681148886680603
train\PNEUMONIA\person1418_bacteria_3643.png,1.0,0.8638666272163391,0.8638666272163391,0.7110764980316162,0.5701369047164917,0.7838488221168518,0.9097855687141418,0.9349421858787537,0.4908984303474426,0.5650531053543091
train\PNEUMONIA\person1418_virus_2429.png,1.0,0.9983822107315063,0.9983822107315063,0.9961698651313782,0.9992296695709229,0.9975230097770691,0.9980962872505188,0.9928709864616394,0.9979970455169678,0.9978277683258057
train\PNEUMONIA\person1419_bacteria_3645.png,1.0,0.9258747696876526,0.9258747696876526,0.9347466230392456,0.900952935218811,0.8949077129364014,0.973545491695404,0.9027395248413086,0.9802380800247192,0.980674684047699
train\PNEUMONIA\person1420_bacteria_3647.png,1.0,0.9700799584388733,0.9700799584388733,0.9765554070472717,0.9175248146057129,0.9562364220619202,0.9826412796974182,0.959830105304718,0.9559822082519531,0.9615746736526489
train\PNEUMONIA\person1420_virus_2431.png,1.0,0.917898952960968,0.917898952960968,0.5629558563232422,0.9114660620689392,0.8134523630142212,0.9284482598304749,0.8377178311347961,0.5449755191802979,0.610450804233551
train\PNEUMONIA\person1423_bacteria_3650.png,1.0,0.9930960536003113,0.9930960536003113,0.9942253232002258,0.9901648163795471,0.9705707430839539,0.9924885034561157,0.9913612008094788,0.9939180016517639,0.991926908493042
train\PNEUMONIA\person1425_virus_2438.png,1.0,0.9995030164718628,0.9995030164718628,0.9996734857559204,0.9992482662200928,0.9977023005485535,0.9993808269500732,0.9992557168006897,0.9996046423912048,0.9995577931404114
train\PNEUMONIA\person1427_virus_2441.png,1.0,0.9933938384056091,0.9933938384056091,0.9827193021774292,0.9804812073707581,0.994388222694397,0.9927175045013428,0.9369238615036011,0.9871859550476074,0.9871289730072021
train\PNEUMONIA\person1433_bacteria_3701.png,1.0,0.9826550483703613,0.9826550483703613,0.9701026082038879,0.9682782888412476,0.9770306348800659,0.9857012033462524,0.9819265007972717,0.9799407124519348,0.9834715127944946
train\PNEUMONIA\person1433_bacteria_3704.png,1.0,0.9775263667106628,0.9775263667106628,0.9546921849250793,0.9774979948997498,0.9871490597724915,0.9939397573471069,0.9629533290863037,0.9859409928321838,0.9865005612373352
train\PNEUMONIA\person1433_bacteria_3705.png,1.0,0.9900063872337341,0.9900063872337341,0.9486405253410339,0.9908024072647095,0.9875646233558655,0.996591329574585,0.9707567691802979,0.9792584776878357,0.9805268049240112
train\PNEUMONIA\person1433_virus_2447.png,1.0,0.07406934350728989,0.07406934350728989,0.24926379323005676,0.09868527948856354,0.6569509506225586,0.3319796323776245,0.1683959811925888,0.3881031572818756,0.43362557888031006
train\PNEUMONIA\person1439_bacteria_3722.png,1.0,0.26622137427330017,0.26622137427330017,0.20329001545906067,0.15895074605941772,0.32361963391304016,0.6376321911811829,0.2384364753961563,0.680793046951294,0.7190857529640198
train\PNEUMONIA\person1439_virus_2453.png,1.0,0.9979023933410645,0.9979023933410645,0.9994242191314697,0.9979609251022339,0.9977776408195496,0.9982665181159973,0.9971836805343628,0.9987909197807312,0.9986662864685059
train\PNEUMONIA\person143_virus_289.png,1.0,0.9920563101768494,0.9920563101768494,0.9925692677497864,0.9958397150039673,0.994063675403595,0.9952711462974548,0.9933081269264221,0.9689965844154358,0.9837437272071838
train\PNEUMONIA\person1440_bacteria_3723.png,1.0,0.8444868326187134,0.8444868326187134,0.67692631483078,0.5355614423751831,0.7753891944885254,0.9330283403396606,0.942489504814148,0.7189649343490601,0.6849700808525085
train\PNEUMONIA\person1446_bacteria_3737.png,1.0,0.9847394227981567,0.9847394227981567,0.8599181175231934,0.9711158275604248,0.9814509153366089,0.9851130247116089,0.9867000579833984,0.9903526902198792,0.9875679016113281
train\PNEUMONIA\person1446_bacteria_3739.png,1.0,0.9975130558013916,0.9975130558013916,0.9933694005012512,0.9947088956832886,0.99785315990448,0.9981245398521423,0.9973580837249756,0.9941196441650391,0.9936445951461792
train\PNEUMONIA\person1446_bacteria_3740.png,1.0,0.999559223651886,0.999559223651886,0.9990009665489197,0.9988351464271545,0.998684823513031,0.9995242357254028,0.9988120794296265,0.9993419051170349,0.999295711517334
train\PNEUMONIA\person1458_virus_2501.png,1.0,0.5386882424354553,0.5386882424354553,0.34778738021850586,0.5958332419395447,0.883163332939148,0.8655043840408325,0.17719630897045135,0.8566316962242126,0.8257191181182861
train\PNEUMONIA\person1458_virus_2502.png,1.0,0.9574616551399231,0.9574616551399231,0.9084483981132507,0.9401139616966248,0.9675837159156799,0.9661959409713745,0.8855102062225342,0.9386367797851562,0.9402942061424255
train\PNEUMONIA\person1458_virus_2503.png,1.0,0.999502420425415,0.999502420425415,0.9961743950843811,0.998795747756958,0.9988130331039429,0.9995143413543701,0.9986276626586914,0.9991771578788757,0.9994199275970459
train\PNEUMONIA\person1465_virus_2530.png,1.0,0.9999428987503052,0.9999428987503052,0.999875545501709,0.9998667240142822,0.9995490908622742,0.9999362230300903,0.9998449087142944,0.9998675584793091,0.9998847246170044
train\PNEUMONIA\person1465_virus_2531.png,1.0,0.9998939037322998,0.9998939037322998,0.9992536902427673,0.9990134239196777,0.9997383952140808,0.9998984336853027,0.999441921710968,0.9998594522476196,0.9998421669006348
train\PNEUMONIA\person1465_virus_2532.png,1.0,0.9909815192222595,0.9909815192222595,0.966452419757843,0.9723762273788452,0.9943667650222778,0.9920370578765869,0.9814772009849548,0.9884014129638672,0.988515317440033
train\PNEUMONIA\person1465_virus_2537.png,1.0,0.9970992803573608,0.9970992803573608,0.996660590171814,0.9977224469184875,0.9976434707641602,0.9975780844688416,0.9886980652809143,0.9959480166435242,0.9953098893165588
train\PNEUMONIA\person1468_bacteria_3822.png,1.0,0.9920662045478821,0.9920662045478821,0.9959558248519897,0.9967501163482666,0.9934840798377991,0.9937582015991211,0.987450361251831,0.9946696162223816,0.9941390752792358
train\PNEUMONIA\person1468_virus_2545.png,1.0,0.8852049708366394,0.8852049708366394,0.865854024887085,0.9237908720970154,0.9047361612319946,0.9527466893196106,0.8590067625045776,0.8438510894775391,0.8622551560401917
train\PNEUMONIA\person1468_virus_2546.png,1.0,0.5346636176109314,0.5346636176109314,0.28429287672042847,0.39139872789382935,0.6715791821479797,0.7189045548439026,0.861311137676239,0.7788230180740356,0.7493798732757568
train\PNEUMONIA\person1470_bacteria_3829.png,1.0,0.9982708692550659,0.9982708692550659,0.9948208928108215,0.9990009665489197,0.9979246258735657,0.9984276294708252,0.9913131594657898,0.9972912073135376,0.9978304505348206
train\PNEUMONIA\person1470_bacteria_3830.png,1.0,0.9936383366584778,0.9936383366584778,0.9883022904396057,0.998111367225647,0.9950303435325623,0.997445821762085,0.9947903156280518,0.9941997528076172,0.9928533434867859
train\PNEUMONIA\person1483_bacteria_3876.png,1.0,0.9998793601989746,0.9998793601989746,0.9997290968894958,0.9997672438621521,0.9995600581169128,0.9998989105224609,0.9997689127922058,0.9997764229774475,0.9997835755348206
train\PNEUMONIA\person1483_virus_2574.png,1.0,0.9847952127456665,0.9847952127456665,0.946286141872406,0.9773347973823547,0.8689830303192139,0.9812389612197876,0.9794531464576721,0.9753004908561707,0.9758020639419556
train\PNEUMONIA\person1500_bacteria_3916.png,1.0,0.8752968311309814,0.8752968311309814,0.8161750435829163,0.9166236519813538,0.9269061088562012,0.9188637733459473,0.8897667527198792,0.8725969791412354,0.8805602788925171
train\PNEUMONIA\person1500_virus_2610.png,1.0,0.9943261742591858,0.9943261742591858,0.9719009399414062,0.9951566457748413,0.9929030537605286,0.9971086382865906,0.9768785238265991,0.9892669916152954,0.9894486665725708
train\PNEUMONIA\person1501_virus_2611.png,1.0,0.9930873513221741,0.9930873513221741,0.987307608127594,0.9943048357963562,0.9895228743553162,0.9936771988868713,0.9896361231803894,0.9912469983100891,0.9915897250175476
train\PNEUMONIA\person1502_bacteria_3922.png,1.0,0.9399341940879822,0.9399341940879822,0.6274210214614868,0.6960460543632507,0.6495360136032104,0.9636582136154175,0.8910928964614868,0.9308081865310669,0.9116312265396118
train\PNEUMONIA\person1502_bacteria_3923.png,1.0,0.999297022819519,0.999297022819519,0.9962725639343262,0.9990160465240479,0.9987909197807312,0.9992048144340515,0.9989861845970154,0.999278724193573,0.9992295503616333
train\PNEUMONIA\person1502_bacteria_3924.png,1.0,0.9974497556686401,0.9974497556686401,0.995759904384613,0.9977260231971741,0.996142566204071,0.9970757961273193,0.9958866238594055,0.9975718855857849,0.9979336261749268
train\PNEUMONIA\person1502_bacteria_3925.png,1.0,0.9755484461784363,0.9755484461784363,0.8817663192749023,0.9236238598823547,0.9682075381278992,0.981947660446167,0.9521715641021729,0.9834437370300293,0.9811214804649353
train\PNEUMONIA\person1502_bacteria_3927.png,1.0,0.9992251396179199,0.9992251396179199,0.9967945218086243,0.9979726672172546,0.9992045760154724,0.9993661046028137,0.9982781410217285,0.9995765089988708,0.9994161128997803
train\PNEUMONIA\person1502_bacteria_3928.png,1.0,0.9507326483726501,0.9507326483726501,0.9798213243484497,0.9796857237815857,0.9728826880455017,0.9843509197235107,0.8624852895736694,0.9799014329910278,0.9784618616104126
train\PNEUMONIA\person1502_bacteria_3929.png,1.0,0.9990361928939819,0.9990361928939819,0.9993441700935364,0.9985898733139038,0.9993903636932373,0.9985413551330566,0.9990222454071045,0.9993094205856323,0.9989988207817078
train\PNEUMONIA\person1502_virus_2612.png,1.0,0.9365626573562622,0.9365626573562622,0.7754825949668884,0.9377665519714355,0.9002435207366943,0.9396556615829468,0.9528005123138428,0.8863341808319092,0.858853280544281
train\PNEUMONIA\person1505_virus_2615.png,1.0,0.9677839279174805,0.9677839279174805,0.9110417366027832,0.9860119223594666,0.9619865417480469,0.9845355153083801,0.9689105749130249,0.9491561651229858,0.9612395763397217
train\PNEUMONIA\person1510_virus_2628.png,1.0,0.8579420447349548,0.8579420447349548,0.8483161330223083,0.8566870093345642,0.8448205590248108,0.9802006483078003,0.9772153496742249,0.9066723585128784,0.9248460531234741
train\PNEUMONIA\person1510_virus_2629.png,1.0,0.99726402759552,0.99726402759552,0.9985156655311584,0.9942019581794739,0.9960640072822571,0.9968438148498535,0.9973596930503845,0.9948638081550598,0.9950022101402283
train\PNEUMONIA\person1518_bacteria_3969.png,1.0,0.9577621817588806,0.9577621817588806,0.8503998517990112,0.9327879548072815,0.9212451577186584,0.9700624346733093,0.9158464670181274,0.9589827656745911,0.9497439861297607
train\PNEUMONIA\person1518_virus_2645.png,1.0,0.9490340948104858,0.9490340948104858,0.9294363260269165,0.9181672930717468,0.9719997048377991,0.985058069229126,0.9871653318405151,0.9522554874420166,0.9433486461639404
train\PNEUMONIA\person1532_virus_2667.png,1.0,0.9766865372657776,0.9766865372657776,0.9555856585502625,0.9889312386512756,0.984328031539917,0.9861176609992981,0.9783136248588562,0.9861624836921692,0.9851459860801697
train\PNEUMONIA\person1543_virus_2684.png,1.0,0.8413273692131042,0.8413273692131042,0.6823498010635376,0.923356294631958,0.7223843336105347,0.8993089199066162,0.9315184354782104,0.848929762840271,0.8564742803573608
train\PNEUMONIA\person1551_bacteria_4053.png,1.0,0.9862313866615295,0.9862313866615295,0.9781503081321716,0.9940523505210876,0.9666516780853271,0.9917412996292114,0.9674661755561829,0.9711775183677673,0.9746043086051941
train\PNEUMONIA\person1551_bacteria_4054.png,1.0,0.9756417870521545,0.9756417870521545,0.9202426671981812,0.9725348353385925,0.955426037311554,0.9810457229614258,0.9343557953834534,0.9696322679519653,0.9749990701675415
train\PNEUMONIA\person1551_virus_2692.png,1.0,0.9432185888290405,0.9432185888290405,0.8667952418327332,0.969461977481842,0.9301908612251282,0.968963623046875,0.9800812005996704,0.9798508286476135,0.9752303957939148
train\PNEUMONIA\person1554_bacteria_4057.png,1.0,0.9959624409675598,0.9959624409675598,0.989448070526123,0.9970303177833557,0.9905809760093689,0.9975748658180237,0.9856613278388977,0.9974845051765442,0.997247576713562
train\PNEUMONIA\person1554_virus_2696.png,1.0,0.9962596893310547,0.9962596893310547,0.984794557094574,0.9888245463371277,0.978809654712677,0.9963744878768921,0.9874990582466125,0.993911623954773,0.9941635727882385
train\PNEUMONIA\person1556_bacteria_4061.png,1.0,0.9982237219810486,0.9982237219810486,0.9979034662246704,0.994878351688385,0.9978354573249817,0.9983797073364258,0.9944537281990051,0.9969857335090637,0.9965869188308716
train\PNEUMONIA\person1556_bacteria_4062.png,1.0,0.9991750717163086,0.9991750717163086,0.9980301260948181,0.9991604089736938,0.9988755583763123,0.9985988736152649,0.9976209998130798,0.9981903433799744,0.9978942275047302
train\PNEUMONIA\person1556_virus_2699.png,1.0,0.8292295932769775,0.8292295932769775,0.8587335348129272,0.839836597442627,0.87281334400177,0.8511305451393127,0.9714002013206482,0.9660311937332153,0.9652359485626221
train\PNEUMONIA\person1568_virus_2723.png,1.0,0.8030628561973572,0.8030628561973572,0.7990806698799133,0.5328800082206726,0.8916599154472351,0.8994183540344238,0.9225756525993347,0.5737325549125671,0.5520285964012146
train\PNEUMONIA\person1580_virus_2739.png,1.0,0.9494701027870178,0.9494701027870178,0.9236165285110474,0.8506110310554504,0.9356977343559265,0.9755603075027466,0.9803822040557861,0.9387083053588867,0.9204387068748474
train\PNEUMONIA\person1583_bacteria_4144.png,1.0,0.9934173822402954,0.9934173822402954,0.9866755604743958,0.9968494772911072,0.9941166639328003,0.9970575571060181,0.989791750907898,0.9948422312736511,0.9933791756629944
train\PNEUMONIA\person1588_virus_2762.png,1.0,0.967523992061615,0.967523992061615,0.9730962514877319,0.9273980855941772,0.9614289402961731,0.9745610356330872,0.9662653207778931,0.9853506088256836,0.9878504872322083
train\PNEUMONIA\person1593_virus_2767.png,1.0,0.9666520953178406,0.9666520953178406,0.8895500302314758,0.9686970114707947,0.9679374098777771,0.9823132157325745,0.984760582447052,0.9771702885627747,0.9763126373291016
train\PNEUMONIA\person1598_bacteria_4195.png,1.0,0.9943696856498718,0.9943696856498718,0.9791408181190491,0.9937637448310852,0.9850344061851501,0.9980542659759521,0.9839422106742859,0.9932267069816589,0.992946207523346
train\PNEUMONIA\person1598_bacteria_4197.png,1.0,0.9868590831756592,0.9868590831756592,0.9812295436859131,0.9914945363998413,0.9868969321250916,0.9945659637451172,0.9447506070137024,0.9825714230537415,0.9813421368598938
train\PNEUMONIA\person1598_bacteria_4198.png,1.0,0.9969635605812073,0.9969635605812073,0.9909616112709045,0.9938748478889465,0.9950817823410034,0.9980106949806213,0.9942703247070312,0.993724524974823,0.9923558235168457
train\PNEUMONIA\person1602_bacteria_4218.png,1.0,0.9987961053848267,0.9987961053848267,0.9970068335533142,0.9938786625862122,0.9974476099014282,0.9986201524734497,0.9971331357955933,0.997676432132721,0.9983319640159607
train\PNEUMONIA\person1602_virus_2780.png,1.0,0.9972365498542786,0.9972365498542786,0.9937376976013184,0.995262086391449,0.9966617822647095,0.9966030120849609,0.993184506893158,0.9863808751106262,0.9846545457839966
train\PNEUMONIA\person1603_virus_2781.png,1.0,0.47916004061698914,0.47916004061698914,0.22479233145713806,0.3996957540512085,0.28123417496681213,0.8162643313407898,0.8296276926994324,0.5482237339019775,0.47083598375320435
train\PNEUMONIA\person1610_bacteria_4240.png,1.0,0.9983962178230286,0.9983962178230286,0.9973489046096802,0.9984720349311829,0.99762362241745,0.9985368251800537,0.9966712594032288,0.9967066645622253,0.9955747127532959
train\PNEUMONIA\person1616_bacteria_4251.png,1.0,0.9996176958084106,0.9996176958084106,0.9992017149925232,0.9989535808563232,0.9994902610778809,0.9996294975280762,0.9992415904998779,0.9994958639144897,0.9995185136795044
train\PNEUMONIA\person1618_bacteria_4258.png,1.0,0.9989984631538391,0.9989984631538391,0.9971200227737427,0.9986435770988464,0.9988552331924438,0.9991471767425537,0.9968894124031067,0.9990466237068176,0.9989584684371948
train\PNEUMONIA\person1625_bacteria_4290.png,1.0,0.9014285802841187,0.9014285802841187,0.78168785572052,0.7923789620399475,0.7418186664581299,0.9422951340675354,0.7090740203857422,0.9538906812667847,0.933949887752533
train\PNEUMONIA\person1629_bacteria_4299.png,1.0,0.9880907535552979,0.9880907535552979,0.9076718688011169,0.9742249846458435,0.9874846339225769,0.9849643111228943,0.8743802905082703,0.9763111472129822,0.9764591455459595
train\PNEUMONIA\person1630_bacteria_4303.png,1.0,0.9952657222747803,0.9952657222747803,0.9745741486549377,0.9872456789016724,0.9863088130950928,0.9944005608558655,0.9710304737091064,0.9907273054122925,0.9923317432403564
train\PNEUMONIA\person1630_bacteria_4304.png,1.0,0.9682079553604126,0.9682079553604126,0.9149296879768372,0.9356069564819336,0.9599930047988892,0.9772681593894958,0.8913388848304749,0.9488683342933655,0.9477194547653198
train\PNEUMONIA\person1636_bacteria_4337.png,1.0,0.7379003763198853,0.7379003763198853,0.6801192164421082,0.6554155349731445,0.7456966042518616,0.853532075881958,0.6228306293487549,0.6651635766029358,0.6554332971572876
train\PNEUMONIA\person1636_bacteria_4338.png,1.0,0.9971094727516174,0.9971094727516174,0.9966626167297363,0.9950496554374695,0.9952013492584229,0.9955957531929016,0.9933850169181824,0.9969929456710815,0.9964959025382996
train\PNEUMONIA\person1641_bacteria_4350.png,1.0,0.9980672001838684,0.9980672001838684,0.9885762333869934,0.9982842206954956,0.9980672001838684,0.9988890290260315,0.9963000416755676,0.9977980852127075,0.9976098537445068
train\PNEUMONIA\person1644_bacteria_4356.png,1.0,0.9974516034126282,0.9974516034126282,0.9958785772323608,0.9969080090522766,0.9947091341018677,0.9970194101333618,0.9968968629837036,0.9976248145103455,0.9977990388870239
train\PNEUMONIA\person1644_bacteria_4357.png,1.0,0.9986116290092468,0.9986116290092468,0.9991441965103149,0.9974601864814758,0.9967825412750244,0.9986971020698547,0.999229907989502,0.9992032647132874,0.9992725253105164
train\PNEUMONIA\person1644_bacteria_4358.png,1.0,0.998885452747345,0.998885452747345,0.9981338381767273,0.9955374002456665,0.9923319816589355,0.999321699142456,0.9975008368492126,0.9992818236351013,0.9991698265075684
train\PNEUMONIA\person1644_bacteria_4360.png,1.0,0.9951724410057068,0.9951724410057068,0.9949076771736145,0.9913839101791382,0.9893459677696228,0.9950528740882874,0.9936333298683167,0.9951145052909851,0.9955556988716125
train\PNEUMONIA\person1644_bacteria_4361.png,1.0,0.9857943058013916,0.9857943058013916,0.9929661750793457,0.9894780516624451,0.9948078989982605,0.9898868203163147,0.986731231212616,0.9919702410697937,0.9901680946350098
train\PNEUMONIA\person1644_bacteria_4362.png,1.0,0.9661147594451904,0.9661147594451904,0.9029017090797424,0.9744866490364075,0.9844790101051331,0.988905668258667,0.9415370225906372,0.9782426953315735,0.985365629196167
train\PNEUMONIA\person1673_bacteria_4434.png,1.0,0.9604606032371521,0.9604606032371521,0.9430405497550964,0.9205778241157532,0.9604606032371521,0.9937739968299866,0.8707168698310852,0.9823795557022095,0.9751827716827393
train\PNEUMONIA\person1685_bacteria_4465.png,1.0,0.9912241697311401,0.9912241697311401,0.9986972212791443,0.9959218502044678,0.9958282113075256,0.98783278465271,0.9938348531723022,0.9934470057487488,0.9925950169563293
train\PNEUMONIA\person1687_bacteria_4468.png,1.0,0.9980566501617432,0.9980566501617432,0.9930456280708313,0.9983406066894531,0.9968664050102234,0.9986463189125061,0.9973500967025757,0.9988120794296265,0.9985741376876831
train\PNEUMONIA\person1695_bacteria_4492.png,1.0,0.9997140765190125,0.9997140765190125,0.9995519518852234,0.9994977712631226,0.9993947744369507,0.9995560050010681,0.9994951486587524,0.9995436668395996,0.9994427561759949
train\PNEUMONIA\person1700_bacteria_4500.png,1.0,0.8827899098396301,0.8827899098396301,0.8309188485145569,0.8951386213302612,0.8335708379745483,0.9500298500061035,0.7314327955245972,0.8216132521629333,0.8530657291412354
train\PNEUMONIA\person1700_bacteria_4502.png,1.0,0.9990456700325012,0.9990456700325012,0.9984737038612366,0.9989922642707825,0.9988380074501038,0.9990818500518799,0.9984679222106934,0.9990574717521667,0.9990237951278687
train\PNEUMONIA\person1707_bacteria_4520.png,1.0,0.9989475607872009,0.9989475607872009,0.9977432489395142,0.9991288781166077,0.9985499978065491,0.9985108971595764,0.9984304904937744,0.9986910223960876,0.9987640380859375
train\PNEUMONIA\person1708_bacteria_4521.png,1.0,0.38972994685173035,0.38972994685173035,0.20929259061813354,0.2234199047088623,0.3890068233013153,0.5891566276550293,0.5096256136894226,0.09717392176389694,0.1007903441786766
train\PNEUMONIA\person1709_bacteria_4522.png,1.0,0.9995017051696777,0.9995017051696777,0.9978923201560974,0.9984135627746582,0.9987735152244568,0.9996101260185242,0.9989870190620422,0.9991244673728943,0.9988855719566345
train\PNEUMONIA\person1709_bacteria_4523.png,1.0,0.9997166991233826,0.9997166991233826,0.9996980428695679,0.99950110912323,0.9997487664222717,0.999099612236023,0.9993008375167847,0.9995120763778687,0.9994505047798157
train\PNEUMONIA\person1709_bacteria_4524.png,1.0,0.6818216443061829,0.6818216443061829,0.731748104095459,0.7153461575508118,0.4861883521080017,0.8393996953964233,0.5428408980369568,0.7978774309158325,0.7229360938072205
train\PNEUMONIA\person1718_bacteria_4538.png,1.0,0.9951655864715576,0.9951655864715576,0.9725754261016846,0.9963782429695129,0.9934800863265991,0.9962628483772278,0.9798780083656311,0.9896925091743469,0.9889881014823914
train\PNEUMONIA\person1718_bacteria_4540.png,1.0,0.9296671152114868,0.9296671152114868,0.8599397540092468,0.9237477779388428,0.9220066070556641,0.965162992477417,0.8559175729751587,0.9234362840652466,0.9350552558898926
train\PNEUMONIA\person1722_bacteria_4547.png,1.0,0.9877136945724487,0.9877136945724487,0.9969367980957031,0.9914094805717468,0.9741865396499634,0.9782722592353821,0.9681817293167114,0.9833818078041077,0.9868049621582031
train\PNEUMONIA\person1724_bacteria_4549.png,1.0,0.9968116879463196,0.9968116879463196,0.9954802989959717,0.9933666586875916,0.9645346403121948,0.9940577745437622,0.9838289618492126,0.9972050189971924,0.997210681438446
train\PNEUMONIA\person1737_bacteria_4573.png,1.0,0.1673421859741211,0.1673421859741211,0.38994282484054565,0.12674522399902344,0.7839369773864746,0.7077499628067017,0.15193086862564087,0.3652231991291046,0.3618497848510742
train\PNEUMONIA\person1746_bacteria_4585.png,1.0,0.9971734881401062,0.9971734881401062,0.9930365681648254,0.9840502142906189,0.983460009098053,0.9975134134292603,0.9833653569221497,0.9909681677818298,0.9920971393585205
train\PNEUMONIA\person1751_bacteria_4592.png,1.0,0.9987461566925049,0.9987461566925049,0.9992325305938721,0.9988197684288025,0.9942071437835693,0.9976766705513,0.9977610111236572,0.9975689649581909,0.9976933002471924
train\PNEUMONIA\person1757_bacteria_4599.png,1.0,0.9969498515129089,0.9969498515129089,0.9976156949996948,0.9978304505348206,0.9955521821975708,0.9978518486022949,0.9950061440467834,0.9984007477760315,0.9981626868247986
train\PNEUMONIA\person1770_bacteria_4613.png,1.0,0.9952731728553772,0.9952731728553772,0.9963293671607971,0.9937912821769714,0.9942222237586975,0.9976982474327087,0.9892309308052063,0.9972510933876038,0.996566116809845
train\PNEUMONIA\person1770_bacteria_4614.png,1.0,0.9975951313972473,0.9975951313972473,0.9960349202156067,0.9940705299377441,0.9974503517150879,0.9980042576789856,0.9959266185760498,0.995895504951477,0.996365487575531
train\PNEUMONIA\person1779_bacteria_4626.png,1.0,0.9966955184936523,0.9966955184936523,0.9949265718460083,0.995955228805542,0.9988818764686584,0.997717022895813,0.995995044708252,0.9944128394126892,0.9948344230651855
train\PNEUMONIA\person1787_bacteria_4634.png,1.0,0.999464213848114,0.999464213848114,0.9998170733451843,0.9991316199302673,0.9996323585510254,0.9992363452911377,0.9983325600624084,0.9996905326843262,0.9996330738067627
train\PNEUMONIA\person1796_bacteria_4644.png,1.0,0.969356894493103,0.969356894493103,0.8246789574623108,0.9595673680305481,0.9725952744483948,0.9843087792396545,0.9126858711242676,0.9684746861457825,0.9647076725959778
train\PNEUMONIA\person1799_bacteria_4647.png,1.0,0.9964140057563782,0.9964140057563782,0.9958068132400513,0.9941791296005249,0.995400607585907,0.9979255199432373,0.9926982522010803,0.9973816275596619,0.9963287711143494
train\PNEUMONIA\person1839_bacteria_4705.png,1.0,0.9463843703269958,0.9463843703269958,0.9244975447654724,0.9775670170783997,0.9672954082489014,0.971900463104248,0.9391834139823914,0.9749215245246887,0.979516863822937
train\PNEUMONIA\person1848_bacteria_4719.png,1.0,0.9998358488082886,0.9998358488082886,0.9992203712463379,0.9993706345558167,0.9988136291503906,0.9997768998146057,0.9996557235717773,0.99970942735672,0.9997157454490662
train\PNEUMONIA\person1851_bacteria_4722.png,1.0,0.9958334565162659,0.9958334565162659,0.9966050386428833,0.9987884163856506,0.9940657019615173,0.9961514472961426,0.990118682384491,0.9963324666023254,0.9965432286262512
train\PNEUMONIA\person1859_bacteria_4731.png,1.0,0.998910665512085,0.998910665512085,0.9975137710571289,0.9990552067756653,0.9977594017982483,0.9983944296836853,0.9983913898468018,0.9986369013786316,0.9983506202697754
train\PNEUMONIA\person1863_bacteria_4735.png,1.0,0.9978397488594055,0.9978397488594055,0.9659075736999512,0.9943190217018127,0.9944157600402832,0.9983100891113281,0.9955370426177979,0.9976834058761597,0.9982706308364868
train\PNEUMONIA\person1867_bacteria_4741.png,1.0,0.8629581928253174,0.8629581928253174,0.7452600598335266,0.705003559589386,0.8511348366737366,0.9403518438339233,0.8557620048522949,0.7226912379264832,0.683760941028595
train\PNEUMONIA\person1879_bacteria_4764.png,1.0,0.9999088048934937,0.9999088048934937,0.9997531771659851,0.9996817111968994,0.9999195337295532,0.9998911619186401,0.9997863173484802,0.9997580647468567,0.9997339844703674
train\PNEUMONIA\person1880_bacteria_4765.png,1.0,0.9965016841888428,0.9965016841888428,0.9778136014938354,0.992501437664032,0.9971814155578613,0.9945154190063477,0.9985139966011047,0.9939554333686829,0.9954354166984558
train\PNEUMONIA\person1881_bacteria_4767.png,1.0,0.9978381991386414,0.9978381991386414,0.9592373371124268,0.9909127950668335,0.9952216744422913,0.9983277916908264,0.9954706430435181,0.9975228905677795,0.9975232481956482
train\PNEUMONIA\person1884_bacteria_4771.png,1.0,0.9961209297180176,0.9961209297180176,0.9946183562278748,0.9971368312835693,0.9943386912345886,0.9953320622444153,0.9938684105873108,0.9955109357833862,0.9938114285469055
train\PNEUMONIA\person1886_bacteria_4773.png,1.0,0.9991165995597839,0.9991165995597839,0.9956256747245789,0.9987986087799072,0.9966614246368408,0.9979332685470581,0.9983637928962708,0.9984739422798157,0.9986332654953003
train\PNEUMONIA\person1893_bacteria_4781.png,1.0,0.9945816397666931,0.9945816397666931,0.9952607750892639,0.9924583435058594,0.9959248304367065,0.9979737401008606,0.9909977912902832,0.9983115196228027,0.9969526529312134
train\PNEUMONIA\person1906_bacteria_4803.png,1.0,0.9994387030601501,0.9994387030601501,0.9996145367622375,0.9991023540496826,0.9987516403198242,0.9990677237510681,0.9984989166259766,0.9991419315338135,0.99888676404953
train\PNEUMONIA\person1908_bacteria_4811.png,1.0,0.9982175827026367,0.9982175827026367,0.9971964359283447,0.992355227470398,0.9976956248283386,0.9990108609199524,0.9968072175979614,0.9981607794761658,0.9982032775878906
train\PNEUMONIA\person1916_bacteria_4821.png,1.0,0.998367965221405,0.998367965221405,0.9964364767074585,0.9970582723617554,0.9986883997917175,0.9986009001731873,0.9943087697029114,0.9979329109191895,0.997428834438324
train\PNEUMONIA\person1917_bacteria_4823.png,1.0,0.9987238049507141,0.9987238049507141,0.999110996723175,0.9992386102676392,0.9973337650299072,0.9983974099159241,0.9954399466514587,0.9983571171760559,0.9978669285774231
train\PNEUMONIA\person1933_bacteria_4844.png,1.0,0.9971556663513184,0.9971556663513184,0.9905411601066589,0.9966800212860107,0.9983837604522705,0.997400164604187,0.9932075142860413,0.9952208399772644,0.9936367273330688
train\PNEUMONIA\person1934_bacteria_4846.png,1.0,0.9969738721847534,0.9969738721847534,0.9944047927856445,0.993874192237854,0.9916722178459167,0.9971593618392944,0.9951969981193542,0.9965901374816895,0.9965682029724121
train\PNEUMONIA\person1935_bacteria_4847.png,1.0,0.9886732697486877,0.9886732697486877,0.9584749341011047,0.9738546013832092,0.9870207905769348,0.9916161894798279,0.9781630635261536,0.983636200428009,0.9813833832740784
train\PNEUMONIA\person1935_bacteria_4848.png,1.0,0.9994332194328308,0.9994332194328308,0.9960689544677734,0.9965875148773193,0.9944747090339661,0.9991958737373352,0.9986250400543213,0.9989562034606934,0.9990068078041077
train\PNEUMONIA\person1935_bacteria_4849.png,1.0,0.9825075268745422,0.9825075268745422,0.9232296943664551,0.993532121181488,0.9896544218063354,0.9859281778335571,0.951221764087677,0.981609046459198,0.9788100719451904
train\PNEUMONIA\person1935_bacteria_4850.png,1.0,0.9765394926071167,0.9765394926071167,0.942638635635376,0.9744613170623779,0.9523035883903503,0.9765378832817078,0.9276805520057678,0.9575120210647583,0.9612000584602356
train\PNEUMONIA\person24_bacteria_108.png,1.0,0.9997928738594055,0.9997928738594055,0.9997466206550598,0.9997890591621399,0.9984493851661682,0.9998413324356079,0.9988054037094116,0.9997443556785583,0.9997236132621765
train\PNEUMONIA\person24_bacteria_109.png,1.0,0.9994099140167236,0.9994099140167236,0.9974400997161865,0.9992913007736206,0.9989920258522034,0.9994122982025146,0.9970224499702454,0.999154806137085,0.9989389777183533
train\PNEUMONIA\person24_bacteria_110.png,1.0,0.9998464584350586,0.9998464584350586,0.9998393058776855,0.9997469782829285,0.9998617172241211,0.9998335838317871,0.9997194409370422,0.999798595905304,0.999772846698761
train\PNEUMONIA\person24_bacteria_111.png,1.0,0.9994773268699646,0.9994773268699646,0.9986320734024048,0.9984692931175232,0.9991160035133362,0.9996856451034546,0.9976693987846375,0.9995265007019043,0.9995036125183105
train\PNEUMONIA\person24_bacteria_112.png,1.0,0.9339165091514587,0.9339165091514587,0.8949567079544067,0.9667286276817322,0.9688748717308044,0.9061334729194641,0.8168118000030518,0.9370179176330566,0.9344330430030823
train\PNEUMONIA\person253_bacteria_1152.png,1.0,0.9998181462287903,0.9998181462287903,0.9998294115066528,0.9998061060905457,0.9998642206192017,0.9997623562812805,0.9995885491371155,0.9998133778572083,0.9997922778129578
train\PNEUMONIA\person253_bacteria_1153.png,1.0,0.9994819760322571,0.9994819760322571,0.9993779063224792,0.999151349067688,0.9992175102233887,0.9995694756507874,0.9992157220840454,0.9995421171188354,0.9994990825653076
train\PNEUMONIA\person253_bacteria_1154.png,1.0,0.9991851449012756,0.9991851449012756,0.9997958540916443,0.9990873336791992,0.9987488985061646,0.9993993043899536,0.997893750667572,0.9995817542076111,0.9994803071022034
train\PNEUMONIA\person253_bacteria_1155.png,1.0,0.9992989301681519,0.9992989301681519,0.998964786529541,0.9953883290290833,0.9993233680725098,0.9991200566291809,0.9987390637397766,0.9993370175361633,0.9994321465492249
train\PNEUMONIA\person253_bacteria_1156.png,1.0,0.9996815919876099,0.9996815919876099,0.999734103679657,0.9996227025985718,0.9973134994506836,0.9995662569999695,0.9994694590568542,0.9996103644371033,0.9996469020843506
train\PNEUMONIA\person253_bacteria_1157.png,1.0,0.8279579281806946,0.8279579281806946,0.6998510360717773,0.8281698822975159,0.8899827599525452,0.7506506443023682,0.9498869180679321,0.9769222140312195,0.9699235558509827
train\PNEUMONIA\person257_bacteria_1191.png,1.0,0.9995445013046265,0.9995445013046265,0.9995367527008057,0.9998044371604919,0.9985349178314209,0.9994326233863831,0.998854398727417,0.9997097849845886,0.9996860027313232
train\PNEUMONIA\person257_bacteria_1193.png,1.0,0.9996445178985596,0.9996445178985596,0.9988498687744141,0.9967840909957886,0.9996639490127563,0.9996379613876343,0.9990599751472473,0.9994786381721497,0.9994322657585144
train\PNEUMONIA\person257_bacteria_1194.png,1.0,0.9991512298583984,0.9991512298583984,0.9948176741600037,0.9982993006706238,0.9973130226135254,0.9989951252937317,0.9971079230308533,0.9988794922828674,0.9987567663192749
train\PNEUMONIA\person257_bacteria_1195.png,1.0,0.9979531168937683,0.9979531168937683,0.9675206542015076,0.9986177682876587,0.9912605881690979,0.9974610209465027,0.9930536150932312,0.9961723685264587,0.9957424402236938
train\PNEUMONIA\person257_bacteria_1196.png,1.0,0.9655649662017822,0.9655649662017822,0.7839059233665466,0.9773650765419006,0.947786808013916,0.9814425110816956,0.9624848365783691,0.976639449596405,0.973375141620636
train\PNEUMONIA\person257_bacteria_1197.png,1.0,0.998819887638092,0.998819887638092,0.9924920201301575,0.9964483380317688,0.9928187131881714,0.9986239671707153,0.9973763227462769,0.9990395307540894,0.9990928173065186
train\PNEUMONIA\person257_bacteria_1199.png,1.0,0.9977770447731018,0.9977770447731018,0.9819080233573914,0.9959702491760254,0.9842027425765991,0.9971533417701721,0.9913229942321777,0.9965829253196716,0.9967696666717529
train\PNEUMONIA\person257_bacteria_1200.png,1.0,0.9966298937797546,0.9966298937797546,0.9918099045753479,0.9951446056365967,0.9870807528495789,0.9979075193405151,0.9907028675079346,0.9978439807891846,0.99802565574646
train\PNEUMONIA\person257_virus_538.png,1.0,0.994735836982727,0.994735836982727,0.9949216246604919,0.9948259592056274,0.9907917976379395,0.9953769445419312,0.9883821606636047,0.9885862469673157,0.9895117878913879
train\PNEUMONIA\person258_bacteria_1205.png,1.0,0.9830726385116577,0.9830726385116577,0.9651233553886414,0.987880289554596,0.9939154982566833,0.9789581298828125,0.980599045753479,0.960781991481781,0.9542702436447144
train\PNEUMONIA\person258_bacteria_1206.png,1.0,0.9960463643074036,0.9960463643074036,0.9922858476638794,0.9977284073829651,0.9870461225509644,0.9956400394439697,0.986507773399353,0.9903427362442017,0.9911136031150818
train\PNEUMONIA\person258_bacteria_1207.png,1.0,0.9992685914039612,0.9992685914039612,0.9948819875717163,0.996322512626648,0.9988017082214355,0.9992772936820984,0.9944578409194946,0.9987627267837524,0.9986791014671326
train\PNEUMONIA\person258_bacteria_1208.png,1.0,0.9992685914039612,0.9992685914039612,0.9948819875717163,0.9987605810165405,0.9987919926643372,0.9992772936820984,0.9944578409194946,0.9987627267837524,0.9986791014671326
train\PNEUMONIA\person258_bacteria_1209.png,1.0,0.9992685914039612,0.9992685914039612,0.9948819875717163,0.9980946183204651,0.9976484179496765,0.9992772936820984,0.9944578409194946,0.9987627267837524,0.9986791014671326
train\PNEUMONIA\person258_bacteria_1210.png,1.0,0.9995304346084595,0.9995304346084595,0.997731626033783,0.9992226362228394,0.999148964881897,0.9995848536491394,0.9987838864326477,0.9994408488273621,0.9994346499443054
train\PNEUMONIA\person258_bacteria_1212.png,1.0,0.9979514479637146,0.9979514479637146,0.966108500957489,0.9975743889808655,0.9968013763427734,0.9976503252983093,0.9930709004402161,0.9968769550323486,0.9965909719467163
train\PNEUMONIA\person258_bacteria_1214.png,1.0,0.9996963739395142,0.9996963739395142,0.9996480941772461,0.9996882677078247,0.9996601343154907,0.9997038841247559,0.9991336464881897,0.9996585845947266,0.9996191263198853
train\PNEUMONIA\person258_bacteria_1215.png,1.0,0.9997548460960388,0.9997548460960388,0.9993765950202942,0.9989359974861145,0.9998550415039062,0.9997249245643616,0.999530553817749,0.9995511174201965,0.9995508790016174
train\PNEUMONIA\person258_bacteria_1216.png,1.0,0.9990288019180298,0.9990288019180298,0.9977789521217346,0.9988174438476562,0.9965389966964722,0.9992663264274597,0.9979555606842041,0.9992014765739441,0.999007523059845
train\PNEUMONIA\person258_virus_539.png,1.0,0.9949477314949036,0.9949477314949036,0.9952227473258972,0.9960054755210876,0.9945774078369141,0.9945552349090576,0.9951947331428528,0.9952369332313538,0.9944818019866943
train\PNEUMONIA\person260_bacteria_1222.png,1.0,0.9963252544403076,0.9963252544403076,0.9882625937461853,0.991873562335968,0.9918711185455322,0.9965356588363647,0.9937026500701904,0.9924322366714478,0.9887114763259888
train\PNEUMONIA\person260_bacteria_1223.png,1.0,0.9992596507072449,0.9992596507072449,0.9986096024513245,0.9951710104942322,0.9992509484291077,0.9989959597587585,0.9976080656051636,0.9987678527832031,0.9988033771514893
train\PNEUMONIA\person260_bacteria_1224.png,1.0,0.9998964071273804,0.9998964071273804,0.9985874891281128,0.999929666519165,0.9981632828712463,0.9998290538787842,0.9998822212219238,0.9996569156646729,0.9996392726898193
train\PNEUMONIA\person260_virus_541.png,1.0,0.9965422749519348,0.9965422749519348,0.9984549283981323,0.9955213069915771,0.9933854937553406,0.9961132407188416,0.995276927947998,0.9980274438858032,0.9975923299789429
train\PNEUMONIA\person266_bacteria_1237.png,1.0,0.9998923540115356,0.9998923540115356,0.9997791647911072,0.9991807341575623,0.9998594522476196,0.9998692274093628,0.9997584223747253,0.9998359680175781,0.999817430973053
train\PNEUMONIA\person266_bacteria_1238.png,1.0,0.9998923540115356,0.9998923540115356,0.9997791647911072,0.9999322891235352,0.9991341233253479,0.9998692274093628,0.9997584223747253,0.9998359680175781,0.999817430973053
train\PNEUMONIA\person266_bacteria_1239.png,1.0,0.9997609257698059,0.9997609257698059,0.9989479184150696,0.9992265701293945,0.9997844099998474,0.9997479319572449,0.9994187355041504,0.9997398257255554,0.9997134804725647
train\PNEUMONIA\person266_bacteria_1240.png,1.0,0.9998811483383179,0.9998811483383179,0.9997767806053162,0.9996891021728516,0.9997052550315857,0.9998877048492432,0.9996398687362671,0.9998012185096741,0.9997720122337341
train\PNEUMONIA\person266_bacteria_1241.png,1.0,0.9995348453521729,0.9995348453521729,0.999326229095459,0.9998019337654114,0.9986520409584045,0.9994844794273376,0.999286949634552,0.9995498061180115,0.999495267868042
train\PNEUMONIA\person266_bacteria_1242.png,1.0,0.9990456700325012,0.9990456700325012,0.996605634689331,0.9963201284408569,0.9989757537841797,0.9991098046302795,0.996756374835968,0.998979926109314,0.9987190961837769
train\PNEUMONIA\person266_bacteria_1244.png,1.0,0.9997872710227966,0.9997872710227966,0.999175488948822,0.999790370464325,0.9989392161369324,0.9998114705085754,0.9994344115257263,0.999852180480957,0.9998195767402649
train\PNEUMONIA\person266_bacteria_1245.png,1.0,0.999612033367157,0.999612033367157,0.9991185069084167,0.9995505213737488,0.9996402263641357,0.9995459914207458,0.9985949397087097,0.9996088147163391,0.9995813965797424
train\PNEUMONIA\person266_bacteria_1247.png,1.0,0.9998226761817932,0.9998226761817932,0.9998499155044556,0.9998987913131714,0.9998650550842285,0.9997819066047668,0.9996793270111084,0.9998168349266052,0.999771773815155
train\PNEUMONIA\person266_bacteria_1248.png,1.0,0.9997127652168274,0.9997127652168274,0.9997250437736511,0.9996863603591919,0.9986414313316345,0.999666690826416,0.9994302988052368,0.999758780002594,0.9997485280036926
train\PNEUMONIA\person266_bacteria_1249.png,1.0,0.9998264908790588,0.9998264908790588,0.9998476505279541,0.999826967716217,0.9998648166656494,0.9998563528060913,0.999606192111969,0.9998443126678467,0.9998600482940674
train\PNEUMONIA\person266_virus_549.png,1.0,0.9954180717468262,0.9954180717468262,0.9961710572242737,0.995136559009552,0.9884886145591736,0.996675968170166,0.9828795790672302,0.9975183010101318,0.9969900250434875
train\PNEUMONIA\person269_virus_554.png,1.0,0.9946197271347046,0.9946197271347046,0.9955213069915771,0.9957590699195862,0.9959943294525146,0.994613766670227,0.9923294186592102,0.9911190867424011,0.9894405007362366
train\PNEUMONIA\person271_virus_556.png,1.0,0.9960310459136963,0.9960310459136963,0.997338593006134,0.998290479183197,0.9976969361305237,0.9968116879463196,0.991485059261322,0.9977092742919922,0.9975778460502625
train\PNEUMONIA\person274_bacteria_1288.png,1.0,0.9709176421165466,0.9709176421165466,0.9539721012115479,0.9247859716415405,0.9439308643341064,0.9810314774513245,0.9393364787101746,0.9623783230781555,0.9513131380081177
train\PNEUMONIA\person274_bacteria_1289.png,1.0,0.9926013350486755,0.9926013350486755,0.9841795563697815,0.9870110750198364,0.9922967553138733,0.9973510503768921,0.9783370494842529,0.9856212735176086,0.9877917170524597
train\PNEUMONIA\person274_bacteria_1290.png,1.0,0.5396918654441833,0.5396918654441833,0.4678884744644165,0.38986948132514954,0.4583287537097931,0.7860575318336487,0.5895189046859741,0.7168692350387573,0.7390217781066895
train\PNEUMONIA\person274_virus_563.png,1.0,0.9364915490150452,0.9364915490150452,0.8731679320335388,0.9198405146598816,0.9719445109367371,0.9731544852256775,0.8990175724029541,0.9286044836044312,0.934289276599884
train\PNEUMONIA\person277_bacteria_1300.png,1.0,0.9972156882286072,0.9972156882286072,0.999351441860199,0.9970933198928833,0.9970665574073792,0.9965322613716125,0.9949474930763245,0.9964736700057983,0.9964044094085693
train\PNEUMONIA\person277_bacteria_1301.png,1.0,0.9985566735267639,0.9985566735267639,0.99932861328125,0.9989506602287292,0.9979339838027954,0.9982629418373108,0.9975720047950745,0.997707188129425,0.99809330701828
train\PNEUMONIA\person277_bacteria_1302.png,1.0,0.9995088577270508,0.9995088577270508,0.9986818432807922,0.9989547729492188,0.9970778226852417,0.9996325969696045,0.998537540435791,0.9994982481002808,0.9995130300521851
train\PNEUMONIA\person277_bacteria_1303.png,1.0,0.9986453652381897,0.9986453652381897,0.9979687929153442,0.9982408285140991,0.9988150596618652,0.9990410804748535,0.9974545836448669,0.9985337257385254,0.9980542659759521
train\PNEUMONIA\person277_bacteria_1304.png,1.0,0.9991093277931213,0.9991093277931213,0.9994016885757446,0.998216986656189,0.9991732835769653,0.998551070690155,0.9971605539321899,0.9992108941078186,0.9991280436515808
train\PNEUMONIA\person277_bacteria_1305.png,1.0,0.9990919828414917,0.9990919828414917,0.997327446937561,0.9984713196754456,0.9991388916969299,0.9993062019348145,0.9969391822814941,0.9991216063499451,0.9992772936820984
train\PNEUMONIA\person277_bacteria_1306.png,1.0,0.9990041851997375,0.9990041851997375,0.9996389150619507,0.9993302822113037,0.9992546439170837,0.9986011385917664,0.9979614019393921,0.9992275238037109,0.9992648959159851
train\PNEUMONIA\person277_bacteria_1307.png,1.0,0.9996888637542725,0.9996888637542725,0.9970006942749023,0.9989621639251709,0.9998412132263184,0.9997397065162659,0.9992095828056335,0.9996852874755859,0.999707043170929
train\PNEUMONIA\person277_virus_571.png,1.0,0.5400624871253967,0.5400624871253967,0.18921278417110443,0.6910385489463806,0.5488539338111877,0.7708995342254639,0.1629561483860016,0.23496827483177185,0.2260887175798416
train\PNEUMONIA\person278_bacteria_1309.png,1.0,0.8784972429275513,0.8784972429275513,0.5327144861221313,0.7851940989494324,0.8548758625984192,0.869315505027771,0.9600703716278076,0.9824901223182678,0.9822445511817932
train\PNEUMONIA\person278_bacteria_1311.png,1.0,0.9996631145477295,0.9996631145477295,0.9998652935028076,0.9994096755981445,0.998866081237793,0.9996452331542969,0.9995020627975464,0.9995421171188354,0.999397873878479
train\PNEUMONIA\person278_bacteria_1313.png,1.0,0.9997450709342957,0.9997450709342957,0.9999454021453857,0.9997523427009583,0.9997188448905945,0.9996795654296875,0.9995794892311096,0.9997634291648865,0.9997417330741882
train\PNEUMONIA\person278_bacteria_1314.png,1.0,0.9931973218917847,0.9931973218917847,0.9944754242897034,0.994050920009613,0.9915749430656433,0.9922825694084167,0.9979831576347351,0.9954786896705627,0.996349036693573
train\PNEUMONIA\person278_virus_572.png,1.0,0.9998179078102112,0.9998179078102112,0.9986830353736877,0.9995027780532837,0.9993712306022644,0.999724805355072,0.9994076490402222,0.9996939897537231,0.9997168183326721
train\PNEUMONIA\person278_virus_573.png,1.0,0.9995589852333069,0.9995589852333069,0.9984978437423706,0.9995701909065247,0.9996523857116699,0.9995563626289368,0.9968165755271912,0.9987019300460815,0.9985561966896057
train\PNEUMONIA\person278_virus_574.png,1.0,0.997474730014801,0.997474730014801,0.9985036849975586,0.996892511844635,0.9988631010055542,0.9965757131576538,0.9975936412811279,0.9978160858154297,0.9980992674827576
train\PNEUMONIA\person278_virus_575.png,1.0,0.9929038882255554,0.9929038882255554,0.8877885937690735,0.9960304498672485,0.9848766326904297,0.9866101145744324,0.8907275199890137,0.9674679636955261,0.9671238660812378
train\PNEUMONIA\person280_bacteria_1318.png,1.0,0.17446467280387878,0.17446467280387878,0.0807674452662468,0.16862013936042786,0.602508008480072,0.2273852676153183,0.5100358128547668,0.7524870038032532,0.8176461458206177
train\PNEUMONIA\person280_bacteria_1320.png,1.0,0.9933956265449524,0.9933956265449524,0.9101881384849548,0.9694581627845764,0.9867559671401978,0.9960638880729675,0.9548540711402893,0.9894044399261475,0.9880591034889221
train\PNEUMONIA\person280_bacteria_1321.png,1.0,0.998810887336731,0.998810887336731,0.9955542683601379,0.9963523149490356,0.9986068606376648,0.9993225336074829,0.9931591153144836,0.9996242523193359,0.9995321035385132
train\PNEUMONIA\person280_bacteria_1322.png,1.0,0.5220805406570435,0.5220805406570435,0.3995569944381714,0.5335749983787537,0.5860489010810852,0.4709111750125885,0.7391367554664612,0.6998621225357056,0.7489949464797974
train\PNEUMONIA\person280_virus_577.png,1.0,0.7989804744720459,0.7989804744720459,0.6556313633918762,0.6572936773300171,0.7712535262107849,0.8798031210899353,0.6533930897712708,0.6025263667106628,0.6319115161895752
train\PNEUMONIA\person284_virus_582.png,1.0,0.8762091994285583,0.8762091994285583,0.8529282212257385,0.8992028832435608,0.9778420925140381,0.944428026676178,0.9653047323226929,0.9680795669555664,0.9496163725852966
train\PNEUMONIA\person289_virus_593.png,1.0,0.6174176335334778,0.6174176335334778,0.20471559464931488,0.3677125871181488,0.6303507089614868,0.7854294776916504,0.7431321740150452,0.7386878132820129,0.8361430764198303
train\PNEUMONIA\person28_bacteria_139.png,1.0,0.9990401268005371,0.9990401268005371,0.9960849285125732,0.9979798197746277,0.9987146854400635,0.998641312122345,0.9983432292938232,0.9982011914253235,0.9978851675987244
train\PNEUMONIA\person28_bacteria_141.png,1.0,0.9996572732925415,0.9996572732925415,0.9995068311691284,0.9988774657249451,0.9996657371520996,0.9995899796485901,0.9995080232620239,0.9996553659439087,0.9996727705001831
train\PNEUMONIA\person28_bacteria_142.png,1.0,0.996299684047699,0.996299684047699,0.9868866801261902,0.9972588419914246,0.9949690699577332,0.9980689883232117,0.9901995062828064,0.9955124855041504,0.9952397346496582
train\PNEUMONIA\person28_bacteria_143.png,1.0,0.9987071752548218,0.9987071752548218,0.9909688830375671,0.9965988993644714,0.9964962601661682,0.9980224370956421,0.9991579055786133,0.9983037710189819,0.9977959394454956
train\PNEUMONIA\person299_bacteria_1414.png,1.0,0.9994580149650574,0.9994580149650574,0.9957555532455444,0.9940980672836304,0.9977114200592041,0.999657392501831,0.9984765648841858,0.9993718266487122,0.9992659687995911
train\PNEUMONIA\person299_bacteria_1416.png,1.0,0.6061398983001709,0.6061398983001709,0.5418564081192017,0.3921952545642853,0.52811199426651,0.8302527070045471,0.5029831528663635,0.8007559180259705,0.821951687335968
train\PNEUMONIA\person299_bacteria_1417.png,1.0,0.9651663303375244,0.9651663303375244,0.9397997856140137,0.8647387623786926,0.9705924391746521,0.9830527305603027,0.9044545292854309,0.9728293418884277,0.9696049690246582
train\PNEUMONIA\person299_bacteria_1418.png,1.0,0.9730570912361145,0.9730570912361145,0.8632371425628662,0.9387521147727966,0.9792463183403015,0.9804313778877258,0.9208155870437622,0.8853646516799927,0.9163857698440552
train\PNEUMONIA\person299_bacteria_1419.png,1.0,0.9184988737106323,0.9184988737106323,0.794084370136261,0.8147180676460266,0.938991129398346,0.9357505440711975,0.9638298153877258,0.9847538471221924,0.9828672409057617
train\PNEUMONIA\person299_virus_620.png,1.0,0.6841508746147156,0.6841508746147156,0.7443756461143494,0.9215760231018066,0.8430829644203186,0.8068830370903015,0.7283560633659363,0.8910068869590759,0.8875253200531006
train\PNEUMONIA\person2_bacteria_3.png,1.0,0.9961884617805481,0.9961884617805481,0.9828081727027893,0.9907183051109314,0.9888020753860474,0.9958822727203369,0.9895569682121277,0.993327260017395,0.9918612837791443
train\PNEUMONIA\person2_bacteria_4.png,1.0,0.9993089437484741,0.9993089437484741,0.998018741607666,0.9983380436897278,0.9972614049911499,0.9992722868919373,0.9979153275489807,0.9985279440879822,0.9982101917266846
train\PNEUMONIA\person301_bacteria_1424.png,1.0,0.9969364404678345,0.9969364404678345,0.9967804551124573,0.9971720576286316,0.9965362548828125,0.9980525970458984,0.9966830611228943,0.9983159303665161,0.9981483221054077
train\PNEUMONIA\person301_bacteria_1427.png,1.0,0.9985074996948242,0.9985074996948242,0.9963195323944092,0.9988460540771484,0.9990279674530029,0.9993206262588501,0.994496762752533,0.9984847903251648,0.9981271624565125
train\PNEUMONIA\person301_bacteria_1428.png,1.0,0.9989230632781982,0.9989230632781982,0.998915433883667,0.9991680383682251,0.9986763000488281,0.9992794394493103,0.9961147308349609,0.9992590546607971,0.999326229095459
train\PNEUMONIA\person301_bacteria_1429.png,1.0,0.9984424710273743,0.9984424710273743,0.9989853501319885,0.9986306428909302,0.9984655380249023,0.9984252452850342,0.998271107673645,0.99925297498703,0.9989942908287048
train\PNEUMONIA\person301_virus_622.png,1.0,0.114939846098423,0.114939846098423,0.09120605140924454,0.1734643578529358,0.1249333992600441,0.3608047366142273,0.1965574324131012,0.13305427134037018,0.17482854425907135
train\PNEUMONIA\person307_bacteria_1441.png,1.0,0.999828577041626,0.999828577041626,0.999940037727356,0.9996053576469421,0.9998323917388916,0.9998019337654114,0.9996393918991089,0.9997900128364563,0.9997771382331848
train\PNEUMONIA\person307_bacteria_1442.png,1.0,0.997918426990509,0.997918426990509,0.998700737953186,0.9863748550415039,0.9986311197280884,0.9973880648612976,0.9928175210952759,0.9978933930397034,0.9963061809539795
train\PNEUMONIA\person307_virus_629.png,1.0,0.9984452128410339,0.9984452128410339,0.99430912733078,0.9948529601097107,0.9969936609268188,0.9984942674636841,0.9981299042701721,0.9979812502861023,0.9976542592048645
train\PNEUMONIA\person308_bacteria_1443.png,1.0,0.999581515789032,0.999581515789032,0.9990035891532898,0.9995392560958862,0.9993477463722229,0.9997143149375916,0.9994233846664429,0.9995818734169006,0.9996427297592163
train\PNEUMONIA\person308_bacteria_1445.png,1.0,0.9737309217453003,0.9737309217453003,0.9391127824783325,0.9675722122192383,0.9651048183441162,0.9719723463058472,0.9820627570152283,0.9943901896476746,0.9938977360725403
train\PNEUMONIA\person308_virus_630.png,1.0,0.9985290765762329,0.9985290765762329,0.9976809620857239,0.998230516910553,0.997913658618927,0.9990693926811218,0.9973292350769043,0.9988953471183777,0.9988774657249451
train\PNEUMONIA\person313_bacteria_1457.png,1.0,0.9977520108222961,0.9977520108222961,0.994713544845581,0.9906598329544067,0.9984548091888428,0.998245358467102,0.9960494637489319,0.9981862902641296,0.9978827238082886
train\PNEUMONIA\person313_bacteria_1458.png,1.0,0.9996721744537354,0.9996721744537354,0.9997363686561584,0.9995319843292236,0.9996457099914551,0.9997001886367798,0.9993507266044617,0.9997921586036682,0.9997121691703796
train\PNEUMONIA\person313_bacteria_1459.png,1.0,0.999734103679657,0.999734103679657,0.9997597336769104,0.9998227953910828,0.99977046251297,0.9997212290763855,0.9994903802871704,0.999711811542511,0.9997157454490662
train\PNEUMONIA\person313_bacteria_1460.png,1.0,0.9879135489463806,0.9879135489463806,0.9882405996322632,0.989704430103302,0.9890149235725403,0.9810580015182495,0.9863393306732178,0.9936781525611877,0.9931191205978394
train\PNEUMONIA\person313_virus_637.png,1.0,0.9912317395210266,0.9912317395210266,0.9917029738426208,0.9835753440856934,0.9972278475761414,0.9908971190452576,0.9821653962135315,0.9925676584243774,0.991538941860199
train\PNEUMONIA\person316_bacteria_1469.png,1.0,0.9981722831726074,0.9981722831726074,0.9955624341964722,0.998606264591217,0.9980136156082153,0.9985606074333191,0.9922798871994019,0.9965195655822754,0.9971039891242981
train\PNEUMONIA\person316_bacteria_1470.png,1.0,0.6472033858299255,0.6472033858299255,0.7959824800491333,0.4211947023868561,0.15256480872631073,0.5047106742858887,0.5788449048995972,0.42754921317100525,0.43935930728912354
train\PNEUMONIA\person316_virus_641.png,1.0,0.9956958293914795,0.9956958293914795,0.9992828965187073,0.9970319271087646,0.9944130778312683,0.9921624064445496,0.9943420886993408,0.9949735403060913,0.9950663447380066
train\PNEUMONIA\person320_virus_647.png,1.0,0.9989901185035706,0.9989901185035706,0.9994770884513855,0.9996249675750732,0.9984052777290344,0.9975396394729614,0.9978103041648865,0.9990004897117615,0.9990617632865906
train\PNEUMONIA\person32_bacteria_165.png,1.0,0.4855482876300812,0.4855482876300812,0.4342999756336212,0.6413227319717407,0.5622969269752502,0.7079983949661255,0.5679038166999817,0.46453604102134705,0.5126361846923828
train\PNEUMONIA\person32_bacteria_166.png,1.0,0.9157158136367798,0.9157158136367798,0.6600126028060913,0.9206019639968872,0.8924137353897095,0.9571199417114258,0.8963695168495178,0.8665828704833984,0.8589956760406494
train\PNEUMONIA\person335_virus_690.png,1.0,0.9933823347091675,0.9933823347091675,0.9855014681816101,0.9899165034294128,0.9756898880004883,0.9921172261238098,0.9842378497123718,0.974709689617157,0.9792769551277161
train\PNEUMONIA\person350_virus_725.png,1.0,0.9899643063545227,0.9899643063545227,0.9846455454826355,0.9951590895652771,0.9856687784194946,0.9913222193717957,0.9810411334037781,0.9898599982261658,0.9871473908424377
train\PNEUMONIA\person353_bacteria_1626.png,1.0,0.9992138147354126,0.9992138147354126,0.9984040856361389,0.9995163679122925,0.9962750673294067,0.9992948770523071,0.9964034557342529,0.9981932044029236,0.9984058737754822
train\PNEUMONIA\person353_bacteria_1628.png,1.0,0.9983999133110046,0.9983999133110046,0.9938953518867493,0.9970346689224243,0.9974877834320068,0.9986733198165894,0.9966806173324585,0.9988580942153931,0.9987737536430359
train\PNEUMONIA\person353_virus_728.png,1.0,0.4344528317451477,0.4344528317451477,0.7855865359306335,0.7696455121040344,0.8572297692298889,0.5243140459060669,0.7062935829162598,0.720811665058136,0.6528571844100952
train\PNEUMONIA\person356_bacteria_1638.png,1.0,0.9893394112586975,0.9893394112586975,0.981743574142456,0.9935824871063232,0.9950968623161316,0.992639422416687,0.9816040992736816,0.9981526732444763,0.9979008436203003
train\PNEUMONIA\person356_virus_733.png,1.0,0.9254742860794067,0.9254742860794067,0.7384114265441895,0.9520919322967529,0.8692624568939209,0.9507029056549072,0.9420589208602905,0.9362705945968628,0.9236083030700684
train\PNEUMONIA\person357_bacteria_1639.png,1.0,0.9127663969993591,0.9127663969993591,0.6210523843765259,0.8452343940734863,0.925380527973175,0.913419783115387,0.9097772836685181,0.9645681381225586,0.9552775025367737
train\PNEUMONIA\person357_bacteria_1640.png,1.0,0.9996432065963745,0.9996432065963745,0.9994325041770935,0.9998455047607422,0.9995288848876953,0.999582827091217,0.9981926083564758,0.9992427825927734,0.9993194341659546
train\PNEUMONIA\person357_virus_734.png,1.0,0.9971488118171692,0.9971488118171692,0.9983579516410828,0.9963334202766418,0.9904358386993408,0.9971553087234497,0.9909695982933044,0.9982362985610962,0.9978994131088257
train\PNEUMONIA\person357_virus_735.png,1.0,0.9971488118171692,0.9971488118171692,0.9983579516410828,0.9962989687919617,0.9960447549819946,0.9971553087234497,0.9909695982933044,0.9982362985610962,0.9978994131088257
train\PNEUMONIA\person357_virus_736.png,1.0,0.9999208450317383,0.9999208450317383,0.9992645382881165,0.9994552731513977,0.999652624130249,0.9998828172683716,0.9998148083686829,0.9998669624328613,0.9998596906661987
train\PNEUMONIA\person358_virus_737.png,1.0,0.9942017793655396,0.9942017793655396,0.9942183494567871,0.9945734143257141,0.994070827960968,0.9950883984565735,0.994498074054718,0.9953084588050842,0.9958470463752747
train\PNEUMONIA\person361_bacteria_1651.png,1.0,0.9988290667533875,0.9988290667533875,0.9967041611671448,0.9966326355934143,0.9986591339111328,0.99864262342453,0.9988836646080017,0.9988598823547363,0.9990575909614563
train\PNEUMONIA\person361_virus_740.png,1.0,0.9935296177864075,0.9935296177864075,0.9152894616127014,0.9773411750793457,0.9596654176712036,0.9950409531593323,0.9920461177825928,0.9970980882644653,0.997269868850708
train\PNEUMONIA\person362_bacteria_1652.png,1.0,0.07518257200717926,0.07518257200717926,0.0660269483923912,0.07063671946525574,0.08941107243299484,0.156126469373703,0.9115990996360779,0.2879716455936432,0.3277747333049774
train\PNEUMONIA\person362_virus_741.png,1.0,0.6493497490882874,0.6493497490882874,0.6011005640029907,0.5666990280151367,0.8611200451850891,0.7958551645278931,0.8331772089004517,0.8277193307876587,0.8171296715736389
train\PNEUMONIA\person366_bacteria_1664.png,1.0,0.9812237024307251,0.9812237024307251,0.9621114134788513,0.9450300931930542,0.9853273630142212,0.9933465719223022,0.9628824591636658,0.9940255284309387,0.9916957020759583
train\PNEUMONIA\person366_virus_746.png,1.0,0.7812897562980652,0.7812897562980652,0.44587573409080505,0.8949215412139893,0.6050260066986084,0.937328040599823,0.8400082588195801,0.8542803525924683,0.8932270407676697
train\PNEUMONIA\person374_bacteria_1710.png,1.0,0.9998003840446472,0.9998003840446472,0.9999065399169922,0.9995379447937012,0.9992330074310303,0.9996618032455444,0.9997023344039917,0.9996984004974365,0.99967360496521
train\PNEUMONIA\person374_bacteria_1711.png,1.0,0.9996544122695923,0.9996544122695923,0.9993311166763306,0.9974474906921387,0.9985083937644958,0.9994401335716248,0.9993191957473755,0.9993822574615479,0.9992130994796753
train\PNEUMONIA\person374_bacteria_1712.png,1.0,0.9999101161956787,0.9999101161956787,0.9998291730880737,0.999661922454834,0.9993249177932739,0.9999077320098877,0.9997953772544861,0.9998331069946289,0.9998210072517395
train\PNEUMONIA\person374_virus_757.png,1.0,0.9863843321800232,0.9863843321800232,0.8810775279998779,0.967176079750061,0.9849411845207214,0.9901480078697205,0.9845505356788635,0.9807220697402954,0.9862581491470337
train\PNEUMONIA\person375_bacteria_1713.png,1.0,0.9992347955703735,0.9992347955703735,0.9974422454833984,0.9991274476051331,0.9993234872817993,0.9995908141136169,0.995604395866394,0.9994770884513855,0.9994716048240662
train\PNEUMONIA\person375_virus_758.png,1.0,0.996048629283905,0.996048629283905,0.9991173148155212,0.9976671934127808,0.9960655570030212,0.994698166847229,0.9916029572486877,0.9976782202720642,0.9968564510345459
train\PNEUMONIA\person37_bacteria_186.png,1.0,0.9990980625152588,0.9990980625152588,0.9972426891326904,0.9979787468910217,0.9978836178779602,0.9988058805465698,0.9971734881401062,0.9982471466064453,0.9981753826141357
train\PNEUMONIA\person37_bacteria_187.png,1.0,0.999795138835907,0.999795138835907,0.9983769655227661,0.9995465874671936,0.99760502576828,0.9997643828392029,0.9992647767066956,0.9996148943901062,0.9995967745780945
train\PNEUMONIA\person37_bacteria_188.png,1.0,0.9983783960342407,0.9983783960342407,0.997606098651886,0.997617244720459,0.9971243739128113,0.9988071918487549,0.9971106648445129,0.9986043572425842,0.998246431350708
train\PNEUMONIA\person37_bacteria_189.png,1.0,0.9966533780097961,0.9966533780097961,0.9887267351150513,0.9724766612052917,0.9880344271659851,0.9968302845954895,0.9949971437454224,0.9961453676223755,0.9966596364974976
train\PNEUMONIA\person394_bacteria_1791.png,1.0,0.9964827299118042,0.9964827299118042,0.9967355728149414,0.9957962036132812,0.9975429773330688,0.9982807636260986,0.9959394931793213,0.9982598423957825,0.9980347752571106
train\PNEUMONIA\person394_bacteria_1792.png,1.0,0.9972912073135376,0.9972912073135376,0.9974521994590759,0.9948229789733887,0.9975007176399231,0.9979999661445618,0.9940358996391296,0.9980619549751282,0.9977977275848389
train\PNEUMONIA\person394_virus_786.png,1.0,0.989271879196167,0.989271879196167,0.9697149395942688,0.9378782510757446,0.9933019876480103,0.9955258369445801,0.9875498414039612,0.9924428462982178,0.9928909540176392
train\PNEUMONIA\person395_bacteria_1794.png,1.0,0.9995279312133789,0.9995279312133789,0.9997755885124207,0.9989891648292542,0.9993588328361511,0.9994946718215942,0.9986415505409241,0.9993044137954712,0.9993313550949097
train\PNEUMONIA\person395_bacteria_1795.png,1.0,0.9954003691673279,0.9954003691673279,0.9921861290931702,0.9726852774620056,0.9598174691200256,0.9976531863212585,0.9812992215156555,0.9945306181907654,0.9952056407928467
train\PNEUMONIA\person395_virus_788.png,1.0,0.9501428604125977,0.9501428604125977,0.9639543294906616,0.9569199085235596,0.952179491519928,0.9576579928398132,0.9294608235359192,0.9611864686012268,0.94764643907547
train\PNEUMONIA\person400_bacteria_1807.png,1.0,0.9966776371002197,0.9966776371002197,0.994685709476471,0.9931373596191406,0.9924147725105286,0.9974207878112793,0.9952468276023865,0.9984832406044006,0.9987521171569824
train\PNEUMONIA\person400_virus_794.png,1.0,0.9920021295547485,0.9920021295547485,0.9830312728881836,0.9905691146850586,0.9848446249961853,0.9920401573181152,0.9922037124633789,0.9935425519943237,0.9939404726028442
train\PNEUMONIA\person40_bacteria_202.png,1.0,0.7161800861358643,0.7161800861358643,0.8569774031639099,0.8048789501190186,0.9308696985244751,0.9445387125015259,0.6904850602149963,0.670474112033844,0.7061815857887268
train\PNEUMONIA\person40_bacteria_203.png,1.0,0.9920956492424011,0.9920956492424011,0.9510205388069153,0.9915173053741455,0.96418696641922,0.9936423897743225,0.9920490384101868,0.9862798452377319,0.989264965057373
train\PNEUMONIA\person40_bacteria_204.png,1.0,0.9938061237335205,0.9938061237335205,0.9845764636993408,0.9990415573120117,0.9966634511947632,0.9962925910949707,0.9901482462882996,0.9941686391830444,0.9948621392250061
train\PNEUMONIA\person40_bacteria_205.png,1.0,0.5080040693283081,0.5080040693283081,0.6956926584243774,0.6025130152702332,0.524431049823761,0.7565465569496155,0.3910719156265259,0.5834398865699768,0.6290720701217651
train\PNEUMONIA\person415_bacteria_1837.png,1.0,0.9991777539253235,0.9991777539253235,0.9990066885948181,0.9996447563171387,0.9992468357086182,0.9994025230407715,0.9976212382316589,0.9994322657585144,0.9992910623550415
train\PNEUMONIA\person415_bacteria_1838.png,1.0,0.9994439482688904,0.9994439482688904,0.9998080134391785,0.9990146160125732,0.99946528673172,0.9992415904998779,0.9990966320037842,0.9996588230133057,0.9995991587638855
train\PNEUMONIA\person415_bacteria_1839.png,1.0,0.9737391471862793,0.9737391471862793,0.9587211608886719,0.9204786419868469,0.9809523224830627,0.9921479821205139,0.9089326858520508,0.9900868535041809,0.9901521801948547
train\PNEUMONIA\person415_virus_847.png,1.0,0.5734742879867554,0.5734742879867554,0.1555701047182083,0.31801968812942505,0.716198742389679,0.9072123765945435,0.08398982882499695,0.8759075403213501,0.8902220726013184
train\PNEUMONIA\person417_bacteria_1841.png,1.0,0.7134109139442444,0.7134109139442444,0.3971589207649231,0.808091938495636,0.541619598865509,0.7178217172622681,0.6285973191261292,0.6841955780982971,0.6791443824768066
train\PNEUMONIA\person417_bacteria_1842.png,1.0,0.987785816192627,0.987785816192627,0.9787337183952332,0.9912155866622925,0.9929700493812561,0.9932069778442383,0.884813666343689,0.9815390706062317,0.9833994507789612
train\PNEUMONIA\person417_virus_850.png,1.0,0.14164948463439941,0.14164948463439941,0.0321764312684536,0.11654011905193329,0.049758631736040115,0.5784299969673157,0.07140595465898514,0.6986828446388245,0.6551427841186523
train\PNEUMONIA\person41_bacteria_206.png,1.0,0.9981645941734314,0.9981645941734314,0.9964367151260376,0.9916688203811646,0.9984883666038513,0.9990133047103882,0.99552321434021,0.9981119632720947,0.99836665391922
train\PNEUMONIA\person41_bacteria_207.png,1.0,0.9996656179428101,0.9996656179428101,0.9996634721755981,0.9997182488441467,0.9988922476768494,0.9997422099113464,0.9987753033638,0.999687671661377,0.9996434450149536
train\PNEUMONIA\person41_bacteria_208.png,1.0,0.9993589520454407,0.9993589520454407,0.9992544054985046,0.9987322688102722,0.9989618062973022,0.9993695616722107,0.9982399940490723,0.9988158941268921,0.9985514283180237
train\PNEUMONIA\person41_bacteria_209.png,1.0,0.9997192025184631,0.9997192025184631,0.9998427629470825,0.9995799660682678,0.9995204210281372,0.9994352459907532,0.9995819926261902,0.9997767806053162,0.9997628331184387
train\PNEUMONIA\person41_bacteria_210.png,1.0,0.9996336698532104,0.9996336698532104,0.9996800422668457,0.9993547797203064,0.9992585778236389,0.9994787573814392,0.9992386102676392,0.9993789792060852,0.9993721842765808
train\PNEUMONIA\person41_bacteria_211.png,1.0,0.9977042078971863,0.9977042078971863,0.9994847178459167,0.9963889122009277,0.9967004656791687,0.9969040751457214,0.997904896736145,0.998914361000061,0.9985451698303223
train\PNEUMONIA\person425_bacteria_1860.png,1.0,0.9963312745094299,0.9963312745094299,0.9965182542800903,0.9922135472297668,0.9923842549324036,0.997417688369751,0.9966082572937012,0.9959255456924438,0.9958125352859497
train\PNEUMONIA\person425_virus_871.png,1.0,0.9311264753341675,0.9311264753341675,0.8043962121009827,0.9273311495780945,0.9404239654541016,0.9594621062278748,0.839574933052063,0.8334928154945374,0.8594971299171448
train\PNEUMONIA\person429_bacteria_1870.png,1.0,0.9908915162086487,0.9908915162086487,0.979335606098175,0.997507631778717,0.9959126710891724,0.9942744374275208,0.9812976121902466,0.9947155117988586,0.9934130311012268
train\PNEUMONIA\person429_virus_877.png,1.0,0.41111937165260315,0.41111937165260315,0.32584452629089355,0.4483795762062073,0.8851500749588013,0.6825710535049438,0.8278961181640625,0.5192645192146301,0.5095879435539246
train\PNEUMONIA\person431_bacteria_1872.png,1.0,0.7915975451469421,0.7915975451469421,0.8113225698471069,0.8133335113525391,0.7915975451469421,0.8298063278198242,0.9017969965934753,0.9382545351982117,0.9277138710021973
train\PNEUMONIA\person431_virus_880.png,1.0,0.990151047706604,0.990151047706604,0.9543614387512207,0.9079940319061279,0.9864197373390198,0.988802969455719,0.9916974306106567,0.9869323372840881,0.986026406288147
train\PNEUMONIA\person441_bacteria_1900.png,1.0,0.9971121549606323,0.9971121549606323,0.9755860567092896,0.9939953684806824,0.9840179085731506,0.9984122514724731,0.9870882034301758,0.994685709476471,0.9939512014389038
train\PNEUMONIA\person441_bacteria_1902.png,1.0,0.9638485312461853,0.9638485312461853,0.8771728873252869,0.9130945801734924,0.9678195714950562,0.9856693744659424,0.9124222993850708,0.9774919152259827,0.972112238407135
train\PNEUMONIA\person441_bacteria_1903.png,1.0,0.886962354183197,0.886962354183197,0.8656303882598877,0.8756953477859497,0.822385311126709,0.9821435809135437,0.597204864025116,0.9736090898513794,0.9626381397247314
train\PNEUMONIA\person441_bacteria_1904.png,1.0,0.9955986142158508,0.9955986142158508,0.9854009747505188,0.9958804845809937,0.9971754550933838,0.99735426902771,0.9894056916236877,0.9959607720375061,0.9940219521522522
train\PNEUMONIA\person441_bacteria_1905.png,1.0,0.9881104230880737,0.9881104230880737,0.970910906791687,0.9903023838996887,0.9512704014778137,0.9949764013290405,0.9653520584106445,0.9899161458015442,0.9872710108757019
train\PNEUMONIA\person441_bacteria_1907.png,1.0,0.9997050166130066,0.9997050166130066,0.9989802837371826,0.9994593262672424,0.9995922446250916,0.9996311664581299,0.9995146989822388,0.9997544884681702,0.9996634721755981
train\PNEUMONIA\person441_bacteria_1910.png,1.0,0.997962474822998,0.997962474822998,0.9914844632148743,0.9977952241897583,0.9959595799446106,0.9988182783126831,0.9921078085899353,0.9979251027107239,0.9973368048667908
train\PNEUMONIA\person441_bacteria_1911.png,1.0,0.9998345375061035,0.9998345375061035,0.9996633529663086,0.9998550415039062,0.9997261166572571,0.9998120665550232,0.9994354844093323,0.9997263550758362,0.9996891021728516
train\PNEUMONIA\person441_bacteria_1912.png,1.0,0.9998921155929565,0.9998921155929565,0.9995266199111938,0.9996918439865112,0.9993906021118164,0.9998595714569092,0.9996153712272644,0.9997872710227966,0.9997866749763489
train\PNEUMONIA\person441_bacteria_1914.png,1.0,0.9994369149208069,0.9994369149208069,0.9991711378097534,0.9996929168701172,0.9985184073448181,0.9994864463806152,0.9987505674362183,0.9996743202209473,0.9994706511497498
train\PNEUMONIA\person441_bacteria_1915.png,1.0,0.9989145994186401,0.9989145994186401,0.9975622892379761,0.9993928670883179,0.993310809135437,0.9988217949867249,0.9977253079414368,0.9987418055534363,0.9986203908920288
train\PNEUMONIA\person441_bacteria_1916.png,1.0,0.9978891015052795,0.9978891015052795,0.9810596108436584,0.9978755712509155,0.9883968234062195,0.9961510896682739,0.9985107779502869,0.9939071536064148,0.9920690059661865
train\PNEUMONIA\person441_bacteria_1917.png,1.0,0.980338454246521,0.980338454246521,0.9587725400924683,0.9770578145980835,0.9632533192634583,0.9888675808906555,0.9735718369483948,0.9901918172836304,0.985270619392395
train\PNEUMONIA\person441_bacteria_1918.png,1.0,0.999906063079834,0.999906063079834,0.9998154044151306,0.9999086856842041,0.9999271631240845,0.9998412132263184,0.9998807907104492,0.9998729228973389,0.9998655319213867
train\PNEUMONIA\person441_virus_894.png,1.0,0.3922715187072754,0.3922715187072754,0.18783758580684662,0.14812970161437988,0.5860735177993774,0.9181715250015259,0.3261524438858032,0.8624702095985413,0.8961252570152283
train\PNEUMONIA\person441_virus_895.png,1.0,0.997596800327301,0.997596800327301,0.9897016286849976,0.9978942275047302,0.9830954670906067,0.9975472092628479,0.9921430349349976,0.9978704452514648,0.9981569647789001
train\PNEUMONIA\person441_virus_896.png,1.0,0.795860230922699,0.795860230922699,0.6956338286399841,0.883117139339447,0.9075729846954346,0.9461799263954163,0.3939676284790039,0.9583714604377747,0.9675631523132324
train\PNEUMONIA\person441_virus_897.png,1.0,0.8967432379722595,0.8967432379722595,0.9122095704078674,0.9430018663406372,0.9315100908279419,0.9472785592079163,0.8575620651245117,0.9449301958084106,0.9528326392173767
train\PNEUMONIA\person45_bacteria_220.png,1.0,0.9991742372512817,0.9991742372512817,0.9983874559402466,0.9964750409126282,0.9969913363456726,0.999183714389801,0.997680127620697,0.9996434450149536,0.9996125102043152
train\PNEUMONIA\person45_bacteria_221.png,1.0,0.9986483454704285,0.9986483454704285,0.9991519451141357,0.9960136413574219,0.9962154030799866,0.9984272718429565,0.9979168772697449,0.9993306398391724,0.9989950060844421
train\PNEUMONIA\person45_bacteria_222.png,1.0,0.8079016804695129,0.8079016804695129,0.6202626824378967,0.6406778693199158,0.8920271396636963,0.8830094337463379,0.8446195721626282,0.9739758372306824,0.9542405009269714
train\PNEUMONIA\person471_bacteria_2004.png,1.0,0.9999444484710693,0.9999444484710693,0.9997531771659851,0.999954104423523,0.9996541738510132,0.9999120235443115,0.9998916387557983,0.9999144077301025,0.9999052286148071
train\PNEUMONIA\person471_bacteria_2005.png,1.0,0.999711811542511,0.999711811542511,0.9984674453735352,0.9987083673477173,0.9994812607765198,0.9998003840446472,0.9992333650588989,0.9996885061264038,0.9996671676635742
train\PNEUMONIA\person471_bacteria_2006.png,1.0,0.9955518245697021,0.9955518245697021,0.985526442527771,0.9955411553382874,0.9848227500915527,0.9977073073387146,0.9956406354904175,0.9955849051475525,0.9953711628913879
train\PNEUMONIA\person471_virus_967.png,1.0,0.9556518793106079,0.9556518793106079,0.9700448513031006,0.8913037776947021,0.9661992192268372,0.9826828241348267,0.9378737211227417,0.9279682636260986,0.9177129864692688
train\PNEUMONIA\person471_virus_968.png,1.0,0.957966148853302,0.957966148853302,0.9215946197509766,0.9663423299789429,0.8619500398635864,0.970228374004364,0.9466753005981445,0.9120423197746277,0.9214460253715515
train\PNEUMONIA\person482_bacteria_2043.png,1.0,0.9952084422111511,0.9952084422111511,0.9939318895339966,0.9900161623954773,0.9757518768310547,0.9944528937339783,0.991929292678833,0.9972621202468872,0.997285008430481
train\PNEUMONIA\person482_bacteria_2044.png,1.0,0.9996538162231445,0.9996538162231445,0.9998910427093506,0.9993665814399719,0.9978960156440735,0.9995589852333069,0.9992082715034485,0.9992709755897522,0.9992595314979553
train\PNEUMONIA\person482_bacteria_2045.png,1.0,0.9953012466430664,0.9953012466430664,0.9929786324501038,0.9949106574058533,0.9966112971305847,0.9952630996704102,0.994326651096344,0.9968321919441223,0.9961385130882263
train\PNEUMONIA\person482_virus_984.png,1.0,0.16381554305553436,0.16381554305553436,0.3661986291408539,0.2310270518064499,0.26911449432373047,0.263843834400177,0.13702577352523804,0.24255092442035675,0.26301175355911255
train\PNEUMONIA\person489_bacteria_2063.png,1.0,0.9709375500679016,0.9709375500679016,0.936434268951416,0.9634076356887817,0.9656612277030945,0.9830118417739868,0.9312275648117065,0.9699686765670776,0.9698097705841064
train\PNEUMONIA\person489_bacteria_2064.png,1.0,0.9883078932762146,0.9883078932762146,0.9839443564414978,0.9876843690872192,0.9793505072593689,0.9969613552093506,0.97565758228302,0.9949979782104492,0.9929631352424622
train\PNEUMONIA\person489_bacteria_2065.png,1.0,0.9993453621864319,0.9993453621864319,0.9974086880683899,0.9962282180786133,0.999292254447937,0.9993830919265747,0.9969435334205627,0.9991555213928223,0.9992676377296448
train\PNEUMONIA\person489_bacteria_2066.png,1.0,0.9920767545700073,0.9920767545700073,0.9389156103134155,0.9358556866645813,0.9821136593818665,0.9949480891227722,0.9924894571304321,0.9953482747077942,0.9957677125930786
train\PNEUMONIA\person489_bacteria_2067.png,1.0,0.8616570830345154,0.8616570830345154,0.5546476244926453,0.7787359952926636,0.9402355551719666,0.8842156529426575,0.9210700988769531,0.9541783928871155,0.9503585696220398
train\PNEUMONIA\person489_virus_994.png,1.0,0.99947589635849,0.99947589635849,0.9981740713119507,0.9992457628250122,0.9993361830711365,0.9987612962722778,0.9987291693687439,0.9993308782577515,0.9994608759880066
train\PNEUMONIA\person489_virus_995.png,1.0,0.9993940591812134,0.9993940591812134,0.999660849571228,0.9996230602264404,0.9996158480644226,0.9990266561508179,0.9989504218101501,0.9995330572128296,0.9994070529937744
train\PNEUMONIA\person493_bacteria_2086.png,1.0,0.9970100522041321,0.9970100522041321,0.991272509098053,0.9957498908042908,0.9970100522041321,0.9980161190032959,0.9946799278259277,0.9977486729621887,0.9973219037055969
train\PNEUMONIA\person493_bacteria_2087.png,1.0,0.9415165185928345,0.9415165185928345,0.9267229437828064,0.9739463925361633,0.978293240070343,0.9338276982307434,0.898834228515625,0.9937924742698669,0.9943075776100159
train\PNEUMONIA\person493_virus_999.png,1.0,0.9990907907485962,0.9990907907485962,0.9993483424186707,0.9988702535629272,0.9983565807342529,0.9991980195045471,0.9987181425094604,0.9994637370109558,0.9993575215339661
train\PNEUMONIA\person499_bacteria_2103.png,1.0,0.9988787770271301,0.9988787770271301,0.992497980594635,0.9975456595420837,0.9987348914146423,0.9991913437843323,0.9963511228561401,0.9964914917945862,0.9967439770698547
train\PNEUMONIA\person499_bacteria_2104.png,1.0,0.7442587018013,0.7442587018013,0.35841500759124756,0.8180347681045532,0.8666651248931885,0.6836889982223511,0.7962448000907898,0.8411597609519958,0.8362978100776672
train\PNEUMONIA\person499_virus_1008.png,1.0,0.9542487263679504,0.9542487263679504,0.6303951144218445,0.9224343299865723,0.9498670101165771,0.9846254587173462,0.9651957750320435,0.9648779034614563,0.9686745405197144
train\PNEUMONIA\person49_bacteria_235.png,1.0,0.9959341883659363,0.9959341883659363,0.9884727597236633,0.9943019151687622,0.9875044226646423,0.99701988697052,0.9912791848182678,0.9950030446052551,0.9942051768302917
train\PNEUMONIA\person49_bacteria_236.png,1.0,0.9887481927871704,0.9887481927871704,0.9763911962509155,0.9938454627990723,0.9922876358032227,0.993040144443512,0.9518477916717529,0.991838276386261,0.9919918179512024
train\PNEUMONIA\person49_bacteria_237.png,1.0,0.9608029127120972,0.9608029127120972,0.9750291705131531,0.9767976403236389,0.9810671806335449,0.967147171497345,0.970672070980072,0.9803385734558105,0.9816668033599854
train\PNEUMONIA\person500_bacteria_2105.png,1.0,0.9994233846664429,0.9994233846664429,0.99934321641922,0.999488115310669,0.9993682503700256,0.9994484782218933,0.9987936615943909,0.9994390606880188,0.9994326233863831
train\PNEUMONIA\person500_bacteria_2106.png,1.0,0.9990403652191162,0.9990403652191162,0.9978752136230469,0.9912398457527161,0.9976529479026794,0.9990323781967163,0.9988497495651245,0.9990885257720947,0.9990322589874268
train\PNEUMONIA\person500_bacteria_2107.png,1.0,0.9999172687530518,0.9999172687530518,0.9998643398284912,0.9997153878211975,0.9997335076332092,0.9998691082000732,0.9998596906661987,0.9998726844787598,0.9998871088027954
train\PNEUMONIA\person500_bacteria_2108.png,1.0,0.999934196472168,0.999934196472168,0.9997614026069641,0.9998235106468201,0.9994776844978333,0.9999358654022217,0.99978107213974,0.9998916387557983,0.9998784065246582
train\PNEUMONIA\person500_bacteria_2109.png,1.0,0.9997872710227966,0.9997872710227966,0.9995830655097961,0.9994500279426575,0.9988881945610046,0.9997743964195251,0.9992994070053101,0.9995291233062744,0.9995101690292358
train\PNEUMONIA\person500_bacteria_2110.png,1.0,0.9998431205749512,0.9998431205749512,0.9999033212661743,0.9998559951782227,0.9998431205749512,0.9998897314071655,0.9994582533836365,0.9998182654380798,0.9998231530189514
train\PNEUMONIA\person500_bacteria_2111.png,1.0,0.9933739900588989,0.9933739900588989,0.981559157371521,0.9923621416091919,0.9809277653694153,0.9939196109771729,0.9914448857307434,0.9980480670928955,0.9979479908943176
train\PNEUMONIA\person500_virus_1009.png,1.0,0.9953674077987671,0.9953674077987671,0.9984959363937378,0.9972453117370605,0.991380512714386,0.9967963099479675,0.9898148775100708,0.9975759387016296,0.9968720078468323
train\PNEUMONIA\person509_bacteria_2145.png,1.0,0.9967811703681946,0.9967811703681946,0.99746173620224,0.9988585710525513,0.9879034161567688,0.9983970522880554,0.9899567365646362,0.9957166314125061,0.9944027066230774
train\PNEUMONIA\person509_bacteria_2146.png,1.0,0.9980288147926331,0.9980288147926331,0.9923233985900879,0.9950714111328125,0.9988464117050171,0.9982271790504456,0.998166024684906,0.9957770705223083,0.9953286647796631
train\PNEUMONIA\person509_virus_1024.png,1.0,0.9967291355133057,0.9967291355133057,0.997428834438324,0.9946284890174866,0.9923895001411438,0.9960477948188782,0.9965099692344666,0.9943286776542664,0.9943590760231018
train\PNEUMONIA\person509_virus_1025.png,1.0,0.9983034729957581,0.9983034729957581,0.9974460601806641,0.9984990358352661,0.9974708557128906,0.9977784752845764,0.997511625289917,0.9984138011932373,0.9983362555503845
train\PNEUMONIA\person513_virus_1030.png,1.0,0.9245311617851257,0.9245311617851257,0.8552896976470947,0.8557432293891907,0.9533499479293823,0.9142360687255859,0.9249727129936218,0.8480069637298584,0.8599938750267029
train\PNEUMONIA\person518_bacteria_2197.png,1.0,0.9540027379989624,0.9540027379989624,0.8871905207633972,0.9219182729721069,0.8487451076507568,0.9841023087501526,0.7857802510261536,0.9210479259490967,0.8798075914382935
train\PNEUMONIA\person518_bacteria_2198.png,1.0,0.9994237422943115,0.9994237422943115,0.9976057410240173,0.9981398582458496,0.9989299178123474,0.9996203184127808,0.9965986609458923,0.9992164373397827,0.9992675185203552
train\PNEUMONIA\person518_bacteria_2199.png,1.0,0.9997294545173645,0.9997294545173645,0.9985988736152649,0.9992689490318298,0.9997552037239075,0.9995629191398621,0.9991459846496582,0.9994663596153259,0.999448835849762
train\PNEUMONIA\person518_bacteria_2200.png,1.0,0.9871419668197632,0.9871419668197632,0.9948709011077881,0.9911234378814697,0.9905007481575012,0.99199378490448,0.9830909371376038,0.9898217916488647,0.9871281385421753
train\PNEUMONIA\person518_virus_1036.png,1.0,0.990739107131958,0.990739107131958,0.9392331838607788,0.9798581004142761,0.9629033803939819,0.9904758334159851,0.9916666150093079,0.9834749698638916,0.9866630434989929
train\PNEUMONIA\person522_bacteria_2210.png,1.0,0.9996585845947266,0.9996585845947266,0.9975091814994812,0.9994126558303833,0.9983693957328796,0.9994730353355408,0.9990148544311523,0.9993287324905396,0.9994708895683289
train\PNEUMONIA\person522_bacteria_2211.png,1.0,0.9973377585411072,0.9973377585411072,0.9886179566383362,0.9952722191810608,0.9984788298606873,0.9970464110374451,0.9807757139205933,0.9913939833641052,0.9918163418769836
train\PNEUMONIA\person522_virus_1041.png,1.0,0.9720479249954224,0.9720479249954224,0.9755885601043701,0.9704952836036682,0.9894575476646423,0.983812153339386,0.9559950232505798,0.9878305792808533,0.9862353205680847
train\PNEUMONIA\person528_bacteria_2227.png,1.0,0.999579131603241,0.999579131603241,0.9995231628417969,0.9995539784431458,0.9981022477149963,0.9995748400688171,0.9992932081222534,0.9995588660240173,0.9995015859603882
train\PNEUMONIA\person528_virus_1049.png,1.0,0.8424844741821289,0.8424844741821289,0.7113407254219055,0.8181042671203613,0.7740450501441956,0.9466368556022644,0.8090038895606995,0.9150449633598328,0.8713365793228149
train\PNEUMONIA\person52_bacteria_249.png,1.0,0.9967442154884338,0.9967442154884338,0.9933510422706604,0.9959295392036438,0.9971798658370972,0.9982098340988159,0.9902592897415161,0.9974859952926636,0.9981626868247986
train\PNEUMONIA\person52_bacteria_251.png,1.0,0.14796793460845947,0.14796793460845947,0.11780302226543427,0.16737213730812073,0.35974767804145813,0.29893743991851807,0.729740560054779,0.28445878624916077,0.196257546544075
train\PNEUMONIA\person537_bacteria_2261.png,1.0,0.9993311166763306,0.9993311166763306,0.9986016154289246,0.998450517654419,0.9994103908538818,0.9994750618934631,0.9978446960449219,0.9993000030517578,0.9993370175361633
train\PNEUMONIA\person537_bacteria_2262.png,1.0,0.9998063445091248,0.9998063445091248,0.9995458722114563,0.9997854828834534,0.9998862743377686,0.9998121857643127,0.9986129999160767,0.9997109770774841,0.9997424483299255
train\PNEUMONIA\person537_bacteria_2263.png,1.0,0.9975572228431702,0.9975572228431702,0.9900766015052795,0.9991494417190552,0.9975572228431702,0.9980409741401672,0.9937891364097595,0.9978407025337219,0.9978251457214355
train\PNEUMONIA\person537_bacteria_2264.png,1.0,0.9990841150283813,0.9990841150283813,0.9985700845718384,0.9989849925041199,0.9997506737709045,0.9987840056419373,0.9992413520812988,0.9997559189796448,0.9997431635856628
train\PNEUMONIA\person537_bacteria_2265.png,1.0,0.9998608827590942,0.9998608827590942,0.9996391534805298,0.9998041987419128,0.9998210072517395,0.999819815158844,0.9995951056480408,0.9997113347053528,0.9996896982192993
train\PNEUMONIA\person537_bacteria_2266.png,1.0,0.9994171857833862,0.9994171857833862,0.9987359642982483,0.9979155659675598,0.9994730353355408,0.9991053342819214,0.9990003705024719,0.9997555613517761,0.9997499585151672
train\PNEUMONIA\person537_virus_1067.png,1.0,0.900959312915802,0.900959312915802,0.8604723215103149,0.9502915143966675,0.9559057354927063,0.9683539271354675,0.9276209473609924,0.9656957983970642,0.9696528315544128
train\PNEUMONIA\person543_bacteria_2279.png,1.0,0.9204770922660828,0.9204770922660828,0.804365873336792,0.9618259072303772,0.9315951466560364,0.9548183083534241,0.9044678211212158,0.9778794646263123,0.9722352623939514
train\PNEUMONIA\person543_bacteria_2280.png,1.0,0.9955509901046753,0.9955509901046753,0.9788498282432556,0.9799491763114929,0.9970057606697083,0.9963703155517578,0.9776937365531921,0.9979368448257446,0.9963333010673523
train\PNEUMONIA\person543_bacteria_2281.png,1.0,0.9996753931045532,0.9996753931045532,0.9995854496955872,0.9986553192138672,0.9993798136711121,0.9996715784072876,0.9995512366294861,0.9996553659439087,0.9996318817138672
train\PNEUMONIA\person543_bacteria_2282.png,1.0,0.9974514842033386,0.9974514842033386,0.9870205521583557,0.9920963048934937,0.994823694229126,0.9982717037200928,0.9891377091407776,0.998867392539978,0.9983678460121155
train\PNEUMONIA\person543_bacteria_2283.png,1.0,0.9902157783508301,0.9902157783508301,0.9735799431800842,0.9710038304328918,0.9833018183708191,0.9926518797874451,0.9870931506156921,0.9838734269142151,0.9868059158325195
train\PNEUMONIA\person543_bacteria_2284.png,1.0,0.9723372459411621,0.9723372459411621,0.927865743637085,0.9817765355110168,0.9852856993675232,0.9697893857955933,0.9899124503135681,0.986201822757721,0.984936535358429
train\PNEUMONIA\person543_virus_1073.png,1.0,0.9561330080032349,0.9561330080032349,0.8630872368812561,0.9543790221214294,0.9535107612609863,0.9859988689422607,0.9145777821540833,0.9733512997627258,0.9587652087211609
train\PNEUMONIA\person549_bacteria_2303.png,1.0,0.9127504825592041,0.9127504825592041,0.7121129631996155,0.8506403565406799,0.9423715472221375,0.916596531867981,0.9708040356636047,0.9791783094406128,0.9738163948059082
train\PNEUMONIA\person549_bacteria_2304.png,1.0,0.9999121427536011,0.9999121427536011,0.9998284578323364,0.9999384880065918,0.9999022483825684,0.9999246597290039,0.9998001456260681,0.9999045133590698,0.999906063079834
train\PNEUMONIA\person549_bacteria_2305.png,1.0,0.9982253909111023,0.9982253909111023,0.9927115440368652,0.9980981945991516,0.9977641105651855,0.9987143278121948,0.9966250658035278,0.9992986917495728,0.9990704655647278
train\PNEUMONIA\person549_bacteria_2306.png,1.0,0.9969446063041687,0.9969446063041687,0.9989855885505676,0.9950761198997498,0.9977109432220459,0.9984814524650574,0.9955586791038513,0.9964678287506104,0.9952032566070557
train\PNEUMONIA\person549_bacteria_2307.png,1.0,0.9928869605064392,0.9928869605064392,0.9799860715866089,0.98808354139328,0.9910739064216614,0.9951626658439636,0.9901854991912842,0.997905969619751,0.997168242931366
train\PNEUMONIA\person549_virus_1089.png,1.0,0.9935023188591003,0.9935023188591003,0.9739547967910767,0.9841902852058411,0.9934412837028503,0.9930629134178162,0.9875763654708862,0.9913342595100403,0.990070641040802
train\PNEUMONIA\person54_bacteria_257.png,1.0,0.9990720152854919,0.9990720152854919,0.9991462230682373,0.9977924823760986,0.9981878399848938,0.999151349067688,0.9974607825279236,0.9993453621864319,0.9991114735603333
train\PNEUMONIA\person54_bacteria_258.png,1.0,0.17867493629455566,0.17867493629455566,0.4821929335594177,0.23553994297981262,0.6396165490150452,0.2827606797218323,0.4934830665588379,0.2745034992694855,0.2559126019477844
train\PNEUMONIA\person553_bacteria_2316.png,1.0,0.9949354529380798,0.9949354529380798,0.9743918180465698,0.9886922836303711,0.9897323250770569,0.9977503418922424,0.9705002307891846,0.9963068962097168,0.9939098358154297
train\PNEUMONIA\person553_bacteria_2317.png,1.0,0.9987236857414246,0.9987236857414246,0.998101532459259,0.9989413619041443,0.9985001087188721,0.9987044334411621,0.9976367950439453,0.9994081258773804,0.9992294311523438
train\PNEUMONIA\person553_virus_1093.png,1.0,0.9966392517089844,0.9966392517089844,0.9965204000473022,0.9959492087364197,0.9969563484191895,0.9970203638076782,0.9951243996620178,0.9958166480064392,0.9961276650428772
train\PNEUMONIA\person556_bacteria_2326.png,1.0,0.9962963461875916,0.9962963461875916,0.9947300553321838,0.9960435628890991,0.9918228983879089,0.9968888163566589,0.9945297837257385,0.9988394379615784,0.9986472725868225
train\PNEUMONIA\person556_virus_1096.png,1.0,0.9715894460678101,0.9715894460678101,0.8740889430046082,0.9613742828369141,0.9796034693717957,0.9825413823127747,0.9709036946296692,0.974124550819397,0.97563636302948
train\PNEUMONIA\person55_bacteria_260.png,1.0,0.9923842549324036,0.9923842549324036,0.9296631217002869,0.9931942820549011,0.9780979156494141,0.9939339756965637,0.9558200836181641,0.9835807681083679,0.9827326536178589
train\PNEUMONIA\person55_bacteria_261.png,1.0,0.9992596507072449,0.9992596507072449,0.9986409544944763,0.9975894689559937,0.9985935091972351,0.9991325736045837,0.9980904459953308,0.9989176988601685,0.9987061023712158
train\PNEUMONIA\person55_bacteria_262.png,1.0,0.9948821067810059,0.9948821067810059,0.9709485769271851,0.9942453503608704,0.9938831329345703,0.9958113431930542,0.9674624800682068,0.9920348525047302,0.9913229942321777
train\PNEUMONIA\person55_bacteria_263.png,1.0,0.9995930790901184,0.9995930790901184,0.9972481727600098,0.9991949200630188,0.9992971420288086,0.9995296001434326,0.9990003705024719,0.9992759823799133,0.9991710186004639
train\PNEUMONIA\person55_bacteria_264.png,1.0,0.9991951584815979,0.9991951584815979,0.9984429478645325,0.9981088638305664,0.995960533618927,0.9989442229270935,0.9980775117874146,0.9987284541130066,0.998204231262207
train\PNEUMONIA\person55_bacteria_265.png,1.0,0.9912547469139099,0.9912547469139099,0.9641647338867188,0.9849206805229187,0.9912547469139099,0.9910675883293152,0.989599347114563,0.9966738224029541,0.9957497715950012
train\PNEUMONIA\person55_bacteria_266.png,1.0,0.9646794199943542,0.9646794199943542,0.8900865316390991,0.9440503120422363,0.9388418197631836,0.9771271347999573,0.9581714272499084,0.9878964424133301,0.9847853183746338
train\PNEUMONIA\person573_bacteria_2369.png,1.0,0.9715189933776855,0.9715189933776855,0.9869383573532104,0.992007315158844,0.9885587692260742,0.9909481406211853,0.9516783356666565,0.9908133149147034,0.9868198037147522
train\PNEUMONIA\person573_virus_1116.png,1.0,0.8501764535903931,0.8501764535903931,0.7932766675949097,0.8750725388526917,0.9080663323402405,0.9404570460319519,0.8178349137306213,0.9445179104804993,0.9538639783859253
train\PNEUMONIA\person574_bacteria_2370.png,1.0,0.9983280301094055,0.9983280301094055,0.9938727617263794,0.9880411624908447,0.9964708089828491,0.9985309839248657,0.9921703934669495,0.9973101615905762,0.9970769882202148
train\PNEUMONIA\person574_bacteria_2371.png,1.0,0.9994369149208069,0.9994369149208069,0.9972265958786011,0.9982003569602966,0.994498074054718,0.9995654225349426,0.9975261092185974,0.9990171194076538,0.9988741278648376
train\PNEUMONIA\person574_bacteria_2372.png,1.0,0.9967769980430603,0.9967769980430603,0.9844351410865784,0.9944460988044739,0.9955173134803772,0.998039186000824,0.988761842250824,0.9978110194206238,0.9967491626739502
train\PNEUMONIA\person574_bacteria_2373.png,1.0,0.9939895868301392,0.9939895868301392,0.9928926229476929,0.9780392050743103,0.993618369102478,0.9955063462257385,0.9850849509239197,0.9928401708602905,0.9925099611282349
train\PNEUMONIA\person574_virus_1118.png,1.0,0.9991903901100159,0.9991903901100159,0.9965988993644714,0.9958376884460449,0.9937851428985596,0.9986912608146667,0.9987290501594543,0.9986734390258789,0.9990177154541016
train\PNEUMONIA\person576_bacteria_2375.png,1.0,0.999370276927948,0.999370276927948,0.9989184141159058,0.999535083770752,0.9994456171989441,0.9995061159133911,0.9978519678115845,0.9994117021560669,0.9992396831512451
train\PNEUMONIA\person576_bacteria_2376.png,1.0,0.999687671661377,0.999687671661377,0.9996119141578674,0.9994675517082214,0.9996125102043152,0.9998093247413635,0.9988458156585693,0.9996817111968994,0.9995904564857483
train\PNEUMONIA\person576_virus_1120.png,1.0,0.9963710308074951,0.9963710308074951,0.9963439106941223,0.9928256273269653,0.994212806224823,0.9969140291213989,0.9965488314628601,0.9940571784973145,0.995826005935669
train\PNEUMONIA\person590_bacteria_2428.png,1.0,0.9889810085296631,0.9889810085296631,0.9681606888771057,0.9862744212150574,0.993636965751648,0.9843612909317017,0.9791002869606018,0.9837725758552551,0.9745018482208252
train\PNEUMONIA\person590_virus_1138.png,1.0,0.9710908532142639,0.9710908532142639,0.9048834443092346,0.9698672890663147,0.9487864375114441,0.9817776679992676,0.9528703093528748,0.9714124798774719,0.9709851145744324
train\PNEUMONIA\person596_bacteria_2440.png,1.0,0.9998583793640137,0.9998583793640137,0.9998683929443359,0.9998694658279419,0.999834418296814,0.9997461438179016,0.9997548460960388,0.9997203946113586,0.9996838569641113
train\PNEUMONIA\person596_bacteria_2441.png,1.0,0.9979557991027832,0.9979557991027832,0.9981380701065063,0.9988621473312378,0.9970055222511292,0.998640239238739,0.9922299981117249,0.9981381893157959,0.998005211353302
train\PNEUMONIA\person596_bacteria_2443.png,1.0,0.9991445541381836,0.9991445541381836,0.9971402883529663,0.9978183507919312,0.9937785863876343,0.9988484382629395,0.9984045624732971,0.9993915557861328,0.9992709755897522
train\PNEUMONIA\person596_bacteria_2444.png,1.0,0.9972672462463379,0.9972672462463379,0.9855930209159851,0.9930233359336853,0.9965211153030396,0.9973055124282837,0.984901487827301,0.9968782663345337,0.9964734315872192
train\PNEUMONIA\person596_bacteria_2445.png,1.0,0.9964233636856079,0.9964233636856079,0.9866392016410828,0.9793823957443237,0.9965922832489014,0.9962937831878662,0.9838772416114807,0.9946190714836121,0.9939517974853516
train\PNEUMONIA\person596_bacteria_2446.png,1.0,0.9986621141433716,0.9986621141433716,0.9913791418075562,0.9975630044937134,0.9991035461425781,0.9989476799964905,0.9934431314468384,0.9992319345474243,0.9989839196205139
train\PNEUMONIA\person596_bacteria_2447.png,1.0,0.9991869330406189,0.9991869330406189,0.997787594795227,0.9991624355316162,0.9971342086791992,0.9992881417274475,0.9971637725830078,0.9989055395126343,0.9989184141159058
train\PNEUMONIA\person596_bacteria_2449.png,1.0,0.9976537823677063,0.9976537823677063,0.9978011250495911,0.9988792538642883,0.9963037967681885,0.997506320476532,0.9953771829605103,0.9984063506126404,0.9984897375106812
train\PNEUMONIA\person596_virus_1149.png,1.0,0.9077103734016418,0.9077103734016418,0.8977044224739075,0.9530408978462219,0.919380784034729,0.9527429938316345,0.8830716609954834,0.9434671401977539,0.9459114074707031
train\PNEUMONIA\person59_bacteria_279.png,1.0,0.9995903372764587,0.9995903372764587,0.9991138577461243,0.9980740547180176,0.9996485710144043,0.9990891218185425,0.9995018243789673,0.9993714690208435,0.9994862079620361
train\PNEUMONIA\person59_bacteria_280.png,1.0,0.9996739625930786,0.9996739625930786,0.9996480941772461,0.9986428618431091,0.9995536208152771,0.9994096755981445,0.9994210004806519,0.9997784495353699,0.9997605681419373
train\PNEUMONIA\person59_bacteria_281.png,1.0,0.9996609687805176,0.9996609687805176,0.9991206526756287,0.9997971653938293,0.9985014200210571,0.9997091889381409,0.9990058541297913,0.9998089671134949,0.9997979998588562
train\PNEUMONIA\person59_bacteria_282.png,1.0,0.9995999932289124,0.9995999932289124,0.9987965822219849,0.9995928406715393,0.9967620968818665,0.999311089515686,0.9987438321113586,0.9997618794441223,0.9997753500938416
train\PNEUMONIA\person59_bacteria_283.png,1.0,0.9988800883293152,0.9988800883293152,0.9988518953323364,0.9982688426971436,0.9931960105895996,0.9987428784370422,0.9984108805656433,0.9993826150894165,0.9994163513183594
train\PNEUMONIA\person59_bacteria_284.png,1.0,0.9982516765594482,0.9982516765594482,0.9924269914627075,0.9966465830802917,0.993634819984436,0.9974970817565918,0.9982739686965942,0.99825119972229,0.99819415807724
train\PNEUMONIA\person5_bacteria_15.png,1.0,0.9910814166069031,0.9910814166069031,0.9630592465400696,0.983802318572998,0.9763677716255188,0.9917899370193481,0.989153265953064,0.9910865426063538,0.9903534054756165
train\PNEUMONIA\person5_bacteria_16.png,1.0,0.9997748732566833,0.9997748732566833,0.9987725615501404,0.9997959733009338,0.9996806383132935,0.999813973903656,0.9992609620094299,0.9998655319213867,0.9998626708984375
train\PNEUMONIA\person5_bacteria_17.png,1.0,0.9999213218688965,0.9999213218688965,0.999875545501709,0.9997968077659607,0.9997876286506653,0.9999101161956787,0.9997550845146179,0.9999232292175293,0.9999244213104248
train\PNEUMONIA\person5_bacteria_19.png,1.0,0.9989677667617798,0.9989677667617798,0.996240496635437,0.9977299571037292,0.9993359446525574,0.9993107318878174,0.9980034232139587,0.9994379878044128,0.9993987083435059
train\PNEUMONIA\person602_bacteria_2460.png,1.0,0.7308761477470398,0.7308761477470398,0.6257615089416504,0.6107965707778931,0.8720515966415405,0.39792972803115845,0.8424237370491028,0.9822481274604797,0.9787367582321167
train\PNEUMONIA\person608_bacteria_2471.png,1.0,0.9941942095756531,0.9941942095756531,0.9887993931770325,0.9950881600379944,0.9923998713493347,0.99455326795578,0.9797938466072083,0.9921912550926208,0.9921269416809082
train\PNEUMONIA\person608_bacteria_2472.png,1.0,0.998711347579956,0.998711347579956,0.9937540888786316,0.996292233467102,0.9937536120414734,0.9989560842514038,0.9975036978721619,0.9984341263771057,0.9984638690948486
train\PNEUMONIA\person608_bacteria_2473.png,1.0,0.9992307424545288,0.9992307424545288,0.9938367009162903,0.9947819113731384,0.9991948008537292,0.9996023774147034,0.9970130920410156,0.9992146492004395,0.9991713762283325
train\PNEUMONIA\person608_virus_1175.png,1.0,0.9987934231758118,0.9987934231758118,0.9994231462478638,0.9990193843841553,0.9991480112075806,0.9989131689071655,0.9976567029953003,0.9990987777709961,0.9988916516304016
train\PNEUMONIA\person619_bacteria_2490.png,1.0,0.971667468547821,0.971667468547821,0.9632786512374878,0.9860683679580688,0.9690171480178833,0.9654054641723633,0.9801422357559204,0.974774181842804,0.9747533202171326
train\PNEUMONIA\person619_bacteria_2491.png,1.0,0.9995699524879456,0.9995699524879456,0.9927955269813538,0.9993083477020264,0.9992799162864685,0.9996083378791809,0.9989745616912842,0.9993700385093689,0.9991855025291443
train\PNEUMONIA\person619_virus_1190.png,1.0,0.9872657060623169,0.9872657060623169,0.9859421849250793,0.9626216888427734,0.964698851108551,0.9893704652786255,0.9915645122528076,0.9914372563362122,0.9920005798339844
train\PNEUMONIA\person61_bacteria_288.png,1.0,0.9964667558670044,0.9964667558670044,0.9918190240859985,0.9933969378471375,0.9977067112922668,0.9937706589698792,0.9938773512840271,0.9986048340797424,0.9982482194900513
train\PNEUMONIA\person61_bacteria_289.png,1.0,0.999509334564209,0.999509334564209,0.9987571239471436,0.9987891316413879,0.9992672801017761,0.9996764659881592,0.9989864230155945,0.9997983574867249,0.999803364276886
train\PNEUMONIA\person61_bacteria_290.png,1.0,0.9997934699058533,0.9997934699058533,0.9997095465660095,0.9997444748878479,0.9998400211334229,0.9998352527618408,0.9995282888412476,0.9998154044151306,0.999782383441925
train\PNEUMONIA\person61_bacteria_291.png,1.0,0.9996637105941772,0.9996637105941772,0.9994173049926758,0.9998308420181274,0.9995641112327576,0.9997121691703796,0.9994277954101562,0.9997206330299377,0.9996963739395142
train\PNEUMONIA\person61_bacteria_292.png,1.0,0.9995817542076111,0.9995817542076111,0.9992578625679016,0.9987608194351196,0.9989253878593445,0.9996285438537598,0.9989047050476074,0.9994603991508484,0.9992567896842957
train\PNEUMONIA\person61_bacteria_293.png,1.0,0.999622106552124,0.999622106552124,0.9983707070350647,0.9994040727615356,0.9989894032478333,0.999679446220398,0.9989609718322754,0.999613344669342,0.9996324777603149
train\PNEUMONIA\person61_bacteria_294.png,1.0,0.9999420642852783,0.9999420642852783,0.9998847246170044,0.9998949766159058,0.9998729228973389,0.999919056892395,0.9998717308044434,0.9999098777770996,0.9998964071273804
train\PNEUMONIA\person61_bacteria_295.png,1.0,0.9981885552406311,0.9981885552406311,0.9962443113327026,0.998554527759552,0.9971876740455627,0.997475802898407,0.9920642971992493,0.9975929260253906,0.997428834438324
train\PNEUMONIA\person61_bacteria_296.png,1.0,0.9532943367958069,0.9532943367958069,0.9718080759048462,0.9657914042472839,0.9500832557678223,0.9420053958892822,0.9477406740188599,0.9815198183059692,0.9804387092590332
train\PNEUMONIA\person61_bacteria_297.png,1.0,0.9929815530776978,0.9929815530776978,0.9866596460342407,0.9960395097732544,0.990625262260437,0.9895806908607483,0.9894592761993408,0.9931663870811462,0.9921203851699829
train\PNEUMONIA\person623_bacteria_2495.png,1.0,0.994907557964325,0.994907557964325,0.9913171529769897,0.9957988262176514,0.9966670870780945,0.9978190660476685,0.9789541363716125,0.9943922162055969,0.9954798817634583
train\PNEUMONIA\person623_bacteria_2496.png,1.0,0.9996416568756104,0.9996416568756104,0.9997641444206238,0.9986044764518738,0.9995810389518738,0.9997164607048035,0.999090313911438,0.9994346499443054,0.9994879961013794
train\PNEUMONIA\person623_virus_1197.png,1.0,0.9994932413101196,0.9994932413101196,0.9995686411857605,0.9996125102043152,0.9993201494216919,0.9995999932289124,0.9988310933113098,0.9993554949760437,0.9993541836738586
train\PNEUMONIA\person624_bacteria_2497.png,1.0,0.9776031374931335,0.9776031374931335,0.5091308355331421,0.8781194090843201,0.9469144344329834,0.9798824191093445,0.9774478673934937,0.9750016927719116,0.9787373542785645
train\PNEUMONIA\person624_virus_1198.png,1.0,0.9967209696769714,0.9967209696769714,0.9995074272155762,0.9970959424972534,0.998755693435669,0.996759831905365,0.9973401427268982,0.9967136383056641,0.9968523383140564
train\PNEUMONIA\person625_bacteria_2499.png,1.0,0.9995602965354919,0.9995602965354919,0.9985337257385254,0.9997945427894592,0.9995507597923279,0.999707043170929,0.9984127283096313,0.999455988407135,0.9995218515396118
train\PNEUMONIA\person625_bacteria_2500.png,1.0,0.9988663196563721,0.9988663196563721,0.9990960359573364,0.9991322159767151,0.9993435740470886,0.9995490908622742,0.9956948757171631,0.9996053576469421,0.9994679093360901
train\PNEUMONIA\person625_virus_1199.png,1.0,0.9419041872024536,0.9419041872024536,0.9275978803634644,0.8878464698791504,0.9569414258003235,0.9676421880722046,0.9850991368293762,0.9553422331809998,0.9452465176582336
train\PNEUMONIA\person628_bacteria_2505.png,1.0,0.9820128083229065,0.9820128083229065,0.9848047494888306,0.9907835721969604,0.9838470816612244,0.9891307353973389,0.959464967250824,0.9856634140014648,0.9824308753013611
train\PNEUMONIA\person628_virus_1206.png,1.0,0.9977210164070129,0.9977210164070129,0.9962266683578491,0.9985283017158508,0.9937317967414856,0.9971370697021484,0.9972087740898132,0.9954687356948853,0.9953884482383728
train\PNEUMONIA\person637_bacteria_2528.png,1.0,0.996573805809021,0.996573805809021,0.9970415234565735,0.9916157126426697,0.9899071455001831,0.9977618455886841,0.9931653141975403,0.9971680045127869,0.996335506439209
train\PNEUMONIA\person637_bacteria_2529.png,1.0,0.9964214563369751,0.9964214563369751,0.9958767294883728,0.9952593445777893,0.9959264993667603,0.9951722025871277,0.9950722455978394,0.996681809425354,0.9963092803955078
train\PNEUMONIA\person637_virus_1218.png,1.0,0.9972510933876038,0.9972510933876038,0.9953553676605225,0.9979984164237976,0.9984394907951355,0.9970752000808716,0.9963060617446899,0.9963349103927612,0.9968168139457703
train\PNEUMONIA\person639_virus_1220.png,1.0,0.9995903372764587,0.9995903372764587,0.9997978806495667,0.9995280504226685,0.9998037219047546,0.9996273517608643,0.9992415904998779,0.9994742274284363,0.9994356036186218
train\PNEUMONIA\person642_virus_1223.png,1.0,0.985355794429779,0.985355794429779,0.9652984738349915,0.9823960065841675,0.9860659241676331,0.9924877882003784,0.9889678359031677,0.9810832142829895,0.9826987981796265
train\PNEUMONIA\person646_bacteria_2538.png,1.0,0.9969714283943176,0.9969714283943176,0.9964963793754578,0.9975559115409851,0.9962931871414185,0.9966128468513489,0.9950345754623413,0.9972703456878662,0.9978683590888977
train\PNEUMONIA\person646_virus_1227.png,1.0,0.9933658242225647,0.9933658242225647,0.9790775179862976,0.9593305587768555,0.9879139065742493,0.9942463040351868,0.9877380132675171,0.9964698553085327,0.9961887001991272
train\PNEUMONIA\person648_bacteria_2540.png,1.0,0.90948086977005,0.90948086977005,0.7087872624397278,0.9326601028442383,0.881261944770813,0.9718866348266602,0.6461142897605896,0.9713733196258545,0.966842770576477
train\PNEUMONIA\person648_virus_1230.png,1.0,0.13623583316802979,0.13623583316802979,0.23884497582912445,0.2782963812351227,0.5032413601875305,0.521780252456665,0.3780425190925598,0.07686495780944824,0.08504039794206619
train\PNEUMONIA\person650_bacteria_2542.png,1.0,0.9987461566925049,0.9987461566925049,0.9982003569602966,0.9954484105110168,0.9973551034927368,0.999220609664917,0.9938317537307739,0.9988784193992615,0.9990584254264832
train\PNEUMONIA\person650_virus_1232.png,1.0,0.9972176551818848,0.9972176551818848,0.9937272071838379,0.9966633319854736,0.9904083609580994,0.9942477941513062,0.9941228032112122,0.9968036413192749,0.9970353841781616
train\PNEUMONIA\person651_bacteria_2543.png,1.0,0.9995123147964478,0.9995123147964478,0.9990154504776001,0.9974212646484375,0.9973318576812744,0.9994670748710632,0.9987150430679321,0.999630331993103,0.9996066689491272
train\PNEUMONIA\person65_bacteria_322.png,1.0,0.9991674423217773,0.9991674423217773,0.998796820640564,0.9988868832588196,0.9988377690315247,0.9991245865821838,0.9984332919120789,0.9990737438201904,0.9990155696868896
train\PNEUMONIA\person664_virus_1249.png,1.0,0.3270801603794098,0.3270801603794098,0.28064730763435364,0.3017672896385193,0.45151302218437195,0.49261194467544556,0.6618094444274902,0.27989810705184937,0.27812981605529785
train\PNEUMONIA\person667_virus_1252.png,1.0,0.9978740215301514,0.9978740215301514,0.9951198101043701,0.9972153306007385,0.9928563833236694,0.9976940155029297,0.9959864616394043,0.997960090637207,0.9978105425834656
train\PNEUMONIA\person667_virus_1253.png,1.0,0.9801811575889587,0.9801811575889587,0.9348388314247131,0.9800146818161011,0.970912516117096,0.987313449382782,0.9804031848907471,0.9863340258598328,0.9855504035949707
train\PNEUMONIA\person688_bacteria_2584.png,1.0,0.9996836185455322,0.9996836185455322,0.9997500777244568,0.9995971322059631,0.9993724226951599,0.9996716976165771,0.9993416666984558,0.9997443556785583,0.9997643828392029
train\PNEUMONIA\person688_virus_1281.png,1.0,0.9886619448661804,0.9886619448661804,0.9900499582290649,0.9932098984718323,0.9878594279289246,0.988223671913147,0.9794031977653503,0.9863467812538147,0.9876129031181335
train\PNEUMONIA\person688_virus_1282.png,1.0,0.9886619448661804,0.9886619448661804,0.9900499582290649,0.9925150275230408,0.9902068972587585,0.988223671913147,0.9794031977653503,0.9863467812538147,0.9876129031181335
train\PNEUMONIA\person689_bacteria_2585.png,1.0,0.999478280544281,0.999478280544281,0.9958280920982361,0.9977402687072754,0.9983909130096436,0.9995731711387634,0.9983104467391968,0.9993359446525574,0.999411940574646
train\PNEUMONIA\person689_bacteria_2586.png,1.0,0.999402642250061,0.999402642250061,0.9993605017662048,0.9994837641716003,0.9974023103713989,0.9993672966957092,0.9989017248153687,0.9997493624687195,0.9997374415397644
train\PNEUMONIA\person702_bacteria_2601.png,1.0,0.9977679252624512,0.9977679252624512,0.9962273836135864,0.997329831123352,0.9918400049209595,0.9985689520835876,0.993279755115509,0.9983769655227661,0.9980952143669128
train\PNEUMONIA\person702_virus_1299.png,1.0,0.0003314199566375464,0.0003314199566375464,0.0018845429876819253,0.0009078268776647747,0.023735273629426956,0.0009894586401060224,0.004523664712905884,0.0011779137421399355,0.0016468653921037912
train\PNEUMONIA\person711_bacteria_2612.png,1.0,0.9998875856399536,0.9998875856399536,0.9998735189437866,0.9998055100440979,0.99989914894104,0.9998511075973511,0.9997517466545105,0.9997656941413879,0.9997497200965881
train\PNEUMONIA\person711_virus_1309.png,1.0,0.9993817806243896,0.9993817806243896,0.9972021579742432,0.9993605017662048,0.9983834028244019,0.9994863271713257,0.9981884360313416,0.9995245933532715,0.9994810223579407
train\PNEUMONIA\person718_bacteria_2620.png,1.0,0.0027207578532397747,0.0027207578532397747,0.002064544940367341,0.0055943685583770275,0.012394445948302746,0.008313874714076519,0.01984218880534172,0.0077428012154996395,0.007095937617123127
train\PNEUMONIA\person718_virus_1316.png,1.0,0.9624583721160889,0.9624583721160889,0.9843736886978149,0.9930484890937805,0.9828396439552307,0.9748727083206177,0.9488435387611389,0.9862746596336365,0.9865415096282959
train\PNEUMONIA\person720_bacteria_2622.png,1.0,0.9994385838508606,0.9994385838508606,0.997740626335144,0.9988742470741272,0.9990344047546387,0.9991143345832825,0.9993271827697754,0.9997550845146179,0.9996868371963501
train\PNEUMONIA\person720_virus_1339.png,1.0,0.9996998310089111,0.9996998310089111,0.9994186162948608,0.9986839890480042,0.9996984004974365,0.9996117949485779,0.9991117119789124,0.999647855758667,0.99967360496521
train\PNEUMONIA\person724_bacteria_2626.png,1.0,0.9994956254959106,0.9994956254959106,0.9965611100196838,0.9994736313819885,0.9991521835327148,0.9997411370277405,0.9983080625534058,0.9995885491371155,0.9995457530021667
train\PNEUMONIA\person724_virus_1343.png,1.0,0.9772687554359436,0.9772687554359436,0.9848238229751587,0.9859781861305237,0.973323404788971,0.9911077618598938,0.9674851298332214,0.991310715675354,0.9858729839324951
train\PNEUMONIA\person724_virus_1344.png,1.0,0.9998383522033691,0.9998383522033691,0.9999428987503052,0.9998939037322998,0.9998960494995117,0.9998028874397278,0.999685525894165,0.9998704195022583,0.9998500347137451
train\PNEUMONIA\person731_bacteria_2633.png,1.0,0.9985926747322083,0.9985926747322083,0.9968788623809814,0.9993011951446533,0.9984896183013916,0.9991525411605835,0.9921290874481201,0.9991610050201416,0.9992215633392334
train\PNEUMONIA\person731_virus_1352.png,1.0,0.7682420015335083,0.7682420015335083,0.6544581055641174,0.843721330165863,0.9091940522193909,0.8505822420120239,0.6672875285148621,0.7825214266777039,0.7404639720916748
train\PNEUMONIA\person734_bacteria_2637.png,1.0,0.7593634128570557,0.7593634128570557,0.4562022089958191,0.7007061243057251,0.8656988143920898,0.8374425768852234,0.8294602036476135,0.9427209496498108,0.9178377985954285
train\PNEUMONIA\person734_virus_1355.png,1.0,0.9955701231956482,0.9955701231956482,0.9904085397720337,0.9951100945472717,0.9910426139831543,0.9944697618484497,0.9800183176994324,0.9955601692199707,0.9964573979377747
train\PNEUMONIA\person737_bacteria_2640.png,1.0,0.9998133778572083,0.9998133778572083,0.9998041987419128,0.9997003078460693,0.999749481678009,0.9998345375061035,0.999500036239624,0.9995831847190857,0.9996339082717896
train\PNEUMONIA\person73_bacteria_355.png,1.0,0.7750342488288879,0.7750342488288879,0.6816481351852417,0.7491527795791626,0.8198456168174744,0.8997847437858582,0.48763635754585266,0.8996896147727966,0.8530035614967346
train\PNEUMONIA\person73_bacteria_356.png,1.0,0.9996203184127808,0.9996203184127808,0.9992830157279968,0.9996838569641113,0.9994571805000305,0.9996744394302368,0.999061644077301,0.999636173248291,0.9994984865188599
train\PNEUMONIA\person73_bacteria_357.png,1.0,0.9969092011451721,0.9969092011451721,0.9952002167701721,0.9984155893325806,0.9992333650588989,0.9964206218719482,0.993608832359314,0.9975882768630981,0.9971829652786255
train\PNEUMONIA\person73_bacteria_358.png,1.0,0.9965730905532837,0.9965730905532837,0.9826488494873047,0.9920183420181274,0.9963111281394958,0.9974900484085083,0.9790913462638855,0.9963588118553162,0.9965599179267883
train\PNEUMONIA\person73_bacteria_359.png,1.0,0.998262345790863,0.998262345790863,0.9915921688079834,0.9977964162826538,0.9960998296737671,0.9983394145965576,0.9758968353271484,0.9981434345245361,0.9978518486022949
train\PNEUMONIA\person73_bacteria_360.png,1.0,0.997858464717865,0.997858464717865,0.9906682372093201,0.9978798627853394,0.9974979758262634,0.9963691234588623,0.9956098198890686,0.9986382126808167,0.9979393482208252
train\PNEUMONIA\person742_virus_1365.png,1.0,0.998928964138031,0.998928964138031,0.9989443421363831,0.9987000226974487,0.9959291815757751,0.9989315867424011,0.9973167777061462,0.9985670447349548,0.9986910223960876
train\PNEUMONIA\person745_bacteria_2648.png,1.0,0.8011146187782288,0.8011146187782288,0.8713509440422058,0.7410008311271667,0.8064719438552856,0.7855735421180725,0.9327599406242371,0.6874018907546997,0.7217279672622681
train\PNEUMONIA\person745_virus_1368.png,1.0,0.982803225517273,0.982803225517273,0.9884578585624695,0.971068799495697,0.8607091903686523,0.9947125911712646,0.9355005025863647,0.9800531268119812,0.9759234189987183
train\PNEUMONIA\person755_bacteria_2659.png,1.0,0.9877961874008179,0.9877961874008179,0.9719147682189941,0.9951230883598328,0.9906434416770935,0.9930239915847778,0.957184374332428,0.9913108348846436,0.9915615916252136
train\PNEUMONIA\person755_virus_1380.png,1.0,0.9941940903663635,0.9941940903663635,0.9884219765663147,0.9968388080596924,0.9936867356300354,0.9919514656066895,0.9688143730163574,0.9697564244270325,0.9764309525489807
train\PNEUMONIA\person755_virus_1382.png,1.0,0.9990161657333374,0.9990161657333374,0.9920521974563599,0.9996607303619385,0.9990553259849548,0.9985295534133911,0.9726399779319763,0.996613085269928,0.9967915415763855
train\PNEUMONIA\person757_bacteria_2661.png,1.0,0.9997841715812683,0.9997841715812683,0.9991451501846313,0.9994133710861206,0.9981197118759155,0.9997766613960266,0.9994863271713257,0.999768078327179,0.9997205138206482
train\PNEUMONIA\person757_virus_1385.png,1.0,0.9810319542884827,0.9810319542884827,0.9918811917304993,0.9740755558013916,0.9915398955345154,0.9871218800544739,0.9636507034301758,0.989879846572876,0.9891635179519653
train\PNEUMONIA\person764_bacteria_2668.png,1.0,0.9989107847213745,0.9989107847213745,0.9985625147819519,0.9989499449729919,0.9988172054290771,0.999043881893158,0.9974719285964966,0.9989939332008362,0.9989843964576721
train\PNEUMONIA\person764_virus_1392.png,1.0,0.998944103717804,0.998944103717804,0.9995012283325195,0.999248743057251,0.9978693723678589,0.9988946318626404,0.9983641505241394,0.9993995428085327,0.9993224143981934
train\PNEUMONIA\person767_bacteria_2671.png,1.0,0.9995470643043518,0.9995470643043518,0.9994391798973083,0.9997357726097107,0.999277651309967,0.9997403025627136,0.9989204406738281,0.9997068047523499,0.9997169375419617
train\PNEUMONIA\person768_bacteria_2672.png,1.0,0.9996287822723389,0.9996287822723389,0.9999083280563354,0.9996544122695923,0.9997692704200745,0.99968421459198,0.9994221925735474,0.9995046854019165,0.9994768500328064
train\PNEUMONIA\person768_virus_1396.png,1.0,0.9996192455291748,0.9996192455291748,0.9997921586036682,0.9996480941772461,0.9988861680030823,0.9993225336074829,0.9994115829467773,0.999648928642273,0.9996259212493896
train\PNEUMONIA\person769_bacteria_2673.png,1.0,0.9989714622497559,0.9989714622497559,0.9963521957397461,0.9987666606903076,0.9950788021087646,0.9993624091148376,0.9971898198127747,0.9986177682876587,0.9982043504714966
train\PNEUMONIA\person772_virus_1401.png,1.0,0.9831262230873108,0.9831262230873108,0.9761843681335449,0.9841772317886353,0.9948123693466187,0.9903545379638672,0.9695141911506653,0.9946092367172241,0.9936710000038147
train\PNEUMONIA\person775_bacteria_2679.png,1.0,0.9867292642593384,0.9867292642593384,0.9423975944519043,0.9208770394325256,0.9870501756668091,0.9958816766738892,0.9384414553642273,0.9882140159606934,0.9900083541870117
train\PNEUMONIA\person775_virus_1404.png,1.0,0.9890395402908325,0.9890395402908325,0.9852575659751892,0.9965077638626099,0.9802393317222595,0.9922663569450378,0.9646464586257935,0.9917768239974976,0.9885318279266357
train\PNEUMONIA\person798_virus_1430.png,1.0,0.44306761026382446,0.44306761026382446,0.29886478185653687,0.13182587921619415,0.6234737634658813,0.8434197902679443,0.5596471428871155,0.6000253558158875,0.6496585011482239
train\PNEUMONIA\person801_virus_1434.png,1.0,0.45636412501335144,0.45636412501335144,0.40282729268074036,0.5435614585876465,0.5715587139129639,0.6252360939979553,0.6857927441596985,0.6777423024177551,0.7245954871177673
train\PNEUMONIA\person803_bacteria_2710.png,1.0,0.9993921518325806,0.9993921518325806,0.99909508228302,0.9995473027229309,0.9988512992858887,0.9992383718490601,0.998927891254425,0.9990363121032715,0.9993047714233398
train\PNEUMONIA\person803_virus_1436.png,1.0,0.07578401267528534,0.07578401267528534,0.025533029809594154,0.13783273100852966,0.10835961997509003,0.18736810982227325,0.2476670891046524,0.1687076836824417,0.21038371324539185
train\PNEUMONIA\person806_virus_1439.png,1.0,0.9929110407829285,0.9929110407829285,0.9859996438026428,0.9870070815086365,0.9849104881286621,0.9932844638824463,0.947986364364624,0.9917308688163757,0.9924572706222534
train\PNEUMONIA\person806_virus_1440.png,1.0,0.9988192319869995,0.9988192319869995,0.9981256127357483,0.9985874891281128,0.9991679191589355,0.9983341097831726,0.9637904167175293,0.9966402053833008,0.9975936412811279
train\PNEUMONIA\person809_bacteria_2717.png,1.0,0.9874482750892639,0.9874482750892639,0.9773637056350708,0.97194504737854,0.9878807067871094,0.983900785446167,0.9507073163986206,0.9630887508392334,0.9707334041595459
train\PNEUMONIA\person809_bacteria_2718.png,1.0,0.9998261332511902,0.9998261332511902,0.999891996383667,0.9996508359909058,0.9997255206108093,0.9998451471328735,0.9995563626289368,0.9998169541358948,0.9997943043708801
train\PNEUMONIA\person817_bacteria_2728.png,1.0,0.9996017813682556,0.9996017813682556,0.9991129040718079,0.999042809009552,0.9989867806434631,0.9997009038925171,0.9991422891616821,0.9997177720069885,0.9996115565299988
train\PNEUMONIA\person826_bacteria_2737.png,1.0,0.9917728304862976,0.9917728304862976,0.9659940004348755,0.9753690958023071,0.9835652709007263,0.9973573684692383,0.9390116333961487,0.9892142415046692,0.9882031083106995
train\PNEUMONIA\person826_virus_1462.png,1.0,0.9987754225730896,0.9987754225730896,0.9989932179450989,0.998197615146637,0.9987674951553345,0.9985874891281128,0.9976102113723755,0.9991880059242249,0.9991204142570496
train\PNEUMONIA\person827_bacteria_2738.png,1.0,0.9978474378585815,0.9978474378585815,0.9983093738555908,0.9975396394729614,0.9984573125839233,0.9989769458770752,0.9946721196174622,0.9990718960762024,0.9991596937179565
train\PNEUMONIA\person829_bacteria_2740.png,1.0,0.9987309575080872,0.9987309575080872,0.9922612309455872,0.9969720840454102,0.9952993988990784,0.9988760352134705,0.995468020439148,0.9988858103752136,0.9987238049507141
train\PNEUMONIA\person830_bacteria_2741.png,1.0,0.9997417330741882,0.9997417330741882,0.9994276762008667,0.9997001886367798,0.9997907280921936,0.9998651742935181,0.9991795420646667,0.9997897744178772,0.9997785687446594
train\PNEUMONIA\person830_virus_1466.png,1.0,0.9992751479148865,0.9992751479148865,0.9978196620941162,0.9981234669685364,0.9971287846565247,0.9993641972541809,0.9981980919837952,0.9994302988052368,0.999267041683197
train\PNEUMONIA\person832_bacteria_2743.png,1.0,0.9998910427093506,0.9998910427093506,0.9996160864830017,0.9996122717857361,0.9999053478240967,0.9999061822891235,0.9997079968452454,0.9999003410339355,0.9998823404312134
train\PNEUMONIA\person832_virus_1468.png,1.0,0.9712925553321838,0.9712925553321838,0.9336345195770264,0.9403150677680969,0.9730465412139893,0.9797716736793518,0.9436495304107666,0.9674107432365417,0.9589243531227112
train\PNEUMONIA\person834_bacteria_2747.png,1.0,0.999930739402771,0.999930739402771,0.9999181032180786,0.9996585845947266,0.9998476505279541,0.9998972415924072,0.9998534917831421,0.999923825263977,0.9999195337295532
train\PNEUMONIA\person834_bacteria_2748.png,1.0,0.999930739402771,0.999930739402771,0.9999181032180786,0.9998836517333984,0.9999580383300781,0.9998972415924072,0.9998534917831421,0.999923825263977,0.9999195337295532
train\PNEUMONIA\person835_bacteria_2749.png,1.0,0.9997227787971497,0.9997227787971497,0.999863862991333,0.9994407296180725,0.9998201727867126,0.9994266033172607,0.999631404876709,0.9997678399085999,0.9997197985649109
train\PNEUMONIA\person835_bacteria_2750.png,1.0,0.9992507100105286,0.9992507100105286,0.9996531009674072,0.9992120862007141,0.9995551705360413,0.999221920967102,0.9982004761695862,0.9997373223304749,0.9996868371963501
train\PNEUMONIA\person835_virus_1472.png,1.0,0.9945245981216431,0.9945245981216431,0.9889833331108093,0.998096764087677,0.9945245981216431,0.9977826476097107,0.9920282959938049,0.9972537159919739,0.9971237778663635
train\PNEUMONIA\person838_virus_1476.png,1.0,0.9998182654380798,0.9998182654380798,0.999220609664917,0.9992966651916504,0.9998500347137451,0.9998985528945923,0.9994211196899414,0.9998776912689209,0.9998703002929688
train\PNEUMONIA\person839_bacteria_2757.png,1.0,0.9959847927093506,0.9959847927093506,0.9768005013465881,0.9817025661468506,0.9893540143966675,0.99699866771698,0.9914770722389221,0.9978563189506531,0.9971160888671875
train\PNEUMONIA\person840_bacteria_2758.png,1.0,0.9985540509223938,0.9985540509223938,0.9969942569732666,0.9989451766014099,0.997297465801239,0.9987485408782959,0.9964293837547302,0.9985783100128174,0.9986705780029297
train\PNEUMONIA\person840_bacteria_2759.png,1.0,0.9886215329170227,0.9886215329170227,0.892181396484375,0.8422812819480896,0.9886215329170227,0.9919255375862122,0.9906496405601501,0.9884728789329529,0.9895901083946228
train\PNEUMONIA\person842_bacteria_2762.png,1.0,0.9969064593315125,0.9969064593315125,0.9945934414863586,0.9972516894340515,0.9941936135292053,0.9981410503387451,0.9950147271156311,0.9950569868087769,0.9949183464050293
train\PNEUMONIA\person842_virus_1483.png,1.0,0.919707179069519,0.919707179069519,0.7448834776878357,0.9432660937309265,0.9711213111877441,0.9507814645767212,0.8940190672874451,0.8724550008773804,0.8846520781517029
train\PNEUMONIA\person845_virus_1489.png,1.0,0.9982615113258362,0.9982615113258362,0.9994052648544312,0.9993150234222412,0.9987055063247681,0.9982714653015137,0.9972295165061951,0.998583197593689,0.9986680746078491
train\PNEUMONIA\person847_bacteria_2767.png,1.0,0.9951972365379333,0.9951972365379333,0.9923176765441895,0.9722243547439575,0.9864841103553772,0.997186005115509,0.9907446503639221,0.9983761310577393,0.998196542263031
train\PNEUMONIA\person847_virus_1492.png,1.0,0.9989942908287048,0.9989942908287048,0.9962072372436523,0.9985877275466919,0.9977834820747375,0.9990276098251343,0.997218132019043,0.9985602498054504,0.9981390237808228
train\PNEUMONIA\person84_virus_157.png,1.0,0.9913721084594727,0.9913721084594727,0.9935874342918396,0.9787428379058838,0.9916509985923767,0.988893449306488,0.9886903166770935,0.995020866394043,0.9960668683052063
train\PNEUMONIA\person859_virus_1504.png,1.0,0.9447371959686279,0.9447371959686279,0.5557686686515808,0.8569824695587158,0.8720011115074158,0.9710531830787659,0.9649133086204529,0.8151803016662598,0.8544460535049438
train\PNEUMONIA\person868_virus_1513.png,1.0,0.989129900932312,0.989129900932312,0.9604649543762207,0.9899049401283264,0.9887648820877075,0.994955837726593,0.9882120490074158,0.9874968528747559,0.987978458404541
train\PNEUMONIA\person868_virus_1514.png,1.0,0.9972637891769409,0.9972637891769409,0.9917721152305603,0.9967237114906311,0.9958977699279785,0.9977287650108337,0.9950814247131348,0.9967002272605896,0.9963061809539795
train\PNEUMONIA\person874_bacteria_2797.png,1.0,0.984031081199646,0.984031081199646,0.9618889093399048,0.975949764251709,0.9176783561706543,0.9971781969070435,0.9811641573905945,0.975782036781311,0.9781948924064636
train\PNEUMONIA\person881_bacteria_2805.png,1.0,0.9963386058807373,0.9963386058807373,0.9845349788665771,0.9950318336486816,0.9935930371284485,0.9976853132247925,0.9876329898834229,0.9974544644355774,0.9978956580162048
train\PNEUMONIA\person881_virus_1531.png,1.0,0.6724297404289246,0.6724297404289246,0.4411943256855011,0.6021623611450195,0.4437037408351898,0.7426471710205078,0.8350704908370972,0.47608682513237,0.5766945481300354
train\PNEUMONIA\person887_bacteria_2811.png,1.0,0.9991790652275085,0.9991790652275085,0.9996762275695801,0.9994445443153381,0.998407781124115,0.9989386200904846,0.9984550476074219,0.9994828104972839,0.999433696269989
train\PNEUMONIA\person890_bacteria_2814.png,1.0,0.994781494140625,0.994781494140625,0.9862690567970276,0.9955878257751465,0.9642733335494995,0.996436595916748,0.9706855416297913,0.9959762692451477,0.9954099059104919
train\PNEUMONIA\person890_virus_1540.png,1.0,0.9670765995979309,0.9670765995979309,0.8988847136497498,0.9763092398643494,0.9444687366485596,0.9775976538658142,0.9455621242523193,0.9635366797447205,0.9629384279251099
train\PNEUMONIA\person892_bacteria_2817.png,1.0,0.9985886812210083,0.9985886812210083,0.9991078972816467,0.998422384262085,0.9972702264785767,0.9987941384315491,0.9985733032226562,0.998279333114624,0.9981769323348999
train\PNEUMONIA\person896_bacteria_2821.png,1.0,0.9996693134307861,0.9996693134307861,0.9979089498519897,0.9988333582878113,0.999483048915863,0.9997830986976624,0.9990476965904236,0.9994857311248779,0.9994708895683289
train\PNEUMONIA\person896_virus_1548.png,1.0,0.9997016191482544,0.9997016191482544,0.9987543821334839,0.9995156526565552,0.9996107220649719,0.9997525811195374,0.99892657995224,0.9997135996818542,0.9996191263198853
train\PNEUMONIA\person897_bacteria_2822.png,1.0,0.9952646493911743,0.9952646493911743,0.9721910953521729,0.9859178066253662,0.9961994290351868,0.9987154006958008,0.9882470965385437,0.9988910555839539,0.9988596439361572
train\PNEUMONIA\person899_virus_1553.png,1.0,0.9978173971176147,0.9978173971176147,0.9938029050827026,0.9984649419784546,0.995860755443573,0.9957483410835266,0.9984696507453918,0.9976771473884583,0.9973331689834595
train\PNEUMONIA\person901_virus_1555.png,1.0,0.9997652173042297,0.9997652173042297,0.9985015392303467,0.9980962872505188,0.9993569254875183,0.9996885061264038,0.9996302127838135,0.9996241331100464,0.9995800852775574
train\PNEUMONIA\person914_bacteria_2839.png,1.0,0.9992576241493225,0.9992576241493225,0.9967785477638245,0.9990991353988647,0.9985973238945007,0.9995278120040894,0.9952976107597351,0.9989593029022217,0.9988265633583069
train\PNEUMONIA\person914_virus_1571.png,1.0,0.8979030251502991,0.8979030251502991,0.3194791376590729,0.4942905008792877,0.7572863698005676,0.9482449293136597,0.7140047550201416,0.9814370274543762,0.9755473732948303
train\PNEUMONIA\person918_bacteria_2843.png,1.0,0.9995324611663818,0.9995324611663818,0.9990285634994507,0.9994485974311829,0.9990963935852051,0.9995532631874084,0.9991756081581116,0.9992054104804993,0.9989981055259705
train\PNEUMONIA\person918_virus_1575.png,1.0,0.9978442192077637,0.9978442192077637,0.997257649898529,0.9983425140380859,0.9972376227378845,0.9983708262443542,0.9972588419914246,0.9976239800453186,0.9978736639022827
train\PNEUMONIA\person920_bacteria_2845.png,1.0,0.9973815083503723,0.9973815083503723,0.9937639832496643,0.9920750856399536,0.9975919723510742,0.9941124320030212,0.9975881576538086,0.9988068342208862,0.998887836933136
train\PNEUMONIA\person920_virus_1577.png,1.0,0.9993769526481628,0.9993769526481628,0.9992557168006897,0.999062716960907,0.9983173608779907,0.9991115927696228,0.9988425374031067,0.9992419481277466,0.9990683197975159
train\PNEUMONIA\person935_virus_1597.png,1.0,0.9997287392616272,0.9997287392616272,0.9987165927886963,0.9993595480918884,0.9990027546882629,0.9997035264968872,0.9991797804832458,0.9997066855430603,0.9997096657752991
train\PNEUMONIA\person938_bacteria_2863.png,1.0,0.9864277243614197,0.9864277243614197,0.9806082248687744,0.9955148100852966,0.9923771619796753,0.9957400560379028,0.960934042930603,0.9949929118156433,0.9946305751800537
train\PNEUMONIA\person938_virus_1600.png,1.0,0.9973854422569275,0.9973854422569275,0.9990808963775635,0.997361958026886,0.997544527053833,0.9971265196800232,0.9966270923614502,0.9985145926475525,0.9979234337806702
train\PNEUMONIA\person939_bacteria_2864.png,1.0,0.9998413324356079,0.9998413324356079,0.9999083280563354,0.9999291896820068,0.9997867941856384,0.9998323917388916,0.9996519088745117,0.9997836947441101,0.9997556805610657
train\PNEUMONIA\person953_bacteria_2878.png,1.0,0.9992856383323669,0.9992856383323669,0.9976304173469543,0.998443067073822,0.9994685053825378,0.9995452761650085,0.9968927502632141,0.9992894530296326,0.9992801547050476
train\PNEUMONIA\person954_bacteria_2879.png,1.0,0.9966604709625244,0.9966604709625244,0.9790843725204468,0.9969896674156189,0.9953064918518066,0.9981404542922974,0.992913544178009,0.9965773224830627,0.9970110654830933
train\PNEUMONIA\person954_virus_1626.png,1.0,0.7807904481887817,0.7807904481887817,0.8944293856620789,0.8913398385047913,0.7324158549308777,0.9431435465812683,0.6328662633895874,0.8858211040496826,0.8981618285179138
train\PNEUMONIA\person966_bacteria_2891.png,1.0,0.9983899593353271,0.9983899593353271,0.998282790184021,0.997920572757721,0.9980714917182922,0.9986876845359802,0.9971354007720947,0.9988563060760498,0.9986861348152161
train\PNEUMONIA\person966_virus_1639.png,1.0,0.995415449142456,0.995415449142456,0.9754992723464966,0.9801391363143921,0.9914608001708984,0.991438090801239,0.9906180500984192,0.9964871406555176,0.995762288570404
train\PNEUMONIA\person983_bacteria_2910.png,1.0,0.7170096039772034,0.7170096039772034,0.5572864413261414,0.47720134258270264,0.9063169360160828,0.8947106003761292,0.8411641716957092,0.882460355758667,0.889097273349762
train\PNEUMONIA\person983_virus_1660.png,1.0,0.9904422163963318,0.9904422163963318,0.9506428837776184,0.99007648229599,0.9855765700340271,0.9945306181907654,0.9918505549430847,0.9893469214439392,0.9914263486862183
train\PNEUMONIA\person987_bacteria_2914.png,1.0,0.9946091175079346,0.9946091175079346,0.9975259900093079,0.9980629086494446,0.9955976605415344,0.9959186911582947,0.9829361438751221,0.9932993054389954,0.9923546314239502
train\PNEUMONIA\person98_virus_182.png,1.0,0.9954106211662292,0.9954106211662292,0.9798356294631958,0.9980199337005615,0.9982960820198059,0.996673047542572,0.9819332957267761,0.9916765689849854,0.9918129444122314
val\NORMAL\NORMAL2-IM-1431-0001.png,0.0,0.17460334300994873,0.17460334300994873,0.1957469880580902,0.18898895382881165,0.39861947298049927,0.4583949148654938,0.6052356362342834,0.10795371234416962,0.13979104161262512
val\NORMAL\NORMAL2-IM-1436-0001.png,0.0,0.002836500992998481,0.002836500992998481,0.001211779541336,0.009533942677080631,0.0019954040180891752,0.02771456353366375,0.005708635784685612,0.005224778316915035,0.00428815558552742
val\PNEUMONIA\person1947_bacteria_4876.png,1.0,0.9941697120666504,0.9941697120666504,0.9841890931129456,0.9780189394950867,0.9940041899681091,0.9942388534545898,0.9866049885749817,0.9974748492240906,0.9973337650299072
val\PNEUMONIA\person1949_bacteria_4880.png,1.0,0.9451571702957153,0.9451571702957153,0.9353194236755371,0.9566646814346313,0.9453880786895752,0.959583044052124,0.9190037846565247,0.9781303405761719,0.9742847084999084
val\PNEUMONIA\person1950_bacteria_4881.png,1.0,0.9898126721382141,0.9898126721382141,0.9892520308494568,0.9880189299583435,0.9853177070617676,0.9922775030136108,0.9801003336906433,0.9843153357505798,0.9883723855018616
